[{"propertyCode": "92764073", "thumbnail": "https://img3.idealista.com/blur/WEB_LISTING/0/id.pro.es.image.master/a0/2e/77/848286284.jpg", "externalReference": "SP100YR", "numPhotos": 37, "floor": "bj", "price": 745000.0, "propertyType": "flat", "operation": "sale", "size": 207.0, "exterior": true, "rooms": 3, "bathrooms": 2, "address": "barrio El Putxet i el Farr\u00f3", "province": "Barcelona", "municipality": "Barcelona", "district": "Sarri\u00e0-Sant Gervasi", "country": "es", "neighborhood": "El Putxet i el Farr\u00f3", "latitude": 41.4105581, "longitude": 2.1426154, "showAddress": false, "url": "https://www.idealista.com/inmueble/92764073/", "distance": "833", "hasVideo": true, "status": "good", "newDevelopment": false, "hasLift": true, "priceByArea": 3599.0, "detailedType": {"typology": "flat"}, "suggestedTexts": {"subtitle": "El Putxet i el Farr\u00f3, Barcelona", "title": "Piso"}, "hasPlan": true, "has3DTour": false, "has360": true, "hasStaging": false, "topNewDevelopment": false}, {"propertyCode": "85190976", "thumbnail": "https://img3.idealista.com/blur/WEB_LISTING/0/id.pro.es.image.master/c9/7c/d7/804946018.jpg", "externalReference": "SP151FM", "numPhotos": 29, "floor": "3", "price": 549000.0, "propertyType": "flat", "operation": "sale", "size": 118.0, "exterior": true, "rooms": 3, "bathrooms": 2, "address": "Paseo de Sant Gervasi, Barcelona", "province": "Barcelona", "municipality": "Barcelona", "district": "Sarri\u00e0-Sant Gervasi", "country": "es", "neighborhood": "El Putxet i el Farr\u00f3", "latitude": 41.4132817, "longitude": 2.1392877, "showAddress": false, "url": "https://www.idealista.com/inmueble/85190976/", "distance": "812", "hasVideo": true, "status": "good", "newDevelopment": false, "hasLift": true, "priceByArea": 4653.0, "detailedType": {"typology": "flat"}, "suggestedTexts": {"subtitle": "El Putxet i el Farr\u00f3, Barcelona", "title": "Piso en Paseo de Sant Gervasi, Barcelona"}, "hasPlan": true, "has3DTour": false, "has360": true, "hasStaging": false, "topNewDevelopment": false}, {"propertyCode": "38881514", "thumbnail": "https://img3.idealista.com/blur/WEB_LISTING/0/id.pro.es.image.master/76/10/3f/848273788.jpg", "externalReference": "BCN04915", "numPhotos": 29, "floor": "2", "price": 800000.0, "propertyType": "duplex", "operation": "sale", "size": 197.0, "exterior": true, "rooms": 3, "bathrooms": 3, "address": "barrio El Putxet i el Farr\u00f3", "province": "Barcelona", "municipality": "Barcelona", "district": "Sarri\u00e0-Sant Gervasi", "country": "es", "neighborhood": "El Putxet i el Farr\u00f3", "latitude": 41.4099121, "longitude": 2.1450005, "showAddress": false, "url": "https://www.idealista.com/inmueble/38881514/", "distance": "821", "hasVideo": false, "status": "good", "newDevelopment": false, "hasLift": true, "parkingSpace": {"hasParkingSpace": true, "isParkingSpaceIncludedInPrice": false, "parkingSpacePrice": 20000.0}, "priceByArea": 4061.0, "detailedType": {"typology": "flat", "subTypology": "duplex"}, "suggestedTexts": {"subtitle": "El Putxet i el Farr\u00f3, Barcelona", "title": "D\u00faplex"}, "hasPlan": true, "has3DTour": false, "has360": true, "hasStaging": false, "topNewDevelopment": false}, {"propertyCode": "92023188", "thumbnail": "https://img3.idealista.com/blur/WEB_LISTING/0/id.pro.es.image.master/79/4a/7b/828891907.jpg", "externalReference": "1442", "numPhotos": 29, "price": 760000.0, "propertyType": "flat", "operation": "sale", "size": 120.0, "exterior": true, "rooms": 3, "bathrooms": 2, "address": "barrio Vallcarca i els Penitents", "province": "Barcelona", "municipality": "Barcelona", "district": "Gr\u00e0cia", "country": "es", "neighborhood": "Vallcarca i els Penitents", "latitude": 41.4159354, "longitude": 2.1385804, "showAddress": false, "url": "https://www.idealista.com/inmueble/92023188/", "distance": "766", "hasVideo": false, "status": "good", "newDevelopment": false, "hasLift": true, "parkingSpace": {"hasParkingSpace": true, "isParkingSpaceIncludedInPrice": true}, "priceByArea": 6333.0, "detailedType": {"typology": "flat"}, "suggestedTexts": {"subtitle": "Vallcarca i els Penitents, Barcelona", "title": "Piso"}, "hasPlan": false, "has3DTour": false, "has360": true, "hasStaging": false, "topNewDevelopment": false}, {"propertyCode": "93157330", "thumbnail": "https://img3.idealista.com/blur/WEB_LISTING/0/id.pro.es.image.master/f9/e8/44/855736577.jpg", "externalReference": "V-VALLCARCAM", "numPhotos": 29, "floor": "2", "price": 265000.0, "propertyType": "flat", "operation": "sale", "size": 65.0, "exterior": true, "rooms": 3, "bathrooms": 1, "address": "Avenida Vallcarca", "province": "Barcelona", "municipality": "Barcelona", "district": "Gr\u00e0cia", "country": "es", "neighborhood": "Vallcarca i els Penitents", "latitude": 41.4187878, "longitude": 2.1417252, "showAddress": false, "url": "https://www.idealista.com/inmueble/93157330/", "distance": "531", "hasVideo": false, "status": "good", "newDevelopment": false, "hasLift": false, "priceByArea": 4077.0, "detailedType": {"typology": "flat"}, "suggestedTexts": {"subtitle": "Vallcarca i els Penitents, Barcelona", "title": "Piso en Avenida Vallcarca"}, "hasPlan": true, "has3DTour": true, "has360": false, "hasStaging": false, "topNewDevelopment": false}, {"propertyCode": "92139064", "thumbnail": "https://img3.idealista.com/blur/WEB_LISTING/0/id.pro.es.image.master/87/e9/34/831920390.jpg", "externalReference": "W-02FZQR", "numPhotos": 30, "price": 480000.0, "propertyType": "chalet", "operation": "sale", "size": 207.0, "exterior": false, "rooms": 4, "bathrooms": 2, "address": "barrio El Carmel", "province": "Barcelona", "municipality": "Barcelona", "district": "Horta Guinard\u00f3", "country": "es", "neighborhood": "El Carmel", "latitude": 41.419505, "longitude": 2.1532501, "showAddress": false, "url": "https://www.idealista.com/inmueble/92139064/", "distance": "541", "hasVideo": false, "status": "renew", "newDevelopment": false, "parkingSpace": {"hasParkingSpace": true, "isParkingSpaceIncludedInPrice": true}, "priceByArea": 2319.0, "detailedType": {"typology": "chalet", "subTypology": "independantHouse"}, "suggestedTexts": {"subtitle": "El Carmel, Barcelona", "title": "Casa independiente"}, "hasPlan": true, "has3DTour": false, "has360": false, "hasStaging": false, "topNewDevelopment": false}, {"propertyCode": "91784565", "thumbnail": "https://img3.idealista.com/blur/WEB_LISTING/0/id.pro.es.image.master/f2/ea/81/823214879.jpg", "externalReference": "VB2011005-1", "numPhotos": 21, "floor": "4", "price": 429000.0, "propertyType": "penthouse", "operation": "sale", "size": 80.0, "exterior": true, "rooms": 1, "bathrooms": 1, "address": "barrio Vallcarca i els Penitents", "province": "Barcelona", "municipality": "Barcelona", "district": "Gr\u00e0cia", "country": "es", "neighborhood": "Vallcarca i els Penitents", "latitude": 41.4114349, "longitude": 2.1499492, "showAddress": false, "url": "https://www.idealista.com/inmueble/91784565/", "distance": "650", "hasVideo": true, "status": "good", "newDevelopment": false, "hasLift": true, "priceByArea": 5363.0, "detailedType": {"typology": "flat", "subTypology": "penthouse"}, "suggestedTexts": {"subtitle": "Vallcarca i els Penitents, Barcelona", "title": "\u00c1tico"}, "hasPlan": true, "has3DTour": false, "has360": false, "hasStaging": false, "topNewDevelopment": false}, {"propertyCode": "88888638", "thumbnail": "https://img3.idealista.com/blur/WEB_LISTING/0/id.pro.es.image.master/e1/45/1d/757939761.jpg", "externalReference": "W-02ICES", "numPhotos": 22, "floor": "-1", "price": 175000.0, "propertyType": "flat", "operation": "sale", "size": 48.0, "exterior": false, "rooms": 1, "bathrooms": 1, "address": "barrio Vallcarca i els Penitents", "province": "Barcelona", "municipality": "Barcelona", "district": "Gr\u00e0cia", "country": "es", "neighborhood": "Vallcarca i els Penitents", "latitude": 41.4115235, "longitude": 2.1460537, "showAddress": false, "url": "https://www.idealista.com/inmueble/88888638/", "distance": "626", "hasVideo": false, "status": "good", "newDevelopment": false, "hasLift": true, "priceByArea": 3646.0, "detailedType": {"typology": "flat"}, "suggestedTexts": {"subtitle": "Vallcarca i els Penitents, Barcelona", "title": "Piso"}, "hasPlan": true, "has3DTour": false, "has360": false, "hasStaging": false, "topNewDevelopment": false}, {"propertyCode": "83131388", "thumbnail": "https://img3.idealista.com/blur/WEB_LISTING/0/id.pro.es.image.master/dd/84/c5/755895621.jpg", "externalReference": "W-02E6FW", "numPhotos": 48, "price": 598000.0, "propertyType": "flat", "operation": "sale", "size": 248.0, "exterior": false, "rooms": 5, "bathrooms": 2, "address": "barrio Vallcarca i els Penitents", "province": "Barcelona", "municipality": "Barcelona", "district": "Gr\u00e0cia", "country": "es", "neighborhood": "Vallcarca i els Penitents", "latitude": 41.4179281, "longitude": 2.1445119, "showAddress": false, "url": "https://www.idealista.com/inmueble/83131388/", "distance": "280", "hasVideo": false, "status": "good", "newDevelopment": false, "hasLift": false, "priceByArea": 2411.0, "detailedType": {"typology": "flat"}, "suggestedTexts": {"subtitle": "Vallcarca i els Penitents, Barcelona", "title": "Piso"}, "hasPlan": true, "has3DTour": false, "has360": false, "hasStaging": false, "topNewDevelopment": false}, {"propertyCode": "92959266", "thumbnail": "https://img3.idealista.com/blur/WEB_LISTING/0/id.pro.es.image.master/6d/b9/21/852035644.jpg", "externalReference": "RM24", "numPhotos": 32, "floor": "bj", "price": 850000.0, "propertyType": "duplex", "operation": "sale", "size": 222.0, "exterior": true, "rooms": 3, "bathrooms": 3, "address": "Rambla de Mercedes, 24", "province": "Barcelona", "municipality": "Barcelona", "district": "Gr\u00e0cia", "country": "es", "neighborhood": "La Salut", "latitude": 41.412369, "longitude": 2.1546071, "showAddress": true, "url": "https://www.idealista.com/inmueble/92959266/", "distance": "777", "hasVideo": false, "status": "good", "newDevelopment": false, "hasLift": true, "priceByArea": 3829.0, "detailedType": {"typology": "flat", "subTypology": "duplex"}, "suggestedTexts": {"subtitle": "La Salut, Barcelona", "title": "D\u00faplex en Rambla de Mercedes, 24"}, "hasPlan": true, "has3DTour": false, "has360": false, "hasStaging": false, "topNewDevelopment": false}, {"propertyCode": "90416547", "thumbnail": "https://img3.idealista.com/blur/WEB_LISTING/0/id.pro.es.image.master/e5/59/52/790309392.jpg", "externalReference": "9221", "numPhotos": 34, "price": 285000.0, "propertyType": "flat", "operation": "sale", "size": 75.0, "exterior": true, "rooms": 3, "bathrooms": 1, "address": "Calle de la Costa", "province": "Barcelona", "municipality": "Barcelona", "district": "Sarri\u00e0-Sant Gervasi", "country": "es", "neighborhood": "El Putxet i el Farr\u00f3", "latitude": 41.4097158, "longitude": 2.1464021, "showAddress": false, "url": "https://www.idealista.com/inmueble/90416547/", "distance": "819", "hasVideo": true, "status": "good", "newDevelopment": false, "hasLift": true, "priceByArea": 3800.0, "detailedType": {"typology": "flat"}, "suggestedTexts": {"subtitle": "El Putxet i el Farr\u00f3, Barcelona", "title": "Piso en Calle de la Costa"}, "hasPlan": true, "has3DTour": true, "has360": false, "hasStaging": false, "topNewDevelopment": false}, {"propertyCode": "93085268", "thumbnail": "https://img3.idealista.com/blur/WEB_LISTING/0/id.pro.es.image.master/f8/8f/52/854119790.jpg", "externalReference": "1097", "numPhotos": 30, "floor": "3", "price": 176000.0, "propertyType": "flat", "operation": "sale", "size": 70.0, "exterior": true, "rooms": 2, "bathrooms": 1, "address": "Calle de Santa Rosalia, 90", "province": "Barcelona", "municipality": "Barcelona", "district": "Horta Guinard\u00f3", "country": "es", "neighborhood": "La Teixonera", "latitude": 41.4234764, "longitude": 2.1491109, "showAddress": true, "url": "https://www.idealista.com/inmueble/93085268/", "distance": "727", "hasVideo": true, "status": "good", "newDevelopment": false, "hasLift": false, "priceByArea": 2514.0, "detailedType": {"typology": "flat"}, "suggestedTexts": {"subtitle": "La Teixonera, Barcelona", "title": "Piso en Calle de Santa Rosalia, 90"}, "hasPlan": false, "has3DTour": false, "has360": false, "hasStaging": false, "topNewDevelopment": false}, {"propertyCode": "90939011", "thumbnail": "https://img3.idealista.com/blur/WEB_LISTING/0/id.pro.es.image.master/2a/20/34/802586866.jpg", "externalReference": "W-02JOW4", "numPhotos": 25, "floor": "1", "price": 390000.0, "propertyType": "flat", "operation": "sale", "size": 102.0, "exterior": false, "rooms": 4, "bathrooms": 2, "address": "barrio El Putxet i el Farr\u00f3", "province": "Barcelona", "municipality": "Barcelona", "district": "Sarri\u00e0-Sant Gervasi", "country": "es", "neighborhood": "El Putxet i el Farr\u00f3", "latitude": 41.4117115, "longitude": 2.1401603, "showAddress": false, "url": "https://www.idealista.com/inmueble/90939011/", "distance": "860", "hasVideo": false, "status": "good", "newDevelopment": false, "hasLift": true, "priceByArea": 3824.0, "detailedType": {"typology": "flat"}, "suggestedTexts": {"subtitle": "El Putxet i el Farr\u00f3, Barcelona", "title": "Piso"}, "hasPlan": false, "has3DTour": false, "has360": false, "hasStaging": false, "topNewDevelopment": false}, {"propertyCode": "91099471", "thumbnail": "https://img3.idealista.com/blur/WEB_LISTING/0/id.pro.es.image.master/a1/99/00/809355901.jpg", "externalReference": "242670", "numPhotos": 25, "floor": "1", "price": 375000.0, "propertyType": "flat", "operation": "sale", "size": 92.0, "exterior": true, "rooms": 2, "bathrooms": 2, "address": "barrio El Putxet i el Farr\u00f3", "province": "Barcelona", "municipality": "Barcelona", "district": "Sarri\u00e0-Sant Gervasi", "country": "es", "neighborhood": "El Putxet i el Farr\u00f3", "latitude": 41.4113978, "longitude": 2.141565, "showAddress": false, "url": "https://www.idealista.com/inmueble/91099471/", "distance": "805", "hasVideo": false, "status": "good", "newDevelopment": false, "hasLift": true, "priceByArea": 4076.0, "detailedType": {"typology": "flat"}, "suggestedTexts": {"subtitle": "El Putxet i el Farr\u00f3, Barcelona", "title": "Piso"}, "hasPlan": true, "has3DTour": false, "has360": false, "hasStaging": false, "topNewDevelopment": false}, {"propertyCode": "90850804", "thumbnail": "https://img3.idealista.com/blur/WEB_LISTING/0/id.pro.es.image.master/35/5f/99/828519398.jpg", "externalReference": "W-02JPW7", "numPhotos": 32, "floor": "4", "price": 399000.0, "propertyType": "penthouse", "operation": "sale", "size": 85.0, "exterior": true, "rooms": 1, "bathrooms": 1, "address": "barrio Vallcarca i els Penitents", "province": "Barcelona", "municipality": "Barcelona", "district": "Gr\u00e0cia", "country": "es", "neighborhood": "Vallcarca i els Penitents", "latitude": 41.4099349, "longitude": 2.1469492, "showAddress": false, "url": "https://www.idealista.com/inmueble/90850804/", "distance": "790", "hasVideo": false, "status": "good", "newDevelopment": false, "hasLift": true, "priceByArea": 4694.0, "detailedType": {"typology": "flat", "subTypology": "penthouse"}, "suggestedTexts": {"subtitle": "Vallcarca i els Penitents, Barcelona", "title": "\u00c1tico"}, "hasPlan": false, "has3DTour": false, "has360": false, "hasStaging": false, "topNewDevelopment": false}, {"propertyCode": "84918062", "thumbnail": "https://img3.idealista.com/blur/WEB_LISTING/0/id.pro.es.image.master/f7/89/46/755900178.jpg", "externalReference": "W-02FE09", "numPhotos": 26, "floor": "1", "price": 260000.0, "propertyType": "flat", "operation": "sale", "size": 60.0, "exterior": false, "rooms": 1, "bathrooms": 1, "address": "barrio El Putxet i el Farr\u00f3", "province": "Barcelona", "municipality": "Barcelona", "district": "Sarri\u00e0-Sant Gervasi", "country": "es", "neighborhood": "El Putxet i el Farr\u00f3", "latitude": 41.4117531, "longitude": 2.1448628, "showAddress": false, "url": "https://www.idealista.com/inmueble/84918062/", "distance": "630", "hasVideo": false, "status": "good", "newDevelopment": false, "hasLift": true, "priceByArea": 4333.0, "detailedType": {"typology": "flat"}, "suggestedTexts": {"subtitle": "El Putxet i el Farr\u00f3, Barcelona", "title": "Piso"}, "hasPlan": false, "has3DTour": false, "has360": false, "hasStaging": false, "topNewDevelopment": false}, {"propertyCode": "92963001", "thumbnail": "https://img3.idealista.com/blur/WEB_LISTING/0/id.pro.es.image.master/56/d0/67/855823653.jpg", "externalReference": "GV594", "numPhotos": 30, "floor": "1", "price": 260000.0, "propertyType": "flat", "operation": "sale", "size": 60.0, "exterior": true, "rooms": 1, "bathrooms": 1, "address": "Avenida de la Rep\u00fablica Argentina", "province": "Barcelona", "municipality": "Barcelona", "district": "Sarri\u00e0-Sant Gervasi", "country": "es", "neighborhood": "El Putxet i el Farr\u00f3", "latitude": 41.4097041, "longitude": 2.1478506, "showAddress": false, "url": "https://www.idealista.com/inmueble/92963001/", "distance": "814", "hasVideo": true, "status": "good", "newDevelopment": false, "hasLift": true, "priceByArea": 4333.0, "detailedType": {"typology": "flat"}, "suggestedTexts": {"subtitle": "El Putxet i el Farr\u00f3, Barcelona", "title": "Piso en Avenida de la Rep\u00fablica Argentina"}, "hasPlan": false, "has3DTour": false, "has360": false, "hasStaging": false, "topNewDevelopment": false}, {"propertyCode": "91781937", "thumbnail": "https://img3.idealista.com/blur/WEB_LISTING/0/id.pro.es.image.master/64/f1/ed/823158000.jpg", "externalReference": "13111-OB", "numPhotos": 16, "floor": "1", "price": 284000.0, "propertyType": "flat", "operation": "sale", "size": 70.0, "exterior": false, "rooms": 3, "bathrooms": 2, "address": "Avenida de la Rep\u00fablica Argentina", "province": "Barcelona", "municipality": "Barcelona", "district": "Sarri\u00e0-Sant Gervasi", "country": "es", "neighborhood": "El Putxet i el Farr\u00f3", "latitude": 41.4150009, "longitude": 2.1409282, "showAddress": false, "url": "https://www.idealista.com/inmueble/91781937/", "distance": "604", "hasVideo": false, "status": "good", "newDevelopment": false, "hasLift": true, "priceByArea": 4057.0, "detailedType": {"typology": "flat"}, "suggestedTexts": {"subtitle": "El Putxet i el Farr\u00f3, Barcelona", "title": "Piso en Avenida de la Rep\u00fablica Argentina"}, "hasPlan": false, "has3DTour": false, "has360": false, "hasStaging": false, "topNewDevelopment": false}, {"propertyCode": "91847102", "thumbnail": "https://img3.idealista.com/blur/WEB_LISTING/0/id.pro.es.image.master/ef/3f/c7/855319543.jpg", "externalReference": "V32514", "numPhotos": 38, "price": 997000.0, "propertyType": "chalet", "operation": "sale", "size": 181.0, "exterior": false, "rooms": 5, "bathrooms": 3, "address": "barrio El Putxet i el Farr\u00f3", "province": "Barcelona", "municipality": "Barcelona", "district": "Sarri\u00e0-Sant Gervasi", "country": "es", "neighborhood": "El Putxet i el Farr\u00f3", "latitude": 41.4098981, "longitude": 2.1452976, "showAddress": false, "url": "https://www.idealista.com/inmueble/91847102/", "distance": "816", "hasVideo": false, "status": "good", "newDevelopment": false, "priceByArea": 5508.0, "detailedType": {"typology": "chalet", "subTypology": "terracedHouse"}, "suggestedTexts": {"subtitle": "El Putxet i el Farr\u00f3, Barcelona", "title": "Chalet adosado"}, "hasPlan": true, "has3DTour": false, "has360": false, "hasStaging": false, "topNewDevelopment": false}, {"propertyCode": "91627782", "thumbnail": "https://img3.idealista.com/blur/WEB_LISTING/0/id.pro.es.image.master/0e/43/cd/819399883.jpg", "numPhotos": 16, "floor": "bj", "price": 200000.0, "propertyType": "studio", "operation": "sale", "size": 63.0, "exterior": true, "rooms": 0, "bathrooms": 1, "address": "Calle de Sostres, 08024 s/n", "province": "Barcelona", "municipality": "Barcelona", "district": "Gr\u00e0cia", "country": "es", "neighborhood": "La Salut", "latitude": 41.4117367, "longitude": 2.1501916, "showAddress": true, "url": "https://www.idealista.com/inmueble/91627782/", "distance": "625", "hasVideo": true, "status": "good", "newDevelopment": false, "hasLift": false, "priceByArea": 3175.0, "detailedType": {"typology": "flat", "subTypology": "studio"}, "suggestedTexts": {"subtitle": "La Salut, Barcelona", "title": "Estudio en Calle de Sostres, 08024 s/n"}, "hasPlan": false, "has3DTour": false, "has360": false, "hasStaging": false, "topNewDevelopment": false}, {"propertyCode": "91966681", "thumbnail": "https://img3.idealista.com/blur/WEB_LISTING/0/id.pro.es.image.master/6a/83/7a/827582196.jpg", "externalReference": "28006", "numPhotos": 12, "floor": "1", "price": 185000.0, "propertyType": "flat", "operation": "sale", "size": 62.0, "exterior": true, "rooms": 2, "bathrooms": 1, "address": "barrio El Coll", "province": "Barcelona", "municipality": "Barcelona", "district": "Gr\u00e0cia", "country": "es", "neighborhood": "El Coll", "latitude": 41.4156885, "longitude": 2.1436425, "showAddress": false, "url": "https://www.idealista.com/inmueble/91966681/", "distance": "366", "hasVideo": false, "status": "good", "newDevelopment": false, "hasLift": false, "priceByArea": 2984.0, "detailedType": {"typology": "flat"}, "suggestedTexts": {"subtitle": "El Coll, Barcelona", "title": "Piso"}, "hasPlan": true, "has3DTour": false, "has360": false, "hasStaging": false, "topNewDevelopment": false}, {"propertyCode": "92932865", "thumbnail": "https://img3.idealista.com/blur/WEB_LISTING/0/id.pro.es.image.master/64/e3/d5/851437581.jpg", "externalReference": "246682", "numPhotos": 23, "floor": "bj", "price": 650000.0, "propertyType": "flat", "operation": "sale", "size": 130.0, "exterior": true, "rooms": 3, "bathrooms": 2, "address": "barrio Vallcarca i els Penitents", "province": "Barcelona", "municipality": "Barcelona", "district": "Gr\u00e0cia", "country": "es", "neighborhood": "Vallcarca i els Penitents", "latitude": 41.4160768, "longitude": 2.1396924, "showAddress": false, "url": "https://www.idealista.com/inmueble/92932865/", "distance": "672", "hasVideo": true, "status": "good", "newDevelopment": false, "hasLift": true, "priceByArea": 5000.0, "detailedType": {"typology": "flat"}, "suggestedTexts": {"subtitle": "Vallcarca i els Penitents, Barcelona", "title": "Piso"}, "hasPlan": true, "has3DTour": false, "has360": false, "hasStaging": false, "topNewDevelopment": false}, {"propertyCode": "92757378", "thumbnail": "https://img3.idealista.com/blur/WEB_LISTING/0/id.pro.es.image.master/c3/ac/47/847412390.jpg", "externalReference": "VB2102017", "numPhotos": 29, "floor": "2", "price": 399000.0, "propertyType": "flat", "operation": "sale", "size": 97.0, "exterior": true, "rooms": 4, "bathrooms": 2, "address": "barrio El Putxet i el Farr\u00f3", "province": "Barcelona", "municipality": "Barcelona", "district": "Sarri\u00e0-Sant Gervasi", "country": "es", "neighborhood": "El Putxet i el Farr\u00f3", "latitude": 41.4128604, "longitude": 2.140903, "showAddress": false, "url": "https://www.idealista.com/inmueble/92757378/", "distance": "729", "hasVideo": false, "status": "renew", "newDevelopment": false, "hasLift": true, "priceByArea": 4113.0, "detailedType": {"typology": "flat"}, "suggestedTexts": {"subtitle": "El Putxet i el Farr\u00f3, Barcelona", "title": "Piso"}, "hasPlan": true, "has3DTour": false, "has360": true, "hasStaging": false, "topNewDevelopment": false}, {"propertyCode": "92607844", "thumbnail": "https://img3.idealista.com/blur/WEB_LISTING/0/id.pro.es.image.master/83/b7/46/843887131.jpg", "externalReference": "2-VHG027", "numPhotos": 31, "floor": "3", "price": 215000.0, "propertyType": "flat", "operation": "sale", "size": 68.0, "exterior": false, "rooms": 3, "bathrooms": 1, "address": "Calle d'Arenys", "province": "Barcelona", "municipality": "Barcelona", "district": "Horta Guinard\u00f3", "country": "es", "neighborhood": "La Teixonera", "latitude": 41.423005, "longitude": 2.1412468, "showAddress": false, "url": "https://www.idealista.com/inmueble/92607844/", "distance": "852", "hasVideo": false, "status": "good", "newDevelopment": false, "hasLift": true, "priceByArea": 3162.0, "detailedType": {"typology": "flat"}, "suggestedTexts": {"subtitle": "La Teixonera, Barcelona", "title": "Piso en Calle d'Arenys"}, "hasPlan": true, "has3DTour": false, "has360": true, "hasStaging": false, "topNewDevelopment": false}, {"propertyCode": "91313184", "thumbnail": "https://img3.idealista.com/blur/WEB_LISTING/0/id.pro.es.image.master/58/64/43/811718752.jpg", "externalReference": "3451-02064", "numPhotos": 12, "floor": "bj", "price": 435000.0, "propertyType": "flat", "operation": "sale", "size": 90.0, "exterior": true, "rooms": 3, "bathrooms": 2, "address": "Mare de D\u00e9u dels \u00c0ngels", "province": "Barcelona", "municipality": "Barcelona", "district": "Horta Guinard\u00f3", "country": "es", "neighborhood": "La Teixonera", "latitude": 41.4233614, "longitude": 2.1514757, "showAddress": false, "url": "https://www.idealista.com/inmueble/91313184/", "distance": "772", "hasVideo": false, "status": "good", "newDevelopment": false, "hasLift": true, "parkingSpace": {"hasParkingSpace": true, "isParkingSpaceIncludedInPrice": true}, "priceByArea": 4833.0, "detailedType": {"typology": "flat"}, "suggestedTexts": {"subtitle": "La Teixonera, Barcelona", "title": "Piso en Mare de D\u00e9u dels \u00c0ngels"}, "hasPlan": true, "has3DTour": false, "has360": true, "hasStaging": false, "topNewDevelopment": false}, {"propertyCode": "88281009", "thumbnail": "https://img3.idealista.com/blur/WEB_LISTING/0/id.pro.es.image.master/6b/79/2f/743159004.jpg", "externalReference": "124 -  Duplex Carrer Repartidor", "numPhotos": 16, "floor": "bj", "price": 285000.0, "propertyType": "duplex", "operation": "sale", "size": 94.0, "exterior": true, "rooms": 2, "bathrooms": 2, "address": "Calle del Repartidor", "province": "Barcelona", "municipality": "Barcelona", "district": "Gr\u00e0cia", "country": "es", "neighborhood": "La Salut", "latitude": 41.411522, "longitude": 2.1512246, "showAddress": false, "url": "https://www.idealista.com/inmueble/88281009/", "distance": "680", "hasVideo": false, "status": "good", "newDevelopment": false, "hasLift": true, "parkingSpace": {"hasParkingSpace": true, "isParkingSpaceIncludedInPrice": false, "parkingSpacePrice": 24000.0}, "priceByArea": 3032.0, "detailedType": {"typology": "flat", "subTypology": "duplex"}, "suggestedTexts": {"subtitle": "La Salut, Barcelona", "title": "D\u00faplex en Calle del Repartidor"}, "hasPlan": true, "has3DTour": false, "has360": true, "hasStaging": false, "topNewDevelopment": false}, {"propertyCode": "93197142", "thumbnail": "https://img3.idealista.com/blur/WEB_LISTING/0/id.pro.es.image.master/5d/25/d7/856759877.jpg", "externalReference": "A21-02", "numPhotos": 27, "floor": "2", "price": 240000.0, "propertyType": "flat", "operation": "sale", "size": 62.0, "exterior": true, "rooms": 2, "bathrooms": 1, "address": "Calle de Ramiro de Maeztu", "province": "Barcelona", "municipality": "Barcelona", "district": "Gr\u00e0cia", "country": "es", "neighborhood": "La Salut", "latitude": 41.4154896, "longitude": 2.1558354, "showAddress": false, "url": "https://www.idealista.com/inmueble/93197142/", "distance": "703", "hasVideo": false, "status": "good", "newDevelopment": false, "hasLift": false, "priceByArea": 3871.0, "detailedType": {"typology": "flat"}, "suggestedTexts": {"subtitle": "La Salut, Barcelona", "title": "Piso en Calle de Ramiro de Maeztu"}, "hasPlan": false, "has3DTour": false, "has360": false, "hasStaging": false, "topNewDevelopment": false}, {"propertyCode": "93080374", "thumbnail": "https://img3.idealista.com/blur/WEB_LISTING/0/id.pro.es.image.master/a6/ec/d2/853994320.jpg", "externalReference": "VPD2-2102", "numPhotos": 30, "floor": "4", "price": 450000.0, "propertyType": "penthouse", "operation": "sale", "size": 96.0, "exterior": true, "rooms": 2, "bathrooms": 2, "address": "Calle del Repartidor", "province": "Barcelona", "municipality": "Barcelona", "district": "Gr\u00e0cia", "country": "es", "neighborhood": "La Salut", "latitude": 41.4121106, "longitude": 2.1479476, "showAddress": false, "url": "https://www.idealista.com/inmueble/93080374/", "distance": "547", "hasVideo": false, "status": "good", "newDevelopment": false, "hasLift": false, "priceByArea": 4688.0, "detailedType": {"typology": "flat", "subTypology": "penthouse"}, "suggestedTexts": {"subtitle": "La Salut, Barcelona", "title": "\u00c1tico en Calle del Repartidor"}, "hasPlan": true, "has3DTour": false, "has360": true, "hasStaging": false, "topNewDevelopment": false}, {"propertyCode": "92532689", "thumbnail": "https://img3.idealista.com/blur/WEB_LISTING/0/id.pro.es.image.master/cf/8e/69/841946436.jpg", "externalReference": "322959", "numPhotos": 29, "floor": "2", "price": 345000.0, "propertyType": "flat", "operation": "sale", "size": 101.0, "exterior": true, "rooms": 4, "bathrooms": 2, "address": "Calle de les Medes, 10", "province": "Barcelona", "municipality": "Barcelona", "district": "Gr\u00e0cia", "country": "es", "neighborhood": "Vallcarca i els Penitents", "latitude": 41.4111289, "longitude": 2.1468473, "showAddress": true, "url": "https://www.idealista.com/inmueble/92532689/", "distance": "659", "hasVideo": true, "status": "good", "newDevelopment": false, "hasLift": true, "priceByArea": 3416.0, "detailedType": {"typology": "flat"}, "suggestedTexts": {"subtitle": "Vallcarca i els Penitents, Barcelona", "title": "Piso en Calle de les Medes, 10"}, "hasPlan": true, "has3DTour": false, "has360": false, "hasStaging": false, "topNewDevelopment": false}, {"propertyCode": "92530116", "thumbnail": "https://img3.idealista.com/blur/WEB_LISTING/0/id.pro.es.image.master/fb/4f/9a/841879544.jpg", "externalReference": "004-21", "numPhotos": 15, "floor": "1", "price": 195000.0, "propertyType": "flat", "operation": "sale", "size": 70.0, "exterior": true, "rooms": 3, "bathrooms": 1, "address": "Pasaje de Garcia i Robles", "province": "Barcelona", "municipality": "Barcelona", "district": "Gr\u00e0cia", "country": "es", "neighborhood": "La Salut", "latitude": 41.40994, "longitude": 2.1495956, "showAddress": false, "url": "https://www.idealista.com/inmueble/92530116/", "distance": "804", "hasVideo": false, "status": "renew", "newDevelopment": false, "hasLift": false, "priceByArea": 2786.0, "detailedType": {"typology": "flat"}, "suggestedTexts": {"subtitle": "La Salut, Barcelona", "title": "Piso en Pasaje de Garcia i Robles"}, "hasPlan": true, "has3DTour": false, "has360": false, "hasStaging": false, "topNewDevelopment": false}, {"propertyCode": "93068936", "thumbnail": "https://img3.idealista.com/blur/WEB_LISTING/0/id.pro.es.image.master/ec/01/59/853718974.jpg", "externalReference": "116082", "numPhotos": 40, "floor": "bj", "price": 169000.0, "propertyType": "flat", "operation": "sale", "size": 62.0, "exterior": true, "rooms": 2, "bathrooms": 1, "address": "barrio La Teixonera", "province": "Barcelona", "municipality": "Barcelona", "district": "Horta Guinard\u00f3", "country": "es", "neighborhood": "La Teixonera", "latitude": 41.4220325, "longitude": 2.1463854, "showAddress": false, "url": "https://www.idealista.com/inmueble/93068936/", "distance": "566", "hasVideo": false, "status": "good", "newDevelopment": false, "hasLift": true, "priceByArea": 2726.0, "detailedType": {"typology": "flat"}, "suggestedTexts": {"subtitle": "La Teixonera, Barcelona", "title": "Piso"}, "hasPlan": true, "has3DTour": false, "has360": false, "hasStaging": false, "topNewDevelopment": false}, {"propertyCode": "92853528", "thumbnail": "https://img3.idealista.com/blur/WEB_LISTING/0/id.pro.es.image.master/d1/9f/e0/849535495.jpg", "externalReference": "VB2102029", "numPhotos": 23, "floor": "2", "price": 345000.0, "propertyType": "flat", "operation": "sale", "size": 67.0, "exterior": true, "rooms": 2, "bathrooms": 1, "address": "barrio El Coll", "province": "Barcelona", "municipality": "Barcelona", "district": "Gr\u00e0cia", "country": "es", "neighborhood": "El Coll", "latitude": 41.4195019, "longitude": 2.1483106, "showAddress": false, "url": "https://www.idealista.com/inmueble/92853528/", "distance": "280", "hasVideo": false, "status": "good", "newDevelopment": false, "hasLift": true, "parkingSpace": {"hasParkingSpace": true, "isParkingSpaceIncludedInPrice": true}, "priceByArea": 5149.0, "detailedType": {"typology": "flat"}, "suggestedTexts": {"subtitle": "El Coll, Barcelona", "title": "Piso"}, "hasPlan": true, "has3DTour": false, "has360": false, "hasStaging": false, "topNewDevelopment": false}, {"propertyCode": "86950233", "thumbnail": "https://img3.idealista.com/blur/WEB_LISTING/0/id.pro.es.image.master/29/87/e7/706775467.jpg", "externalReference": "133141", "numPhotos": 26, "floor": "2", "price": 425000.0, "propertyType": "flat", "operation": "sale", "size": 100.0, "exterior": true, "rooms": 4, "bathrooms": 2, "address": "Calle de Marmell\u00e0, 5", "province": "Barcelona", "municipality": "Barcelona", "district": "Sarri\u00e0-Sant Gervasi", "country": "es", "neighborhood": "El Putxet i el Farr\u00f3", "latitude": 41.4105201, "longitude": 2.1421683, "showAddress": true, "url": "https://www.idealista.com/inmueble/86950233/", "distance": "856", "hasVideo": true, "status": "good", "newDevelopment": false, "hasLift": true, "priceByArea": 4250.0, "detailedType": {"typology": "flat"}, "suggestedTexts": {"subtitle": "El Putxet i el Farr\u00f3, Barcelona", "title": "Piso en Calle de Marmell\u00e0, 5"}, "hasPlan": true, "has3DTour": false, "has360": false, "hasStaging": false, "topNewDevelopment": false}, {"propertyCode": "86472559", "thumbnail": "https://img3.idealista.com/blur/WEB_LISTING/0/id.pro.es.image.master/df/9e/b5/694531137.jpg", "externalReference": "1P1866", "numPhotos": 21, "floor": "1", "price": 710000.0, "propertyType": "flat", "operation": "sale", "size": 117.0, "exterior": true, "rooms": 3, "bathrooms": 2, "address": "Avenida de la Rep\u00fablica Argentina", "province": "Barcelona", "municipality": "Barcelona", "district": "Sarri\u00e0-Sant Gervasi", "country": "es", "neighborhood": "El Putxet i el Farr\u00f3", "latitude": 41.4125633, "longitude": 2.1420198, "showAddress": false, "url": "https://www.idealista.com/inmueble/86472559/", "distance": "683", "hasVideo": true, "status": "good", "newDevelopment": false, "hasLift": true, "priceByArea": 6068.0, "detailedType": {"typology": "flat"}, "suggestedTexts": {"subtitle": "El Putxet i el Farr\u00f3, Barcelona", "title": "Piso en Avenida de la Rep\u00fablica Argentina"}, "hasPlan": true, "has3DTour": false, "has360": false, "hasStaging": false, "topNewDevelopment": false}, {"propertyCode": "92094845", "thumbnail": "https://img3.idealista.com/blur/WEB_LISTING/0/id.pro.es.image.master/1b/11/91/834442402.jpg", "externalReference": "115083", "numPhotos": 40, "floor": "en", "price": 369000.0, "propertyType": "flat", "operation": "sale", "size": 80.0, "exterior": true, "rooms": 3, "bathrooms": 1, "address": "barrio Vallcarca i els Penitents", "province": "Barcelona", "municipality": "Barcelona", "district": "Gr\u00e0cia", "country": "es", "neighborhood": "Vallcarca i els Penitents", "latitude": 41.4156897, "longitude": 2.1387148, "showAddress": false, "url": "https://www.idealista.com/inmueble/92094845/", "distance": "760", "hasVideo": false, "status": "good", "newDevelopment": false, "hasLift": true, "priceByArea": 4613.0, "detailedType": {"typology": "flat"}, "suggestedTexts": {"subtitle": "Vallcarca i els Penitents, Barcelona", "title": "Piso"}, "hasPlan": true, "has3DTour": false, "has360": false, "hasStaging": false, "topNewDevelopment": false}, {"propertyCode": "92875309", "thumbnail": "https://img3.idealista.com/blur/WEB_LISTING/0/id.pro.es.image.master/df/a9/92/850033430.jpg", "externalReference": "LLOBRE149", "numPhotos": 38, "floor": "2", "price": 149000.0, "propertyType": "flat", "operation": "sale", "size": 55.0, "exterior": true, "rooms": 2, "bathrooms": 1, "address": "Calle del Llobreg\u00f3s, 198", "province": "Barcelona", "municipality": "Barcelona", "district": "Horta Guinard\u00f3", "country": "es", "neighborhood": "El Carmel", "latitude": 41.4223039, "longitude": 2.1523277, "showAddress": true, "url": "https://www.idealista.com/inmueble/92875309/", "distance": "704", "hasVideo": true, "status": "good", "newDevelopment": false, "hasLift": true, "priceByArea": 2709.0, "detailedType": {"typology": "flat"}, "suggestedTexts": {"subtitle": "El Carmel, Barcelona", "title": "Piso en Calle del Llobreg\u00f3s, 198"}, "hasPlan": true, "has3DTour": false, "has360": false, "hasStaging": false, "topNewDevelopment": false}, {"propertyCode": "91838554", "thumbnail": "https://img3.idealista.com/blur/WEB_LISTING/0/id.pro.es.image.master/fa/6d/67/824503504.jpg", "externalReference": "306715", "numPhotos": 23, "floor": "2", "price": 230000.0, "propertyType": "flat", "operation": "sale", "size": 90.0, "exterior": true, "rooms": 3, "bathrooms": 2, "address": "Calle de Santa Rosalia s/n", "province": "Barcelona", "municipality": "Barcelona", "district": "Horta Guinard\u00f3", "country": "es", "neighborhood": "La Teixonera", "latitude": 41.42203, "longitude": 2.147561, "showAddress": true, "url": "https://www.idealista.com/inmueble/91838554/", "distance": "556", "hasVideo": true, "status": "good", "newDevelopment": false, "hasLift": false, "priceByArea": 2556.0, "detailedType": {"typology": "flat"}, "suggestedTexts": {"subtitle": "La Teixonera, Barcelona", "title": "Piso en Calle de Santa Rosalia s/n"}, "hasPlan": true, "has3DTour": false, "has360": false, "hasStaging": false, "topNewDevelopment": false}, {"propertyCode": "92808929", "thumbnail": "https://img3.idealista.com/blur/WEB_LISTING/0/id.pro.es.image.master/22/4d/42/848625698.jpg", "externalReference": "104862", "numPhotos": 20, "floor": "1", "price": 110000.0, "propertyType": "flat", "operation": "sale", "size": 49.0, "exterior": false, "rooms": 3, "bathrooms": 1, "address": "Calle Arenys", "province": "Barcelona", "municipality": "Barcelona", "district": "Horta Guinard\u00f3", "country": "es", "neighborhood": "La Teixonera", "latitude": 41.4222692, "longitude": 2.1457515, "showAddress": false, "url": "https://www.idealista.com/inmueble/92808929/", "distance": "603", "hasVideo": true, "status": "good", "newDevelopment": false, "hasLift": false, "priceByArea": 2245.0, "detailedType": {"typology": "flat"}, "suggestedTexts": {"subtitle": "La Teixonera, Barcelona", "title": "Piso en Calle Arenys"}, "hasPlan": true, "has3DTour": false, "has360": false, "hasStaging": false, "topNewDevelopment": false}, {"propertyCode": "92599157", "thumbnail": "https://img3.idealista.com/blur/WEB_LISTING/0/id.pro.es.image.master/5c/e1/ed/843656091.jpg", "externalReference": "86879", "numPhotos": 27, "price": 229000.0, "propertyType": "flat", "operation": "sale", "size": 101.0, "exterior": true, "rooms": 2, "bathrooms": 1, "address": "Calle de Rossell", "province": "Barcelona", "municipality": "Barcelona", "district": "Horta Guinard\u00f3", "country": "es", "neighborhood": "La Teixonera", "latitude": 41.4219881, "longitude": 2.1470433, "showAddress": false, "url": "https://www.idealista.com/inmueble/92599157/", "distance": "553", "hasVideo": false, "status": "good", "newDevelopment": false, "hasLift": true, "parkingSpace": {"hasParkingSpace": true, "isParkingSpaceIncludedInPrice": true}, "priceByArea": 2267.0, "detailedType": {"typology": "flat"}, "suggestedTexts": {"subtitle": "La Teixonera, Barcelona", "title": "Piso en Calle de Rossell"}, "hasPlan": false, "has3DTour": false, "has360": false, "hasStaging": false, "topNewDevelopment": false}, {"propertyCode": "89790029", "thumbnail": "https://img3.idealista.com/blur/WEB_LISTING/0/id.pro.es.image.master/6f/ac/09/776588046.jpg", "externalReference": "V00207-FOVD1", "numPhotos": 48, "floor": "1", "price": 460000.0, "propertyType": "flat", "operation": "sale", "size": 103.0, "exterior": true, "rooms": 3, "bathrooms": 2, "address": "Luc\u00e0", "province": "Barcelona", "municipality": "Barcelona", "district": "Sarri\u00e0-Sant Gervasi", "country": "es", "neighborhood": "El Putxet i el Farr\u00f3", "latitude": 41.4126474, "longitude": 2.1404376, "showAddress": false, "url": "https://www.idealista.com/inmueble/89790029/", "distance": "774", "hasVideo": true, "status": "good", "newDevelopment": false, "hasLift": true, "priceByArea": 4466.0, "detailedType": {"typology": "flat"}, "suggestedTexts": {"subtitle": "El Putxet i el Farr\u00f3, Barcelona", "title": "Piso en Luc\u00e0"}, "hasPlan": true, "has3DTour": false, "has360": false, "hasStaging": false, "topNewDevelopment": false}, {"propertyCode": "92169914", "thumbnail": "https://img3.idealista.com/blur/WEB_LISTING/0/id.pro.es.image.master/fe/10/18/854490185.jpg", "externalReference": "KE-0117", "numPhotos": 33, "floor": "3", "price": 665000.0, "propertyType": "flat", "operation": "sale", "size": 152.0, "exterior": true, "rooms": 4, "bathrooms": 2, "address": "Calle de Gomis", "province": "Barcelona", "municipality": "Barcelona", "district": "Gr\u00e0cia", "country": "es", "neighborhood": "Vallcarca i els Penitents", "latitude": 41.4129087, "longitude": 2.1434715, "showAddress": false, "url": "https://www.idealista.com/inmueble/92169914/", "distance": "575", "hasVideo": false, "status": "good", "newDevelopment": false, "hasLift": true, "parkingSpace": {"hasParkingSpace": true, "isParkingSpaceIncludedInPrice": true}, "priceByArea": 4375.0, "detailedType": {"typology": "flat"}, "suggestedTexts": {"subtitle": "Vallcarca i els Penitents, Barcelona", "title": "Piso en Calle de Gomis"}, "hasPlan": true, "has3DTour": false, "has360": true, "hasStaging": false, "topNewDevelopment": false}, {"propertyCode": "91188834", "thumbnail": "https://img3.idealista.com/blur/WEB_LISTING/0/id.pro.es.image.master/43/8f/47/808812585.jpg", "externalReference": "D-40643", "numPhotos": 24, "floor": "1", "price": 170000.0, "propertyType": "flat", "operation": "sale", "size": 90.0, "exterior": false, "rooms": 4, "bathrooms": 1, "address": "Avenida de la Rep\u00fablica Argentina", "province": "Barcelona", "municipality": "Barcelona", "district": "Gr\u00e0cia", "country": "es", "neighborhood": "Vallcarca i els Penitents", "latitude": 41.4102616, "longitude": 2.1489306, "showAddress": false, "url": "https://www.idealista.com/inmueble/91188834/", "distance": "759", "hasVideo": true, "status": "good", "newDevelopment": false, "hasLift": true, "priceByArea": 1889.0, "detailedType": {"typology": "flat"}, "suggestedTexts": {"subtitle": "Vallcarca i els Penitents, Barcelona", "title": "Piso en Avenida de la Rep\u00fablica Argentina"}, "hasPlan": false, "has3DTour": false, "has360": false, "hasStaging": false, "topNewDevelopment": false}, {"propertyCode": "91305578", "thumbnail": "https://img3.idealista.com/blur/WEB_LISTING/0/id.pro.es.image.master/27/cb/59/811535501.jpg", "externalReference": "1788", "numPhotos": 14, "floor": "1", "price": 170000.0, "propertyType": "flat", "operation": "sale", "size": 59.0, "exterior": false, "rooms": 3, "bathrooms": 1, "address": "calderon de la barca", "province": "Barcelona", "municipality": "Barcelona", "district": "Horta Guinard\u00f3", "country": "es", "neighborhood": "El Carmel", "latitude": 41.422576, "longitude": 2.1548668, "showAddress": false, "url": "https://www.idealista.com/inmueble/91305578/", "distance": "861", "hasVideo": true, "status": "good", "newDevelopment": false, "hasLift": false, "priceByArea": 2881.0, "detailedType": {"typology": "flat"}, "suggestedTexts": {"subtitle": "El Carmel, Barcelona", "title": "Piso en calderon de la barca"}, "hasPlan": true, "has3DTour": false, "has360": false, "hasStaging": false, "topNewDevelopment": false}, {"propertyCode": "93002415", "thumbnail": "https://img3.idealista.com/blur/WEB_LISTING/0/id.pro.es.image.master/7f/c9/c2/852790976.jpg", "externalReference": "V0221K", "numPhotos": 27, "floor": "bj", "price": 200000.0, "propertyType": "flat", "operation": "sale", "size": 66.0, "exterior": false, "rooms": 1, "bathrooms": 1, "address": "Calle de Sostres", "province": "Barcelona", "municipality": "Barcelona", "district": "Gr\u00e0cia", "country": "es", "neighborhood": "La Salut", "latitude": 41.4105975, "longitude": 2.1496318, "showAddress": false, "url": "https://www.idealista.com/inmueble/93002415/", "distance": "733", "hasVideo": false, "status": "good", "newDevelopment": false, "hasLift": false, "priceByArea": 3030.0, "detailedType": {"typology": "flat"}, "suggestedTexts": {"subtitle": "La Salut, Barcelona", "title": "Piso en Calle de Sostres"}, "hasPlan": true, "has3DTour": false, "has360": false, "hasStaging": false, "topNewDevelopment": false}, {"propertyCode": "92890534", "thumbnail": "https://img3.idealista.com/blur/WEB_LISTING/0/id.pro.es.image.master/41/80/c9/853052061.jpg", "externalReference": "TU939LA", "numPhotos": 25, "floor": "4", "price": 395000.0, "propertyType": "flat", "operation": "sale", "size": 81.0, "exterior": true, "rooms": 2, "bathrooms": 1, "address": "Paseo de Sant Gervasi", "province": "Barcelona", "municipality": "Barcelona", "district": "Sarri\u00e0-Sant Gervasi", "country": "es", "neighborhood": "Sant Gervasi - La Bonanova", "latitude": 41.4140537, "longitude": 2.1389386, "showAddress": false, "url": "https://www.idealista.com/inmueble/92890534/", "distance": "798", "hasVideo": false, "status": "good", "newDevelopment": false, "hasLift": true, "priceByArea": 4877.0, "detailedType": {"typology": "flat"}, "suggestedTexts": {"subtitle": "Sant Gervasi - La Bonanova, Barcelona", "title": "Piso en Paseo de Sant Gervasi"}, "hasPlan": true, "has3DTour": false, "has360": false, "hasStaging": false, "topNewDevelopment": false}, {"propertyCode": "92012123", "thumbnail": "https://img3.idealista.com/blur/WEB_LISTING/0/id.pro.es.image.master/94/5a/49/828682496.jpg", "externalReference": "PssgSntGerv", "numPhotos": 24, "floor": "3", "price": 550000.0, "propertyType": "flat", "operation": "sale", "size": 80.0, "exterior": true, "rooms": 2, "bathrooms": 2, "address": "Paseo de Sant Gervasi", "province": "Barcelona", "municipality": "Barcelona", "district": "Sarri\u00e0-Sant Gervasi", "country": "es", "neighborhood": "El Putxet i el Farr\u00f3", "latitude": 41.4123043, "longitude": 2.1396699, "showAddress": false, "url": "https://www.idealista.com/inmueble/92012123/", "distance": "847", "hasVideo": true, "status": "good", "newDevelopment": false, "hasLift": true, "parkingSpace": {"hasParkingSpace": true, "isParkingSpaceIncludedInPrice": true}, "priceByArea": 6875.0, "detailedType": {"typology": "flat"}, "suggestedTexts": {"subtitle": "El Putxet i el Farr\u00f3, Barcelona", "title": "Piso en Paseo de Sant Gervasi"}, "hasPlan": true, "has3DTour": false, "has360": false, "hasStaging": false, "topNewDevelopment": false}, {"propertyCode": "91510112", "thumbnail": "https://img3.idealista.com/blur/WEB_LISTING/180/id.pro.es.image.master/d3/15/9b/839095790.jpg", "numPhotos": 21, "floor": "bj", "price": 290000.0, "propertyType": "flat", "operation": "sale", "size": 92.0, "exterior": true, "rooms": 3, "bathrooms": 2, "address": "Calle de Ferran Puig, 82", "province": "Barcelona", "municipality": "Barcelona", "district": "Sarri\u00e0-Sant Gervasi", "country": "es", "neighborhood": "El Putxet i el Farr\u00f3", "latitude": 41.4105989, "longitude": 2.143605, "showAddress": true, "url": "https://www.idealista.com/inmueble/91510112/", "distance": "790", "hasVideo": false, "status": "renew", "newDevelopment": false, "hasLift": true, "priceByArea": 3152.0, "detailedType": {"typology": "flat"}, "suggestedTexts": {"subtitle": "El Putxet i el Farr\u00f3, Barcelona", "title": "Piso en Calle de Ferran Puig, 82"}, "hasPlan": true, "has3DTour": false, "has360": false, "hasStaging": false, "topNewDevelopment": false}, {"propertyCode": "90835725", "thumbnail": "https://img3.idealista.com/blur/WEB_LISTING/0/id.pro.es.image.master/fd/78/05/802195394.jpg", "externalReference": "184-21660", "numPhotos": 33, "floor": "1", "price": 240000.0, "propertyType": "flat", "operation": "sale", "size": 68.0, "exterior": true, "rooms": 2, "bathrooms": 1, "address": "Calle de Josep Sangen\u00eds", "province": "Barcelona", "municipality": "Barcelona", "district": "Horta Guinard\u00f3", "country": "es", "neighborhood": "La Teixonera", "latitude": 41.4233885, "longitude": 2.1511527, "showAddress": false, "url": "https://www.idealista.com/inmueble/90835725/", "distance": "765", "hasVideo": true, "status": "good", "newDevelopment": false, "hasLift": true, "priceByArea": 3529.0, "detailedType": {"typology": "flat"}, "suggestedTexts": {"subtitle": "La Teixonera, Barcelona", "title": "Piso en Calle de Josep Sangen\u00eds"}, "hasPlan": true, "has3DTour": false, "has360": false, "hasStaging": false, "topNewDevelopment": false}, {"propertyCode": "91954052", "thumbnail": "https://img3.idealista.com/blur/WEB_LISTING/0/id.pro.es.image.master/aa/31/6b/827247614.jpg", "externalReference": "W-02JYKR", "numPhotos": 19, "floor": "1", "price": 318000.0, "propertyType": "flat", "operation": "sale", "size": 125.0, "exterior": false, "rooms": 4, "bathrooms": 3, "address": "barrio La Teixonera", "province": "Barcelona", "municipality": "Barcelona", "district": "Horta Guinard\u00f3", "country": "es", "neighborhood": "La Teixonera", "latitude": 41.4204561, "longitude": 2.1464763, "showAddress": false, "url": "https://www.idealista.com/inmueble/91954052/", "distance": "393", "hasVideo": false, "status": "renew", "newDevelopment": false, "hasLift": false, "priceByArea": 2544.0, "detailedType": {"typology": "flat"}, "suggestedTexts": {"subtitle": "La Teixonera, Barcelona", "title": "Piso"}, "hasPlan": true, "has3DTour": false, "has360": false, "hasStaging": false, "topNewDevelopment": false}, {"propertyCode": "91259599", "thumbnail": "https://img3.idealista.com/blur/WEB_LISTING/0/id.pro.es.image.master/b9/91/53/831743414.jpg", "numPhotos": 26, "floor": "1", "price": 149900.0, "propertyType": "flat", "operation": "sale", "size": 66.0, "exterior": true, "rooms": 3, "bathrooms": 1, "address": "Calle de la Manxa", "province": "Barcelona", "municipality": "Barcelona", "district": "Horta Guinard\u00f3", "country": "es", "neighborhood": "El Carmel", "latitude": 41.4203438, "longitude": 2.1550354, "showAddress": false, "url": "https://www.idealista.com/inmueble/91259599/", "distance": "717", "hasVideo": true, "status": "renew", "newDevelopment": false, "hasLift": false, "priceByArea": 2271.0, "detailedType": {"typology": "flat"}, "suggestedTexts": {"subtitle": "El Carmel, Barcelona", "title": "Piso en Calle de la Manxa"}, "hasPlan": true, "has3DTour": false, "has360": false, "hasStaging": false, "topNewDevelopment": false}]