[{"propertyCode": "91956445", "thumbnail": "https://img3.idealista.com/blur/WEB_LISTING/0/id.pro.es.image.master/3f/6e/06/827319076.jpg", "externalReference": "BCN21032", "numPhotos": 30, "price": 1975000.0, "propertyType": "flat", "operation": "sale", "size": 227.0, "exterior": true, "rooms": 4, "bathrooms": 3, "address": "barrio La Dreta de l'Eixample", "province": "Barcelona", "municipality": "Barcelona", "district": "Eixample", "country": "es", "neighborhood": "La Dreta de l'Eixample", "latitude": 41.3954477, "longitude": 2.1623459, "showAddress": false, "url": "https://www.idealista.com/inmueble/91956445/", "distance": "838", "hasVideo": false, "status": "good", "newDevelopment": false, "hasLift": true, "priceByArea": 8700.0, "detailedType": {"typology": "flat"}, "suggestedTexts": {"subtitle": "La Dreta de l'Eixample, Barcelona", "title": "Piso"}, "hasPlan": true, "has3DTour": true, "has360": false, "hasStaging": false, "topNewDevelopment": false}, {"propertyCode": "91595372", "thumbnail": "https://img3.idealista.com/blur/WEB_LISTING/0/id.pro.es.image.master/31/24/ea/818539379.jpg", "externalReference": "BCN24794", "numPhotos": 34, "price": 850000.0, "propertyType": "flat", "operation": "sale", "size": 109.0, "exterior": true, "rooms": 2, "bathrooms": 2, "address": "barrio L'Antiga Esquerra de l'Eixample", "province": "Barcelona", "municipality": "Barcelona", "district": "Eixample", "country": "es", "neighborhood": "L'Antiga Esquerra de l'Eixample", "latitude": 41.3882412, "longitude": 2.1593543, "showAddress": false, "url": "https://www.idealista.com/inmueble/91595372/", "distance": "463", "hasVideo": false, "status": "renew", "newDevelopment": false, "hasLift": true, "priceByArea": 7798.0, "detailedType": {"typology": "flat"}, "suggestedTexts": {"subtitle": "L'Antiga Esquerra de l'Eixample, Barcelona", "title": "Piso"}, "hasPlan": true, "has3DTour": true, "has360": false, "hasStaging": false, "topNewDevelopment": false}, {"propertyCode": "85119461", "thumbnail": "https://img3.idealista.com/blur/WEB_LISTING/0/id.pro.es.image.master/29/fe/ce/654772857.jpg", "externalReference": "BCN7672", "numPhotos": 30, "price": 950000.0, "propertyType": "flat", "operation": "sale", "size": 169.0, "exterior": true, "rooms": 3, "bathrooms": 2, "address": "barrio La Dreta de l'Eixample", "province": "Barcelona", "municipality": "Barcelona", "district": "Eixample", "country": "es", "neighborhood": "La Dreta de l'Eixample", "latitude": 41.3927453, "longitude": 2.1596452, "showAddress": false, "url": "https://www.idealista.com/inmueble/85119461/", "distance": "478", "hasVideo": false, "status": "good", "newDevelopment": false, "hasLift": true, "priceByArea": 5621.0, "detailedType": {"typology": "flat"}, "suggestedTexts": {"subtitle": "La Dreta de l'Eixample, Barcelona", "title": "Piso"}, "hasPlan": true, "has3DTour": true, "has360": false, "hasStaging": false, "topNewDevelopment": false}, {"propertyCode": "90288790", "thumbnail": "https://img3.idealista.com/blur/WEB_LISTING/0/id.pro.es.image.master/54/4e/f1/787287928.jpg", "externalReference": "BCN19980", "numPhotos": 39, "price": 1400000.0, "propertyType": "flat", "operation": "sale", "size": 200.0, "exterior": true, "rooms": 4, "bathrooms": 2, "address": "barrio Sant Gervasi - Galvany", "province": "Barcelona", "municipality": "Barcelona", "district": "Sarri\u00e0-Sant Gervasi", "country": "es", "neighborhood": "Sant Gervasi - Galvany", "latitude": 41.3943689, "longitude": 2.1483246, "showAddress": false, "url": "https://www.idealista.com/inmueble/90288790/", "distance": "682", "hasVideo": false, "status": "good", "newDevelopment": false, "hasLift": true, "priceByArea": 7000.0, "detailedType": {"typology": "flat"}, "suggestedTexts": {"subtitle": "Sant Gervasi - Galvany, Barcelona", "title": "Piso"}, "hasPlan": true, "has3DTour": true, "has360": false, "hasStaging": false, "topNewDevelopment": false}, {"propertyCode": "88471656", "thumbnail": "https://img3.idealista.com/blur/WEB_LISTING/0/id.pro.es.image.master/44/27/f8/747584274.jpg", "externalReference": "BCN21499", "numPhotos": 33, "price": 1395000.0, "propertyType": "flat", "operation": "sale", "size": 207.0, "exterior": true, "rooms": 5, "bathrooms": 3, "address": "barrio La Dreta de l'Eixample", "province": "Barcelona", "municipality": "Barcelona", "district": "Eixample", "country": "es", "neighborhood": "La Dreta de l'Eixample", "latitude": 41.3904222, "longitude": 2.1609085, "showAddress": false, "url": "https://www.idealista.com/inmueble/88471656/", "distance": "516", "hasVideo": false, "status": "renew", "newDevelopment": false, "hasLift": true, "priceByArea": 6739.0, "detailedType": {"typology": "flat"}, "suggestedTexts": {"subtitle": "La Dreta de l'Eixample, Barcelona", "title": "Piso"}, "hasPlan": true, "has3DTour": true, "has360": false, "hasStaging": false, "topNewDevelopment": false}, {"propertyCode": "91637762", "thumbnail": "https://img3.idealista.com/blur/WEB_LISTING/0/id.pro.es.image.master/18/b8/b8/819618578.jpg", "externalReference": "14725", "numPhotos": 47, "floor": "4", "price": 1600000.0, "propertyType": "flat", "operation": "sale", "size": 169.0, "exterior": true, "rooms": 3, "bathrooms": 2, "address": "barrio La Dreta de l'Eixample", "province": "Barcelona", "municipality": "Barcelona", "district": "Eixample", "country": "es", "neighborhood": "La Dreta de l'Eixample", "latitude": 41.3943032, "longitude": 2.1622767, "showAddress": false, "url": "https://www.idealista.com/inmueble/91637762/", "distance": "756", "hasVideo": false, "status": "good", "newDevelopment": false, "priceByArea": 9467.0, "detailedType": {"typology": "flat"}, "suggestedTexts": {"subtitle": "La Dreta de l'Eixample, Barcelona", "title": "Piso"}, "hasPlan": true, "has3DTour": true, "has360": false, "hasStaging": false, "topNewDevelopment": false}, {"propertyCode": "89854790", "thumbnail": "https://img3.idealista.com/blur/WEB_LISTING/0/id.pro.es.image.master/6a/79/4e/778082835.jpg", "externalReference": "14092", "numPhotos": 33, "floor": "1", "price": 999000.0, "propertyType": "flat", "operation": "sale", "size": 250.0, "exterior": true, "rooms": 5, "bathrooms": 3, "address": "barrio Sant Gervasi - Galvany", "province": "Barcelona", "municipality": "Barcelona", "district": "Sarri\u00e0-Sant Gervasi", "country": "es", "neighborhood": "Sant Gervasi - Galvany", "latitude": 41.3956444, "longitude": 2.1549884, "showAddress": false, "url": "https://www.idealista.com/inmueble/89854790/", "distance": "568", "hasVideo": false, "status": "renew", "newDevelopment": false, "hasLift": true, "priceByArea": 3996.0, "detailedType": {"typology": "flat"}, "suggestedTexts": {"subtitle": "Sant Gervasi - Galvany, Barcelona", "title": "Piso"}, "hasPlan": true, "has3DTour": true, "has360": false, "hasStaging": false, "topNewDevelopment": false}, {"propertyCode": "88585464", "thumbnail": "https://img3.idealista.com/blur/WEB_LISTING/0/id.pro.es.image.master/c7/07/04/756034472.jpg", "externalReference": "W-02I18U", "numPhotos": 32, "floor": "3", "price": 850000.0, "propertyType": "flat", "operation": "sale", "size": 150.0, "exterior": false, "rooms": 4, "bathrooms": 2, "address": "barrio Sant Gervasi - Galvany", "province": "Barcelona", "municipality": "Barcelona", "district": "Sarri\u00e0-Sant Gervasi", "country": "es", "neighborhood": "Sant Gervasi - Galvany", "latitude": 41.3964793, "longitude": 2.1517862, "showAddress": false, "url": "https://www.idealista.com/inmueble/88585464/", "distance": "704", "hasVideo": false, "status": "good", "newDevelopment": false, "hasLift": true, "priceByArea": 5667.0, "detailedType": {"typology": "flat"}, "suggestedTexts": {"subtitle": "Sant Gervasi - Galvany, Barcelona", "title": "Piso"}, "hasPlan": true, "has3DTour": true, "has360": false, "hasStaging": false, "topNewDevelopment": false}, {"propertyCode": "88343855", "thumbnail": "https://img3.idealista.com/blur/WEB_LISTING/0/id.pro.es.image.master/4b/1a/c0/755922999.jpg", "externalReference": "W-02EV4Q", "numPhotos": 36, "floor": "2", "price": 465000.0, "propertyType": "flat", "operation": "sale", "size": 105.0, "exterior": false, "rooms": 2, "bathrooms": 2, "address": "barrio L'Antiga Esquerra de l'Eixample", "province": "Barcelona", "municipality": "Barcelona", "district": "Eixample", "country": "es", "neighborhood": "L'Antiga Esquerra de l'Eixample", "latitude": 41.3847224, "longitude": 2.1608534, "showAddress": false, "url": "https://www.idealista.com/inmueble/88343855/", "distance": "824", "hasVideo": false, "status": "good", "newDevelopment": false, "hasLift": true, "parkingSpace": {"hasParkingSpace": true, "isParkingSpaceIncludedInPrice": false, "parkingSpacePrice": 25000.0}, "priceByArea": 4429.0, "detailedType": {"typology": "flat"}, "suggestedTexts": {"subtitle": "L'Antiga Esquerra de l'Eixample, Barcelona", "title": "Piso"}, "hasPlan": true, "has3DTour": true, "has360": false, "hasStaging": false, "topNewDevelopment": false}, {"propertyCode": "86995241", "thumbnail": "https://img3.idealista.com/blur/WEB_LISTING/0/id.pro.es.image.master/50/ce/0d/708156223.jpg", "externalReference": "019226", "numPhotos": 9, "floor": "1", "price": 690000.0, "propertyType": "flat", "operation": "sale", "size": 80.0, "exterior": true, "rooms": 2, "bathrooms": 1, "address": "Avenida de Josep Tarradellas", "province": "Barcelona", "municipality": "Barcelona", "district": "Eixample", "country": "es", "neighborhood": "L'Antiga Esquerra de l'Eixample", "latitude": 41.3911477, "longitude": 2.1457176, "showAddress": false, "url": "https://www.idealista.com/inmueble/86995241/", "distance": "753", "hasVideo": false, "status": "good", "newDevelopment": false, "hasLift": true, "priceByArea": 8625.0, "detailedType": {"typology": "flat"}, "suggestedTexts": {"subtitle": "L'Antiga Esquerra de l'Eixample, Barcelona", "title": "Piso en Avenida de Josep Tarradellas"}, "hasPlan": false, "has3DTour": true, "has360": false, "hasStaging": false, "topNewDevelopment": false}, {"propertyCode": "87974582", "thumbnail": "https://img3.idealista.com/blur/WEB_LISTING/0/id.pro.es.image.master/f8/e1/65/735480084.jpg", "externalReference": "019249", "numPhotos": 27, "floor": "3", "price": 630000.0, "propertyType": "flat", "operation": "sale", "size": 80.0, "exterior": true, "rooms": 2, "bathrooms": 2, "address": "Avenida de Josep Tarradellas", "province": "Barcelona", "municipality": "Barcelona", "district": "Eixample", "country": "es", "neighborhood": "L'Antiga Esquerra de l'Eixample", "latitude": 41.3918477, "longitude": 2.1450176, "showAddress": false, "url": "https://www.idealista.com/inmueble/87974582/", "distance": "822", "hasVideo": true, "status": "good", "newDevelopment": false, "hasLift": true, "priceByArea": 7875.0, "detailedType": {"typology": "flat"}, "suggestedTexts": {"subtitle": "L'Antiga Esquerra de l'Eixample, Barcelona", "title": "Piso en Avenida de Josep Tarradellas"}, "hasPlan": true, "has3DTour": false, "has360": true, "hasStaging": false, "topNewDevelopment": false}, {"propertyCode": "88980995", "thumbnail": "https://img3.idealista.com/blur/WEB_LISTING/0/id.pro.es.image.master/a1/0d/39/760254447.jpg", "externalReference": "3350", "numPhotos": 14, "price": 1020000.0, "propertyType": "flat", "operation": "sale", "size": 400.0, "exterior": false, "rooms": 3, "bathrooms": 2, "address": "Calle del Consell de Cent", "province": "Barcelona", "municipality": "Barcelona", "district": "Eixample", "country": "es", "neighborhood": "L'Antiga Esquerra de l'Eixample", "latitude": 41.3871925, "longitude": 2.1599495, "showAddress": false, "url": "https://www.idealista.com/inmueble/88980995/", "distance": "573", "hasVideo": true, "status": "good", "newDevelopment": false, "hasLift": false, "priceByArea": 2550.0, "detailedType": {"typology": "flat"}, "suggestedTexts": {"subtitle": "L'Antiga Esquerra de l'Eixample, Barcelona", "title": "Piso en Calle del Consell de Cent"}, "hasPlan": true, "has3DTour": false, "has360": true, "hasStaging": false, "topNewDevelopment": false}, {"propertyCode": "89103723", "thumbnail": "https://img3.idealista.com/blur/WEB_LISTING/0/id.pro.es.image.master/55/02/7f/763335757.jpg", "externalReference": "019264", "numPhotos": 26, "price": 1200000.0, "propertyType": "flat", "operation": "sale", "size": 149.0, "exterior": true, "rooms": 2, "bathrooms": 3, "address": "Calle de la Diputaci\u00f3", "province": "Barcelona", "municipality": "Barcelona", "district": "Eixample", "country": "es", "neighborhood": "L'Antiga Esquerra de l'Eixample", "latitude": 41.3874885, "longitude": 2.1594455, "showAddress": false, "url": "https://www.idealista.com/inmueble/89103723/", "distance": "520", "hasVideo": true, "status": "good", "newDevelopment": false, "hasLift": true, "priceByArea": 8054.0, "detailedType": {"typology": "flat"}, "suggestedTexts": {"subtitle": "L'Antiga Esquerra de l'Eixample, Barcelona", "title": "Piso en Calle de la Diputaci\u00f3"}, "hasPlan": true, "has3DTour": false, "has360": false, "hasStaging": false, "topNewDevelopment": false}, {"propertyCode": "92472112", "thumbnail": "https://img3.idealista.com/blur/WEB_LISTING/0/id.pro.es.image.master/ff/7b/99/840484158.jpg", "externalReference": "VB2011024-1", "numPhotos": 24, "floor": "5", "price": 870000.0, "propertyType": "flat", "operation": "sale", "size": 86.0, "exterior": true, "rooms": 1, "bathrooms": 1, "address": "Paseo de Gr\u00e0cia", "province": "Barcelona", "municipality": "Barcelona", "district": "Eixample", "country": "es", "neighborhood": "La Dreta de l'Eixample", "latitude": 41.3941412, "longitude": 2.1609541, "showAddress": false, "url": "https://www.idealista.com/inmueble/92472112/", "distance": "656", "hasVideo": true, "status": "good", "newDevelopment": false, "hasLift": true, "priceByArea": 10116.0, "detailedType": {"typology": "flat"}, "suggestedTexts": {"subtitle": "La Dreta de l'Eixample, Barcelona", "title": "Piso en Paseo de Gr\u00e0cia"}, "hasPlan": true, "has3DTour": false, "has360": true, "hasStaging": false, "topNewDevelopment": false}, {"propertyCode": "92379011", "thumbnail": "https://img3.idealista.com/blur/WEB_LISTING/0/id.pro.es.image.master/a0/30/a5/838412740.jpg", "externalReference": "VB2012005-1", "numPhotos": 27, "floor": "1", "price": 675000.0, "propertyType": "flat", "operation": "sale", "size": 152.0, "exterior": true, "rooms": 3, "bathrooms": 2, "address": "Calle del Comte Borrell", "province": "Barcelona", "municipality": "Barcelona", "district": "Eixample", "country": "es", "neighborhood": "La Nova Esquerra de l'Eixample", "latitude": 41.3852075, "longitude": 2.1487027, "showAddress": false, "url": "https://www.idealista.com/inmueble/92379011/", "distance": "776", "hasVideo": true, "status": "good", "newDevelopment": false, "hasLift": true, "priceByArea": 4441.0, "detailedType": {"typology": "flat"}, "suggestedTexts": {"subtitle": "La Nova Esquerra de l'Eixample, Barcelona", "title": "Piso en Calle del Comte Borrell"}, "hasPlan": true, "has3DTour": false, "has360": true, "hasStaging": false, "topNewDevelopment": false}, {"propertyCode": "87682669", "thumbnail": "https://img3.idealista.com/blur/WEB_LISTING/0/id.pro.es.image.master/77/cd/33/728335876.jpg", "externalReference": "13622", "numPhotos": 38, "floor": "1", "price": 775000.0, "propertyType": "flat", "operation": "sale", "size": 169.0, "exterior": true, "rooms": 4, "bathrooms": 3, "address": "barrio Sant Gervasi - Galvany", "province": "Barcelona", "municipality": "Barcelona", "district": "Sarri\u00e0-Sant Gervasi", "country": "es", "neighborhood": "Sant Gervasi - Galvany", "latitude": 41.3977277, "longitude": 2.1511683, "showAddress": false, "url": "https://www.idealista.com/inmueble/87682669/", "distance": "852", "hasVideo": true, "status": "good", "newDevelopment": false, "hasLift": true, "priceByArea": 4586.0, "detailedType": {"typology": "flat"}, "suggestedTexts": {"subtitle": "Sant Gervasi - Galvany, Barcelona", "title": "Piso"}, "hasPlan": true, "has3DTour": false, "has360": false, "hasStaging": false, "topNewDevelopment": false}, {"propertyCode": "92935188", "thumbnail": "https://img3.idealista.com/blur/WEB_LISTING/0/id.pro.es.image.master/ba/a2/56/851506222.jpg", "externalReference": "BCN27085", "numPhotos": 35, "price": 1090000.0, "propertyType": "flat", "operation": "sale", "size": 206.0, "exterior": true, "rooms": 6, "bathrooms": 4, "address": "barrio Sant Gervasi - Galvany", "province": "Barcelona", "municipality": "Barcelona", "district": "Sarri\u00e0-Sant Gervasi", "country": "es", "neighborhood": "Sant Gervasi - Galvany", "latitude": 41.3956689, "longitude": 2.1483246, "showAddress": false, "url": "https://www.idealista.com/inmueble/92935188/", "distance": "780", "hasVideo": false, "status": "good", "newDevelopment": false, "hasLift": true, "priceByArea": 5291.0, "detailedType": {"typology": "flat"}, "suggestedTexts": {"subtitle": "Sant Gervasi - Galvany, Barcelona", "title": "Piso"}, "hasPlan": true, "has3DTour": false, "has360": true, "hasStaging": false, "topNewDevelopment": false}, {"propertyCode": "91546114", "thumbnail": "https://img3.idealista.com/blur/WEB_LISTING/0/id.pro.es.image.master/29/a7/5b/831103325.jpg", "externalReference": "243104", "numPhotos": 27, "floor": "3", "price": 490000.0, "propertyType": "flat", "operation": "sale", "size": 100.0, "exterior": true, "rooms": 3, "bathrooms": 1, "address": "barrio L'Antiga Esquerra de l'Eixample", "province": "Barcelona", "municipality": "Barcelona", "district": "Eixample", "country": "es", "neighborhood": "L'Antiga Esquerra de l'Eixample", "latitude": 41.3885004, "longitude": 2.1586319, "showAddress": false, "url": "https://www.idealista.com/inmueble/91546114/", "distance": "397", "hasVideo": false, "status": "good", "newDevelopment": false, "hasLift": true, "priceByArea": 4900.0, "detailedType": {"typology": "flat"}, "suggestedTexts": {"subtitle": "L'Antiga Esquerra de l'Eixample, Barcelona", "title": "Piso"}, "hasPlan": true, "has3DTour": true, "has360": true, "hasStaging": false, "topNewDevelopment": false}, {"propertyCode": "87601397", "thumbnail": "https://img3.idealista.com/blur/WEB_LISTING/0/id.pro.es.image.master/8c/b0/4b/725850874.jpg", "externalReference": "BCN21193", "numPhotos": 42, "price": 1890000.0, "propertyType": "penthouse", "operation": "sale", "size": 336.0, "exterior": true, "rooms": 6, "bathrooms": 6, "address": "barrio La Nova Esquerra de l'Eixample", "province": "Barcelona", "municipality": "Barcelona", "district": "Eixample", "country": "es", "neighborhood": "La Nova Esquerra de l'Eixample", "latitude": 41.3843004, "longitude": 2.1499029, "showAddress": false, "url": "https://www.idealista.com/inmueble/87601397/", "distance": "801", "hasVideo": false, "status": "good", "newDevelopment": false, "hasLift": true, "parkingSpace": {"hasParkingSpace": true, "isParkingSpaceIncludedInPrice": true}, "priceByArea": 5625.0, "detailedType": {"typology": "flat", "subTypology": "penthouse"}, "suggestedTexts": {"subtitle": "La Nova Esquerra de l'Eixample, Barcelona", "title": "\u00c1tico"}, "hasPlan": true, "has3DTour": false, "has360": true, "hasStaging": false, "topNewDevelopment": false}, {"propertyCode": "87668541", "thumbnail": "https://img3.idealista.com/blur/WEB_LISTING/0/id.pro.es.image.master/3a/b1/06/844034941.jpg", "externalReference": "218065", "numPhotos": 25, "floor": "3", "price": 380000.0, "propertyType": "flat", "operation": "sale", "size": 82.0, "exterior": true, "rooms": 2, "bathrooms": 1, "address": "barrio L'Antiga Esquerra de l'Eixample", "province": "Barcelona", "municipality": "Barcelona", "district": "Eixample", "country": "es", "neighborhood": "L'Antiga Esquerra de l'Eixample", "latitude": 41.3891518, "longitude": 2.1542236, "showAddress": false, "url": "https://www.idealista.com/inmueble/87668541/", "distance": "159", "hasVideo": false, "status": "good", "newDevelopment": false, "hasLift": true, "priceByArea": 4634.0, "detailedType": {"typology": "flat"}, "suggestedTexts": {"subtitle": "L'Antiga Esquerra de l'Eixample, Barcelona", "title": "Piso"}, "hasPlan": true, "has3DTour": true, "has360": true, "hasStaging": false, "topNewDevelopment": false}, {"propertyCode": "86810531", "thumbnail": "https://img3.idealista.com/blur/WEB_LISTING/0/id.pro.es.image.master/1f/da/07/818681943.jpg", "externalReference": "0469", "numPhotos": 30, "floor": "3", "price": 530000.0, "propertyType": "flat", "operation": "sale", "size": 124.0, "exterior": true, "rooms": 4, "bathrooms": 2, "address": "Calle del Consell de Cent", "province": "Barcelona", "municipality": "Barcelona", "district": "Eixample", "country": "es", "neighborhood": "L'Antiga Esquerra de l'Eixample", "latitude": 41.3865725, "longitude": 2.1619442, "showAddress": false, "url": "https://www.idealista.com/inmueble/86810531/", "distance": "746", "hasVideo": true, "status": "good", "newDevelopment": false, "hasLift": true, "priceByArea": 4274.0, "detailedType": {"typology": "flat"}, "suggestedTexts": {"subtitle": "L'Antiga Esquerra de l'Eixample, Barcelona", "title": "Piso en Calle del Consell de Cent"}, "hasPlan": true, "has3DTour": false, "has360": true, "hasStaging": false, "topNewDevelopment": false}, {"propertyCode": "91067007", "thumbnail": "https://img3.idealista.com/blur/WEB_LISTING/0/id.pro.es.image.master/1a/82/d0/806080927.jpg", "externalReference": "11213", "numPhotos": 35, "floor": "5", "price": 1050000.0, "propertyType": "penthouse", "operation": "sale", "size": 140.0, "exterior": true, "rooms": 3, "bathrooms": 2, "address": "Calle de Mari\u00e0 Cub\u00ed", "province": "Barcelona", "municipality": "Barcelona", "district": "Sarri\u00e0-Sant Gervasi", "country": "es", "neighborhood": "Sant Gervasi - Galvany", "latitude": 41.3954572, "longitude": 2.1469159, "showAddress": false, "url": "https://www.idealista.com/inmueble/91067007/", "distance": "850", "hasVideo": false, "status": "good", "newDevelopment": false, "hasLift": true, "parkingSpace": {"hasParkingSpace": true, "isParkingSpaceIncludedInPrice": true}, "priceByArea": 7500.0, "detailedType": {"typology": "flat", "subTypology": "penthouse"}, "suggestedTexts": {"subtitle": "Sant Gervasi - Galvany, Barcelona", "title": "\u00c1tico en Calle de Mari\u00e0 Cub\u00ed"}, "hasPlan": true, "has3DTour": false, "has360": true, "hasStaging": false, "topNewDevelopment": false}, {"propertyCode": "90304054", "thumbnail": "https://img3.idealista.com/blur/WEB_LISTING/0/id.pro.es.image.master/88/64/8c/787661218.jpg", "externalReference": "BCN5366", "numPhotos": 28, "price": 795000.0, "propertyType": "flat", "operation": "sale", "size": 142.0, "exterior": true, "rooms": 2, "bathrooms": 2, "address": "barrio La Dreta de l'Eixample", "province": "Barcelona", "municipality": "Barcelona", "district": "Eixample", "country": "es", "neighborhood": "La Dreta de l'Eixample", "latitude": 41.3896408, "longitude": 2.1612985, "showAddress": false, "url": "https://www.idealista.com/inmueble/90304054/", "distance": "557", "hasVideo": false, "status": "good", "newDevelopment": false, "hasLift": true, "priceByArea": 5599.0, "detailedType": {"typology": "flat"}, "suggestedTexts": {"subtitle": "La Dreta de l'Eixample, Barcelona", "title": "Piso"}, "hasPlan": false, "has3DTour": false, "has360": true, "hasStaging": false, "topNewDevelopment": false}, {"propertyCode": "88813147", "thumbnail": "https://img3.idealista.com/blur/WEB_LISTING/0/id.pro.es.image.master/fd/0d/58/756044616.jpg", "externalReference": "8038", "numPhotos": 46, "price": 645000.0, "propertyType": "flat", "operation": "sale", "size": 110.0, "exterior": true, "rooms": 3, "bathrooms": 2, "address": "Calle de Muntaner", "province": "Barcelona", "municipality": "Barcelona", "district": "Eixample", "country": "es", "neighborhood": "L'Antiga Esquerra de l'Eixample", "latitude": 41.3898392, "longitude": 2.1516507, "showAddress": false, "url": "https://www.idealista.com/inmueble/88813147/", "distance": "267", "hasVideo": true, "status": "good", "newDevelopment": false, "hasLift": true, "priceByArea": 5864.0, "detailedType": {"typology": "flat"}, "suggestedTexts": {"subtitle": "L'Antiga Esquerra de l'Eixample, Barcelona", "title": "Piso en Calle de Muntaner"}, "hasPlan": true, "has3DTour": true, "has360": true, "hasStaging": false, "topNewDevelopment": false}, {"propertyCode": "91627282", "thumbnail": "https://img3.idealista.com/blur/WEB_LISTING/0/id.pro.es.image.master/b6/d0/4d/822814221.jpg", "externalReference": "BCN06436", "numPhotos": 22, "floor": "1", "price": 990000.0, "propertyType": "flat", "operation": "sale", "size": 192.0, "exterior": true, "rooms": 5, "bathrooms": 2, "address": "barrio La Dreta de l'Eixample", "province": "Barcelona", "municipality": "Barcelona", "district": "Eixample", "country": "es", "neighborhood": "La Dreta de l'Eixample", "latitude": 41.3940567, "longitude": 2.1597249, "showAddress": false, "url": "https://www.idealista.com/inmueble/91627282/", "distance": "572", "hasVideo": false, "status": "renew", "newDevelopment": false, "hasLift": true, "priceByArea": 5156.0, "detailedType": {"typology": "flat"}, "suggestedTexts": {"subtitle": "La Dreta de l'Eixample, Barcelona", "title": "Piso"}, "hasPlan": true, "has3DTour": false, "has360": true, "hasStaging": false, "topNewDevelopment": false}, {"propertyCode": "88712249", "thumbnail": "https://img3.idealista.com/blur/WEB_LISTING/0/id.pro.es.image.master/f6/8a/26/834520459.jpg", "externalReference": "ADD1531", "numPhotos": 24, "floor": "2", "price": 475000.0, "propertyType": "flat", "operation": "sale", "size": 121.0, "exterior": true, "rooms": 2, "bathrooms": 2, "address": "Calle de la Diputaci\u00f3", "province": "Barcelona", "municipality": "Barcelona", "district": "Eixample", "country": "es", "neighborhood": "L'Antiga Esquerra de l'Eixample", "latitude": 41.3861224, "longitude": 2.1611534, "showAddress": false, "url": "https://www.idealista.com/inmueble/88712249/", "distance": "727", "hasVideo": false, "status": "good", "newDevelopment": false, "hasLift": true, "priceByArea": 3926.0, "detailedType": {"typology": "flat"}, "suggestedTexts": {"subtitle": "L'Antiga Esquerra de l'Eixample, Barcelona", "title": "Piso en Calle de la Diputaci\u00f3"}, "hasPlan": true, "has3DTour": false, "has360": true, "hasStaging": false, "topNewDevelopment": false}, {"propertyCode": "92359403", "thumbnail": "https://img3.idealista.com/blur/WEB_LISTING/0/id.pro.es.image.master/80/96/c8/837866919.jpg", "numPhotos": 56, "floor": "3", "price": 1800000.0, "propertyType": "flat", "operation": "sale", "size": 364.0, "exterior": true, "rooms": 5, "bathrooms": 4, "address": "Calle del Consell de Cent", "province": "Barcelona", "municipality": "Barcelona", "district": "Eixample", "country": "es", "neighborhood": "La Dreta de l'Eixample", "latitude": 41.3906269, "longitude": 2.1640133, "showAddress": false, "url": "https://www.idealista.com/inmueble/92359403/", "distance": "775", "hasVideo": false, "status": "good", "newDevelopment": false, "hasLift": true, "priceByArea": 4945.0, "detailedType": {"typology": "flat"}, "suggestedTexts": {"subtitle": "La Dreta de l'Eixample, Barcelona", "title": "Piso en Calle del Consell de Cent"}, "hasPlan": true, "has3DTour": false, "has360": true, "hasStaging": false, "topNewDevelopment": false}, {"propertyCode": "87398266", "thumbnail": "https://img3.idealista.com/blur/WEB_LISTING/0/id.pro.es.image.master/4c/74/51/719922970.jpg", "externalReference": "4216", "numPhotos": 30, "floor": "3", "price": 440000.0, "propertyType": "flat", "operation": "sale", "size": 102.0, "exterior": true, "rooms": 4, "bathrooms": 2, "address": "Calle Casanova", "province": "Barcelona", "municipality": "Barcelona", "district": "Eixample", "country": "es", "neighborhood": "L'Antiga Esquerra de l'Eixample", "latitude": 41.3858443, "longitude": 2.1605871, "showAddress": false, "url": "https://www.idealista.com/inmueble/87398266/", "distance": "715", "hasVideo": true, "status": "good", "newDevelopment": false, "hasLift": true, "parkingSpace": {"hasParkingSpace": true, "isParkingSpaceIncludedInPrice": true}, "priceByArea": 4314.0, "detailedType": {"typology": "flat"}, "suggestedTexts": {"subtitle": "L'Antiga Esquerra de l'Eixample, Barcelona", "title": "Piso en Calle Casanova"}, "hasPlan": true, "has3DTour": false, "has360": true, "hasStaging": false, "topNewDevelopment": false}, {"propertyCode": "91420072", "thumbnail": "https://img3.idealista.com/blur/WEB_LISTING/0/id.pro.es.image.master/d5/bb/15/843346559.jpg", "externalReference": "b", "numPhotos": 25, "floor": "4", "price": 1080000.0, "propertyType": "flat", "operation": "sale", "size": 189.0, "exterior": false, "rooms": 3, "bathrooms": 2, "address": "Calle de C\u00f2rsega", "province": "Barcelona", "municipality": "Barcelona", "district": "Gr\u00e0cia", "country": "es", "neighborhood": "Vila de Gr\u00e0cia", "latitude": 41.3960798, "longitude": 2.1605514, "showAddress": false, "url": "https://www.idealista.com/inmueble/91420072/", "distance": "785", "hasVideo": false, "status": "good", "newDevelopment": false, "hasLift": true, "priceByArea": 5714.0, "detailedType": {"typology": "flat"}, "suggestedTexts": {"subtitle": "Vila de Gr\u00e0cia, Barcelona", "title": "Piso en Calle de C\u00f2rsega"}, "hasPlan": false, "has3DTour": false, "has360": true, "hasStaging": false, "topNewDevelopment": false}, {"propertyCode": "89813262", "thumbnail": "https://img3.idealista.com/blur/WEB_LISTING/0/id.pro.es.image.master/62/de/d6/777159251.jpg", "externalReference": "DUX0054", "numPhotos": 16, "floor": "7", "price": 475000.0, "propertyType": "flat", "operation": "sale", "size": 109.0, "exterior": true, "rooms": 4, "bathrooms": 2, "address": "Calle de Mallorca", "province": "Barcelona", "municipality": "Barcelona", "district": "Eixample", "country": "es", "neighborhood": "La Nova Esquerra de l'Eixample", "latitude": 41.3865366, "longitude": 2.1519311, "showAddress": false, "url": "https://www.idealista.com/inmueble/89813262/", "distance": "501", "hasVideo": true, "status": "good", "newDevelopment": false, "hasLift": true, "priceByArea": 4358.0, "detailedType": {"typology": "flat"}, "suggestedTexts": {"subtitle": "La Nova Esquerra de l'Eixample, Barcelona", "title": "Piso en Calle de Mallorca"}, "hasPlan": true, "has3DTour": false, "has360": true, "hasStaging": false, "topNewDevelopment": false}, {"propertyCode": "92959560", "thumbnail": "https://img3.idealista.com/blur/WEB_LISTING/0/id.pro.es.image.master/c4/63/a2/852043229.jpg", "externalReference": "VB2102054", "numPhotos": 28, "floor": "4", "price": 499000.0, "propertyType": "flat", "operation": "sale", "size": 147.0, "exterior": true, "rooms": 4, "bathrooms": 2, "address": "Gran Via de les Corts Catalanes", "province": "Barcelona", "municipality": "Barcelona", "district": "Eixample", "country": "es", "neighborhood": "La Nova Esquerra de l'Eixample", "latitude": 41.3832603, "longitude": 2.1580528, "showAddress": false, "url": "https://www.idealista.com/inmueble/92959560/", "distance": "855", "hasVideo": true, "status": "renew", "newDevelopment": false, "hasLift": true, "priceByArea": 3395.0, "detailedType": {"typology": "flat"}, "suggestedTexts": {"subtitle": "La Nova Esquerra de l'Eixample, Barcelona", "title": "Piso en Gran Via de les Corts Catalanes"}, "hasPlan": true, "has3DTour": false, "has360": false, "hasStaging": false, "topNewDevelopment": false}, {"propertyCode": "92855502", "thumbnail": "https://img3.idealista.com/blur/WEB_LISTING/0/id.pro.es.image.master/2c/de/0d/849588160.jpg", "externalReference": "VB2102031", "numPhotos": 38, "floor": "3", "price": 1080000.0, "propertyType": "flat", "operation": "sale", "size": 177.0, "exterior": true, "rooms": 3, "bathrooms": 2, "address": "Calle de C\u00f2rsega", "province": "Barcelona", "municipality": "Barcelona", "district": "Gr\u00e0cia", "country": "es", "neighborhood": "Vila de Gr\u00e0cia", "latitude": 41.3961095, "longitude": 2.1617514, "showAddress": false, "url": "https://www.idealista.com/inmueble/92855502/", "distance": "853", "hasVideo": true, "status": "good", "newDevelopment": false, "hasLift": true, "priceByArea": 6102.0, "detailedType": {"typology": "flat"}, "suggestedTexts": {"subtitle": "Vila de Gr\u00e0cia, Barcelona", "title": "Piso en Calle de C\u00f2rsega"}, "hasPlan": true, "has3DTour": false, "has360": false, "hasStaging": false, "topNewDevelopment": false}, {"propertyCode": "92556791", "thumbnail": "https://img3.idealista.com/blur/WEB_LISTING/0/id.pro.es.image.master/9e/8b/43/842586836.jpg", "externalReference": "VB2011031-2", "numPhotos": 42, "floor": "en", "price": 1200000.0, "propertyType": "flat", "operation": "sale", "size": 171.0, "exterior": true, "rooms": 3, "bathrooms": 2, "address": "Calle de Val\u00e8ncia", "province": "Barcelona", "municipality": "Barcelona", "district": "Eixample", "country": "es", "neighborhood": "L'Antiga Esquerra de l'Eixample", "latitude": 41.3898412, "longitude": 2.1588543, "showAddress": false, "url": "https://www.idealista.com/inmueble/92556791/", "distance": "353", "hasVideo": false, "status": "good", "newDevelopment": false, "hasLift": true, "priceByArea": 7018.0, "detailedType": {"typology": "flat"}, "suggestedTexts": {"subtitle": "L'Antiga Esquerra de l'Eixample, Barcelona", "title": "Piso en Calle de Val\u00e8ncia"}, "hasPlan": true, "has3DTour": false, "has360": false, "hasStaging": false, "topNewDevelopment": false}, {"propertyCode": "91976914", "thumbnail": "https://img3.idealista.com/blur/WEB_LISTING/0/id.pro.es.image.master/0f/8e/48/827776982.jpg", "externalReference": "VB2010024-3", "numPhotos": 25, "floor": "3", "price": 645000.0, "propertyType": "flat", "operation": "sale", "size": 110.0, "exterior": true, "rooms": 3, "bathrooms": 2, "address": "Calle de Muntaner", "province": "Barcelona", "municipality": "Barcelona", "district": "Eixample", "country": "es", "neighborhood": "L'Antiga Esquerra de l'Eixample", "latitude": 41.3895392, "longitude": 2.1553507, "showAddress": false, "url": "https://www.idealista.com/inmueble/91976914/", "distance": "122", "hasVideo": true, "status": "good", "newDevelopment": false, "hasLift": true, "priceByArea": 5864.0, "detailedType": {"typology": "flat"}, "suggestedTexts": {"subtitle": "L'Antiga Esquerra de l'Eixample, Barcelona", "title": "Piso en Calle de Muntaner"}, "hasPlan": true, "has3DTour": false, "has360": false, "hasStaging": false, "topNewDevelopment": false}, {"propertyCode": "91700607", "thumbnail": "https://img3.idealista.com/blur/WEB_LISTING/0/id.pro.es.image.master/bf/0a/14/821144245.jpg", "externalReference": "VB2007054-5", "numPhotos": 27, "floor": "en", "price": 1325000.0, "propertyType": "flat", "operation": "sale", "size": 148.0, "exterior": true, "rooms": 2, "bathrooms": 3, "address": "Calle de la Diputaci\u00f3", "province": "Barcelona", "municipality": "Barcelona", "district": "Eixample", "country": "es", "neighborhood": "L'Antiga Esquerra de l'Eixample", "latitude": 41.3858885, "longitude": 2.1606455, "showAddress": false, "url": "https://www.idealista.com/inmueble/91700607/", "distance": "715", "hasVideo": true, "status": "good", "newDevelopment": false, "hasLift": true, "priceByArea": 8953.0, "detailedType": {"typology": "flat"}, "suggestedTexts": {"subtitle": "L'Antiga Esquerra de l'Eixample, Barcelona", "title": "Piso en Calle de la Diputaci\u00f3"}, "hasPlan": true, "has3DTour": false, "has360": false, "hasStaging": false, "topNewDevelopment": false}, {"propertyCode": "91669935", "thumbnail": "https://img3.idealista.com/blur/WEB_LISTING/0/id.pro.es.image.master/4e/72/57/820392014.jpg", "externalReference": "VB1911054-5", "numPhotos": 26, "floor": "1", "price": 735000.0, "propertyType": "flat", "operation": "sale", "size": 126.0, "exterior": true, "rooms": 3, "bathrooms": 2, "address": "Calle de Balmes", "province": "Barcelona", "municipality": "Barcelona", "district": "Sarri\u00e0-Sant Gervasi", "country": "es", "neighborhood": "Sant Gervasi - Galvany", "latitude": 41.3971499, "longitude": 2.1505, "showAddress": false, "url": "https://www.idealista.com/inmueble/91669935/", "distance": "815", "hasVideo": false, "status": "good", "newDevelopment": false, "hasLift": true, "priceByArea": 5833.0, "detailedType": {"typology": "flat"}, "suggestedTexts": {"subtitle": "Sant Gervasi - Galvany, Barcelona", "title": "Piso en Calle de Balmes"}, "hasPlan": true, "has3DTour": false, "has360": false, "hasStaging": false, "topNewDevelopment": false}, {"propertyCode": "91626728", "thumbnail": "https://img3.idealista.com/blur/WEB_LISTING/0/id.pro.es.image.master/90/b9/4a/819372556.jpg", "externalReference": "VB2002058-5", "numPhotos": 30, "floor": "en", "price": 580000.0, "propertyType": "flat", "operation": "sale", "size": 132.0, "exterior": true, "rooms": 2, "bathrooms": 2, "address": "Calle de Par\u00eds", "province": "Barcelona", "municipality": "Barcelona", "district": "Eixample", "country": "es", "neighborhood": "L'Antiga Esquerra de l'Eixample", "latitude": 41.3932354, "longitude": 2.1522716, "showAddress": false, "url": "https://www.idealista.com/inmueble/91626728/", "distance": "362", "hasVideo": false, "status": "good", "newDevelopment": false, "hasLift": true, "priceByArea": 4394.0, "detailedType": {"typology": "flat"}, "suggestedTexts": {"subtitle": "L'Antiga Esquerra de l'Eixample, Barcelona", "title": "Piso en Calle de Par\u00eds"}, "hasPlan": true, "has3DTour": false, "has360": false, "hasStaging": false, "topNewDevelopment": false}, {"propertyCode": "91521223", "thumbnail": "https://img3.idealista.com/blur/WEB_LISTING/0/id.pro.es.image.master/dd/e3/7a/816554391.jpg", "externalReference": "VB2002041-5", "numPhotos": 40, "floor": "4", "price": 895000.0, "propertyType": "flat", "operation": "sale", "size": 135.0, "exterior": true, "rooms": 3, "bathrooms": 2, "address": "Calle d'Aribau", "province": "Barcelona", "municipality": "Barcelona", "district": "Eixample", "country": "es", "neighborhood": "L'Antiga Esquerra de l'Eixample", "latitude": 41.3903167, "longitude": 2.1538388, "showAddress": false, "url": "https://www.idealista.com/inmueble/91521223/", "distance": "77", "hasVideo": false, "status": "good", "newDevelopment": false, "hasLift": true, "priceByArea": 6630.0, "detailedType": {"typology": "flat"}, "suggestedTexts": {"subtitle": "L'Antiga Esquerra de l'Eixample, Barcelona", "title": "Piso en Calle d'Aribau"}, "hasPlan": true, "has3DTour": false, "has360": false, "hasStaging": false, "topNewDevelopment": false}, {"propertyCode": "91341897", "thumbnail": "https://img3.idealista.com/blur/WEB_LISTING/0/id.pro.es.image.master/2c/d3/e5/812376311.jpg", "externalReference": "VB2004005-4", "numPhotos": 37, "floor": "3", "price": 825000.0, "propertyType": "flat", "operation": "sale", "size": 141.0, "exterior": true, "rooms": 3, "bathrooms": 2, "address": "Calle d'Aribau", "province": "Barcelona", "municipality": "Barcelona", "district": "Eixample", "country": "es", "neighborhood": "L'Antiga Esquerra de l'Eixample", "latitude": 41.3937431, "longitude": 2.1549649, "showAddress": false, "url": "https://www.idealista.com/inmueble/91341897/", "distance": "357", "hasVideo": false, "status": "good", "newDevelopment": false, "hasLift": true, "priceByArea": 5851.0, "detailedType": {"typology": "flat"}, "suggestedTexts": {"subtitle": "L'Antiga Esquerra de l'Eixample, Barcelona", "title": "Piso en Calle d'Aribau"}, "hasPlan": true, "has3DTour": false, "has360": false, "hasStaging": false, "topNewDevelopment": false}, {"propertyCode": "91153536", "thumbnail": "https://img3.idealista.com/blur/WEB_LISTING/0/id.pro.es.image.master/d1/70/9a/807998515.jpg", "externalReference": "VB2001003-4", "numPhotos": 24, "floor": "3", "price": 660000.0, "propertyType": "flat", "operation": "sale", "size": 170.0, "exterior": true, "rooms": 4, "bathrooms": 1, "address": "Calle d'Arag\u00f3", "province": "Barcelona", "municipality": "Barcelona", "district": "Eixample", "country": "es", "neighborhood": "L'Antiga Esquerra de l'Eixample", "latitude": 41.3888408, "longitude": 2.1591667, "showAddress": false, "url": "https://www.idealista.com/inmueble/91153536/", "distance": "416", "hasVideo": false, "status": "renew", "newDevelopment": false, "hasLift": true, "priceByArea": 3882.0, "detailedType": {"typology": "flat"}, "suggestedTexts": {"subtitle": "L'Antiga Esquerra de l'Eixample, Barcelona", "title": "Piso en Calle d'Arag\u00f3"}, "hasPlan": true, "has3DTour": false, "has360": false, "hasStaging": false, "topNewDevelopment": false}, {"propertyCode": "86073242", "thumbnail": "https://img3.idealista.com/blur/WEB_LISTING/0/id.pro.es.image.master/74/77/e3/682850289.jpg", "externalReference": "019215", "numPhotos": 22, "floor": "4", "price": 1200000.0, "propertyType": "flat", "operation": "sale", "size": 200.0, "exterior": true, "rooms": 5, "bathrooms": 2, "address": "Rambla de Catalunya", "province": "Barcelona", "municipality": "Barcelona", "district": "Eixample", "country": "es", "neighborhood": "La Dreta de l'Eixample", "latitude": 41.392094, "longitude": 2.1628807, "showAddress": false, "url": "https://www.idealista.com/inmueble/86073242/", "distance": "702", "hasVideo": false, "status": "renew", "newDevelopment": false, "hasLift": true, "priceByArea": 6000.0, "detailedType": {"typology": "flat"}, "suggestedTexts": {"subtitle": "La Dreta de l'Eixample, Barcelona", "title": "Piso en Rambla de Catalunya"}, "hasPlan": true, "has3DTour": false, "has360": false, "hasStaging": false, "topNewDevelopment": false}, {"propertyCode": "93168442", "thumbnail": "https://img3.idealista.com/blur/WEB_LISTING/0/id.pro.es.image.master/40/bf/84/856016822.jpg", "externalReference": "BCN06481", "numPhotos": 34, "floor": "4", "price": 750000.0, "propertyType": "flat", "operation": "sale", "size": 108.0, "exterior": true, "rooms": 2, "bathrooms": 2, "address": "barrio L'Antiga Esquerra de l'Eixample", "province": "Barcelona", "municipality": "Barcelona", "district": "Eixample", "country": "es", "neighborhood": "L'Antiga Esquerra de l'Eixample", "latitude": 41.3853572, "longitude": 2.1585799, "showAddress": false, "url": "https://www.idealista.com/inmueble/93168442/", "distance": "659", "hasVideo": false, "status": "good", "newDevelopment": false, "hasLift": true, "priceByArea": 6944.0, "detailedType": {"typology": "flat"}, "suggestedTexts": {"subtitle": "L'Antiga Esquerra de l'Eixample, Barcelona", "title": "Piso"}, "hasPlan": true, "has3DTour": false, "has360": false, "hasStaging": false, "topNewDevelopment": false}, {"propertyCode": "93156492", "thumbnail": "https://img3.idealista.com/blur/WEB_LISTING/0/id.pro.es.image.master/1b/78/f7/855714437.jpg", "externalReference": "65580", "numPhotos": 27, "floor": "7", "price": 539000.0, "propertyType": "flat", "operation": "sale", "size": 130.0, "exterior": false, "rooms": 4, "bathrooms": 2, "address": "Calle del Consell de Cent con enric granados", "province": "Barcelona", "municipality": "Barcelona", "district": "Eixample", "country": "es", "neighborhood": "L'Antiga Esquerra de l'Eixample", "latitude": 41.3884917, "longitude": 2.1627386, "showAddress": false, "url": "https://www.idealista.com/inmueble/93156492/", "distance": "706", "hasVideo": false, "status": "good", "newDevelopment": false, "hasLift": true, "priceByArea": 4146.0, "detailedType": {"typology": "flat"}, "suggestedTexts": {"subtitle": "L'Antiga Esquerra de l'Eixample, Barcelona", "title": "Piso en Calle del Consell de Cent con enric granados"}, "hasPlan": true, "has3DTour": false, "has360": false, "hasStaging": false, "topNewDevelopment": false}, {"propertyCode": "39976370", "thumbnail": "https://img3.idealista.com/blur/WEB_LISTING/0/id.pro.es.image.master/2b/69/06/668624885.jpg", "externalReference": "B03728BA", "numPhotos": 21, "floor": "1", "price": 1879000.0, "propertyType": "flat", "operation": "sale", "size": 210.0, "exterior": false, "rooms": 4, "bathrooms": 4, "address": "Calle de Balmes, 167", "province": "Barcelona", "municipality": "Barcelona", "district": "Eixample", "country": "es", "neighborhood": "L'Antiga Esquerra de l'Eixample", "latitude": 41.394799, "longitude": 2.1550967, "showAddress": true, "url": "https://www.idealista.com/inmueble/39976370/", "distance": "474", "hasVideo": true, "status": "good", "newDevelopment": false, "hasLift": true, "priceByArea": 8948.0, "detailedType": {"typology": "flat"}, "suggestedTexts": {"subtitle": "L'Antiga Esquerra de l'Eixample, Barcelona", "title": "Piso en Calle de Balmes, 167"}, "hasPlan": true, "has3DTour": false, "has360": false, "hasStaging": false, "topNewDevelopment": false}, {"propertyCode": "88247712", "thumbnail": "https://img3.idealista.com/blur/WEB_LISTING/0/id.pro.es.image.master/f4/fa/99/754607956.jpg", "externalReference": "7533", "numPhotos": 45, "floor": "4", "price": 845000.0, "propertyType": "flat", "operation": "sale", "size": 180.0, "exterior": true, "rooms": 4, "bathrooms": 2, "address": "Calle de l'Avenir", "province": "Barcelona", "municipality": "Barcelona", "district": "Sarri\u00e0-Sant Gervasi", "country": "es", "neighborhood": "Sant Gervasi - Galvany", "latitude": 41.3943799, "longitude": 2.1469307, "showAddress": false, "url": "https://www.idealista.com/inmueble/88247712/", "distance": "777", "hasVideo": true, "status": "good", "newDevelopment": false, "hasLift": true, "parkingSpace": {"hasParkingSpace": true, "isParkingSpaceIncludedInPrice": true}, "priceByArea": 4694.0, "detailedType": {"typology": "flat"}, "suggestedTexts": {"subtitle": "Sant Gervasi - Galvany, Barcelona", "title": "Piso en Calle de l'Avenir"}, "hasPlan": true, "has3DTour": true, "has360": false, "hasStaging": false, "topNewDevelopment": false}, {"propertyCode": "84758673", "thumbnail": "https://img3.idealista.com/blur/WEB_LISTING/0/id.pro.es.image.master/29/b1/9c/754572145.jpg", "externalReference": "1752", "numPhotos": 27, "floor": "2", "price": 1650000.0, "propertyType": "flat", "operation": "sale", "size": 212.0, "exterior": true, "rooms": 7, "bathrooms": 2, "address": "Paseo de Gr\u00e0cia", "province": "Barcelona", "municipality": "Barcelona", "district": "Eixample", "country": "es", "neighborhood": "La Dreta de l'Eixample", "latitude": 41.396241, "longitude": 2.1599987, "showAddress": false, "url": "https://www.idealista.com/inmueble/84758673/", "distance": "772", "hasVideo": false, "status": "renew", "newDevelopment": false, "hasLift": true, "priceByArea": 7783.0, "detailedType": {"typology": "flat"}, "suggestedTexts": {"subtitle": "La Dreta de l'Eixample, Barcelona", "title": "Piso en Paseo de Gr\u00e0cia"}, "hasPlan": true, "has3DTour": false, "has360": false, "hasStaging": false, "topNewDevelopment": false}, {"propertyCode": "93117407", "thumbnail": "https://img3.idealista.com/blur/WEB_LISTING/0/id.pro.es.image.master/62/6a/8e/856227406.jpg", "externalReference": "VB2103003", "numPhotos": 36, "floor": "en", "price": 1050000.0, "propertyType": "flat", "operation": "sale", "size": 208.0, "exterior": true, "rooms": 4, "bathrooms": 3, "address": "barrio Sant Gervasi - Galvany", "province": "Barcelona", "municipality": "Barcelona", "district": "Sarri\u00e0-Sant Gervasi", "country": "es", "neighborhood": "Sant Gervasi - Galvany", "latitude": 41.3943636, "longitude": 2.1523745, "showAddress": false, "url": "https://www.idealista.com/inmueble/93117407/", "distance": "468", "hasVideo": false, "status": "good", "newDevelopment": false, "hasLift": true, "priceByArea": 5048.0, "detailedType": {"typology": "flat"}, "suggestedTexts": {"subtitle": "Sant Gervasi - Galvany, Barcelona", "title": "Piso"}, "hasPlan": true, "has3DTour": false, "has360": false, "hasStaging": false, "topNewDevelopment": false}, {"propertyCode": "93036791", "thumbnail": "https://img3.idealista.com/blur/WEB_LISTING/0/id.pro.es.image.master/69/b1/92/853161193.jpg", "externalReference": "VB2102061", "numPhotos": 26, "floor": "8", "price": 850000.0, "propertyType": "flat", "operation": "sale", "size": 144.0, "exterior": true, "rooms": 3, "bathrooms": 3, "address": "barrio Sant Gervasi - Galvany", "province": "Barcelona", "municipality": "Barcelona", "district": "Sarri\u00e0-Sant Gervasi", "country": "es", "neighborhood": "Sant Gervasi - Galvany", "latitude": 41.395527, "longitude": 2.1499493, "showAddress": false, "url": "https://www.idealista.com/inmueble/93036791/", "distance": "682", "hasVideo": true, "status": "good", "newDevelopment": false, "hasLift": true, "priceByArea": 5903.0, "detailedType": {"typology": "flat"}, "suggestedTexts": {"subtitle": "Sant Gervasi - Galvany, Barcelona", "title": "Piso"}, "hasPlan": true, "has3DTour": false, "has360": false, "hasStaging": false, "topNewDevelopment": false}, {"propertyCode": "91327136", "thumbnail": "https://img3.idealista.com/blur/WEB_LISTING/0/id.pro.es.image.master/d3/b9/3e/812045752.jpg", "externalReference": "W-02JGVB", "numPhotos": 42, "price": 1225000.0, "propertyType": "penthouse", "operation": "sale", "size": 175.0, "exterior": false, "rooms": 2, "bathrooms": 3, "address": "barrio La Dreta de l'Eixample", "province": "Barcelona", "municipality": "Barcelona", "district": "Eixample", "country": "es", "neighborhood": "La Dreta de l'Eixample", "latitude": 41.3916779, "longitude": 2.1639351, "showAddress": false, "url": "https://www.idealista.com/inmueble/91327136/", "distance": "779", "hasVideo": false, "status": "good", "newDevelopment": false, "hasLift": true, "priceByArea": 7000.0, "detailedType": {"typology": "flat", "subTypology": "penthouse"}, "suggestedTexts": {"subtitle": "La Dreta de l'Eixample, Barcelona", "title": "\u00c1tico"}, "hasPlan": true, "has3DTour": false, "has360": false, "hasStaging": false, "topNewDevelopment": false}, {"propertyCode": "92093975", "thumbnail": "https://img3.idealista.com/blur/WEB_LISTING/0/id.pro.es.image.master/c0/83/f7/830786172.jpg", "externalReference": "BCN25437", "numPhotos": 26, "price": 550000.0, "propertyType": "flat", "operation": "sale", "size": 88.0, "exterior": true, "rooms": 2, "bathrooms": 2, "address": "barrio L'Antiga Esquerra de l'Eixample", "province": "Barcelona", "municipality": "Barcelona", "district": "Eixample", "country": "es", "neighborhood": "L'Antiga Esquerra de l'Eixample", "latitude": 41.393346, "longitude": 2.1594006, "showAddress": false, "url": "https://www.idealista.com/inmueble/92093975/", "distance": "500", "hasVideo": false, "status": "good", "newDevelopment": false, "hasLift": true, "priceByArea": 6250.0, "detailedType": {"typology": "flat"}, "suggestedTexts": {"subtitle": "L'Antiga Esquerra de l'Eixample, Barcelona", "title": "Piso"}, "hasPlan": true, "has3DTour": false, "has360": false, "hasStaging": false, "topNewDevelopment": false}]