[{"propertyCode": "92228558", "thumbnail": "https://img3.idealista.com/blur/WEB_LISTING/0/id.pro.es.image.master/8d/4c/bd/834217811.jpg", "externalReference": "4399", "numPhotos": 32, "floor": "7", "price": 490000.0, "propertyType": "flat", "operation": "sale", "size": 125.0, "exterior": true, "rooms": 4, "bathrooms": 2, "address": "Gran Via de Carles III", "province": "Barcelona", "municipality": "Barcelona", "district": "Les Corts", "country": "es", "neighborhood": "La Maternitat i Sant Ramon", "latitude": 41.3848586, "longitude": 2.1255646, "showAddress": false, "url": "https://www.idealista.com/inmueble/92228558/", "distance": "635", "hasVideo": true, "status": "renew", "newDevelopment": false, "hasLift": true, "priceByArea": 3920.0, "detailedType": {"typology": "flat"}, "suggestedTexts": {"subtitle": "La Maternitat i Sant Ramon, Barcelona", "title": "Piso en Gran Via de Carles III"}, "hasPlan": true, "has3DTour": false, "has360": true, "hasStaging": false, "topNewDevelopment": false}, {"propertyCode": "92446224", "thumbnail": "https://img3.idealista.com/blur/WEB_LISTING/0/id.pro.es.image.master/c8/68/88/839831002.jpg", "externalReference": "BCN26821", "numPhotos": 32, "price": 1150000.0, "propertyType": "flat", "operation": "sale", "size": 178.0, "exterior": true, "rooms": 4, "bathrooms": 3, "address": "barrio Pedralbes", "province": "Barcelona", "municipality": "Barcelona", "district": "Les Corts", "country": "es", "neighborhood": "Pedralbes", "latitude": 41.3901975, "longitude": 2.1227699, "showAddress": false, "url": "https://www.idealista.com/inmueble/92446224/", "distance": "310", "hasVideo": false, "status": "renew", "newDevelopment": false, "hasLift": true, "parkingSpace": {"hasParkingSpace": true, "isParkingSpaceIncludedInPrice": true}, "priceByArea": 6461.0, "detailedType": {"typology": "flat"}, "suggestedTexts": {"subtitle": "Pedralbes, Barcelona", "title": "Piso"}, "hasPlan": true, "has3DTour": false, "has360": true, "hasStaging": false, "topNewDevelopment": false}, {"propertyCode": "93082183", "thumbnail": "https://img3.idealista.com/blur/WEB_LISTING/0/id.pro.es.image.master/31/d5/cb/854034303.jpg", "externalReference": "VB2102073", "numPhotos": 38, "floor": "5", "price": 840000.0, "propertyType": "flat", "operation": "sale", "size": 138.0, "exterior": true, "rooms": 3, "bathrooms": 2, "address": "Calle de Num\u00e0ncia", "province": "Barcelona", "municipality": "Barcelona", "district": "Les Corts", "country": "es", "neighborhood": "Les Corts", "latitude": 41.3931779, "longitude": 2.1284422, "showAddress": false, "url": "https://www.idealista.com/inmueble/93082183/", "distance": "336", "hasVideo": true, "status": "good", "newDevelopment": false, "hasLift": true, "parkingSpace": {"hasParkingSpace": true, "isParkingSpaceIncludedInPrice": true}, "priceByArea": 6087.0, "detailedType": {"typology": "flat"}, "suggestedTexts": {"subtitle": "Les Corts, Barcelona", "title": "Piso en Calle de Num\u00e0ncia"}, "hasPlan": true, "has3DTour": false, "has360": true, "hasStaging": false, "topNewDevelopment": false}, {"propertyCode": "92984814", "thumbnail": "https://img3.idealista.com/blur/WEB_LISTING/0/id.pro.es.image.master/c6/a1/ec/852507567.jpg", "externalReference": "VB2102046-1", "numPhotos": 39, "floor": "5", "price": 990000.0, "propertyType": "flat", "operation": "sale", "size": 177.0, "exterior": true, "rooms": 5, "bathrooms": 3, "address": "Paseo de Manuel Girona", "province": "Barcelona", "municipality": "Barcelona", "district": "Sarri\u00e0-Sant Gervasi", "country": "es", "neighborhood": "Sarri\u00e0", "latitude": 41.3908184, "longitude": 2.1268549, "showAddress": false, "url": "https://www.idealista.com/inmueble/92984814/", "distance": "45", "hasVideo": true, "status": "good", "newDevelopment": false, "hasLift": true, "parkingSpace": {"hasParkingSpace": true, "isParkingSpaceIncludedInPrice": true}, "priceByArea": 5593.0, "detailedType": {"typology": "flat"}, "suggestedTexts": {"subtitle": "Sarri\u00e0, Barcelona", "title": "Piso en Paseo de Manuel Girona"}, "hasPlan": true, "has3DTour": false, "has360": true, "hasStaging": false, "topNewDevelopment": false}, {"propertyCode": "92531260", "thumbnail": "https://img3.idealista.com/blur/WEB_LISTING/0/id.pro.es.image.master/93/b6/fc/841911073.jpg", "externalReference": "11304", "numPhotos": 24, "floor": "8", "price": 890000.0, "propertyType": "flat", "operation": "sale", "size": 100.0, "exterior": true, "rooms": 3, "bathrooms": 2, "address": "Calle de Bori i Fontest\u00e0", "province": "Barcelona", "municipality": "Barcelona", "district": "Sarri\u00e0-Sant Gervasi", "country": "es", "neighborhood": "Sant Gervasi - Galvany", "latitude": 41.3904142, "longitude": 2.1350841, "showAddress": false, "url": "https://www.idealista.com/inmueble/92531260/", "distance": "719", "hasVideo": false, "status": "good", "newDevelopment": false, "hasLift": true, "parkingSpace": {"hasParkingSpace": true, "isParkingSpaceIncludedInPrice": true}, "priceByArea": 8900.0, "detailedType": {"typology": "flat"}, "suggestedTexts": {"subtitle": "Sant Gervasi - Galvany, Barcelona", "title": "Piso en Calle de Bori i Fontest\u00e0"}, "hasPlan": true, "has3DTour": false, "has360": true, "hasStaging": false, "topNewDevelopment": false}, {"propertyCode": "92942545", "thumbnail": "https://img3.idealista.com/blur/WEB_LISTING/0/id.pro.es.image.master/99/13/fb/853544822.jpg", "externalReference": "00068", "numPhotos": 34, "floor": "5", "price": 990000.0, "propertyType": "flat", "operation": "sale", "size": 175.0, "exterior": true, "rooms": 5, "bathrooms": 3, "address": "Paseo de Manuel Girona", "province": "Barcelona", "municipality": "Barcelona", "district": "Sarri\u00e0-Sant Gervasi", "country": "es", "neighborhood": "Sarri\u00e0", "latitude": 41.3911835, "longitude": 2.1264877, "showAddress": false, "url": "https://www.idealista.com/inmueble/92942545/", "distance": "71", "hasVideo": false, "status": "renew", "newDevelopment": false, "hasLift": true, "parkingSpace": {"hasParkingSpace": true, "isParkingSpaceIncludedInPrice": true}, "priceByArea": 5657.0, "detailedType": {"typology": "flat"}, "suggestedTexts": {"subtitle": "Sarri\u00e0, Barcelona", "title": "Piso en Paseo de Manuel Girona"}, "hasPlan": true, "has3DTour": false, "has360": true, "hasStaging": false, "topNewDevelopment": false}, {"propertyCode": "92867335", "thumbnail": "https://img3.idealista.com/blur/WEB_LISTING/0/id.pro.es.image.master/e1/cf/ae/855823943.jpg", "externalReference": "GV622", "numPhotos": 27, "floor": "5", "price": 990000.0, "propertyType": "flat", "operation": "sale", "size": 165.0, "exterior": true, "rooms": 5, "bathrooms": 3, "address": "Paseo de Manuel Girona", "province": "Barcelona", "municipality": "Barcelona", "district": "Les Corts", "country": "es", "neighborhood": "Pedralbes", "latitude": 41.3934623, "longitude": 2.127285, "showAddress": false, "url": "https://www.idealista.com/inmueble/92867335/", "distance": "332", "hasVideo": true, "status": "good", "newDevelopment": false, "hasLift": true, "priceByArea": 6000.0, "detailedType": {"typology": "flat"}, "suggestedTexts": {"subtitle": "Pedralbes, Barcelona", "title": "Piso en Paseo de Manuel Girona"}, "hasPlan": true, "has3DTour": false, "has360": true, "hasStaging": false, "topNewDevelopment": false}, {"propertyCode": "92811075", "thumbnail": "https://img3.idealista.com/blur/WEB_LISTING/0/id.pro.es.image.master/94/86/92/848677750.jpg", "externalReference": "GVVSA38", "numPhotos": 27, "floor": "2", "price": 695000.0, "propertyType": "flat", "operation": "sale", "size": 146.0, "exterior": true, "rooms": 4, "bathrooms": 3, "address": "Calle de Sabino Arana", "province": "Barcelona", "municipality": "Barcelona", "district": "Les Corts", "country": "es", "neighborhood": "La Maternitat i Sant Ramon", "latitude": 41.3844759, "longitude": 2.1230717, "showAddress": false, "url": "https://www.idealista.com/inmueble/92811075/", "distance": "730", "hasVideo": true, "status": "good", "newDevelopment": false, "hasLift": true, "priceByArea": 4760.0, "detailedType": {"typology": "flat"}, "suggestedTexts": {"subtitle": "La Maternitat i Sant Ramon, Barcelona", "title": "Piso en Calle de Sabino Arana"}, "hasPlan": true, "has3DTour": false, "has360": true, "hasStaging": false, "topNewDevelopment": false}, {"propertyCode": "91474299", "thumbnail": "https://img3.idealista.com/blur/WEB_LISTING/0/id.pro.es.image.master/fc/f9/63/815432805.jpg", "externalReference": "2546", "numPhotos": 31, "floor": "4", "price": 990000.0, "propertyType": "flat", "operation": "sale", "size": 180.0, "exterior": true, "rooms": 4, "bathrooms": 2, "address": "Paseo de Manuel Girona", "province": "Barcelona", "municipality": "Barcelona", "district": "Les Corts", "country": "es", "neighborhood": "Pedralbes", "latitude": 41.3899426, "longitude": 2.1249908, "showAddress": false, "url": "https://www.idealista.com/inmueble/91474299/", "distance": "139", "hasVideo": false, "status": "good", "newDevelopment": false, "hasLift": true, "parkingSpace": {"hasParkingSpace": true, "isParkingSpaceIncludedInPrice": true}, "priceByArea": 5500.0, "detailedType": {"typology": "flat"}, "suggestedTexts": {"subtitle": "Pedralbes, Barcelona", "title": "Piso en Paseo de Manuel Girona"}, "hasPlan": true, "has3DTour": false, "has360": true, "hasStaging": false, "topNewDevelopment": false}, {"propertyCode": "93207901", "thumbnail": "https://img3.idealista.com/blur/WEB_LISTING/0/id.pro.es.image.master/6b/50/25/857010737.jpg", "externalReference": "9510", "numPhotos": 34, "price": 830000.0, "propertyType": "flat", "operation": "sale", "size": 166.0, "exterior": false, "rooms": 5, "bathrooms": 3, "address": "Calle del Capit\u00e0 Arenas", "province": "Barcelona", "municipality": "Barcelona", "district": "Les Corts", "country": "es", "neighborhood": "Pedralbes", "latitude": 41.3886633, "longitude": 2.1272273, "showAddress": false, "url": "https://www.idealista.com/inmueble/93207901/", "distance": "217", "hasVideo": false, "status": "good", "newDevelopment": false, "hasLift": true, "priceByArea": 5000.0, "detailedType": {"typology": "flat"}, "suggestedTexts": {"subtitle": "Pedralbes, Barcelona", "title": "Piso en Calle del Capit\u00e0 Arenas"}, "hasPlan": true, "has3DTour": true, "has360": false, "hasStaging": false, "topNewDevelopment": false}, {"propertyCode": "91903169", "thumbnail": "https://img3.idealista.com/blur/WEB_LISTING/0/id.pro.es.image.master/73/63/51/826089004.jpg", "externalReference": "2441", "numPhotos": 19, "floor": "2", "price": 770000.0, "propertyType": "flat", "operation": "sale", "size": 160.0, "exterior": true, "rooms": 5, "bathrooms": 2, "address": "barrio Sarri\u00e0", "province": "Barcelona", "municipality": "Barcelona", "district": "Sarri\u00e0-Sant Gervasi", "country": "es", "neighborhood": "Sarri\u00e0", "latitude": 41.3938308, "longitude": 2.1279846, "showAddress": false, "url": "https://www.idealista.com/inmueble/91903169/", "distance": "387", "hasVideo": false, "status": "good", "newDevelopment": false, "hasLift": true, "priceByArea": 4813.0, "detailedType": {"typology": "flat"}, "suggestedTexts": {"subtitle": "Sarri\u00e0, Barcelona", "title": "Piso"}, "hasPlan": true, "has3DTour": false, "has360": true, "hasStaging": false, "topNewDevelopment": false}, {"propertyCode": "90072619", "thumbnail": "https://img3.idealista.com/blur/WEB_LISTING/0/id.pro.es.image.master/f1/80/20/782550589.jpg", "externalReference": "019273", "numPhotos": 30, "floor": "4", "price": 1095000.0, "propertyType": "flat", "operation": "sale", "size": 217.0, "exterior": true, "rooms": 4, "bathrooms": 4, "address": "Paseo de Manuel Girona", "province": "Barcelona", "municipality": "Barcelona", "district": "Sarri\u00e0-Sant Gervasi", "country": "es", "neighborhood": "Sarri\u00e0", "latitude": 41.3913301, "longitude": 2.1285839, "showAddress": false, "url": "https://www.idealista.com/inmueble/90072619/", "distance": "197", "hasVideo": false, "status": "good", "newDevelopment": false, "hasLift": true, "parkingSpace": {"hasParkingSpace": true, "isParkingSpaceIncludedInPrice": true}, "priceByArea": 5046.0, "detailedType": {"typology": "flat"}, "suggestedTexts": {"subtitle": "Sarri\u00e0, Barcelona", "title": "Piso en Paseo de Manuel Girona"}, "hasPlan": true, "has3DTour": false, "has360": false, "hasStaging": false, "topNewDevelopment": false}, {"propertyCode": "88551642", "thumbnail": "https://img3.idealista.com/blur/WEB_LISTING/0/id.pro.es.image.master/97/ce/01/749424997.jpg", "externalReference": "019258", "numPhotos": 30, "floor": "6", "price": 1454000.0, "propertyType": "flat", "operation": "sale", "size": 121.0, "exterior": true, "rooms": 3, "bathrooms": 2, "address": "Calle de Can Segalar", "province": "Barcelona", "municipality": "Barcelona", "district": "Les Corts", "country": "es", "neighborhood": "Les Corts", "latitude": 41.3889708, "longitude": 2.1313964, "showAddress": false, "url": "https://www.idealista.com/inmueble/88551642/", "distance": "446", "hasVideo": false, "status": "good", "newDevelopment": false, "hasLift": true, "priceByArea": 12017.0, "detailedType": {"typology": "flat"}, "suggestedTexts": {"subtitle": "Les Corts, Barcelona", "title": "Piso en Calle de Can Segalar"}, "hasPlan": true, "has3DTour": false, "has360": false, "hasStaging": false, "topNewDevelopment": false}, {"propertyCode": "39916328", "thumbnail": "https://img3.idealista.com/blur/WEB_LISTING/0/id.pro.es.image.master/8d/06/bd/272835556.jpg", "externalReference": "019107", "numPhotos": 29, "floor": "5", "price": 1082000.0, "propertyType": "flat", "operation": "sale", "size": 95.0, "exterior": true, "rooms": 3, "bathrooms": 2, "address": "Calle de Can Segalar", "province": "Barcelona", "municipality": "Barcelona", "district": "Les Corts", "country": "es", "neighborhood": "Les Corts", "latitude": 41.3871037, "longitude": 2.1336023, "showAddress": false, "url": "https://www.idealista.com/inmueble/39916328/", "distance": "707", "hasVideo": false, "status": "good", "newDevelopment": false, "hasLift": true, "priceByArea": 11389.0, "detailedType": {"typology": "flat"}, "suggestedTexts": {"subtitle": "Les Corts, Barcelona", "title": "Piso en Calle de Can Segalar"}, "hasPlan": true, "has3DTour": false, "has360": false, "hasStaging": false, "topNewDevelopment": false}, {"propertyCode": "87920816", "thumbnail": "https://img3.idealista.com/blur/WEB_LISTING/0/id.pro.es.image.master/90/1f/b4/734296870.jpg", "externalReference": "019245", "numPhotos": 27, "floor": "8", "price": 430000.0, "propertyType": "flat", "operation": "sale", "size": 73.0, "exterior": true, "rooms": 3, "bathrooms": 1, "address": "Calle del Capit\u00e0 Arenas", "province": "Barcelona", "municipality": "Barcelona", "district": "Les Corts", "country": "es", "neighborhood": "Pedralbes", "latitude": 41.3904641, "longitude": 2.1246005, "showAddress": false, "url": "https://www.idealista.com/inmueble/87920816/", "distance": "155", "hasVideo": false, "status": "renew", "newDevelopment": false, "hasLift": true, "priceByArea": 5890.0, "detailedType": {"typology": "flat"}, "suggestedTexts": {"subtitle": "Pedralbes, Barcelona", "title": "Piso en Calle del Capit\u00e0 Arenas"}, "hasPlan": true, "has3DTour": false, "has360": false, "hasStaging": false, "topNewDevelopment": false}, {"propertyCode": "92479518", "thumbnail": "https://img3.idealista.com/blur/WEB_LISTING/0/id.pro.es.image.master/b4/d3/f3/856506153.jpg", "externalReference": "245822", "numPhotos": 24, "floor": "1", "price": 383000.0, "propertyType": "flat", "operation": "sale", "size": 78.0, "exterior": true, "rooms": 3, "bathrooms": 1, "address": "barrio Les Corts", "province": "Barcelona", "municipality": "Barcelona", "district": "Les Corts", "country": "es", "neighborhood": "Les Corts", "latitude": 41.3880165, "longitude": 2.1293806, "showAddress": false, "url": "https://www.idealista.com/inmueble/92479518/", "distance": "371", "hasVideo": false, "status": "good", "newDevelopment": false, "hasLift": true, "priceByArea": 4910.0, "detailedType": {"typology": "flat"}, "suggestedTexts": {"subtitle": "Les Corts, Barcelona", "title": "Piso"}, "hasPlan": true, "has3DTour": false, "has360": false, "hasStaging": false, "topNewDevelopment": false}, {"propertyCode": "92176342", "thumbnail": "https://img3.idealista.com/blur/WEB_LISTING/0/id.pro.es.image.master/8f/5d/89/832827696.jpg", "externalReference": "BCN26015", "numPhotos": 59, "price": 3500000.0, "propertyType": "penthouse", "operation": "sale", "size": 406.0, "exterior": true, "rooms": 5, "bathrooms": 6, "address": "barrio Pedralbes", "province": "Barcelona", "municipality": "Barcelona", "district": "Les Corts", "country": "es", "neighborhood": "Pedralbes", "latitude": 41.394721, "longitude": 2.118681, "showAddress": false, "url": "https://www.idealista.com/inmueble/92176342/", "distance": "798", "hasVideo": false, "status": "good", "newDevelopment": false, "hasLift": true, "parkingSpace": {"hasParkingSpace": true, "isParkingSpaceIncludedInPrice": true}, "priceByArea": 8621.0, "detailedType": {"typology": "flat", "subTypology": "penthouse"}, "suggestedTexts": {"subtitle": "Pedralbes, Barcelona", "title": "\u00c1tico"}, "hasPlan": true, "has3DTour": false, "has360": false, "hasStaging": false, "topNewDevelopment": false}, {"propertyCode": "91546116", "thumbnail": "https://img3.idealista.com/blur/WEB_LISTING/0/id.pro.es.image.master/60/b6/12/854317588.jpg", "externalReference": "243397", "numPhotos": 26, "floor": "6", "price": 415000.0, "propertyType": "flat", "operation": "sale", "size": 90.0, "exterior": true, "rooms": 5, "bathrooms": 1, "address": "barrio Les Corts", "province": "Barcelona", "municipality": "Barcelona", "district": "Les Corts", "country": "es", "neighborhood": "Les Corts", "latitude": 41.3838604, "longitude": 2.1310964, "showAddress": false, "url": "https://www.idealista.com/inmueble/91546116/", "distance": "837", "hasVideo": false, "status": "good", "newDevelopment": false, "hasLift": true, "priceByArea": 4611.0, "detailedType": {"typology": "flat"}, "suggestedTexts": {"subtitle": "Les Corts, Barcelona", "title": "Piso"}, "hasPlan": true, "has3DTour": false, "has360": false, "hasStaging": false, "topNewDevelopment": false}, {"propertyCode": "91626719", "thumbnail": "https://img3.idealista.com/blur/WEB_LISTING/0/id.pro.es.image.master/ae/2c/a4/819372712.jpg", "externalReference": "VB2003023-5", "numPhotos": 30, "floor": "1", "price": 790000.0, "propertyType": "flat", "operation": "sale", "size": 126.0, "exterior": true, "rooms": 3, "bathrooms": 2, "address": "barrio Sarri\u00e0", "province": "Barcelona", "municipality": "Barcelona", "district": "Sarri\u00e0-Sant Gervasi", "country": "es", "neighborhood": "Sarri\u00e0", "latitude": 41.3960794, "longitude": 2.1222336, "showAddress": false, "url": "https://www.idealista.com/inmueble/91626719/", "distance": "710", "hasVideo": false, "status": "good", "newDevelopment": false, "hasLift": true, "parkingSpace": {"hasParkingSpace": true, "isParkingSpaceIncludedInPrice": true}, "priceByArea": 6270.0, "detailedType": {"typology": "flat"}, "suggestedTexts": {"subtitle": "Sarri\u00e0, Barcelona", "title": "Piso"}, "hasPlan": true, "has3DTour": false, "has360": false, "hasStaging": false, "topNewDevelopment": false}, {"propertyCode": "86370052", "thumbnail": "https://img3.idealista.com/blur/WEB_LISTING/0/id.pro.es.image.master/fa/a3/41/754619008.jpg", "externalReference": "6805", "numPhotos": 32, "price": 739000.0, "propertyType": "flat", "operation": "sale", "size": 105.0, "exterior": true, "rooms": 3, "bathrooms": 2, "address": "Calle de Castellnou", "province": "Barcelona", "municipality": "Barcelona", "district": "Sarri\u00e0-Sant Gervasi", "country": "es", "neighborhood": "Les Tres Torres", "latitude": 41.3953605, "longitude": 2.1287565, "showAddress": false, "url": "https://www.idealista.com/inmueble/86370052/", "distance": "569", "hasVideo": true, "status": "good", "newDevelopment": false, "hasLift": false, "parkingSpace": {"hasParkingSpace": true, "isParkingSpaceIncludedInPrice": true}, "priceByArea": 7038.0, "detailedType": {"typology": "flat"}, "suggestedTexts": {"subtitle": "Les Tres Torres, Barcelona", "title": "Piso en Calle de Castellnou"}, "hasPlan": true, "has3DTour": false, "has360": false, "hasStaging": false, "topNewDevelopment": false}, {"propertyCode": "40123363", "thumbnail": "https://img3.idealista.com/blur/WEB_LISTING/0/id.pro.es.image.master/64/0f/86/274272858.jpg", "externalReference": "019116", "numPhotos": 26, "floor": "4", "price": 862000.0, "propertyType": "flat", "operation": "sale", "size": 82.0, "exterior": true, "rooms": 2, "bathrooms": 2, "address": "Calle de Can Segalar", "province": "Barcelona", "municipality": "Barcelona", "district": "Les Corts", "country": "es", "neighborhood": "Les Corts", "latitude": 41.3874037, "longitude": 2.1334023, "showAddress": false, "url": "https://www.idealista.com/inmueble/40123363/", "distance": "675", "hasVideo": false, "status": "good", "newDevelopment": false, "hasLift": true, "priceByArea": 10512.0, "detailedType": {"typology": "flat"}, "suggestedTexts": {"subtitle": "Les Corts, Barcelona", "title": "Piso en Calle de Can Segalar"}, "hasPlan": false, "has3DTour": false, "has360": false, "hasStaging": false, "topNewDevelopment": false}, {"propertyCode": "92957508", "thumbnail": "https://img3.idealista.com/blur/WEB_LISTING/0/id.pro.es.image.master/d4/57/aa/851991294.jpg", "externalReference": "VB2102052", "numPhotos": 24, "floor": "4", "price": 895000.0, "propertyType": "flat", "operation": "sale", "size": 139.0, "exterior": true, "rooms": 3, "bathrooms": 2, "address": "Avenida Diagonal", "province": "Barcelona", "municipality": "Barcelona", "district": "Les Corts", "country": "es", "neighborhood": "Les Corts", "latitude": 41.3893928, "longitude": 2.136692, "showAddress": false, "url": "https://www.idealista.com/inmueble/92957508/", "distance": "862", "hasVideo": true, "status": "good", "newDevelopment": false, "hasLift": true, "priceByArea": 6439.0, "detailedType": {"typology": "flat"}, "suggestedTexts": {"subtitle": "Les Corts, Barcelona", "title": "Piso en Avenida Diagonal"}, "hasPlan": false, "has3DTour": false, "has360": false, "hasStaging": false, "topNewDevelopment": false}, {"propertyCode": "92763078", "thumbnail": "https://img3.idealista.com/blur/WEB_LISTING/0/id.pro.es.image.master/dd/04/17/847556345.jpg", "externalReference": "TANDEM-CARLES-III", "numPhotos": 30, "floor": "1", "price": 480000.0, "propertyType": "flat", "operation": "sale", "size": 113.0, "exterior": true, "rooms": 3, "bathrooms": 2, "address": "CARLES III", "province": "Barcelona", "municipality": "Barcelona", "district": "Les Corts", "country": "es", "neighborhood": "Les Corts", "latitude": 41.3875279, "longitude": 2.1259932, "showAddress": false, "url": "https://www.idealista.com/inmueble/92763078/", "distance": "336", "hasVideo": false, "status": "good", "newDevelopment": false, "hasLift": true, "priceByArea": 4248.0, "detailedType": {"typology": "flat"}, "suggestedTexts": {"subtitle": "Les Corts, Barcelona", "title": "Piso en CARLES III"}, "hasPlan": true, "has3DTour": false, "has360": false, "hasStaging": false, "topNewDevelopment": false}, {"propertyCode": "92329758", "thumbnail": "https://img3.idealista.com/blur/WEB_LISTING/0/id.pro.es.image.master/33/f9/ee/842141424.jpg", "externalReference": "220973", "numPhotos": 14, "floor": "1", "price": 595000.0, "propertyType": "flat", "operation": "sale", "size": 138.0, "exterior": true, "rooms": 3, "bathrooms": 2, "address": "barrio Les Corts", "province": "Barcelona", "municipality": "Barcelona", "district": "Les Corts", "country": "es", "neighborhood": "Les Corts", "latitude": 41.3841492, "longitude": 2.1271823, "showAddress": false, "url": "https://www.idealista.com/inmueble/92329758/", "distance": "712", "hasVideo": false, "status": "good", "newDevelopment": false, "hasLift": true, "priceByArea": 4312.0, "detailedType": {"typology": "flat"}, "suggestedTexts": {"subtitle": "Les Corts, Barcelona", "title": "Piso"}, "hasPlan": true, "has3DTour": false, "has360": false, "hasStaging": false, "topNewDevelopment": false}, {"propertyCode": "91631473", "thumbnail": "https://img3.idealista.com/blur/WEB_LISTING/0/id.pro.es.image.master/ab/2a/9e/819490881.jpg", "externalReference": "BCN25766", "numPhotos": 20, "price": 950000.0, "propertyType": "flat", "operation": "sale", "size": 162.0, "exterior": true, "rooms": 4, "bathrooms": 3, "address": "barrio Les Tres Torres", "province": "Barcelona", "municipality": "Barcelona", "district": "Sarri\u00e0-Sant Gervasi", "country": "es", "neighborhood": "Les Tres Torres", "latitude": 41.3950864, "longitude": 2.1311527, "showAddress": false, "url": "https://www.idealista.com/inmueble/91631473/", "distance": "639", "hasVideo": false, "status": "renew", "newDevelopment": false, "hasLift": true, "parkingSpace": {"hasParkingSpace": true, "isParkingSpaceIncludedInPrice": true}, "priceByArea": 5864.0, "detailedType": {"typology": "flat"}, "suggestedTexts": {"subtitle": "Les Tres Torres, Barcelona", "title": "Piso"}, "hasPlan": true, "has3DTour": false, "has360": false, "hasStaging": false, "topNewDevelopment": false}, {"propertyCode": "92881599", "thumbnail": "https://img3.idealista.com/blur/WEB_LISTING/0/id.pro.es.image.master/07/e1/25/850159209.jpg", "externalReference": "BCN27270", "numPhotos": 31, "price": 910000.0, "propertyType": "flat", "operation": "sale", "size": 102.0, "exterior": true, "rooms": 3, "bathrooms": 2, "address": "barrio Les Corts", "province": "Barcelona", "municipality": "Barcelona", "district": "Les Corts", "country": "es", "neighborhood": "Les Corts", "latitude": 41.3866639, "longitude": 2.1307014, "showAddress": false, "url": "https://www.idealista.com/inmueble/92881599/", "distance": "557", "hasVideo": false, "status": "good", "newDevelopment": false, "hasLift": true, "priceByArea": 8922.0, "detailedType": {"typology": "flat"}, "suggestedTexts": {"subtitle": "Les Corts, Barcelona", "title": "Piso"}, "hasPlan": false, "has3DTour": false, "has360": false, "hasStaging": false, "topNewDevelopment": false}, {"propertyCode": "92682023", "thumbnail": "https://img3.idealista.com/blur/WEB_LISTING/0/id.pro.es.image.master/a1/2d/b0/845572287.jpg", "externalReference": "FG02-43", "numPhotos": 20, "floor": "4", "price": 848000.0, "propertyType": "flat", "operation": "sale", "size": 166.0, "exterior": true, "rooms": 5, "bathrooms": 3, "address": "Calle de Pau Alcover", "province": "Barcelona", "municipality": "Barcelona", "district": "Sarri\u00e0-Sant Gervasi", "country": "es", "neighborhood": "Les Tres Torres", "latitude": 41.3979638, "longitude": 2.125009, "showAddress": false, "url": "https://www.idealista.com/inmueble/92682023/", "distance": "834", "hasVideo": false, "status": "good", "newDevelopment": false, "hasLift": true, "parkingSpace": {"hasParkingSpace": true, "isParkingSpaceIncludedInPrice": true}, "priceByArea": 5108.0, "detailedType": {"typology": "flat"}, "suggestedTexts": {"subtitle": "Les Tres Torres, Barcelona", "title": "Piso en Calle de Pau Alcover"}, "hasPlan": true, "has3DTour": false, "has360": false, "hasStaging": false, "topNewDevelopment": false}, {"propertyCode": "92811766", "thumbnail": "https://img3.idealista.com/blur/WEB_LISTING/0/id.pro.es.image.master/32/be/a5/848698746.jpg", "externalReference": "619v", "numPhotos": 33, "floor": "1", "price": 1260000.0, "propertyType": "flat", "operation": "sale", "size": 281.0, "exterior": true, "rooms": 5, "bathrooms": 4, "address": "barrio Les Tres Torres", "province": "Barcelona", "municipality": "Barcelona", "district": "Sarri\u00e0-Sant Gervasi", "country": "es", "neighborhood": "Les Tres Torres", "latitude": 41.3960258, "longitude": 2.131756, "showAddress": false, "url": "https://www.idealista.com/inmueble/92811766/", "distance": "753", "hasVideo": true, "status": "good", "newDevelopment": false, "hasLift": true, "parkingSpace": {"hasParkingSpace": true, "isParkingSpaceIncludedInPrice": true}, "priceByArea": 4484.0, "detailedType": {"typology": "flat"}, "suggestedTexts": {"subtitle": "Les Tres Torres, Barcelona", "title": "Piso"}, "hasPlan": true, "has3DTour": false, "has360": false, "hasStaging": false, "topNewDevelopment": false}, {"propertyCode": "93111005", "thumbnail": "https://img3.idealista.com/blur/WEB_LISTING/0/id.pro.es.image.master/07/e6/e1/800421182.jpg", "externalReference": "v7231", "numPhotos": 31, "floor": "7", "price": 559000.0, "propertyType": "flat", "operation": "sale", "size": 120.0, "exterior": true, "rooms": 3, "bathrooms": 2, "address": "barrio Les Corts", "province": "Barcelona", "municipality": "Barcelona", "district": "Les Corts", "country": "es", "neighborhood": "Les Corts", "latitude": 41.3872491, "longitude": 2.1357684, "showAddress": false, "url": "https://www.idealista.com/inmueble/93111005/", "distance": "858", "hasVideo": true, "status": "good", "newDevelopment": false, "hasLift": true, "parkingSpace": {"hasParkingSpace": true, "isParkingSpaceIncludedInPrice": true}, "priceByArea": 4658.0, "detailedType": {"typology": "flat"}, "suggestedTexts": {"subtitle": "Les Corts, Barcelona", "title": "Piso"}, "hasPlan": false, "has3DTour": false, "has360": false, "hasStaging": false, "topNewDevelopment": false}, {"propertyCode": "92647696", "thumbnail": "https://img3.idealista.com/blur/WEB_LISTING/0/id.pro.es.image.master/bd/ed/15/844798426.jpg", "externalReference": "BCN27268", "numPhotos": 31, "price": 1252000.0, "propertyType": "flat", "operation": "sale", "size": 130.0, "exterior": true, "rooms": 3, "bathrooms": 2, "address": "barrio Les Corts", "province": "Barcelona", "municipality": "Barcelona", "district": "Les Corts", "country": "es", "neighborhood": "Les Corts", "latitude": 41.38907, "longitude": 2.1307946, "showAddress": false, "url": "https://www.idealista.com/inmueble/92647696/", "distance": "396", "hasVideo": false, "status": "good", "newDevelopment": false, "hasLift": true, "priceByArea": 9631.0, "detailedType": {"typology": "flat"}, "suggestedTexts": {"subtitle": "Les Corts, Barcelona", "title": "Piso"}, "hasPlan": false, "has3DTour": false, "has360": false, "hasStaging": false, "topNewDevelopment": false}, {"propertyCode": "92647691", "thumbnail": "https://img3.idealista.com/blur/WEB_LISTING/0/id.pro.es.image.master/c8/fb/2b/844798254.jpg", "externalReference": "BCN27267", "numPhotos": 29, "price": 1076500.0, "propertyType": "flat", "operation": "sale", "size": 130.0, "exterior": true, "rooms": 3, "bathrooms": 2, "address": "barrio Les Corts", "province": "Barcelona", "municipality": "Barcelona", "district": "Les Corts", "country": "es", "neighborhood": "Les Corts", "latitude": 41.38927, "longitude": 2.1294946, "showAddress": false, "url": "https://www.idealista.com/inmueble/92647691/", "distance": "289", "hasVideo": false, "status": "good", "newDevelopment": false, "hasLift": true, "priceByArea": 8281.0, "detailedType": {"typology": "flat"}, "suggestedTexts": {"subtitle": "Les Corts, Barcelona", "title": "Piso"}, "hasPlan": false, "has3DTour": false, "has360": false, "hasStaging": false, "topNewDevelopment": false}, {"propertyCode": "90996277", "thumbnail": "https://img3.idealista.com/blur/WEB_LISTING/0/id.pro.es.image.master/32/61/ea/844798510.jpg", "externalReference": "BCN25173", "numPhotos": 30, "price": 1095500.0, "propertyType": "flat", "operation": "sale", "size": 102.0, "exterior": true, "rooms": 3, "bathrooms": 2, "address": "barrio Les Corts", "province": "Barcelona", "municipality": "Barcelona", "district": "Les Corts", "country": "es", "neighborhood": "Les Corts", "latitude": 41.3864784, "longitude": 2.1317448, "showAddress": false, "url": "https://www.idealista.com/inmueble/90996277/", "distance": "630", "hasVideo": false, "status": "good", "newDevelopment": false, "hasLift": true, "priceByArea": 10740.0, "detailedType": {"typology": "flat"}, "suggestedTexts": {"subtitle": "Les Corts, Barcelona", "title": "Piso"}, "hasPlan": false, "has3DTour": false, "has360": false, "hasStaging": false, "topNewDevelopment": false}, {"propertyCode": "90996261", "thumbnail": "https://img3.idealista.com/blur/WEB_LISTING/0/id.pro.es.image.master/af/b5/d8/844798488.jpg", "externalReference": "BCN25172", "numPhotos": 30, "price": 978000.0, "propertyType": "flat", "operation": "sale", "size": 87.0, "exterior": true, "rooms": 3, "bathrooms": 2, "address": "barrio Les Corts", "province": "Barcelona", "municipality": "Barcelona", "district": "Les Corts", "country": "es", "neighborhood": "Les Corts", "latitude": 41.3866784, "longitude": 2.1303448, "showAddress": false, "url": "https://www.idealista.com/inmueble/90996261/", "distance": "537", "hasVideo": false, "status": "good", "newDevelopment": false, "hasLift": true, "priceByArea": 11241.0, "detailedType": {"typology": "flat"}, "suggestedTexts": {"subtitle": "Les Corts, Barcelona", "title": "Piso"}, "hasPlan": false, "has3DTour": false, "has360": false, "hasStaging": false, "topNewDevelopment": false}, {"propertyCode": "89414003", "thumbnail": "https://img3.idealista.com/blur/WEB_LISTING/0/id.pro.es.image.master/9b/00/fd/770860390.jpg", "externalReference": "210-2127", "numPhotos": 30, "floor": "6", "price": 465000.0, "propertyType": "flat", "operation": "sale", "size": 94.0, "exterior": true, "rooms": 3, "bathrooms": 2, "address": "Traves\u00eda de les Corts", "province": "Barcelona", "municipality": "Barcelona", "district": "Les Corts", "country": "es", "neighborhood": "Les Corts", "latitude": 41.3867193, "longitude": 2.1332299, "showAddress": false, "url": "https://www.idealista.com/inmueble/89414003/", "distance": "706", "hasVideo": false, "status": "good", "newDevelopment": false, "hasLift": true, "priceByArea": 4947.0, "detailedType": {"typology": "flat"}, "suggestedTexts": {"subtitle": "Les Corts, Barcelona", "title": "Piso en Traves\u00eda de les Corts"}, "hasPlan": true, "has3DTour": false, "has360": false, "hasStaging": false, "topNewDevelopment": false}, {"propertyCode": "91610311", "thumbnail": "https://img3.idealista.com/blur/WEB_LISTING/0/id.pro.es.image.master/8f/b2/63/818949007.jpg", "externalReference": "4291", "numPhotos": 35, "floor": "6", "price": 450000.0, "propertyType": "flat", "operation": "sale", "size": 63.0, "exterior": true, "rooms": 2, "bathrooms": 2, "address": "Calle del Capit\u00e0 Arenas", "province": "Barcelona", "municipality": "Barcelona", "district": "Les Corts", "country": "es", "neighborhood": "Pedralbes", "latitude": 41.3890641, "longitude": 2.1253005, "showAddress": false, "url": "https://www.idealista.com/inmueble/91610311/", "distance": "190", "hasVideo": true, "status": "good", "newDevelopment": false, "hasLift": true, "priceByArea": 7143.0, "detailedType": {"typology": "flat"}, "suggestedTexts": {"subtitle": "Pedralbes, Barcelona", "title": "Piso en Calle del Capit\u00e0 Arenas"}, "hasPlan": true, "has3DTour": false, "has360": false, "hasStaging": false, "topNewDevelopment": false}, {"propertyCode": "91775838", "thumbnail": "https://img3.idealista.com/blur/WEB_LISTING/0/id.pro.es.image.master/2d/03/dd/822995320.jpg", "externalReference": "W-02JYZ5", "numPhotos": 45, "floor": "3", "price": 799000.0, "propertyType": "flat", "operation": "sale", "size": 120.0, "exterior": false, "rooms": 4, "bathrooms": 2, "address": "barrio Pedralbes", "province": "Barcelona", "municipality": "Barcelona", "district": "Les Corts", "country": "es", "neighborhood": "Pedralbes", "latitude": 41.3910548, "longitude": 2.1255879, "showAddress": false, "url": "https://www.idealista.com/inmueble/91775838/", "distance": "92", "hasVideo": false, "status": "good", "newDevelopment": false, "hasLift": true, "parkingSpace": {"hasParkingSpace": true, "isParkingSpaceIncludedInPrice": true}, "priceByArea": 6658.0, "detailedType": {"typology": "flat"}, "suggestedTexts": {"subtitle": "Pedralbes, Barcelona", "title": "Piso"}, "hasPlan": false, "has3DTour": false, "has360": false, "hasStaging": false, "topNewDevelopment": false}, {"propertyCode": "92056660", "thumbnail": "https://img3.idealista.com/blur/WEB_LISTING/0/id.pro.es.image.master/4e/ed/f2/855823869.jpg", "externalReference": "GV614", "numPhotos": 15, "floor": "6", "price": 1454000.0, "propertyType": "flat", "operation": "sale", "size": 121.0, "exterior": false, "rooms": 3, "bathrooms": 2, "address": "Calle de Can Segalar", "province": "Barcelona", "municipality": "Barcelona", "district": "Les Corts", "country": "es", "neighborhood": "Les Corts", "latitude": 41.38687, "longitude": 2.1325946, "showAddress": false, "url": "https://www.idealista.com/inmueble/92056660/", "distance": "654", "hasVideo": true, "status": "good", "newDevelopment": false, "hasLift": true, "priceByArea": 12017.0, "detailedType": {"typology": "flat"}, "suggestedTexts": {"subtitle": "Les Corts, Barcelona", "title": "Piso en Calle de Can Segalar"}, "hasPlan": true, "has3DTour": false, "has360": false, "hasStaging": false, "topNewDevelopment": false}, {"propertyCode": "91503420", "thumbnail": "https://img3.idealista.com/blur/WEB_LISTING/0/id.pro.es.image.master/d0/da/dd/816131187.jpg", "externalReference": "VA1492", "numPhotos": 18, "floor": "4", "price": 1095000.0, "propertyType": "flat", "operation": "sale", "size": 196.0, "exterior": true, "rooms": 4, "bathrooms": 4, "address": "Paseo de Manuel Girona", "province": "Barcelona", "municipality": "Barcelona", "district": "Sarri\u00e0-Sant Gervasi", "country": "es", "neighborhood": "Sarri\u00e0", "latitude": 41.3945301, "longitude": 2.1286839, "showAddress": false, "url": "https://www.idealista.com/inmueble/91503420/", "distance": "481", "hasVideo": false, "status": "good", "newDevelopment": false, "hasLift": true, "parkingSpace": {"hasParkingSpace": true, "isParkingSpaceIncludedInPrice": true}, "priceByArea": 5587.0, "detailedType": {"typology": "flat"}, "suggestedTexts": {"subtitle": "Sarri\u00e0, Barcelona", "title": "Piso en Paseo de Manuel Girona"}, "hasPlan": true, "has3DTour": false, "has360": false, "hasStaging": false, "topNewDevelopment": false}, {"propertyCode": "89747920", "thumbnail": "https://img3.idealista.com/blur/WEB_LISTING/0/id.pro.es.image.master/cc/62/a8/775541810.jpg", "externalReference": "V-2061", "numPhotos": 27, "floor": "4", "price": 1800000.0, "propertyType": "flat", "operation": "sale", "size": 360.0, "exterior": true, "rooms": 6, "bathrooms": 5, "address": "Calle de T\u00f2quio", "province": "Barcelona", "municipality": "Barcelona", "district": "Les Corts", "country": "es", "neighborhood": "Pedralbes", "latitude": 41.3892084, "longitude": 2.1182765, "showAddress": false, "url": "https://www.idealista.com/inmueble/89747920/", "distance": "698", "hasVideo": false, "status": "renew", "newDevelopment": false, "hasLift": true, "parkingSpace": {"hasParkingSpace": true, "isParkingSpaceIncludedInPrice": true}, "priceByArea": 5000.0, "detailedType": {"typology": "flat"}, "suggestedTexts": {"subtitle": "Pedralbes, Barcelona", "title": "Piso en Calle de T\u00f2quio"}, "hasPlan": false, "has3DTour": false, "has360": false, "hasStaging": false, "topNewDevelopment": false}, {"propertyCode": "92859836", "thumbnail": "https://img3.idealista.com/blur/WEB_LISTING/0/id.pro.es.image.master/c5/e9/d8/849699488.jpg", "externalReference": "231413", "numPhotos": 14, "floor": "7", "price": 450000.0, "propertyType": "flat", "operation": "sale", "size": 69.0, "exterior": true, "rooms": 2, "bathrooms": 1, "address": "barrio Pedralbes", "province": "Barcelona", "municipality": "Barcelona", "district": "Les Corts", "country": "es", "neighborhood": "Pedralbes", "latitude": 41.3893641, "longitude": 2.1240005, "showAddress": false, "url": "https://www.idealista.com/inmueble/92859836/", "distance": "243", "hasVideo": false, "status": "good", "newDevelopment": false, "hasLift": true, "priceByArea": 6522.0, "detailedType": {"typology": "flat"}, "suggestedTexts": {"subtitle": "Pedralbes, Barcelona", "title": "Piso"}, "hasPlan": false, "has3DTour": false, "has360": false, "hasStaging": false, "topNewDevelopment": false}, {"propertyCode": "92613077", "thumbnail": "https://img3.idealista.com/blur/WEB_LISTING/0/id.pro.es.image.master/8e/b2/96/851437721.jpg", "externalReference": "246420", "numPhotos": 7, "floor": "9", "price": 435000.0, "propertyType": "flat", "operation": "sale", "size": 73.0, "exterior": true, "rooms": 3, "bathrooms": 1, "address": "barrio Pedralbes", "province": "Barcelona", "municipality": "Barcelona", "district": "Les Corts", "country": "es", "neighborhood": "Pedralbes", "latitude": 41.3898641, "longitude": 2.1259005, "showAddress": false, "url": "https://www.idealista.com/inmueble/92613077/", "distance": "88", "hasVideo": false, "status": "renew", "newDevelopment": false, "hasLift": true, "priceByArea": 5959.0, "detailedType": {"typology": "flat"}, "suggestedTexts": {"subtitle": "Pedralbes, Barcelona", "title": "Piso"}, "hasPlan": false, "has3DTour": false, "has360": false, "hasStaging": false, "topNewDevelopment": false}, {"propertyCode": "92535136", "thumbnail": "https://img3.idealista.com/blur/WEB_LISTING/0/id.pro.es.image.master/30/a5/01/842014649.jpg", "externalReference": "_capit\u00e1narenas", "numPhotos": 24, "floor": "9", "price": 435000.0, "propertyType": "flat", "operation": "sale", "size": 73.0, "exterior": true, "rooms": 3, "bathrooms": 1, "address": "Calle del Capit\u00e0 Arenas", "province": "Barcelona", "municipality": "Barcelona", "district": "Les Corts", "country": "es", "neighborhood": "Pedralbes", "latitude": 41.3905641, "longitude": 2.1244005, "showAddress": false, "url": "https://www.idealista.com/inmueble/92535136/", "distance": "171", "hasVideo": false, "status": "renew", "newDevelopment": false, "hasLift": true, "priceByArea": 5959.0, "detailedType": {"typology": "flat"}, "suggestedTexts": {"subtitle": "Pedralbes, Barcelona", "title": "Piso en Calle del Capit\u00e0 Arenas"}, "hasPlan": false, "has3DTour": false, "has360": false, "hasStaging": false, "topNewDevelopment": false}, {"propertyCode": "90378655", "thumbnail": "https://img3.idealista.com/blur/WEB_LISTING/0/id.pro.es.image.master/cf/6e/7d/855749693.jpg", "externalReference": "P-014040", "numPhotos": 49, "floor": "5", "price": 1150000.0, "propertyType": "flat", "operation": "sale", "size": 178.0, "exterior": false, "rooms": 4, "bathrooms": 3, "address": "barrio Pedralbes", "province": "Barcelona", "municipality": "Barcelona", "district": "Les Corts", "country": "es", "neighborhood": "Pedralbes", "latitude": 41.3911975, "longitude": 2.1224699, "showAddress": false, "url": "https://www.idealista.com/inmueble/90378655/", "distance": "341", "hasVideo": false, "status": "good", "newDevelopment": false, "hasLift": true, "parkingSpace": {"hasParkingSpace": true, "isParkingSpaceIncludedInPrice": true}, "priceByArea": 6461.0, "detailedType": {"typology": "flat"}, "suggestedTexts": {"subtitle": "Pedralbes, Barcelona", "title": "Piso"}, "hasPlan": false, "has3DTour": false, "has360": false, "hasStaging": false, "topNewDevelopment": false}, {"propertyCode": "92629448", "thumbnail": "https://img3.idealista.com/blur/WEB_LISTING/0/id.pro.es.image.master/1a/70/26/855711799.jpg", "externalReference": "MV0536", "numPhotos": 39, "floor": "2", "price": 1285000.0, "propertyType": "flat", "operation": "sale", "size": 246.0, "exterior": true, "rooms": 6, "bathrooms": 4, "address": "barrio Les Tres Torres", "province": "Barcelona", "municipality": "Barcelona", "district": "Sarri\u00e0-Sant Gervasi", "country": "es", "neighborhood": "Les Tres Torres", "latitude": 41.3960854, "longitude": 2.1295023, "showAddress": false, "url": "https://www.idealista.com/inmueble/92629448/", "distance": "667", "hasVideo": false, "status": "renew", "newDevelopment": false, "hasLift": true, "parkingSpace": {"hasParkingSpace": true, "isParkingSpaceIncludedInPrice": true}, "priceByArea": 5224.0, "detailedType": {"typology": "flat"}, "suggestedTexts": {"subtitle": "Les Tres Torres, Barcelona", "title": "Piso"}, "hasPlan": false, "has3DTour": false, "has360": false, "hasStaging": false, "topNewDevelopment": false}, {"propertyCode": "86563923", "thumbnail": "https://img3.idealista.com/blur/WEB_LISTING/0/id.pro.es.image.master/2a/3b/bb/696830761.jpg", "externalReference": "VA1163", "numPhotos": 19, "price": 2280000.0, "propertyType": "chalet", "operation": "sale", "size": 270.0, "exterior": false, "rooms": 6, "bathrooms": 4, "address": "Pasaje claudio g\u00fcell", "province": "Barcelona", "municipality": "Barcelona", "district": "Sarri\u00e0-Sant Gervasi", "country": "es", "neighborhood": "Sarri\u00e0", "latitude": 41.3927514, "longitude": 2.1234886, "showAddress": false, "url": "https://www.idealista.com/inmueble/86563923/", "distance": "349", "hasVideo": false, "status": "good", "newDevelopment": false, "parkingSpace": {"hasParkingSpace": true, "isParkingSpaceIncludedInPrice": true}, "priceByArea": 8444.0, "detailedType": {"typology": "chalet", "subTypology": "semidetachedHouse"}, "suggestedTexts": {"subtitle": "Sarri\u00e0, Barcelona", "title": "Chalet pareado en Pasaje claudio g\u00fcell"}, "hasPlan": true, "has3DTour": false, "has360": false, "hasStaging": false, "topNewDevelopment": false}, {"propertyCode": "92132103", "thumbnail": "https://img3.idealista.com/blur/WEB_LISTING/0/id.pro.es.image.master/8a/49/99/855823884.jpg", "externalReference": "GV615", "numPhotos": 16, "floor": "4", "price": 862000.0, "propertyType": "flat", "operation": "sale", "size": 82.0, "exterior": false, "rooms": 2, "bathrooms": 2, "address": "barrio Les Corts", "province": "Barcelona", "municipality": "Barcelona", "district": "Les Corts", "country": "es", "neighborhood": "Les Corts", "latitude": 41.39007, "longitude": 2.1314946, "showAddress": false, "url": "https://www.idealista.com/inmueble/92132103/", "distance": "423", "hasVideo": true, "status": "good", "newDevelopment": false, "hasLift": true, "priceByArea": 10512.0, "detailedType": {"typology": "flat"}, "suggestedTexts": {"subtitle": "Les Corts, Barcelona", "title": "Piso"}, "hasPlan": true, "has3DTour": false, "has360": false, "hasStaging": false, "topNewDevelopment": false}, {"propertyCode": "91734613", "thumbnail": "https://img3.idealista.com/blur/WEB_LISTING/0/id.pro.es.image.master/aa/69/48/821984317.jpg", "externalReference": "BCN897", "numPhotos": 62, "floor": "2", "price": 985000.0, "propertyType": "flat", "operation": "sale", "size": 230.0, "exterior": true, "rooms": 2, "bathrooms": 2, "address": "Calle del Marqu\u00e8s de Mulhacen", "province": "Barcelona", "municipality": "Barcelona", "district": "Les Corts", "country": "es", "neighborhood": "Pedralbes", "latitude": 41.3895231, "longitude": 2.1185895, "showAddress": false, "url": "https://www.idealista.com/inmueble/91734613/", "distance": "666", "hasVideo": false, "status": "good", "newDevelopment": false, "hasLift": true, "parkingSpace": {"hasParkingSpace": true, "isParkingSpaceIncludedInPrice": true}, "priceByArea": 4283.0, "detailedType": {"typology": "flat"}, "suggestedTexts": {"subtitle": "Pedralbes, Barcelona", "title": "Piso en Calle del Marqu\u00e8s de Mulhacen"}, "hasPlan": false, "has3DTour": false, "has360": true, "hasStaging": false, "topNewDevelopment": false}, {"propertyCode": "91807519", "thumbnail": "https://img3.idealista.com/blur/WEB_LISTING/0/id.pro.es.image.master/79/79/b0/823782192.jpg", "externalReference": "00014", "numPhotos": 33, "floor": "5", "price": 450000.0, "propertyType": "flat", "operation": "sale", "size": 72.0, "exterior": false, "rooms": 2, "bathrooms": 1, "address": "Calle del Capit\u00e0 Arenas", "province": "Barcelona", "municipality": "Barcelona", "district": "Les Corts", "country": "es", "neighborhood": "Pedralbes", "latitude": 41.3929641, "longitude": 2.1274005, "showAddress": false, "url": "https://www.idealista.com/inmueble/91807519/", "distance": "280", "hasVideo": false, "status": "good", "newDevelopment": false, "hasLift": true, "priceByArea": 6250.0, "detailedType": {"typology": "flat"}, "suggestedTexts": {"subtitle": "Pedralbes, Barcelona", "title": "Piso en Calle del Capit\u00e0 Arenas"}, "hasPlan": false, "has3DTour": false, "has360": false, "hasStaging": false, "topNewDevelopment": false}, {"propertyCode": "91797141", "thumbnail": "https://img3.idealista.com/blur/WEB_LISTING/0/id.pro.es.image.master/e6/5f/a4/840921001.jpg", "externalReference": "1204", "numPhotos": 9, "floor": "5", "price": 2500000.0, "propertyType": "duplex", "operation": "sale", "size": 447.0, "exterior": true, "rooms": 8, "bathrooms": 6, "address": "barrio Pedralbes", "province": "Barcelona", "municipality": "Barcelona", "district": "Les Corts", "country": "es", "neighborhood": "Pedralbes", "latitude": 41.3923064, "longitude": 2.117372, "showAddress": false, "url": "https://www.idealista.com/inmueble/91797141/", "distance": "783", "hasVideo": false, "status": "renew", "newDevelopment": false, "hasLift": true, "priceByArea": 5593.0, "detailedType": {"typology": "flat", "subTypology": "duplex"}, "suggestedTexts": {"subtitle": "Pedralbes, Barcelona", "title": "D\u00faplex"}, "hasPlan": true, "has3DTour": false, "has360": false, "hasStaging": false, "topNewDevelopment": false}, {"propertyCode": "93037705", "thumbnail": "https://img3.idealista.com/blur/WEB_LISTING/0/id.pro.es.image.master/09/0d/09/853181751.jpg", "externalReference": "2642", "numPhotos": 10, "floor": "2", "price": 750000.0, "propertyType": "flat", "operation": "sale", "size": 130.0, "exterior": true, "rooms": 5, "bathrooms": 3, "address": "barrio Les Tres Torres", "province": "Barcelona", "municipality": "Barcelona", "district": "Sarri\u00e0-Sant Gervasi", "country": "es", "neighborhood": "Les Tres Torres", "latitude": 41.3966, "longitude": 2.13202, "showAddress": false, "url": "https://www.idealista.com/inmueble/93037705/", "distance": "818", "hasVideo": false, "status": "renew", "newDevelopment": false, "hasLift": true, "parkingSpace": {"hasParkingSpace": true, "isParkingSpaceIncludedInPrice": true}, "priceByArea": 5769.0, "detailedType": {"typology": "flat"}, "suggestedTexts": {"subtitle": "Les Tres Torres, Barcelona", "title": "Piso"}, "hasPlan": false, "has3DTour": false, "has360": false, "hasStaging": false, "topNewDevelopment": false}]