[{"propertyCode": "86950973", "thumbnail": "https://img3.idealista.com/blur/WEB_LISTING/0/id.pro.es.image.master/93/0a/7a/853085136.jpg", "externalReference": "39533", "numPhotos": 35, "price": 2200000.0, "propertyType": "chalet", "operation": "sale", "size": 360.0, "exterior": false, "rooms": 7, "bathrooms": 6, "address": "Plaza de Rovira i Trias", "province": "Barcelona", "municipality": "Barcelona", "district": "Gr\u00e0cia", "country": "es", "neighborhood": "Vila de Gr\u00e0cia", "latitude": 41.4095022, "longitude": 2.1565747, "showAddress": false, "url": "https://www.idealista.com/inmueble/86950973/", "distance": "2994", "hasVideo": true, "status": "good", "newDevelopment": false, "priceByArea": 6111.0, "detailedType": {"typology": "chalet", "subTypology": "semidetachedHouse"}, "suggestedTexts": {"subtitle": "Vila de Gr\u00e0cia, Barcelona", "title": "Chalet pareado en Plaza de Rovira i Trias"}, "hasPlan": true, "has3DTour": true, "has360": false, "hasStaging": false, "topNewDevelopment": false}, {"propertyCode": "89706442", "thumbnail": "https://img3.idealista.com/blur/WEB_LISTING/0/id.pro.es.image.master/8d/de/e1/774571617.jpg", "externalReference": "W-02IFY9", "numPhotos": 41, "floor": "5", "price": 495000.0, "propertyType": "flat", "operation": "sale", "size": 126.0, "exterior": false, "rooms": 4, "bathrooms": 2, "address": "barrio El Camp d'En Grassot i Gr\u00e0cia Nova", "province": "Barcelona", "municipality": "Barcelona", "district": "Gr\u00e0cia", "country": "es", "neighborhood": "El Camp d'En Grassot i Gr\u00e0cia Nova", "latitude": 41.4115467, "longitude": 2.1617976, "showAddress": false, "url": "https://www.idealista.com/inmueble/89706442/", "distance": "2775", "hasVideo": false, "status": "good", "newDevelopment": false, "hasLift": true, "priceByArea": 3929.0, "detailedType": {"typology": "flat"}, "suggestedTexts": {"subtitle": "El Camp d'En Grassot i Gr\u00e0cia Nova, Barcelona", "title": "Piso"}, "hasPlan": true, "has3DTour": true, "has360": false, "hasStaging": false, "topNewDevelopment": false}, {"propertyCode": "89292464", "thumbnail": "https://img3.idealista.com/blur/WEB_LISTING/0/id.pro.es.image.master/14/5f/30/768214827.jpg", "externalReference": "W-02G8L6", "numPhotos": 30, "floor": "1", "price": 299000.0, "propertyType": "chalet", "operation": "sale", "size": 174.0, "exterior": false, "rooms": 6, "bathrooms": 2, "address": "barrio La Font d'En Fargues", "province": "Barcelona", "municipality": "Barcelona", "district": "Horta Guinard\u00f3", "country": "es", "neighborhood": "La Font d'En Fargues", "latitude": 41.4267344, "longitude": 2.1593383, "showAddress": false, "url": "https://www.idealista.com/inmueble/89292464/", "distance": "1075", "hasVideo": false, "status": "renew", "newDevelopment": false, "priceByArea": 1718.0, "detailedType": {"typology": "chalet", "subTypology": "terracedHouse"}, "suggestedTexts": {"subtitle": "La Font d'En Fargues, Barcelona", "title": "Chalet adosado"}, "hasPlan": true, "has3DTour": true, "has360": false, "hasStaging": false, "topNewDevelopment": false}, {"propertyCode": "88509600", "thumbnail": "https://img3.idealista.com/blur/WEB_LISTING/0/id.pro.es.image.master/71/6c/b3/755905184.jpg", "externalReference": "W-02I2GZ", "numPhotos": 25, "floor": "1", "price": 430000.0, "propertyType": "chalet", "operation": "sale", "size": 110.0, "exterior": false, "rooms": 3, "bathrooms": 2, "address": "barrio Can Bar\u00f3", "province": "Barcelona", "municipality": "Barcelona", "district": "Horta Guinard\u00f3", "country": "es", "neighborhood": "Can Bar\u00f3", "latitude": 41.4157407, "longitude": 2.1638352, "showAddress": false, "url": "https://www.idealista.com/inmueble/88509600/", "distance": "2338", "hasVideo": false, "status": "good", "newDevelopment": false, "priceByArea": 3909.0, "detailedType": {"typology": "chalet", "subTypology": "terracedHouse"}, "suggestedTexts": {"subtitle": "Can Bar\u00f3, Barcelona", "title": "Chalet adosado"}, "hasPlan": true, "has3DTour": true, "has360": false, "hasStaging": false, "topNewDevelopment": false}, {"propertyCode": "87717416", "thumbnail": "https://img3.idealista.com/blur/WEB_LISTING/0/id.pro.es.image.master/aa/fc/7d/755936767.jpg", "externalReference": "W-02GJDC", "numPhotos": 36, "floor": "bj", "price": 1295000.0, "propertyType": "flat", "operation": "sale", "size": 256.0, "exterior": false, "rooms": 4, "bathrooms": 3, "address": "barrio Sant Gervasi - La Bonanova", "province": "Barcelona", "municipality": "Barcelona", "district": "Sarri\u00e0-Sant Gervasi", "country": "es", "neighborhood": "Sant Gervasi - La Bonanova", "latitude": 41.4158985, "longitude": 2.1311214, "showAddress": false, "url": "https://www.idealista.com/inmueble/87717416/", "distance": "3227", "hasVideo": false, "status": "good", "newDevelopment": false, "hasLift": true, "parkingSpace": {"hasParkingSpace": true, "isParkingSpaceIncludedInPrice": true}, "priceByArea": 5059.0, "detailedType": {"typology": "flat"}, "suggestedTexts": {"subtitle": "Sant Gervasi - La Bonanova, Barcelona", "title": "Piso"}, "hasPlan": true, "has3DTour": true, "has360": false, "hasStaging": false, "topNewDevelopment": false}, {"propertyCode": "91563393", "thumbnail": "https://img3.idealista.com/blur/WEB_LISTING/0/id.pro.es.image.master/22/94/bb/854511394.jpg", "externalReference": "242373", "numPhotos": 27, "floor": "1", "price": 269000.0, "propertyType": "flat", "operation": "sale", "size": 73.0, "exterior": true, "rooms": 3, "bathrooms": 1, "address": "barrio Vilapicina i la Torre Llobeta", "province": "Barcelona", "municipality": "Barcelona", "district": "Nou Barris", "country": "es", "neighborhood": "Vilapicina i la Torre Llobeta", "latitude": 41.426155, "longitude": 2.17739, "showAddress": false, "url": "https://www.idealista.com/inmueble/91563393/", "distance": "1940", "hasVideo": false, "status": "good", "newDevelopment": false, "hasLift": true, "priceByArea": 3685.0, "detailedType": {"typology": "flat"}, "suggestedTexts": {"subtitle": "Vilapicina i la Torre Llobeta, Barcelona", "title": "Piso"}, "hasPlan": true, "has3DTour": true, "has360": true, "hasStaging": false, "topNewDevelopment": false}, {"propertyCode": "91901664", "thumbnail": "https://img3.idealista.com/blur/WEB_LISTING/0/id.pro.es.image.master/da/80/be/844034972.jpg", "externalReference": "240841", "numPhotos": 29, "floor": "1", "price": 330000.0, "propertyType": "flat", "operation": "sale", "size": 88.0, "exterior": true, "rooms": 3, "bathrooms": 2, "address": "barrio El Guinard\u00f3", "province": "Barcelona", "municipality": "Barcelona", "district": "Horta Guinard\u00f3", "country": "es", "neighborhood": "El Guinard\u00f3", "latitude": 41.4187666, "longitude": 2.1799007, "showAddress": false, "url": "https://www.idealista.com/inmueble/91901664/", "distance": "2648", "hasVideo": false, "status": "good", "newDevelopment": false, "hasLift": true, "priceByArea": 3750.0, "detailedType": {"typology": "flat"}, "suggestedTexts": {"subtitle": "El Guinard\u00f3, Barcelona", "title": "Piso"}, "hasPlan": true, "has3DTour": true, "has360": true, "hasStaging": false, "topNewDevelopment": false}, {"propertyCode": "86767977", "thumbnail": "https://img3.idealista.com/blur/WEB_LISTING/0/id.pro.es.image.master/21/c2/e4/710096240.jpg", "numPhotos": 24, "floor": "1", "price": 470000.0, "propertyType": "flat", "operation": "sale", "size": 104.0, "exterior": true, "rooms": 3, "bathrooms": 2, "address": "Calle MARTI", "province": "Barcelona", "municipality": "Barcelona", "district": "Gr\u00e0cia", "country": "es", "neighborhood": "El Camp d'En Grassot i Gr\u00e0cia Nova", "latitude": 41.4098654, "longitude": 2.1591392, "showAddress": false, "url": "https://www.idealista.com/inmueble/86767977/", "distance": "2949", "hasVideo": true, "status": "good", "newDevelopment": false, "hasLift": true, "parkingSpace": {"hasParkingSpace": true, "isParkingSpaceIncludedInPrice": true}, "priceByArea": 4519.0, "detailedType": {"typology": "flat"}, "suggestedTexts": {"subtitle": "El Camp d'En Grassot i Gr\u00e0cia Nova, Barcelona", "title": "Piso en Calle MARTI"}, "hasPlan": true, "has3DTour": false, "has360": true, "hasStaging": false, "topNewDevelopment": false}, {"propertyCode": "88841013", "thumbnail": "https://img3.idealista.com/blur/WEB_LISTING/0/id.pro.es.image.master/f6/3f/d7/756735619.jpg", "externalReference": "W-02I842", "numPhotos": 22, "floor": "8", "price": 293000.0, "propertyType": "flat", "operation": "sale", "size": 80.0, "exterior": false, "rooms": 2, "bathrooms": 1, "address": "barrio La Vall d'Hebron - La Clota", "province": "Barcelona", "municipality": "Barcelona", "district": "Horta Guinard\u00f3", "country": "es", "neighborhood": "La Vall d'Hebron - La Clota", "latitude": 41.4357512, "longitude": 2.1517783, "showAddress": false, "url": "https://www.idealista.com/inmueble/88841013/", "distance": "567", "hasVideo": false, "status": "good", "newDevelopment": false, "hasLift": true, "priceByArea": 3663.0, "detailedType": {"typology": "flat"}, "suggestedTexts": {"subtitle": "La Vall d'Hebron - La Clota, Barcelona", "title": "Piso"}, "hasPlan": true, "has3DTour": false, "has360": true, "hasStaging": false, "topNewDevelopment": false}, {"propertyCode": "92493153", "thumbnail": "https://img3.idealista.com/blur/WEB_LISTING/0/id.pro.es.image.master/cc/7e/86/855823851.jpg", "externalReference": "GV613", "numPhotos": 19, "floor": "7", "price": 388000.0, "propertyType": "flat", "operation": "sale", "size": 101.0, "exterior": true, "rooms": 2, "bathrooms": 1, "address": "Calle de Pi i Margall", "province": "Barcelona", "municipality": "Barcelona", "district": "Gr\u00e0cia", "country": "es", "neighborhood": "El Camp d'En Grassot i Gr\u00e0cia Nova", "latitude": 41.4097522, "longitude": 2.1649057, "showAddress": false, "url": "https://www.idealista.com/inmueble/92493153/", "distance": "3009", "hasVideo": true, "status": "good", "newDevelopment": false, "hasLift": true, "priceByArea": 3842.0, "detailedType": {"typology": "flat"}, "suggestedTexts": {"subtitle": "El Camp d'En Grassot i Gr\u00e0cia Nova, Barcelona", "title": "Piso en Calle de Pi i Margall"}, "hasPlan": true, "has3DTour": false, "has360": true, "hasStaging": false, "topNewDevelopment": false}, {"propertyCode": "92764073", "thumbnail": "https://img3.idealista.com/blur/WEB_LISTING/0/id.pro.es.image.master/a0/2e/77/848286284.jpg", "externalReference": "SP100YR", "numPhotos": 37, "floor": "bj", "price": 745000.0, "propertyType": "flat", "operation": "sale", "size": 207.0, "exterior": true, "rooms": 3, "bathrooms": 2, "address": "barrio El Putxet i el Farr\u00f3", "province": "Barcelona", "municipality": "Barcelona", "district": "Sarri\u00e0-Sant Gervasi", "country": "es", "neighborhood": "El Putxet i el Farr\u00f3", "latitude": 41.4105581, "longitude": 2.1426154, "showAddress": false, "url": "https://www.idealista.com/inmueble/92764073/", "distance": "3164", "hasVideo": true, "status": "good", "newDevelopment": false, "hasLift": true, "priceByArea": 3599.0, "detailedType": {"typology": "flat"}, "suggestedTexts": {"subtitle": "El Putxet i el Farr\u00f3, Barcelona", "title": "Piso"}, "hasPlan": true, "has3DTour": false, "has360": true, "hasStaging": false, "topNewDevelopment": false}, {"propertyCode": "93199277", "thumbnail": "https://img3.idealista.com/blur/WEB_LISTING/0/id.pro.es.image.master/12/d2/53/856807328.jpg", "numPhotos": 24, "floor": "2", "price": 166000.0, "propertyType": "flat", "operation": "sale", "size": 63.0, "exterior": true, "rooms": 3, "bathrooms": 1, "address": "Mol\u00ed", "province": "Barcelona", "municipality": "Barcelona", "district": "Nou Barris", "country": "es", "neighborhood": "La Prosperitat", "latitude": 41.442935, "longitude": 2.1795681, "showAddress": false, "url": "https://www.idealista.com/inmueble/93199277/", "distance": "1898", "hasVideo": false, "status": "good", "newDevelopment": false, "hasLift": false, "priceByArea": 2635.0, "detailedType": {"typology": "flat"}, "suggestedTexts": {"subtitle": "La Prosperitat, Barcelona", "title": "Piso en Mol\u00ed"}, "hasPlan": true, "has3DTour": false, "has360": false, "hasStaging": false, "topNewDevelopment": false}, {"propertyCode": "92057260", "thumbnail": "https://img3.idealista.com/blur/WEB_LISTING/0/id.pro.es.image.master/df/32/87/829778545.jpg", "externalReference": "Pza Sanllehy - vda", "numPhotos": 53, "price": 775000.0, "propertyType": "chalet", "operation": "sale", "size": 250.0, "exterior": false, "rooms": 4, "bathrooms": 4, "address": "Calle de Miquel dels Sants Oliver", "province": "Barcelona", "municipality": "Barcelona", "district": "Horta Guinard\u00f3", "country": "es", "neighborhood": "Can Bar\u00f3", "latitude": 41.4157488, "longitude": 2.1596228, "showAddress": false, "url": "https://www.idealista.com/inmueble/92057260/", "distance": "2296", "hasVideo": true, "status": "good", "newDevelopment": false, "parkingSpace": {"hasParkingSpace": true, "isParkingSpaceIncludedInPrice": true}, "priceByArea": 3100.0, "detailedType": {"typology": "chalet", "subTypology": "semidetachedHouse"}, "suggestedTexts": {"subtitle": "Can Bar\u00f3, Barcelona", "title": "Chalet pareado en Calle de Miquel dels Sants Oliver"}, "hasPlan": true, "has3DTour": false, "has360": true, "hasStaging": false, "topNewDevelopment": false}, {"propertyCode": "85190976", "thumbnail": "https://img3.idealista.com/blur/WEB_LISTING/0/id.pro.es.image.master/c9/7c/d7/804946018.jpg", "externalReference": "SP151FM", "numPhotos": 29, "floor": "3", "price": 549000.0, "propertyType": "flat", "operation": "sale", "size": 118.0, "exterior": true, "rooms": 3, "bathrooms": 2, "address": "Paseo de Sant Gervasi, Barcelona", "province": "Barcelona", "municipality": "Barcelona", "district": "Sarri\u00e0-Sant Gervasi", "country": "es", "neighborhood": "El Putxet i el Farr\u00f3", "latitude": 41.4132817, "longitude": 2.1392877, "showAddress": false, "url": "https://www.idealista.com/inmueble/85190976/", "distance": "3029", "hasVideo": true, "status": "good", "newDevelopment": false, "hasLift": true, "priceByArea": 4653.0, "detailedType": {"typology": "flat"}, "suggestedTexts": {"subtitle": "El Putxet i el Farr\u00f3, Barcelona", "title": "Piso en Paseo de Sant Gervasi, Barcelona"}, "hasPlan": true, "has3DTour": false, "has360": true, "hasStaging": false, "topNewDevelopment": false}, {"propertyCode": "89705491", "thumbnail": "https://img3.idealista.com/blur/WEB_LISTING/0/id.pro.es.image.master/a8/50/80/800885015.jpg", "externalReference": "0951", "numPhotos": 25, "floor": "2", "price": 399000.0, "propertyType": "flat", "operation": "sale", "size": 105.0, "exterior": true, "rooms": 4, "bathrooms": 2, "address": "barrio El Putxet i el Farr\u00f3", "province": "Barcelona", "municipality": "Barcelona", "district": "Sarri\u00e0-Sant Gervasi", "country": "es", "neighborhood": "El Putxet i el Farr\u00f3", "latitude": 41.4114666, "longitude": 2.139694, "showAddress": false, "url": "https://www.idealista.com/inmueble/89705491/", "distance": "3185", "hasVideo": false, "status": "good", "newDevelopment": false, "hasLift": true, "priceByArea": 3800.0, "detailedType": {"typology": "flat"}, "suggestedTexts": {"subtitle": "El Putxet i el Farr\u00f3, Barcelona", "title": "Piso"}, "hasPlan": true, "has3DTour": false, "has360": true, "hasStaging": false, "topNewDevelopment": false}, {"propertyCode": "38881514", "thumbnail": "https://img3.idealista.com/blur/WEB_LISTING/0/id.pro.es.image.master/76/10/3f/848273788.jpg", "externalReference": "BCN04915", "numPhotos": 29, "floor": "2", "price": 800000.0, "propertyType": "duplex", "operation": "sale", "size": 197.0, "exterior": true, "rooms": 3, "bathrooms": 3, "address": "barrio El Putxet i el Farr\u00f3", "province": "Barcelona", "municipality": "Barcelona", "district": "Sarri\u00e0-Sant Gervasi", "country": "es", "neighborhood": "El Putxet i el Farr\u00f3", "latitude": 41.4099121, "longitude": 2.1450005, "showAddress": false, "url": "https://www.idealista.com/inmueble/38881514/", "distance": "3152", "hasVideo": false, "status": "good", "newDevelopment": false, "hasLift": true, "parkingSpace": {"hasParkingSpace": true, "isParkingSpaceIncludedInPrice": false, "parkingSpacePrice": 20000.0}, "priceByArea": 4061.0, "detailedType": {"typology": "flat", "subTypology": "duplex"}, "suggestedTexts": {"subtitle": "El Putxet i el Farr\u00f3, Barcelona", "title": "D\u00faplex"}, "hasPlan": true, "has3DTour": false, "has360": true, "hasStaging": false, "topNewDevelopment": false}, {"propertyCode": "92023188", "thumbnail": "https://img3.idealista.com/blur/WEB_LISTING/0/id.pro.es.image.master/79/4a/7b/828891907.jpg", "externalReference": "1442", "numPhotos": 29, "price": 760000.0, "propertyType": "flat", "operation": "sale", "size": 120.0, "exterior": true, "rooms": 3, "bathrooms": 2, "address": "barrio Vallcarca i els Penitents", "province": "Barcelona", "municipality": "Barcelona", "district": "Gr\u00e0cia", "country": "es", "neighborhood": "Vallcarca i els Penitents", "latitude": 41.4159354, "longitude": 2.1385804, "showAddress": false, "url": "https://www.idealista.com/inmueble/92023188/", "distance": "2817", "hasVideo": false, "status": "good", "newDevelopment": false, "hasLift": true, "parkingSpace": {"hasParkingSpace": true, "isParkingSpaceIncludedInPrice": true}, "priceByArea": 6333.0, "detailedType": {"typology": "flat"}, "suggestedTexts": {"subtitle": "Vallcarca i els Penitents, Barcelona", "title": "Piso"}, "hasPlan": false, "has3DTour": false, "has360": true, "hasStaging": false, "topNewDevelopment": false}, {"propertyCode": "93155700", "thumbnail": "https://img3.idealista.com/blur/WEB_LISTING/0/id.pro.es.image.master/89/9b/f2/855691565.jpg", "externalReference": "D-40702", "numPhotos": 27, "floor": "4", "price": 190000.0, "propertyType": "flat", "operation": "sale", "size": 82.0, "exterior": true, "rooms": 4, "bathrooms": 1, "address": "Calle de Travau", "province": "Barcelona", "municipality": "Barcelona", "district": "Nou Barris", "country": "es", "neighborhood": "Can Peguera - El Tur\u00f3 de la Peira", "latitude": 41.4306786, "longitude": 2.1633246, "showAddress": false, "url": "https://www.idealista.com/inmueble/93155700/", "distance": "750", "hasVideo": true, "status": "good", "newDevelopment": false, "hasLift": true, "priceByArea": 2317.0, "detailedType": {"typology": "flat"}, "suggestedTexts": {"subtitle": "Can Peguera - El Tur\u00f3 de la Peira, Barcelona", "title": "Piso en Calle de Travau"}, "hasPlan": true, "has3DTour": false, "has360": false, "hasStaging": false, "topNewDevelopment": false}, {"propertyCode": "92704898", "thumbnail": "https://img3.idealista.com/blur/WEB_LISTING/0/id.pro.es.image.master/d9/f5/2a/846075815.jpg", "externalReference": "3786", "numPhotos": 37, "floor": "1", "price": 199000.0, "propertyType": "flat", "operation": "sale", "size": 71.0, "exterior": true, "rooms": 2, "bathrooms": 1, "address": "Calle del Doctor Pi i Molist", "province": "Barcelona", "municipality": "Barcelona", "district": "Nou Barris", "country": "es", "neighborhood": "Porta", "latitude": 41.4307302, "longitude": 2.1744089, "showAddress": false, "url": "https://www.idealista.com/inmueble/92704898/", "distance": "1465", "hasVideo": true, "status": "good", "newDevelopment": false, "hasLift": false, "priceByArea": 2803.0, "detailedType": {"typology": "flat"}, "suggestedTexts": {"subtitle": "Porta, Barcelona", "title": "Piso en Calle del Doctor Pi i Molist"}, "hasPlan": true, "has3DTour": false, "has360": false, "hasStaging": false, "topNewDevelopment": false}, {"propertyCode": "88470131", "thumbnail": "https://img3.idealista.com/blur/WEB_LISTING/0/id.pro.es.image.master/a9/ec/ec/856402860.jpg", "externalReference": "190140", "numPhotos": 18, "floor": "8", "price": 293000.0, "propertyType": "flat", "operation": "sale", "size": 80.0, "exterior": true, "rooms": 2, "bathrooms": 1, "address": "barrio La Vall d'Hebron - La Clota", "province": "Barcelona", "municipality": "Barcelona", "district": "Horta Guinard\u00f3", "country": "es", "neighborhood": "La Vall d'Hebron - La Clota", "latitude": 41.433883, "longitude": 2.147915, "showAddress": false, "url": "https://www.idealista.com/inmueble/88470131/", "distance": "928", "hasVideo": false, "status": "good", "newDevelopment": false, "hasLift": true, "priceByArea": 3663.0, "detailedType": {"typology": "flat"}, "suggestedTexts": {"subtitle": "La Vall d'Hebron - La Clota, Barcelona", "title": "Piso"}, "hasPlan": false, "has3DTour": false, "has360": true, "hasStaging": false, "topNewDevelopment": false}, {"propertyCode": "92570105", "thumbnail": "https://img3.idealista.com/blur/WEB_LISTING/0/id.pro.es.image.master/df/20/4e/843617997.jpg", "externalReference": "VB2101025", "numPhotos": 36, "floor": "3", "price": 290000.0, "propertyType": "flat", "operation": "sale", "size": 76.0, "exterior": true, "rooms": 3, "bathrooms": 2, "address": "Avenida de la Mare de D\u00e9u de Montserrat", "province": "Barcelona", "municipality": "Barcelona", "district": "Horta Guinard\u00f3", "country": "es", "neighborhood": "El Guinard\u00f3", "latitude": 41.4233851, "longitude": 2.1741268, "showAddress": false, "url": "https://www.idealista.com/inmueble/92570105/", "distance": "1944", "hasVideo": true, "status": "good", "newDevelopment": false, "hasLift": true, "priceByArea": 3816.0, "detailedType": {"typology": "flat"}, "suggestedTexts": {"subtitle": "El Guinard\u00f3, Barcelona", "title": "Piso en Avenida de la Mare de D\u00e9u de Montserrat"}, "hasPlan": true, "has3DTour": false, "has360": false, "hasStaging": false, "topNewDevelopment": false}, {"propertyCode": "91405658", "thumbnail": "https://img3.idealista.com/blur/WEB_LISTING/0/id.pro.es.image.master/56/ff/ab/848904128.jpg", "externalReference": "242862", "numPhotos": 24, "floor": "1", "price": 250000.0, "propertyType": "flat", "operation": "sale", "size": 85.0, "exterior": true, "rooms": 3, "bathrooms": 1, "address": "barrio El Guinard\u00f3", "province": "Barcelona", "municipality": "Barcelona", "district": "Horta Guinard\u00f3", "country": "es", "neighborhood": "El Guinard\u00f3", "latitude": 41.4190609, "longitude": 2.1713175, "showAddress": false, "url": "https://www.idealista.com/inmueble/91405658/", "distance": "2201", "hasVideo": false, "status": "good", "newDevelopment": false, "hasLift": true, "priceByArea": 2941.0, "detailedType": {"typology": "flat"}, "suggestedTexts": {"subtitle": "El Guinard\u00f3, Barcelona", "title": "Piso"}, "hasPlan": true, "has3DTour": false, "has360": false, "hasStaging": false, "topNewDevelopment": false}, {"propertyCode": "92966399", "thumbnail": "https://img3.idealista.com/blur/WEB_LISTING/0/id.pro.es.image.master/1a/fb/cf/852213548.jpg", "externalReference": "246831", "numPhotos": 26, "floor": "1", "price": 200000.0, "propertyType": "flat", "operation": "sale", "size": 83.0, "exterior": true, "rooms": 3, "bathrooms": 1, "address": "barrio Porta", "province": "Barcelona", "municipality": "Barcelona", "district": "Nou Barris", "country": "es", "neighborhood": "Porta", "latitude": 41.4314364, "longitude": 2.1810118, "showAddress": false, "url": "https://www.idealista.com/inmueble/92966399/", "distance": "1952", "hasVideo": false, "status": "good", "newDevelopment": false, "hasLift": false, "priceByArea": 2410.0, "detailedType": {"typology": "flat"}, "suggestedTexts": {"subtitle": "Porta, Barcelona", "title": "Piso"}, "hasPlan": true, "has3DTour": false, "has360": false, "hasStaging": false, "topNewDevelopment": false}, {"propertyCode": "92897091", "thumbnail": "https://img3.idealista.com/blur/WEB_LISTING/0/id.pro.es.image.master/b3/f4/bf/851437848.jpg", "externalReference": "246287", "numPhotos": 29, "floor": "6", "price": 320000.0, "propertyType": "flat", "operation": "sale", "size": 99.0, "exterior": true, "rooms": 4, "bathrooms": 1, "address": "barrio El Congr\u00e9s i els Indians", "province": "Barcelona", "municipality": "Barcelona", "district": "Sant Andreu", "country": "es", "neighborhood": "El Congr\u00e9s i els Indians", "latitude": 41.4238825, "longitude": 2.1826395, "showAddress": false, "url": "https://www.idealista.com/inmueble/92897091/", "distance": "2443", "hasVideo": false, "status": "good", "newDevelopment": false, "hasLift": true, "priceByArea": 3232.0, "detailedType": {"typology": "flat"}, "suggestedTexts": {"subtitle": "El Congr\u00e9s i els Indians, Barcelona", "title": "Piso"}, "hasPlan": true, "has3DTour": false, "has360": false, "hasStaging": false, "topNewDevelopment": false}, {"propertyCode": "93156612", "thumbnail": "https://img3.idealista.com/blur/WEB_LISTING/0/id.pro.es.image.master/90/a8/0d/855718585.jpg", "externalReference": "66382", "numPhotos": 28, "floor": "7", "price": 378000.0, "propertyType": "penthouse", "operation": "sale", "size": 171.0, "exterior": true, "rooms": 3, "bathrooms": 1, "address": "Calle del Marqu\u00e8s de Santillana", "province": "Barcelona", "municipality": "Barcelona", "district": "Sant Andreu", "country": "es", "neighborhood": "Sant Andreu", "latitude": 41.4289122, "longitude": 2.1947117, "showAddress": false, "url": "https://www.idealista.com/inmueble/93156612/", "distance": "3128", "hasVideo": false, "status": "good", "newDevelopment": false, "hasLift": true, "priceByArea": 2211.0, "detailedType": {"typology": "flat", "subTypology": "penthouse"}, "suggestedTexts": {"subtitle": "Sant Andreu, Barcelona", "title": "\u00c1tico en Calle del Marqu\u00e8s de Santillana"}, "hasPlan": true, "has3DTour": false, "has360": false, "hasStaging": false, "topNewDevelopment": false}, {"propertyCode": "92907407", "thumbnail": "https://img3.idealista.com/blur/WEB_LISTING/0/id.pro.es.image.master/54/d6/80/850782377.jpg", "externalReference": "v7342", "numPhotos": 29, "floor": "1", "price": 238000.0, "propertyType": "flat", "operation": "sale", "size": 74.0, "exterior": true, "rooms": 3, "bathrooms": 1, "address": "barrio El Guinard\u00f3", "province": "Barcelona", "municipality": "Barcelona", "district": "Horta Guinard\u00f3", "country": "es", "neighborhood": "El Guinard\u00f3", "latitude": 41.4244584, "longitude": 2.1728364, "showAddress": false, "url": "https://www.idealista.com/inmueble/92907407/", "distance": "1783", "hasVideo": true, "status": "good", "newDevelopment": false, "hasLift": true, "priceByArea": 3216.0, "detailedType": {"typology": "flat"}, "suggestedTexts": {"subtitle": "El Guinard\u00f3, Barcelona", "title": "Piso"}, "hasPlan": true, "has3DTour": false, "has360": false, "hasStaging": false, "topNewDevelopment": false}, {"propertyCode": "92560475", "thumbnail": "https://img3.idealista.com/blur/WEB_LISTING/0/id.pro.es.image.master/41/f3/e2/842679905.jpg", "externalReference": "243993", "numPhotos": 25, "floor": "2", "price": 880000.0, "propertyType": "flat", "operation": "sale", "size": 172.0, "exterior": true, "rooms": 3, "bathrooms": 3, "address": "barrio El Putxet i el Farr\u00f3", "province": "Barcelona", "municipality": "Barcelona", "district": "Sarri\u00e0-Sant Gervasi", "country": "es", "neighborhood": "El Putxet i el Farr\u00f3", "latitude": 41.4110355, "longitude": 2.1393086, "showAddress": false, "url": "https://www.idealista.com/inmueble/92560475/", "distance": "3243", "hasVideo": false, "status": "good", "newDevelopment": false, "hasLift": true, "priceByArea": 5116.0, "detailedType": {"typology": "flat"}, "suggestedTexts": {"subtitle": "El Putxet i el Farr\u00f3, Barcelona", "title": "Piso"}, "hasPlan": true, "has3DTour": false, "has360": false, "hasStaging": false, "topNewDevelopment": false}, {"propertyCode": "92175668", "thumbnail": "https://img3.idealista.com/blur/WEB_LISTING/0/id.pro.es.image.master/68/33/03/838949883.jpg", "externalReference": "238866", "numPhotos": 23, "floor": "1", "price": 149000.0, "propertyType": "flat", "operation": "sale", "size": 53.0, "exterior": true, "rooms": 3, "bathrooms": 1, "address": "barrio El Carmel", "province": "Barcelona", "municipality": "Barcelona", "district": "Horta Guinard\u00f3", "country": "es", "neighborhood": "El Carmel", "latitude": 41.4283216, "longitude": 2.157278, "showAddress": false, "url": "https://www.idealista.com/inmueble/92175668/", "distance": "903", "hasVideo": false, "status": "good", "newDevelopment": false, "hasLift": true, "priceByArea": 2811.0, "detailedType": {"typology": "flat"}, "suggestedTexts": {"subtitle": "El Carmel, Barcelona", "title": "Piso"}, "hasPlan": true, "has3DTour": false, "has360": false, "hasStaging": false, "topNewDevelopment": false}, {"propertyCode": "91955139", "thumbnail": "https://img3.idealista.com/blur/WEB_LISTING/0/id.pro.es.image.master/f2/b3/4c/827279994.jpg", "externalReference": "243848", "numPhotos": 24, "floor": "bj", "price": 170000.0, "propertyType": "flat", "operation": "sale", "size": 89.0, "exterior": true, "rooms": 2, "bathrooms": 1, "address": "barrio Les Roquetes", "province": "Barcelona", "municipality": "Barcelona", "district": "Nou Barris", "country": "es", "neighborhood": "Les Roquetes", "latitude": 41.4493846, "longitude": 2.1738333, "showAddress": false, "url": "https://www.idealista.com/inmueble/91955139/", "distance": "1926", "hasVideo": false, "status": "good", "newDevelopment": false, "hasLift": true, "priceByArea": 1910.0, "detailedType": {"typology": "flat"}, "suggestedTexts": {"subtitle": "Les Roquetes, Barcelona", "title": "Piso"}, "hasPlan": true, "has3DTour": false, "has360": false, "hasStaging": false, "topNewDevelopment": false}, {"propertyCode": "88750888", "thumbnail": "https://img3.idealista.com/blur/WEB_LISTING/0/id.pro.es.image.master/91/61/f4/831102999.jpg", "externalReference": "232277", "numPhotos": 24, "floor": "7", "price": 320000.0, "propertyType": "flat", "operation": "sale", "size": 88.0, "exterior": true, "rooms": 3, "bathrooms": 1, "address": "barrio El Camp de l'Arpa del Clot", "province": "Barcelona", "municipality": "Barcelona", "district": "Sant Mart\u00ed", "country": "es", "neighborhood": "El Camp de l'Arpa del Clot", "latitude": 41.4126507, "longitude": 2.1788903, "showAddress": false, "url": "https://www.idealista.com/inmueble/88750888/", "distance": "3137", "hasVideo": false, "status": "renew", "newDevelopment": false, "hasLift": true, "priceByArea": 3636.0, "detailedType": {"typology": "flat"}, "suggestedTexts": {"subtitle": "El Camp de l'Arpa del Clot, Barcelona", "title": "Piso"}, "hasPlan": true, "has3DTour": false, "has360": false, "hasStaging": false, "topNewDevelopment": false}, {"propertyCode": "88407548", "thumbnail": "https://img3.idealista.com/blur/WEB_LISTING/0/id.pro.es.image.master/26/8e/26/776434917.jpg", "externalReference": "234075", "numPhotos": 25, "floor": "3", "price": 176000.0, "propertyType": "flat", "operation": "sale", "size": 104.0, "exterior": true, "rooms": 3, "bathrooms": 1, "address": "barrio La Trinitat Vella", "province": "Barcelona", "municipality": "Barcelona", "district": "Sant Andreu", "country": "es", "neighborhood": "La Trinitat Vella", "latitude": 41.4505644, "longitude": 2.188824, "showAddress": false, "url": "https://www.idealista.com/inmueble/88407548/", "distance": "2975", "hasVideo": false, "status": "good", "newDevelopment": false, "hasLift": false, "priceByArea": 1692.0, "detailedType": {"typology": "flat"}, "suggestedTexts": {"subtitle": "La Trinitat Vella, Barcelona", "title": "Piso"}, "hasPlan": true, "has3DTour": false, "has360": false, "hasStaging": false, "topNewDevelopment": false}, {"propertyCode": "84655700", "thumbnail": "https://img3.idealista.com/blur/WEB_LISTING/0/id.pro.es.image.master/dc/72/b8/776427954.jpg", "externalReference": "222379", "numPhotos": 25, "floor": "3", "price": 190000.0, "propertyType": "flat", "operation": "sale", "size": 59.0, "exterior": true, "rooms": 3, "bathrooms": 1, "address": "barrio Porta", "province": "Barcelona", "municipality": "Barcelona", "district": "Nou Barris", "country": "es", "neighborhood": "Porta", "latitude": 41.4336264, "longitude": 2.1772405, "showAddress": false, "url": "https://www.idealista.com/inmueble/84655700/", "distance": "1589", "hasVideo": false, "status": "good", "newDevelopment": false, "hasLift": true, "priceByArea": 3220.0, "detailedType": {"typology": "flat"}, "suggestedTexts": {"subtitle": "Porta, Barcelona", "title": "Piso"}, "hasPlan": true, "has3DTour": false, "has360": false, "hasStaging": false, "topNewDevelopment": false}, {"propertyCode": "92816084", "thumbnail": "https://img3.idealista.com/blur/WEB_LISTING/0/id.pro.es.image.master/08/25/c9/848820420.jpg", "externalReference": "019-21", "numPhotos": 19, "floor": "1", "price": 368000.0, "propertyType": "flat", "operation": "sale", "size": 85.0, "exterior": true, "rooms": 3, "bathrooms": 2, "address": "Calle de les Cam\u00e8lies", "province": "Barcelona", "municipality": "Barcelona", "district": "Horta Guinard\u00f3", "country": "es", "neighborhood": "El Baix Guinard\u00f3", "latitude": 41.4117876, "longitude": 2.1643701, "showAddress": false, "url": "https://www.idealista.com/inmueble/92816084/", "distance": "2778", "hasVideo": false, "status": "good", "newDevelopment": false, "hasLift": true, "priceByArea": 4329.0, "detailedType": {"typology": "flat"}, "suggestedTexts": {"subtitle": "El Baix Guinard\u00f3, Barcelona", "title": "Piso en Calle de les Cam\u00e8lies"}, "hasPlan": false, "has3DTour": false, "has360": false, "hasStaging": false, "topNewDevelopment": false}, {"propertyCode": "92773926", "thumbnail": "https://img3.idealista.com/blur/WEB_LISTING/0/id.pro.es.image.master/c1/bd/3e/847799675.jpg", "externalReference": "v59", "numPhotos": 42, "floor": "5", "price": 335000.0, "propertyType": "flat", "operation": "sale", "size": 90.0, "exterior": true, "rooms": 4, "bathrooms": 2, "address": "Calle de Pi i Margall, 77", "province": "Barcelona", "municipality": "Barcelona", "district": "Gr\u00e0cia", "country": "es", "neighborhood": "El Camp d'En Grassot i Gr\u00e0cia Nova", "latitude": 41.4099759, "longitude": 2.1640507, "showAddress": true, "url": "https://www.idealista.com/inmueble/92773926/", "distance": "2972", "hasVideo": true, "status": "good", "newDevelopment": false, "hasLift": true, "priceByArea": 3722.0, "detailedType": {"typology": "flat"}, "suggestedTexts": {"subtitle": "El Camp d'En Grassot i Gr\u00e0cia Nova, Barcelona", "title": "Piso en Calle de Pi i Margall, 77"}, "hasPlan": false, "has3DTour": false, "has360": true, "hasStaging": false, "topNewDevelopment": false}, {"propertyCode": "93157330", "thumbnail": "https://img3.idealista.com/blur/WEB_LISTING/0/id.pro.es.image.master/f9/e8/44/855736577.jpg", "externalReference": "V-VALLCARCAM", "numPhotos": 29, "floor": "2", "price": 265000.0, "propertyType": "flat", "operation": "sale", "size": 65.0, "exterior": true, "rooms": 3, "bathrooms": 1, "address": "Avenida Vallcarca", "province": "Barcelona", "municipality": "Barcelona", "district": "Gr\u00e0cia", "country": "es", "neighborhood": "Vallcarca i els Penitents", "latitude": 41.4187878, "longitude": 2.1417252, "showAddress": false, "url": "https://www.idealista.com/inmueble/93157330/", "distance": "2407", "hasVideo": false, "status": "good", "newDevelopment": false, "hasLift": false, "priceByArea": 4077.0, "detailedType": {"typology": "flat"}, "suggestedTexts": {"subtitle": "Vallcarca i els Penitents, Barcelona", "title": "Piso en Avenida Vallcarca"}, "hasPlan": true, "has3DTour": true, "has360": false, "hasStaging": false, "topNewDevelopment": false}, {"propertyCode": "91738528", "thumbnail": "https://img3.idealista.com/blur/WEB_LISTING/0/id.pro.es.image.master/32/71/c5/822079408.jpg", "externalReference": "4498", "numPhotos": 26, "price": 255000.0, "propertyType": "flat", "operation": "sale", "size": 68.0, "exterior": true, "rooms": 2, "bathrooms": 1, "address": "Calle de Josep Sangen\u00eds", "province": "Barcelona", "municipality": "Barcelona", "district": "Horta Guinard\u00f3", "country": "es", "neighborhood": "La Teixonera", "latitude": 41.4253885, "longitude": 2.1511527, "showAddress": false, "url": "https://www.idealista.com/inmueble/91738528/", "distance": "1369", "hasVideo": false, "status": "good", "newDevelopment": false, "hasLift": true, "priceByArea": 3750.0, "detailedType": {"typology": "flat"}, "suggestedTexts": {"subtitle": "La Teixonera, Barcelona", "title": "Piso en Calle de Josep Sangen\u00eds"}, "hasPlan": true, "has3DTour": false, "has360": false, "hasStaging": false, "topNewDevelopment": false}, {"propertyCode": "92655102", "thumbnail": "https://img3.idealista.com/blur/WEB_LISTING/0/id.pro.es.image.master/8d/2a/56/844969766.jpg", "externalReference": "VB2102001", "numPhotos": 58, "price": 1900000.0, "propertyType": "chalet", "operation": "sale", "size": 582.0, "exterior": false, "rooms": 3, "bathrooms": 7, "address": "barrio El Camp d'En Grassot i Gr\u00e0cia Nova", "province": "Barcelona", "municipality": "Barcelona", "district": "Gr\u00e0cia", "country": "es", "neighborhood": "El Camp d'En Grassot i Gr\u00e0cia Nova", "latitude": 41.4115314, "longitude": 2.1640907, "showAddress": false, "url": "https://www.idealista.com/inmueble/92655102/", "distance": "2802", "hasVideo": true, "status": "good", "newDevelopment": false, "parkingSpace": {"hasParkingSpace": true, "isParkingSpaceIncludedInPrice": true}, "priceByArea": 3265.0, "detailedType": {"typology": "chalet"}, "suggestedTexts": {"subtitle": "El Camp d'En Grassot i Gr\u00e0cia Nova, Barcelona", "title": "Chalet"}, "hasPlan": true, "has3DTour": false, "has360": false, "hasStaging": false, "topNewDevelopment": false}, {"propertyCode": "92139064", "thumbnail": "https://img3.idealista.com/blur/WEB_LISTING/0/id.pro.es.image.master/87/e9/34/831920390.jpg", "externalReference": "W-02FZQR", "numPhotos": 30, "price": 480000.0, "propertyType": "chalet", "operation": "sale", "size": 207.0, "exterior": false, "rooms": 4, "bathrooms": 2, "address": "barrio El Carmel", "province": "Barcelona", "municipality": "Barcelona", "district": "Horta Guinard\u00f3", "country": "es", "neighborhood": "El Carmel", "latitude": 41.419505, "longitude": 2.1532501, "showAddress": false, "url": "https://www.idealista.com/inmueble/92139064/", "distance": "1928", "hasVideo": false, "status": "renew", "newDevelopment": false, "parkingSpace": {"hasParkingSpace": true, "isParkingSpaceIncludedInPrice": true}, "priceByArea": 2319.0, "detailedType": {"typology": "chalet", "subTypology": "independantHouse"}, "suggestedTexts": {"subtitle": "El Carmel, Barcelona", "title": "Casa independiente"}, "hasPlan": true, "has3DTour": false, "has360": false, "hasStaging": false, "topNewDevelopment": false}, {"propertyCode": "91784565", "thumbnail": "https://img3.idealista.com/blur/WEB_LISTING/0/id.pro.es.image.master/f2/ea/81/823214879.jpg", "externalReference": "VB2011005-1", "numPhotos": 21, "floor": "4", "price": 429000.0, "propertyType": "penthouse", "operation": "sale", "size": 80.0, "exterior": true, "rooms": 1, "bathrooms": 1, "address": "barrio Vallcarca i els Penitents", "province": "Barcelona", "municipality": "Barcelona", "district": "Gr\u00e0cia", "country": "es", "neighborhood": "Vallcarca i els Penitents", "latitude": 41.4114349, "longitude": 2.1499492, "showAddress": false, "url": "https://www.idealista.com/inmueble/91784565/", "distance": "2865", "hasVideo": true, "status": "good", "newDevelopment": false, "hasLift": true, "priceByArea": 5363.0, "detailedType": {"typology": "flat", "subTypology": "penthouse"}, "suggestedTexts": {"subtitle": "Vallcarca i els Penitents, Barcelona", "title": "\u00c1tico"}, "hasPlan": true, "has3DTour": false, "has360": false, "hasStaging": false, "topNewDevelopment": false}, {"propertyCode": "91730038", "thumbnail": "https://img3.idealista.com/blur/WEB_LISTING/0/id.pro.es.image.master/0a/fc/15/821871515.jpg", "externalReference": "CLK00/UV/2020/000283", "numPhotos": 21, "price": 144000.0, "propertyType": "flat", "operation": "sale", "size": 69.0, "exterior": true, "rooms": 3, "bathrooms": 1, "address": "Calle de la Conca de Tremp", "province": "Barcelona", "municipality": "Barcelona", "district": "Horta Guinard\u00f3", "country": "es", "neighborhood": "El Carmel", "latitude": 41.4225715, "longitude": 2.1566563, "showAddress": false, "url": "https://www.idealista.com/inmueble/91730038/", "distance": "1544", "hasVideo": false, "status": "good", "newDevelopment": false, "hasLift": true, "priceByArea": 2087.0, "detailedType": {"typology": "flat"}, "suggestedTexts": {"subtitle": "El Carmel, Barcelona", "title": "Piso en Calle de la Conca de Tremp"}, "hasPlan": false, "has3DTour": false, "has360": false, "hasStaging": false, "topNewDevelopment": false}, {"propertyCode": "91394499", "thumbnail": "https://img3.idealista.com/blur/WEB_LISTING/0/id.pro.es.image.master/18/11/ff/813555413.jpg", "externalReference": "W-02JUQK", "numPhotos": 27, "floor": "1", "price": 210000.0, "propertyType": "flat", "operation": "sale", "size": 63.0, "exterior": false, "rooms": 3, "bathrooms": 1, "address": "barrio Can Bar\u00f3", "province": "Barcelona", "municipality": "Barcelona", "district": "Horta Guinard\u00f3", "country": "es", "neighborhood": "Can Bar\u00f3", "latitude": 41.417384, "longitude": 2.1607676, "showAddress": false, "url": "https://www.idealista.com/inmueble/91394499/", "distance": "2121", "hasVideo": false, "status": "good", "newDevelopment": false, "hasLift": true, "priceByArea": 3333.0, "detailedType": {"typology": "flat"}, "suggestedTexts": {"subtitle": "Can Bar\u00f3, Barcelona", "title": "Piso"}, "hasPlan": true, "has3DTour": false, "has360": false, "hasStaging": false, "topNewDevelopment": false}, {"propertyCode": "91327142", "thumbnail": "https://img3.idealista.com/blur/WEB_LISTING/0/id.pro.es.image.master/14/8f/56/812046024.jpg", "externalReference": "W-02K3BJ", "numPhotos": 29, "floor": "4", "price": 309000.0, "propertyType": "flat", "operation": "sale", "size": 63.0, "exterior": false, "rooms": 2, "bathrooms": 1, "address": "barrio Navas", "province": "Barcelona", "municipality": "Barcelona", "district": "Sant Andreu", "country": "es", "neighborhood": "Navas", "latitude": 41.4230466, "longitude": 2.1831174, "showAddress": false, "url": "https://www.idealista.com/inmueble/91327142/", "distance": "2529", "hasVideo": false, "status": "good", "newDevelopment": false, "hasLift": true, "parkingSpace": {"hasParkingSpace": true, "isParkingSpaceIncludedInPrice": false, "parkingSpacePrice": 25000.0}, "priceByArea": 4905.0, "detailedType": {"typology": "flat"}, "suggestedTexts": {"subtitle": "Navas, Barcelona", "title": "Piso"}, "hasPlan": true, "has3DTour": false, "has360": false, "hasStaging": false, "topNewDevelopment": false}, {"propertyCode": "91006379", "thumbnail": "https://img3.idealista.com/blur/WEB_LISTING/0/id.pro.es.image.master/48/a0/d7/804675369.jpg", "externalReference": "W-02FB69", "numPhotos": 29, "floor": "1", "price": 375000.0, "propertyType": "flat", "operation": "sale", "size": 100.0, "exterior": false, "rooms": 3, "bathrooms": 2, "address": "barrio El Putxet i el Farr\u00f3", "province": "Barcelona", "municipality": "Barcelona", "district": "Sarri\u00e0-Sant Gervasi", "country": "es", "neighborhood": "El Putxet i el Farr\u00f3", "latitude": 41.4123193, "longitude": 2.1384409, "showAddress": false, "url": "https://www.idealista.com/inmueble/91006379/", "distance": "3157", "hasVideo": false, "status": "renew", "newDevelopment": false, "hasLift": true, "priceByArea": 3750.0, "detailedType": {"typology": "flat"}, "suggestedTexts": {"subtitle": "El Putxet i el Farr\u00f3, Barcelona", "title": "Piso"}, "hasPlan": true, "has3DTour": false, "has360": false, "hasStaging": false, "topNewDevelopment": false}, {"propertyCode": "90710782", "thumbnail": "https://img3.idealista.com/blur/WEB_LISTING/0/id.pro.es.image.master/92/bb/9d/796681121.jpg", "externalReference": "1\u00ba 2\u00aa", "numPhotos": 33, "floor": "1", "price": 495000.0, "propertyType": "flat", "operation": "sale", "size": 115.0, "exterior": true, "rooms": 3, "bathrooms": 2, "address": "Plaza Guinard\u00f3, 10", "province": "Barcelona", "municipality": "Barcelona", "district": "Horta Guinard\u00f3", "country": "es", "neighborhood": "El Guinard\u00f3", "latitude": 41.4212712, "longitude": 2.1752265, "showAddress": true, "url": "https://www.idealista.com/obra-nueva/90710782/", "distance": "2182", "hasVideo": true, "status": "newdevelopment", "newDevelopment": true, "hasLift": true, "newDevelopmentFinished": false, "priceByArea": 4304.0, "detailedType": {"typology": "flat"}, "suggestedTexts": {"subtitle": "El Guinard\u00f3, Barcelona", "title": "Piso en Plaza Guinard\u00f3, 10"}, "hasPlan": true, "has3DTour": false, "has360": false, "hasStaging": false, "topNewDevelopment": false}, {"propertyCode": "90709777", "thumbnail": "https://img3.idealista.com/blur/WEB_LISTING/0/id.pro.es.image.master/e7/54/bd/796661083.jpg", "externalReference": "Bajos 1\u00ba", "numPhotos": 33, "floor": "bj", "price": 395000.0, "propertyType": "duplex", "operation": "sale", "size": 105.0, "exterior": true, "rooms": 0, "bathrooms": 1, "address": "Plaza Guinard\u00f3, 10", "province": "Barcelona", "municipality": "Barcelona", "district": "Horta Guinard\u00f3", "country": "es", "neighborhood": "El Guinard\u00f3", "latitude": 41.4212712, "longitude": 2.1752265, "showAddress": true, "url": "https://www.idealista.com/obra-nueva/90709777/", "distance": "2182", "hasVideo": true, "status": "newdevelopment", "newDevelopment": true, "hasLift": true, "newDevelopmentFinished": false, "priceByArea": 3762.0, "detailedType": {"typology": "flat", "subTypology": "duplex"}, "suggestedTexts": {"subtitle": "El Guinard\u00f3, Barcelona", "title": "D\u00faplex en Plaza Guinard\u00f3, 10"}, "hasPlan": true, "has3DTour": false, "has360": false, "hasStaging": false, "topNewDevelopment": false}, {"propertyCode": "90710185", "thumbnail": "https://img3.idealista.com/blur/WEB_LISTING/0/id.pro.es.image.master/c2/5c/13/796661059.jpg", "externalReference": "Bajos 2\u00aa", "numPhotos": 33, "floor": "bj", "price": 440000.0, "propertyType": "duplex", "operation": "sale", "size": 104.0, "exterior": true, "rooms": 2, "bathrooms": 2, "address": "Plaza Guinard\u00f3, 10", "province": "Barcelona", "municipality": "Barcelona", "district": "Horta Guinard\u00f3", "country": "es", "neighborhood": "El Guinard\u00f3", "latitude": 41.4212712, "longitude": 2.1752265, "showAddress": true, "url": "https://www.idealista.com/obra-nueva/90710185/", "distance": "2182", "hasVideo": true, "status": "newdevelopment", "newDevelopment": true, "hasLift": true, "newDevelopmentFinished": false, "priceByArea": 4231.0, "detailedType": {"typology": "flat", "subTypology": "duplex"}, "suggestedTexts": {"subtitle": "El Guinard\u00f3, Barcelona", "title": "D\u00faplex en Plaza Guinard\u00f3, 10"}, "hasPlan": true, "has3DTour": false, "has360": false, "hasStaging": false, "topNewDevelopment": false}, {"propertyCode": "90552513", "thumbnail": "https://img3.idealista.com/blur/WEB_LISTING/0/id.pro.es.image.master/04/b8/21/836973160.jpg", "externalReference": "W-02J8CQ", "numPhotos": 40, "floor": "6", "price": 349000.0, "propertyType": "penthouse", "operation": "sale", "size": 93.0, "exterior": false, "rooms": 2, "bathrooms": 2, "address": "barrio Can Bar\u00f3", "province": "Barcelona", "municipality": "Barcelona", "district": "Horta Guinard\u00f3", "country": "es", "neighborhood": "Can Bar\u00f3", "latitude": 41.4166076, "longitude": 2.1604742, "showAddress": false, "url": "https://www.idealista.com/inmueble/90552513/", "distance": "2205", "hasVideo": false, "status": "good", "newDevelopment": false, "hasLift": false, "priceByArea": 3753.0, "detailedType": {"typology": "flat", "subTypology": "penthouse"}, "suggestedTexts": {"subtitle": "Can Bar\u00f3, Barcelona", "title": "\u00c1tico"}, "hasPlan": true, "has3DTour": false, "has360": false, "hasStaging": false, "topNewDevelopment": false}, {"propertyCode": "90249097", "thumbnail": "https://img3.idealista.com/blur/WEB_LISTING/0/id.pro.es.image.master/9d/23/6a/786308584.jpg", "externalReference": "W-02J2XJ", "numPhotos": 32, "floor": "3", "price": 280000.0, "propertyType": "flat", "operation": "sale", "size": 80.0, "exterior": false, "rooms": 4, "bathrooms": 2, "address": "barrio Can Peguera - El Tur\u00f3 de la Peira", "province": "Barcelona", "municipality": "Barcelona", "district": "Nou Barris", "country": "es", "neighborhood": "Can Peguera - El Tur\u00f3 de la Peira", "latitude": 41.4320954, "longitude": 2.1684083, "showAddress": false, "url": "https://www.idealista.com/inmueble/90249097/", "distance": "951", "hasVideo": false, "status": "good", "newDevelopment": false, "hasLift": true, "priceByArea": 3500.0, "detailedType": {"typology": "flat"}, "suggestedTexts": {"subtitle": "Can Peguera - El Tur\u00f3 de la Peira, Barcelona", "title": "Piso"}, "hasPlan": true, "has3DTour": false, "has360": false, "hasStaging": false, "topNewDevelopment": false}, {"propertyCode": "89447341", "thumbnail": "https://img3.idealista.com/blur/WEB_LISTING/0/id.pro.es.image.master/a1/62/ec/771644190.jpg", "externalReference": "W-02ITJX", "numPhotos": 34, "floor": "8", "price": 495000.0, "propertyType": "penthouse", "operation": "sale", "size": 116.0, "exterior": false, "rooms": 3, "bathrooms": 2, "address": "barrio Can Bar\u00f3", "province": "Barcelona", "municipality": "Barcelona", "district": "Horta Guinard\u00f3", "country": "es", "neighborhood": "Can Bar\u00f3", "latitude": 41.4136736, "longitude": 2.1622082, "showAddress": false, "url": "https://www.idealista.com/inmueble/89447341/", "distance": "2544", "hasVideo": false, "status": "good", "newDevelopment": false, "hasLift": true, "parkingSpace": {"hasParkingSpace": true, "isParkingSpaceIncludedInPrice": true}, "priceByArea": 4267.0, "detailedType": {"typology": "flat", "subTypology": "penthouse"}, "suggestedTexts": {"subtitle": "Can Bar\u00f3, Barcelona", "title": "\u00c1tico"}, "hasPlan": true, "has3DTour": false, "has360": false, "hasStaging": false, "topNewDevelopment": false}, {"propertyCode": "88888638", "thumbnail": "https://img3.idealista.com/blur/WEB_LISTING/0/id.pro.es.image.master/e1/45/1d/757939761.jpg", "externalReference": "W-02ICES", "numPhotos": 22, "floor": "-1", "price": 175000.0, "propertyType": "flat", "operation": "sale", "size": 48.0, "exterior": false, "rooms": 1, "bathrooms": 1, "address": "barrio Vallcarca i els Penitents", "province": "Barcelona", "municipality": "Barcelona", "district": "Gr\u00e0cia", "country": "es", "neighborhood": "Vallcarca i els Penitents", "latitude": 41.4115235, "longitude": 2.1460537, "showAddress": false, "url": "https://www.idealista.com/inmueble/88888638/", "distance": "2954", "hasVideo": false, "status": "good", "newDevelopment": false, "hasLift": true, "priceByArea": 3646.0, "detailedType": {"typology": "flat"}, "suggestedTexts": {"subtitle": "Vallcarca i els Penitents, Barcelona", "title": "Piso"}, "hasPlan": true, "has3DTour": false, "has360": false, "hasStaging": false, "topNewDevelopment": false}]