[{"propertyCode": "91871699", "thumbnail": "https://img3.idealista.com/blur/WEB_LISTING/0/id.pro.es.image.master/de/b4/55/825275685.jpg", "externalReference": "VB2011034", "numPhotos": 22, "floor": "3", "price": 395000.0, "propertyType": "flat", "operation": "sale", "size": 85.0, "exterior": true, "rooms": 2, "bathrooms": 1, "address": "barrio Vila de Gr\u00e0cia", "province": "Barcelona", "municipality": "Barcelona", "district": "Gr\u00e0cia", "country": "es", "neighborhood": "Vila de Gr\u00e0cia", "latitude": 41.4044064, "longitude": 2.1528527, "showAddress": false, "url": "https://www.idealista.com/inmueble/91871699/", "distance": "395", "hasVideo": true, "status": "good", "newDevelopment": false, "hasLift": false, "priceByArea": 4647.0, "detailedType": {"typology": "flat"}, "suggestedTexts": {"subtitle": "Vila de Gr\u00e0cia, Barcelona", "title": "Piso"}, "hasPlan": true, "has3DTour": true, "has360": false, "hasStaging": false, "topNewDevelopment": false}, {"propertyCode": "89854790", "thumbnail": "https://img3.idealista.com/blur/WEB_LISTING/0/id.pro.es.image.master/6a/79/4e/778082835.jpg", "externalReference": "14092", "numPhotos": 33, "floor": "1", "price": 999000.0, "propertyType": "flat", "operation": "sale", "size": 250.0, "exterior": true, "rooms": 5, "bathrooms": 3, "address": "barrio Sant Gervasi - Galvany", "province": "Barcelona", "municipality": "Barcelona", "district": "Sarri\u00e0-Sant Gervasi", "country": "es", "neighborhood": "Sant Gervasi - Galvany", "latitude": 41.3956444, "longitude": 2.1549884, "showAddress": false, "url": "https://www.idealista.com/inmueble/89854790/", "distance": "610", "hasVideo": false, "status": "renew", "newDevelopment": false, "hasLift": true, "priceByArea": 3996.0, "detailedType": {"typology": "flat"}, "suggestedTexts": {"subtitle": "Sant Gervasi - Galvany, Barcelona", "title": "Piso"}, "hasPlan": true, "has3DTour": true, "has360": false, "hasStaging": false, "topNewDevelopment": false}, {"propertyCode": "88585464", "thumbnail": "https://img3.idealista.com/blur/WEB_LISTING/0/id.pro.es.image.master/c7/07/04/756034472.jpg", "externalReference": "W-02I18U", "numPhotos": 32, "floor": "3", "price": 850000.0, "propertyType": "flat", "operation": "sale", "size": 150.0, "exterior": false, "rooms": 4, "bathrooms": 2, "address": "barrio Sant Gervasi - Galvany", "province": "Barcelona", "municipality": "Barcelona", "district": "Sarri\u00e0-Sant Gervasi", "country": "es", "neighborhood": "Sant Gervasi - Galvany", "latitude": 41.3964793, "longitude": 2.1517862, "showAddress": false, "url": "https://www.idealista.com/inmueble/88585464/", "distance": "572", "hasVideo": false, "status": "good", "newDevelopment": false, "hasLift": true, "priceByArea": 5667.0, "detailedType": {"typology": "flat"}, "suggestedTexts": {"subtitle": "Sant Gervasi - Galvany, Barcelona", "title": "Piso"}, "hasPlan": true, "has3DTour": true, "has360": false, "hasStaging": false, "topNewDevelopment": false}, {"propertyCode": "85493774", "thumbnail": "https://img3.idealista.com/blur/WEB_LISTING/0/id.pro.es.image.master/b4/84/0a/771646001.jpg", "externalReference": "W-02ECLK", "numPhotos": 36, "floor": "bj", "price": 750000.0, "propertyType": "flat", "operation": "sale", "size": 202.0, "exterior": false, "rooms": 1, "bathrooms": 2, "address": "barrio Vila de Gr\u00e0cia", "province": "Barcelona", "municipality": "Barcelona", "district": "Gr\u00e0cia", "country": "es", "neighborhood": "Vila de Gr\u00e0cia", "latitude": 41.4005828, "longitude": 2.1558008, "showAddress": false, "url": "https://www.idealista.com/inmueble/85493774/", "distance": "109", "hasVideo": false, "status": "good", "newDevelopment": false, "hasLift": false, "parkingSpace": {"hasParkingSpace": true, "isParkingSpaceIncludedInPrice": true}, "priceByArea": 3713.0, "detailedType": {"typology": "flat"}, "suggestedTexts": {"subtitle": "Vila de Gr\u00e0cia, Barcelona", "title": "Piso"}, "hasPlan": true, "has3DTour": true, "has360": false, "hasStaging": false, "topNewDevelopment": false}, {"propertyCode": "87894859", "thumbnail": "https://img3.idealista.com/blur/WEB_LISTING/0/id.pro.es.image.master/d7/ca/a7/761771404.jpg", "externalReference": "VB1911059", "numPhotos": 35, "floor": "5", "price": 790000.0, "propertyType": "penthouse", "operation": "sale", "size": 134.0, "exterior": true, "rooms": 3, "bathrooms": 4, "address": "Calle de Mari\u00e0 Cub\u00ed", "province": "Barcelona", "municipality": "Barcelona", "district": "Sarri\u00e0-Sant Gervasi", "country": "es", "neighborhood": "Sant Gervasi - Galvany", "latitude": 41.3988899, "longitude": 2.1506489, "showAddress": false, "url": "https://www.idealista.com/inmueble/87894859/", "distance": "421", "hasVideo": false, "status": "good", "newDevelopment": false, "hasLift": true, "priceByArea": 5896.0, "detailedType": {"typology": "flat", "subTypology": "penthouse"}, "suggestedTexts": {"subtitle": "Sant Gervasi - Galvany, Barcelona", "title": "\u00c1tico en Calle de Mari\u00e0 Cub\u00ed"}, "hasPlan": true, "has3DTour": false, "has360": true, "hasStaging": false, "topNewDevelopment": false}, {"propertyCode": "91520865", "thumbnail": "https://img3.idealista.com/blur/WEB_LISTING/0/id.pro.es.image.master/92/2d/77/816546198.jpg", "externalReference": "G-40654", "numPhotos": 25, "floor": "5", "price": 285000.0, "propertyType": "flat", "operation": "sale", "size": 76.0, "exterior": true, "rooms": 3, "bathrooms": 1, "address": "Calle de Puigmart\u00ed", "province": "Barcelona", "municipality": "Barcelona", "district": "Gr\u00e0cia", "country": "es", "neighborhood": "Vila de Gr\u00e0cia", "latitude": 41.4003694, "longitude": 2.1624695, "showAddress": false, "url": "https://www.idealista.com/inmueble/91520865/", "distance": "652", "hasVideo": true, "status": "good", "newDevelopment": false, "hasLift": true, "priceByArea": 3750.0, "detailedType": {"typology": "flat"}, "suggestedTexts": {"subtitle": "Vila de Gr\u00e0cia, Barcelona", "title": "Piso en Calle de Puigmart\u00ed"}, "hasPlan": true, "has3DTour": false, "has360": true, "hasStaging": false, "topNewDevelopment": false}, {"propertyCode": "87682669", "thumbnail": "https://img3.idealista.com/blur/WEB_LISTING/0/id.pro.es.image.master/77/cd/33/728335876.jpg", "externalReference": "13622", "numPhotos": 38, "floor": "1", "price": 775000.0, "propertyType": "flat", "operation": "sale", "size": 169.0, "exterior": true, "rooms": 4, "bathrooms": 3, "address": "barrio Sant Gervasi - Galvany", "province": "Barcelona", "municipality": "Barcelona", "district": "Sarri\u00e0-Sant Gervasi", "country": "es", "neighborhood": "Sant Gervasi - Galvany", "latitude": 41.3977277, "longitude": 2.1511683, "showAddress": false, "url": "https://www.idealista.com/inmueble/87682669/", "distance": "480", "hasVideo": true, "status": "good", "newDevelopment": false, "hasLift": true, "priceByArea": 4586.0, "detailedType": {"typology": "flat"}, "suggestedTexts": {"subtitle": "Sant Gervasi - Galvany, Barcelona", "title": "Piso"}, "hasPlan": true, "has3DTour": false, "has360": false, "hasStaging": false, "topNewDevelopment": false}, {"propertyCode": "92935188", "thumbnail": "https://img3.idealista.com/blur/WEB_LISTING/0/id.pro.es.image.master/ba/a2/56/851506222.jpg", "externalReference": "BCN27085", "numPhotos": 35, "price": 1090000.0, "propertyType": "flat", "operation": "sale", "size": 206.0, "exterior": true, "rooms": 6, "bathrooms": 4, "address": "barrio Sant Gervasi - Galvany", "province": "Barcelona", "municipality": "Barcelona", "district": "Sarri\u00e0-Sant Gervasi", "country": "es", "neighborhood": "Sant Gervasi - Galvany", "latitude": 41.3956689, "longitude": 2.1483246, "showAddress": false, "url": "https://www.idealista.com/inmueble/92935188/", "distance": "808", "hasVideo": false, "status": "good", "newDevelopment": false, "hasLift": true, "priceByArea": 5291.0, "detailedType": {"typology": "flat"}, "suggestedTexts": {"subtitle": "Sant Gervasi - Galvany, Barcelona", "title": "Piso"}, "hasPlan": true, "has3DTour": false, "has360": true, "hasStaging": false, "topNewDevelopment": false}, {"propertyCode": "91332200", "thumbnail": "https://img3.idealista.com/blur/WEB_LISTING/0/id.pro.es.image.master/84/9d/f8/812136352.jpg", "externalReference": "W-02JUTK", "numPhotos": 24, "floor": "1", "price": 395000.0, "propertyType": "flat", "operation": "sale", "size": 113.0, "exterior": false, "rooms": 4, "bathrooms": 1, "address": "barrio Vila de Gr\u00e0cia", "province": "Barcelona", "municipality": "Barcelona", "district": "Gr\u00e0cia", "country": "es", "neighborhood": "Vila de Gr\u00e0cia", "latitude": 41.4017637, "longitude": 2.1628004, "showAddress": false, "url": "https://www.idealista.com/inmueble/91332200/", "distance": "677", "hasVideo": false, "status": "good", "newDevelopment": false, "hasLift": false, "priceByArea": 3496.0, "detailedType": {"typology": "flat"}, "suggestedTexts": {"subtitle": "Vila de Gr\u00e0cia, Barcelona", "title": "Piso"}, "hasPlan": true, "has3DTour": false, "has360": true, "hasStaging": false, "topNewDevelopment": false}, {"propertyCode": "87837396", "thumbnail": "https://img3.idealista.com/blur/WEB_LISTING/0/id.pro.es.image.master/fb/2c/64/732118820.jpg", "externalReference": "4165", "numPhotos": 35, "floor": "5", "price": 1900000.0, "propertyType": "flat", "operation": "sale", "size": 277.0, "exterior": true, "rooms": 5, "bathrooms": 4, "address": "Calle de Balmes", "province": "Barcelona", "municipality": "Barcelona", "district": "Sarri\u00e0-Sant Gervasi", "country": "es", "neighborhood": "Sant Gervasi - Galvany", "latitude": 41.4033211, "longitude": 2.1450538, "showAddress": false, "url": "https://www.idealista.com/inmueble/87837396/", "distance": "841", "hasVideo": false, "status": "good", "newDevelopment": false, "hasLift": true, "parkingSpace": {"hasParkingSpace": true, "isParkingSpaceIncludedInPrice": true}, "priceByArea": 6859.0, "detailedType": {"typology": "flat"}, "suggestedTexts": {"subtitle": "Sant Gervasi - Galvany, Barcelona", "title": "Piso en Calle de Balmes"}, "hasPlan": true, "has3DTour": false, "has360": true, "hasStaging": false, "topNewDevelopment": false}, {"propertyCode": "92416036", "thumbnail": "https://img3.idealista.com/blur/WEB_LISTING/0/id.pro.es.image.master/36/03/79/839179772.jpg", "externalReference": "BCN06050", "numPhotos": 31, "floor": "1", "price": 1395000.0, "propertyType": "flat", "operation": "sale", "size": 180.0, "exterior": true, "rooms": 3, "bathrooms": 2, "address": "barrio Sant Gervasi - Galvany", "province": "Barcelona", "municipality": "Barcelona", "district": "Sarri\u00e0-Sant Gervasi", "country": "es", "neighborhood": "Sant Gervasi - Galvany", "latitude": 41.4022562, "longitude": 2.1487284, "showAddress": false, "url": "https://www.idealista.com/inmueble/92416036/", "distance": "514", "hasVideo": true, "status": "good", "newDevelopment": false, "hasLift": true, "priceByArea": 7750.0, "detailedType": {"typology": "flat"}, "suggestedTexts": {"subtitle": "Sant Gervasi - Galvany, Barcelona", "title": "Piso"}, "hasPlan": true, "has3DTour": false, "has360": false, "hasStaging": false, "topNewDevelopment": false}, {"propertyCode": "86560022", "thumbnail": "https://img3.idealista.com/blur/WEB_LISTING/0/id.pro.es.image.master/5a/6e/31/702857077.jpg", "externalReference": "019197", "numPhotos": 40, "floor": "4", "price": 1600000.0, "propertyType": "flat", "operation": "sale", "size": 175.0, "exterior": true, "rooms": 3, "bathrooms": 2, "address": "barrio La Dreta de l'Eixample", "province": "Barcelona", "municipality": "Barcelona", "district": "Eixample", "country": "es", "neighborhood": "La Dreta de l'Eixample", "latitude": 41.3978964, "longitude": 2.1624854, "showAddress": false, "url": "https://www.idealista.com/inmueble/86560022/", "distance": "741", "hasVideo": false, "status": "good", "newDevelopment": false, "hasLift": true, "priceByArea": 9143.0, "detailedType": {"typology": "flat"}, "suggestedTexts": {"subtitle": "La Dreta de l'Eixample, Barcelona", "title": "Piso"}, "hasPlan": true, "has3DTour": false, "has360": true, "hasStaging": false, "topNewDevelopment": false}, {"propertyCode": "84869947", "thumbnail": "https://img3.idealista.com/blur/WEB_LISTING/0/id.pro.es.image.master/3c/43/a8/853139579.jpg", "externalReference": "BCN05929", "numPhotos": 23, "floor": "1", "price": 595000.0, "propertyType": "flat", "operation": "sale", "size": 180.0, "exterior": true, "rooms": 4, "bathrooms": 2, "address": "barrio La Dreta de l'Eixample", "province": "Barcelona", "municipality": "Barcelona", "district": "Eixample", "country": "es", "neighborhood": "La Dreta de l'Eixample", "latitude": 41.3985575, "longitude": 2.1601092, "showAddress": false, "url": "https://www.idealista.com/inmueble/84869947/", "distance": "533", "hasVideo": true, "status": "renew", "newDevelopment": false, "hasLift": true, "parkingSpace": {"hasParkingSpace": true, "isParkingSpaceIncludedInPrice": false, "parkingSpacePrice": 30000.0}, "priceByArea": 3306.0, "detailedType": {"typology": "flat"}, "suggestedTexts": {"subtitle": "La Dreta de l'Eixample, Barcelona", "title": "Piso"}, "hasPlan": true, "has3DTour": false, "has360": false, "hasStaging": false, "topNewDevelopment": false}, {"propertyCode": "87362371", "thumbnail": "https://img3.idealista.com/blur/WEB_LISTING/0/id.pro.es.image.master/1f/30/b9/849513899.jpg", "externalReference": "7488", "numPhotos": 39, "floor": "1", "price": 769000.0, "propertyType": "flat", "operation": "sale", "size": 210.0, "exterior": true, "rooms": 5, "bathrooms": 3, "address": "Traves\u00eda de Gr\u00e0cia", "province": "Barcelona", "municipality": "Barcelona", "district": "Sarri\u00e0-Sant Gervasi", "country": "es", "neighborhood": "Sant Gervasi - Galvany", "latitude": 41.4001304, "longitude": 2.1538031, "showAddress": false, "url": "https://www.idealista.com/inmueble/87362371/", "distance": "135", "hasVideo": true, "status": "renew", "newDevelopment": false, "hasLift": true, "priceByArea": 3662.0, "detailedType": {"typology": "flat"}, "suggestedTexts": {"subtitle": "Sant Gervasi - Galvany, Barcelona", "title": "Piso en Traves\u00eda de Gr\u00e0cia"}, "hasPlan": true, "has3DTour": true, "has360": true, "hasStaging": false, "topNewDevelopment": false}, {"propertyCode": "92812172", "thumbnail": "https://img3.idealista.com/blur/WEB_LISTING/0/id.pro.es.image.master/b5/d3/d6/848708562.jpg", "externalReference": "B07480BA", "numPhotos": 43, "floor": "7", "price": 1350000.0, "propertyType": "penthouse", "operation": "sale", "size": 200.0, "exterior": true, "rooms": 5, "bathrooms": 3, "address": "barrio Sant Gervasi - Galvany", "province": "Barcelona", "municipality": "Barcelona", "district": "Sarri\u00e0-Sant Gervasi", "country": "es", "neighborhood": "Sant Gervasi - Galvany", "latitude": 41.3977763, "longitude": 2.150781, "showAddress": false, "url": "https://www.idealista.com/inmueble/92812172/", "distance": "497", "hasVideo": true, "status": "good", "newDevelopment": false, "hasLift": true, "priceByArea": 6750.0, "detailedType": {"typology": "flat", "subTypology": "penthouse"}, "suggestedTexts": {"subtitle": "Sant Gervasi - Galvany, Barcelona", "title": "\u00c1tico"}, "hasPlan": true, "has3DTour": false, "has360": true, "hasStaging": false, "topNewDevelopment": false}, {"propertyCode": "88466394", "thumbnail": "https://img3.idealista.com/blur/WEB_LISTING/0/id.pro.es.image.master/62/f0/ea/855822674.jpg", "externalReference": "GV510", "numPhotos": 31, "floor": "4", "price": 850000.0, "propertyType": "flat", "operation": "sale", "size": 160.0, "exterior": true, "rooms": 5, "bathrooms": 2, "address": "Calle de l'Avenir", "province": "Barcelona", "municipality": "Barcelona", "district": "Sarri\u00e0-Sant Gervasi", "country": "es", "neighborhood": "Sant Gervasi - Galvany", "latitude": 41.3968799, "longitude": 2.1478307, "showAddress": false, "url": "https://www.idealista.com/inmueble/88466394/", "distance": "744", "hasVideo": true, "status": "good", "newDevelopment": false, "hasLift": true, "priceByArea": 5313.0, "detailedType": {"typology": "flat"}, "suggestedTexts": {"subtitle": "Sant Gervasi - Galvany, Barcelona", "title": "Piso en Calle de l'Avenir"}, "hasPlan": true, "has3DTour": false, "has360": true, "hasStaging": false, "topNewDevelopment": false}, {"propertyCode": "88336826", "thumbnail": "https://img3.idealista.com/blur/WEB_LISTING/0/id.pro.es.image.master/bd/12/30/744357724.jpg", "externalReference": "0728", "numPhotos": 28, "floor": "4", "price": 875000.0, "propertyType": "flat", "operation": "sale", "size": 155.0, "exterior": true, "rooms": 5, "bathrooms": 2, "address": "barrio Sant Gervasi - Galvany", "province": "Barcelona", "municipality": "Barcelona", "district": "Sarri\u00e0-Sant Gervasi", "country": "es", "neighborhood": "Sant Gervasi - Galvany", "latitude": 41.3970901, "longitude": 2.1468391, "showAddress": false, "url": "https://www.idealista.com/inmueble/88336826/", "distance": "796", "hasVideo": true, "status": "good", "newDevelopment": false, "hasLift": true, "priceByArea": 5645.0, "detailedType": {"typology": "flat"}, "suggestedTexts": {"subtitle": "Sant Gervasi - Galvany, Barcelona", "title": "Piso"}, "hasPlan": true, "has3DTour": false, "has360": true, "hasStaging": false, "topNewDevelopment": false}, {"propertyCode": "91420072", "thumbnail": "https://img3.idealista.com/blur/WEB_LISTING/0/id.pro.es.image.master/d5/bb/15/843346559.jpg", "externalReference": "b", "numPhotos": 25, "floor": "4", "price": 1080000.0, "propertyType": "flat", "operation": "sale", "size": 189.0, "exterior": false, "rooms": 3, "bathrooms": 2, "address": "Calle de C\u00f2rsega", "province": "Barcelona", "municipality": "Barcelona", "district": "Gr\u00e0cia", "country": "es", "neighborhood": "Vila de Gr\u00e0cia", "latitude": 41.3960798, "longitude": 2.1605514, "showAddress": false, "url": "https://www.idealista.com/inmueble/91420072/", "distance": "743", "hasVideo": false, "status": "good", "newDevelopment": false, "hasLift": true, "priceByArea": 5714.0, "detailedType": {"typology": "flat"}, "suggestedTexts": {"subtitle": "Vila de Gr\u00e0cia, Barcelona", "title": "Piso en Calle de C\u00f2rsega"}, "hasPlan": false, "has3DTour": false, "has360": true, "hasStaging": false, "topNewDevelopment": false}, {"propertyCode": "93132862", "thumbnail": "https://img3.idealista.com/blur/WEB_LISTING/0/id.pro.es.image.master/38/ff/10/855262634.jpg", "externalReference": "VB2103006", "numPhotos": 56, "floor": "3", "price": 1100000.0, "propertyType": "penthouse", "operation": "sale", "size": 400.0, "exterior": true, "rooms": 4, "bathrooms": 3, "address": "Calle del Torrent de l'Olla", "province": "Barcelona", "municipality": "Barcelona", "district": "Gr\u00e0cia", "country": "es", "neighborhood": "Vila de Gr\u00e0cia", "latitude": 41.406338, "longitude": 2.1501168, "showAddress": false, "url": "https://www.idealista.com/inmueble/93132862/", "distance": "694", "hasVideo": true, "status": "renew", "newDevelopment": false, "hasLift": true, "priceByArea": 2750.0, "detailedType": {"typology": "flat", "subTypology": "penthouse"}, "suggestedTexts": {"subtitle": "Vila de Gr\u00e0cia, Barcelona", "title": "\u00c1tico en Calle del Torrent de l'Olla"}, "hasPlan": true, "has3DTour": false, "has360": false, "hasStaging": false, "topNewDevelopment": false}, {"propertyCode": "93182789", "thumbnail": "https://img3.idealista.com/blur/WEB_LISTING/0/id.pro.es.image.master/66/30/01/856381363.jpg", "externalReference": "D-40703", "numPhotos": 27, "floor": "2", "price": 399000.0, "propertyType": "flat", "operation": "sale", "size": 112.0, "exterior": true, "rooms": 4, "bathrooms": 3, "address": "Avenida de la Riera de Cassoles", "province": "Barcelona", "municipality": "Barcelona", "district": "Gr\u00e0cia", "country": "es", "neighborhood": "Vila de Gr\u00e0cia", "latitude": 41.4046524, "longitude": 2.1482691, "showAddress": false, "url": "https://www.idealista.com/inmueble/93182789/", "distance": "664", "hasVideo": true, "status": "renew", "newDevelopment": false, "hasLift": true, "priceByArea": 3563.0, "detailedType": {"typology": "flat"}, "suggestedTexts": {"subtitle": "Vila de Gr\u00e0cia, Barcelona", "title": "Piso en Avenida de la Riera de Cassoles"}, "hasPlan": true, "has3DTour": false, "has360": false, "hasStaging": false, "topNewDevelopment": false}, {"propertyCode": "92625235", "thumbnail": "https://img3.idealista.com/blur/WEB_LISTING/0/id.pro.es.image.master/9a/da/df/855811463.jpg", "externalReference": "FG61-31", "numPhotos": 23, "floor": "3", "price": 488000.0, "propertyType": "flat", "operation": "sale", "size": 118.0, "exterior": false, "rooms": 3, "bathrooms": 1, "address": "Calle Gran de Gr\u00e0cia", "province": "Barcelona", "municipality": "Barcelona", "district": "Gr\u00e0cia", "country": "es", "neighborhood": "Vila de Gr\u00e0cia", "latitude": 41.4011023, "longitude": 2.1574188, "showAddress": false, "url": "https://www.idealista.com/inmueble/92625235/", "distance": "225", "hasVideo": false, "status": "good", "newDevelopment": false, "hasLift": true, "priceByArea": 4136.0, "detailedType": {"typology": "flat"}, "suggestedTexts": {"subtitle": "Vila de Gr\u00e0cia, Barcelona", "title": "Piso en Calle Gran de Gr\u00e0cia"}, "hasPlan": true, "has3DTour": false, "has360": false, "hasStaging": false, "topNewDevelopment": false}, {"propertyCode": "93181159", "thumbnail": "https://img3.idealista.com/blur/WEB_LISTING/0/id.pro.es.image.master/be/ac/0a/856337956.jpg", "externalReference": "VB2103013", "numPhotos": 39, "floor": "1", "price": 395000.0, "propertyType": "flat", "operation": "sale", "size": 76.0, "exterior": true, "rooms": 2, "bathrooms": 1, "address": "barrio Vila de Gr\u00e0cia", "province": "Barcelona", "municipality": "Barcelona", "district": "Gr\u00e0cia", "country": "es", "neighborhood": "Vila de Gr\u00e0cia", "latitude": 41.4019072, "longitude": 2.1592846, "showAddress": false, "url": "https://www.idealista.com/inmueble/93181159/", "distance": "390", "hasVideo": true, "status": "good", "newDevelopment": false, "hasLift": false, "priceByArea": 5197.0, "detailedType": {"typology": "flat"}, "suggestedTexts": {"subtitle": "Vila de Gr\u00e0cia, Barcelona", "title": "Piso"}, "hasPlan": true, "has3DTour": false, "has360": false, "hasStaging": false, "topNewDevelopment": false}, {"propertyCode": "93080432", "thumbnail": "https://img3.idealista.com/blur/WEB_LISTING/0/id.pro.es.image.master/0d/dd/8d/853995529.jpg", "externalReference": "VB2102072", "numPhotos": 40, "floor": "5", "price": 539000.0, "propertyType": "flat", "operation": "sale", "size": 92.0, "exterior": true, "rooms": 3, "bathrooms": 2, "address": "Calle de Girona", "province": "Barcelona", "municipality": "Barcelona", "district": "Eixample", "country": "es", "neighborhood": "La Dreta de l'Eixample", "latitude": 41.3981165, "longitude": 2.1641944, "showAddress": false, "url": "https://www.idealista.com/inmueble/93080432/", "distance": "858", "hasVideo": true, "status": "good", "newDevelopment": false, "hasLift": true, "parkingSpace": {"hasParkingSpace": true, "isParkingSpaceIncludedInPrice": false, "parkingSpacePrice": 30000.0}, "priceByArea": 5859.0, "detailedType": {"typology": "flat"}, "suggestedTexts": {"subtitle": "La Dreta de l'Eixample, Barcelona", "title": "Piso en Calle de Girona"}, "hasPlan": true, "has3DTour": false, "has360": false, "hasStaging": false, "topNewDevelopment": false}, {"propertyCode": "92911172", "thumbnail": "https://img3.idealista.com/blur/WEB_LISTING/0/id.pro.es.image.master/c8/97/66/850881797.jpg", "externalReference": "VB2102040", "numPhotos": 22, "floor": "2", "price": 310000.0, "propertyType": "flat", "operation": "sale", "size": 91.0, "exterior": true, "rooms": 3, "bathrooms": 2, "address": "Calle de la Ind\u00fastria", "province": "Barcelona", "municipality": "Barcelona", "district": "Gr\u00e0cia", "country": "es", "neighborhood": "El Camp d'En Grassot i Gr\u00e0cia Nova", "latitude": 41.4004149, "longitude": 2.1626076, "showAddress": false, "url": "https://www.idealista.com/inmueble/92911172/", "distance": "662", "hasVideo": false, "status": "good", "newDevelopment": false, "hasLift": true, "priceByArea": 3407.0, "detailedType": {"typology": "flat"}, "suggestedTexts": {"subtitle": "El Camp d'En Grassot i Gr\u00e0cia Nova, Barcelona", "title": "Piso en Calle de la Ind\u00fastria"}, "hasPlan": true, "has3DTour": false, "has360": false, "hasStaging": false, "topNewDevelopment": false}, {"propertyCode": "92855502", "thumbnail": "https://img3.idealista.com/blur/WEB_LISTING/0/id.pro.es.image.master/2c/de/0d/849588160.jpg", "externalReference": "VB2102031", "numPhotos": 38, "floor": "3", "price": 1080000.0, "propertyType": "flat", "operation": "sale", "size": 177.0, "exterior": true, "rooms": 3, "bathrooms": 2, "address": "Calle de C\u00f2rsega", "province": "Barcelona", "municipality": "Barcelona", "district": "Gr\u00e0cia", "country": "es", "neighborhood": "Vila de Gr\u00e0cia", "latitude": 41.3961095, "longitude": 2.1617514, "showAddress": false, "url": "https://www.idealista.com/inmueble/92855502/", "distance": "810", "hasVideo": true, "status": "good", "newDevelopment": false, "hasLift": true, "priceByArea": 6102.0, "detailedType": {"typology": "flat"}, "suggestedTexts": {"subtitle": "Vila de Gr\u00e0cia, Barcelona", "title": "Piso en Calle de C\u00f2rsega"}, "hasPlan": true, "has3DTour": false, "has360": false, "hasStaging": false, "topNewDevelopment": false}, {"propertyCode": "91669935", "thumbnail": "https://img3.idealista.com/blur/WEB_LISTING/0/id.pro.es.image.master/4e/72/57/820392014.jpg", "externalReference": "VB1911054-5", "numPhotos": 26, "floor": "1", "price": 735000.0, "propertyType": "flat", "operation": "sale", "size": 126.0, "exterior": true, "rooms": 3, "bathrooms": 2, "address": "Calle de Balmes", "province": "Barcelona", "municipality": "Barcelona", "district": "Sarri\u00e0-Sant Gervasi", "country": "es", "neighborhood": "Sant Gervasi - Galvany", "latitude": 41.3971499, "longitude": 2.1505, "showAddress": false, "url": "https://www.idealista.com/inmueble/91669935/", "distance": "565", "hasVideo": false, "status": "good", "newDevelopment": false, "hasLift": true, "priceByArea": 5833.0, "detailedType": {"typology": "flat"}, "suggestedTexts": {"subtitle": "Sant Gervasi - Galvany, Barcelona", "title": "Piso en Calle de Balmes"}, "hasPlan": true, "has3DTour": false, "has360": false, "hasStaging": false, "topNewDevelopment": false}, {"propertyCode": "91341897", "thumbnail": "https://img3.idealista.com/blur/WEB_LISTING/0/id.pro.es.image.master/2c/d3/e5/812376311.jpg", "externalReference": "VB2004005-4", "numPhotos": 37, "floor": "3", "price": 825000.0, "propertyType": "flat", "operation": "sale", "size": 141.0, "exterior": true, "rooms": 3, "bathrooms": 2, "address": "Calle d'Aribau", "province": "Barcelona", "municipality": "Barcelona", "district": "Eixample", "country": "es", "neighborhood": "L'Antiga Esquerra de l'Eixample", "latitude": 41.3937431, "longitude": 2.1549649, "showAddress": false, "url": "https://www.idealista.com/inmueble/91341897/", "distance": "822", "hasVideo": false, "status": "good", "newDevelopment": false, "hasLift": true, "priceByArea": 5851.0, "detailedType": {"typology": "flat"}, "suggestedTexts": {"subtitle": "L'Antiga Esquerra de l'Eixample, Barcelona", "title": "Piso en Calle d'Aribau"}, "hasPlan": true, "has3DTour": false, "has360": false, "hasStaging": false, "topNewDevelopment": false}, {"propertyCode": "39976370", "thumbnail": "https://img3.idealista.com/blur/WEB_LISTING/0/id.pro.es.image.master/2b/69/06/668624885.jpg", "externalReference": "B03728BA", "numPhotos": 21, "floor": "1", "price": 1879000.0, "propertyType": "flat", "operation": "sale", "size": 210.0, "exterior": false, "rooms": 4, "bathrooms": 4, "address": "Calle de Balmes, 167", "province": "Barcelona", "municipality": "Barcelona", "district": "Eixample", "country": "es", "neighborhood": "L'Antiga Esquerra de l'Eixample", "latitude": 41.394799, "longitude": 2.1550967, "showAddress": true, "url": "https://www.idealista.com/inmueble/39976370/", "distance": "705", "hasVideo": true, "status": "good", "newDevelopment": false, "hasLift": true, "priceByArea": 8948.0, "detailedType": {"typology": "flat"}, "suggestedTexts": {"subtitle": "L'Antiga Esquerra de l'Eixample, Barcelona", "title": "Piso en Calle de Balmes, 167"}, "hasPlan": true, "has3DTour": false, "has360": false, "hasStaging": false, "topNewDevelopment": false}, {"propertyCode": "91817179", "thumbnail": "https://img3.idealista.com/blur/WEB_LISTING/0/id.pro.es.image.master/7d/5c/7c/824003404.jpg", "externalReference": "10056", "numPhotos": 34, "price": 595000.0, "propertyType": "flat", "operation": "sale", "size": 100.0, "exterior": true, "rooms": 3, "bathrooms": 2, "address": "Calle d'Aribau", "province": "Barcelona", "municipality": "Barcelona", "district": "Sarri\u00e0-Sant Gervasi", "country": "es", "neighborhood": "Sant Gervasi - Galvany", "latitude": 41.3984033, "longitude": 2.145151, "showAddress": false, "url": "https://www.idealista.com/inmueble/91817179/", "distance": "853", "hasVideo": true, "status": "good", "newDevelopment": false, "hasLift": true, "parkingSpace": {"hasParkingSpace": true, "isParkingSpaceIncludedInPrice": true}, "priceByArea": 5950.0, "detailedType": {"typology": "flat"}, "suggestedTexts": {"subtitle": "Sant Gervasi - Galvany, Barcelona", "title": "Piso en Calle d'Aribau"}, "hasPlan": true, "has3DTour": true, "has360": false, "hasStaging": false, "topNewDevelopment": false}, {"propertyCode": "84758673", "thumbnail": "https://img3.idealista.com/blur/WEB_LISTING/0/id.pro.es.image.master/29/b1/9c/754572145.jpg", "externalReference": "1752", "numPhotos": 27, "floor": "2", "price": 1650000.0, "propertyType": "flat", "operation": "sale", "size": 212.0, "exterior": true, "rooms": 7, "bathrooms": 2, "address": "Paseo de Gr\u00e0cia", "province": "Barcelona", "municipality": "Barcelona", "district": "Eixample", "country": "es", "neighborhood": "La Dreta de l'Eixample", "latitude": 41.396241, "longitude": 2.1599987, "showAddress": false, "url": "https://www.idealista.com/inmueble/84758673/", "distance": "700", "hasVideo": false, "status": "renew", "newDevelopment": false, "hasLift": true, "priceByArea": 7783.0, "detailedType": {"typology": "flat"}, "suggestedTexts": {"subtitle": "La Dreta de l'Eixample, Barcelona", "title": "Piso en Paseo de Gr\u00e0cia"}, "hasPlan": true, "has3DTour": false, "has360": false, "hasStaging": false, "topNewDevelopment": false}, {"propertyCode": "93117407", "thumbnail": "https://img3.idealista.com/blur/WEB_LISTING/0/id.pro.es.image.master/62/6a/8e/856227406.jpg", "externalReference": "VB2103003", "numPhotos": 36, "floor": "en", "price": 1050000.0, "propertyType": "flat", "operation": "sale", "size": 208.0, "exterior": true, "rooms": 4, "bathrooms": 3, "address": "barrio Sant Gervasi - Galvany", "province": "Barcelona", "municipality": "Barcelona", "district": "Sarri\u00e0-Sant Gervasi", "country": "es", "neighborhood": "Sant Gervasi - Galvany", "latitude": 41.3943636, "longitude": 2.1523745, "showAddress": false, "url": "https://www.idealista.com/inmueble/93117407/", "distance": "777", "hasVideo": false, "status": "good", "newDevelopment": false, "hasLift": true, "priceByArea": 5048.0, "detailedType": {"typology": "flat"}, "suggestedTexts": {"subtitle": "Sant Gervasi - Galvany, Barcelona", "title": "Piso"}, "hasPlan": true, "has3DTour": false, "has360": false, "hasStaging": false, "topNewDevelopment": false}, {"propertyCode": "93036791", "thumbnail": "https://img3.idealista.com/blur/WEB_LISTING/0/id.pro.es.image.master/69/b1/92/853161193.jpg", "externalReference": "VB2102061", "numPhotos": 26, "floor": "8", "price": 850000.0, "propertyType": "flat", "operation": "sale", "size": 144.0, "exterior": true, "rooms": 3, "bathrooms": 3, "address": "barrio Sant Gervasi - Galvany", "province": "Barcelona", "municipality": "Barcelona", "district": "Sarri\u00e0-Sant Gervasi", "country": "es", "neighborhood": "Sant Gervasi - Galvany", "latitude": 41.395527, "longitude": 2.1499493, "showAddress": false, "url": "https://www.idealista.com/inmueble/93036791/", "distance": "739", "hasVideo": true, "status": "good", "newDevelopment": false, "hasLift": true, "priceByArea": 5903.0, "detailedType": {"typology": "flat"}, "suggestedTexts": {"subtitle": "Sant Gervasi - Galvany, Barcelona", "title": "Piso"}, "hasPlan": true, "has3DTour": false, "has360": false, "hasStaging": false, "topNewDevelopment": false}, {"propertyCode": "92847091", "thumbnail": "https://img3.idealista.com/blur/WEB_LISTING/0/id.pro.es.image.master/29/77/50/849377347.jpg", "externalReference": "W-02JSFC", "numPhotos": 31, "floor": "1", "price": 1500000.0, "propertyType": "flat", "operation": "sale", "size": 150.0, "exterior": false, "rooms": 3, "bathrooms": 3, "address": "barrio La Dreta de l'Eixample", "province": "Barcelona", "municipality": "Barcelona", "district": "Eixample", "country": "es", "neighborhood": "La Dreta de l'Eixample", "latitude": 41.3966291, "longitude": 2.1617948, "showAddress": false, "url": "https://www.idealista.com/inmueble/92847091/", "distance": "774", "hasVideo": false, "status": "good", "newDevelopment": false, "hasLift": true, "parkingSpace": {"hasParkingSpace": true, "isParkingSpaceIncludedInPrice": true}, "priceByArea": 10000.0, "detailedType": {"typology": "flat"}, "suggestedTexts": {"subtitle": "La Dreta de l'Eixample, Barcelona", "title": "Piso"}, "hasPlan": true, "has3DTour": false, "has360": false, "hasStaging": false, "topNewDevelopment": false}, {"propertyCode": "92480222", "thumbnail": "https://img3.idealista.com/blur/WEB_LISTING/0/id.pro.es.image.master/5a/37/dd/840712211.jpg", "externalReference": "BCN26639", "numPhotos": 28, "price": 1280000.0, "propertyType": "flat", "operation": "sale", "size": 306.0, "exterior": true, "rooms": 8, "bathrooms": 4, "address": "barrio Vila de Gr\u00e0cia", "province": "Barcelona", "municipality": "Barcelona", "district": "Gr\u00e0cia", "country": "es", "neighborhood": "Vila de Gr\u00e0cia", "latitude": 41.4008588, "longitude": 2.155351, "showAddress": false, "url": "https://www.idealista.com/inmueble/92480222/", "distance": "61", "hasVideo": false, "status": "renew", "newDevelopment": false, "hasLift": true, "priceByArea": 4183.0, "detailedType": {"typology": "flat"}, "suggestedTexts": {"subtitle": "Vila de Gr\u00e0cia, Barcelona", "title": "Piso"}, "hasPlan": true, "has3DTour": false, "has360": false, "hasStaging": false, "topNewDevelopment": false}, {"propertyCode": "91178037", "thumbnail": "https://img3.idealista.com/blur/WEB_LISTING/0/id.pro.es.image.master/ee/d8/51/808572338.jpg", "externalReference": "BCN19869", "numPhotos": 24, "price": 1850000.0, "propertyType": "flat", "operation": "sale", "size": 174.0, "exterior": true, "rooms": 3, "bathrooms": 3, "address": "barrio La Dreta de l'Eixample", "province": "Barcelona", "municipality": "Barcelona", "district": "Eixample", "country": "es", "neighborhood": "La Dreta de l'Eixample", "latitude": 41.3948533, "longitude": 2.1578979, "showAddress": false, "url": "https://www.idealista.com/inmueble/91178037/", "distance": "747", "hasVideo": false, "status": "good", "newDevelopment": false, "hasLift": true, "priceByArea": 10632.0, "detailedType": {"typology": "flat"}, "suggestedTexts": {"subtitle": "La Dreta de l'Eixample, Barcelona", "title": "Piso"}, "hasPlan": true, "has3DTour": false, "has360": false, "hasStaging": false, "topNewDevelopment": false}, {"propertyCode": "85904792", "thumbnail": "https://img3.idealista.com/blur/WEB_LISTING/0/id.pro.es.image.master/89/e8/4b/678457090.jpg", "externalReference": "BCN18086", "numPhotos": 33, "price": 1300000.0, "propertyType": "penthouse", "operation": "sale", "size": 133.0, "exterior": true, "rooms": 1, "bathrooms": 2, "address": "barrio Sant Gervasi - Galvany", "province": "Barcelona", "municipality": "Barcelona", "district": "Sarri\u00e0-Sant Gervasi", "country": "es", "neighborhood": "Sant Gervasi - Galvany", "latitude": 41.397001, "longitude": 2.151419, "showAddress": false, "url": "https://www.idealista.com/inmueble/85904792/", "distance": "535", "hasVideo": false, "status": "good", "newDevelopment": false, "hasLift": true, "priceByArea": 9774.0, "detailedType": {"typology": "flat", "subTypology": "penthouse"}, "suggestedTexts": {"subtitle": "Sant Gervasi - Galvany, Barcelona", "title": "\u00c1tico"}, "hasPlan": true, "has3DTour": false, "has360": false, "hasStaging": false, "topNewDevelopment": false}, {"propertyCode": "84828817", "thumbnail": "https://img3.idealista.com/blur/WEB_LISTING/0/id.pro.es.image.master/e4/4c/8a/758972594.jpg", "externalReference": "BCN17289", "numPhotos": 27, "price": 790000.0, "propertyType": "penthouse", "operation": "sale", "size": 120.0, "exterior": true, "rooms": 4, "bathrooms": 2, "address": "barrio El Putxet i el Farr\u00f3", "province": "Barcelona", "municipality": "Barcelona", "district": "Sarri\u00e0-Sant Gervasi", "country": "es", "neighborhood": "El Putxet i el Farr\u00f3", "latitude": 41.4036441, "longitude": 2.151285, "showAddress": false, "url": "https://www.idealista.com/inmueble/84828817/", "distance": "399", "hasVideo": false, "status": "renew", "newDevelopment": false, "hasLift": true, "parkingSpace": {"hasParkingSpace": true, "isParkingSpaceIncludedInPrice": true}, "priceByArea": 6583.0, "detailedType": {"typology": "flat", "subTypology": "penthouse"}, "suggestedTexts": {"subtitle": "El Putxet i el Farr\u00f3, Barcelona", "title": "\u00c1tico"}, "hasPlan": true, "has3DTour": false, "has360": false, "hasStaging": false, "topNewDevelopment": false}, {"propertyCode": "92929610", "thumbnail": "https://img3.idealista.com/blur/WEB_LISTING/0/id.pro.es.image.master/e8/41/52/851348525.jpg", "externalReference": "442", "numPhotos": 10, "floor": "en", "price": 295000.0, "propertyType": "flat", "operation": "sale", "size": 60.0, "exterior": true, "rooms": 2, "bathrooms": 1, "address": "Passatge de Josep Llovera", "province": "Barcelona", "municipality": "Barcelona", "district": "Sarri\u00e0-Sant Gervasi", "country": "es", "neighborhood": "Sant Gervasi - Galvany", "latitude": 41.3955866, "longitude": 2.1480061, "showAddress": false, "url": "https://www.idealista.com/inmueble/92929610/", "distance": "833", "hasVideo": false, "status": "good", "newDevelopment": false, "hasLift": true, "priceByArea": 4917.0, "detailedType": {"typology": "flat"}, "suggestedTexts": {"subtitle": "Sant Gervasi - Galvany, Barcelona", "title": "Piso en Passatge de Josep Llovera"}, "hasPlan": true, "has3DTour": false, "has360": false, "hasStaging": false, "topNewDevelopment": false}, {"propertyCode": "92232387", "thumbnail": "https://img3.idealista.com/blur/WEB_LISTING/0/id.pro.es.image.master/ae/e9/4f/834314797.jpg", "externalReference": "W-02KD38", "numPhotos": 38, "price": 12000000.0, "propertyType": "penthouse", "operation": "sale", "size": 700.0, "exterior": false, "rooms": 4, "bathrooms": 4, "address": "barrio La Dreta de l'Eixample", "province": "Barcelona", "municipality": "Barcelona", "district": "Eixample", "country": "es", "neighborhood": "La Dreta de l'Eixample", "latitude": 41.3959627, "longitude": 2.1589645, "showAddress": false, "url": "https://www.idealista.com/inmueble/92232387/", "distance": "675", "hasVideo": false, "status": "good", "newDevelopment": false, "hasLift": true, "parkingSpace": {"hasParkingSpace": true, "isParkingSpaceIncludedInPrice": true}, "priceByArea": 17143.0, "detailedType": {"typology": "flat", "subTypology": "penthouse"}, "suggestedTexts": {"subtitle": "La Dreta de l'Eixample, Barcelona", "title": "\u00c1tico"}, "hasPlan": true, "has3DTour": false, "has360": false, "hasStaging": false, "topNewDevelopment": false}, {"propertyCode": "91605426", "thumbnail": "https://img3.idealista.com/blur/WEB_LISTING/0/id.pro.es.image.master/31/69/35/818800626.jpg", "externalReference": "W-02JWIR", "numPhotos": 34, "floor": "6", "price": 495000.0, "propertyType": "flat", "operation": "sale", "size": 101.0, "exterior": false, "rooms": 3, "bathrooms": 2, "address": "barrio La Dreta de l'Eixample", "province": "Barcelona", "municipality": "Barcelona", "district": "Eixample", "country": "es", "neighborhood": "La Dreta de l'Eixample", "latitude": 41.3963295, "longitude": 2.162695, "showAddress": false, "url": "https://www.idealista.com/inmueble/91605426/", "distance": "853", "hasVideo": false, "status": "good", "newDevelopment": false, "hasLift": true, "priceByArea": 4901.0, "detailedType": {"typology": "flat"}, "suggestedTexts": {"subtitle": "La Dreta de l'Eixample, Barcelona", "title": "Piso"}, "hasPlan": true, "has3DTour": false, "has360": false, "hasStaging": false, "topNewDevelopment": false}, {"propertyCode": "91535815", "thumbnail": "https://img3.idealista.com/blur/WEB_LISTING/0/id.pro.es.image.master/42/09/0b/816891222.jpg", "externalReference": "W-02FPFP", "numPhotos": 32, "floor": "bj", "price": 500000.0, "propertyType": "flat", "operation": "sale", "size": 103.0, "exterior": false, "rooms": 2, "bathrooms": 1, "address": "barrio Vila de Gr\u00e0cia", "province": "Barcelona", "municipality": "Barcelona", "district": "Gr\u00e0cia", "country": "es", "neighborhood": "Vila de Gr\u00e0cia", "latitude": 41.4024589, "longitude": 2.1543641, "showAddress": false, "url": "https://www.idealista.com/inmueble/91535815/", "distance": "150", "hasVideo": false, "status": "good", "newDevelopment": false, "hasLift": false, "priceByArea": 4854.0, "detailedType": {"typology": "flat"}, "suggestedTexts": {"subtitle": "Vila de Gr\u00e0cia, Barcelona", "title": "Piso"}, "hasPlan": true, "has3DTour": false, "has360": false, "hasStaging": false, "topNewDevelopment": false}, {"propertyCode": "92808284", "thumbnail": "https://img3.idealista.com/blur/WEB_LISTING/0/id.pro.es.image.master/5b/83/96/857201149.jpg", "externalReference": "V135", "numPhotos": 41, "floor": "1", "price": 750000.0, "propertyType": "flat", "operation": "sale", "size": 152.0, "exterior": true, "rooms": 5, "bathrooms": 3, "address": "Traves\u00eda de Gr\u00e0cia, 40", "province": "Barcelona", "municipality": "Barcelona", "district": "Sarri\u00e0-Sant Gervasi", "country": "es", "neighborhood": "Sant Gervasi - Galvany", "latitude": 41.3952912, "longitude": 2.1486473, "showAddress": true, "url": "https://www.idealista.com/inmueble/92808284/", "distance": "823", "hasVideo": false, "status": "good", "newDevelopment": false, "hasLift": true, "parkingSpace": {"hasParkingSpace": true, "isParkingSpaceIncludedInPrice": false, "parkingSpacePrice": 20000.0}, "priceByArea": 4934.0, "detailedType": {"typology": "flat"}, "suggestedTexts": {"subtitle": "Sant Gervasi - Galvany, Barcelona", "title": "Piso en Traves\u00eda de Gr\u00e0cia, 40"}, "hasPlan": true, "has3DTour": false, "has360": false, "hasStaging": false, "topNewDevelopment": false}, {"propertyCode": "92680123", "thumbnail": "https://img3.idealista.com/blur/WEB_LISTING/0/id.pro.es.image.master/91/8b/30/845515854.jpg", "externalReference": "10510", "numPhotos": 62, "price": 1690000.0, "propertyType": "penthouse", "operation": "sale", "size": 290.0, "exterior": true, "rooms": 4, "bathrooms": 4, "address": "Via Augusta", "province": "Barcelona", "municipality": "Barcelona", "district": "Sarri\u00e0-Sant Gervasi", "country": "es", "neighborhood": "Sant Gervasi - Galvany", "latitude": 41.4010399, "longitude": 2.1443707, "showAddress": false, "url": "https://www.idealista.com/inmueble/92680123/", "distance": "862", "hasVideo": false, "status": "good", "newDevelopment": false, "hasLift": true, "parkingSpace": {"hasParkingSpace": true, "isParkingSpaceIncludedInPrice": true}, "priceByArea": 5828.0, "detailedType": {"typology": "flat", "subTypology": "penthouse"}, "suggestedTexts": {"subtitle": "Sant Gervasi - Galvany, Barcelona", "title": "\u00c1tico en Via Augusta"}, "hasPlan": true, "has3DTour": true, "has360": false, "hasStaging": false, "topNewDevelopment": false}, {"propertyCode": "93044732", "thumbnail": "https://img3.idealista.com/blur/WEB_LISTING/0/id.pro.es.image.master/67/f6/b3/853331671.jpg", "externalReference": "VB2102066", "numPhotos": 30, "floor": "en", "price": 515000.0, "propertyType": "flat", "operation": "sale", "size": 102.0, "exterior": true, "rooms": 4, "bathrooms": 2, "address": "Calle Gran de Gr\u00e0cia", "province": "Barcelona", "municipality": "Barcelona", "district": "Gr\u00e0cia", "country": "es", "neighborhood": "Vila de Gr\u00e0cia", "latitude": 41.4007467, "longitude": 2.1564908, "showAddress": false, "url": "https://www.idealista.com/inmueble/93044732/", "distance": "154", "hasVideo": true, "status": "good", "newDevelopment": false, "hasLift": false, "priceByArea": 5049.0, "detailedType": {"typology": "flat"}, "suggestedTexts": {"subtitle": "Vila de Gr\u00e0cia, Barcelona", "title": "Piso en Calle Gran de Gr\u00e0cia"}, "hasPlan": false, "has3DTour": false, "has360": false, "hasStaging": false, "topNewDevelopment": false}, {"propertyCode": "92867155", "thumbnail": "https://img3.idealista.com/blur/WEB_LISTING/0/id.pro.es.image.master/ab/31/3f/853572886.jpg", "externalReference": "S-30792", "numPhotos": 45, "floor": "en", "price": 189000.0, "propertyType": "flat", "operation": "sale", "size": 50.0, "exterior": true, "rooms": 1, "bathrooms": 1, "address": "Calle de l'Or", "province": "Barcelona", "municipality": "Barcelona", "district": "Gr\u00e0cia", "country": "es", "neighborhood": "Vila de Gr\u00e0cia", "latitude": 41.4054082, "longitude": 2.1576085, "showAddress": false, "url": "https://www.idealista.com/inmueble/92867155/", "distance": "532", "hasVideo": false, "status": "good", "newDevelopment": false, "hasLift": true, "priceByArea": 3780.0, "detailedType": {"typology": "flat"}, "suggestedTexts": {"subtitle": "Vila de Gr\u00e0cia, Barcelona", "title": "Piso en Calle de l'Or"}, "hasPlan": true, "has3DTour": false, "has360": false, "hasStaging": false, "topNewDevelopment": false}, {"propertyCode": "92693278", "thumbnail": "https://img3.idealista.com/blur/WEB_LISTING/0/id.pro.es.image.master/3e/dc/5b/845840944.jpg", "externalReference": "10562", "numPhotos": 30, "price": 895000.0, "propertyType": "flat", "operation": "sale", "size": 135.0, "exterior": false, "rooms": 3, "bathrooms": 2, "address": "Calle d'Aribau", "province": "Barcelona", "municipality": "Barcelona", "district": "Eixample", "country": "es", "neighborhood": "L'Antiga Esquerra de l'Eixample", "latitude": 41.3938167, "longitude": 2.1540388, "showAddress": false, "url": "https://www.idealista.com/inmueble/92693278/", "distance": "815", "hasVideo": false, "status": "good", "newDevelopment": false, "hasLift": false, "priceByArea": 6630.0, "detailedType": {"typology": "flat"}, "suggestedTexts": {"subtitle": "L'Antiga Esquerra de l'Eixample, Barcelona", "title": "Piso en Calle d'Aribau"}, "hasPlan": true, "has3DTour": true, "has360": false, "hasStaging": false, "topNewDevelopment": false}, {"propertyCode": "92157520", "thumbnail": "https://img3.idealista.com/blur/WEB_LISTING/0/id.pro.es.image.master/31/1b/7c/832330812.jpg", "externalReference": "10263", "numPhotos": 25, "price": 550000.0, "propertyType": "flat", "operation": "sale", "size": 136.0, "exterior": false, "rooms": 6, "bathrooms": 2, "address": "Calle d'Aribau", "province": "Barcelona", "municipality": "Barcelona", "district": "Eixample", "country": "es", "neighborhood": "L'Antiga Esquerra de l'Eixample", "latitude": 41.3936684, "longitude": 2.1553515, "showAddress": false, "url": "https://www.idealista.com/inmueble/92157520/", "distance": "831", "hasVideo": true, "status": "good", "newDevelopment": false, "hasLift": true, "priceByArea": 4044.0, "detailedType": {"typology": "flat"}, "suggestedTexts": {"subtitle": "L'Antiga Esquerra de l'Eixample, Barcelona", "title": "Piso en Calle d'Aribau"}, "hasPlan": true, "has3DTour": false, "has360": false, "hasStaging": false, "topNewDevelopment": false}, {"propertyCode": "91903984", "thumbnail": "https://img3.idealista.com/blur/WEB_LISTING/0/id.pro.es.image.master/94/92/7c/826104435.jpg", "externalReference": "BCN06337", "numPhotos": 23, "floor": "2", "price": 745000.0, "propertyType": "flat", "operation": "sale", "size": 136.0, "exterior": true, "rooms": 4, "bathrooms": 3, "address": "barrio La Dreta de l'Eixample", "province": "Barcelona", "municipality": "Barcelona", "district": "Eixample", "country": "es", "neighborhood": "La Dreta de l'Eixample", "latitude": 41.4013436, "longitude": 2.1643126, "showAddress": false, "url": "https://www.idealista.com/inmueble/91903984/", "distance": "800", "hasVideo": false, "status": "good", "newDevelopment": false, "hasLift": true, "priceByArea": 5478.0, "detailedType": {"typology": "flat"}, "suggestedTexts": {"subtitle": "La Dreta de l'Eixample, Barcelona", "title": "Piso"}, "hasPlan": true, "has3DTour": false, "has360": false, "hasStaging": false, "topNewDevelopment": false}, {"propertyCode": "88647871", "thumbnail": "https://img3.idealista.com/blur/WEB_LISTING/0/id.pro.es.image.master/33/c4/e1/751825923.jpg", "externalReference": "BCN06325", "numPhotos": 23, "floor": "1", "price": 1095000.0, "propertyType": "flat", "operation": "sale", "size": 208.0, "exterior": true, "rooms": 4, "bathrooms": 3, "address": "barrio Sant Gervasi - Galvany", "province": "Barcelona", "municipality": "Barcelona", "district": "Sarri\u00e0-Sant Gervasi", "country": "es", "neighborhood": "Sant Gervasi - Galvany", "latitude": 41.3949636, "longitude": 2.1513745, "showAddress": false, "url": "https://www.idealista.com/inmueble/88647871/", "distance": "740", "hasVideo": false, "status": "good", "newDevelopment": false, "hasLift": true, "priceByArea": 5264.0, "detailedType": {"typology": "flat"}, "suggestedTexts": {"subtitle": "Sant Gervasi - Galvany, Barcelona", "title": "Piso"}, "hasPlan": true, "has3DTour": false, "has360": false, "hasStaging": false, "topNewDevelopment": false}, {"propertyCode": "91977734", "thumbnail": "https://img3.idealista.com/blur/WEB_LISTING/0/id.pro.es.image.master/a0/46/28/827791786.jpg", "externalReference": "FRPM1", "numPhotos": 24, "floor": "1", "price": 625000.0, "propertyType": "flat", "operation": "sale", "size": 145.0, "exterior": true, "rooms": 2, "bathrooms": 2, "address": "Plaza Molina", "province": "Barcelona", "municipality": "Barcelona", "district": "Sarri\u00e0-Sant Gervasi", "country": "es", "neighborhood": "Sant Gervasi - Galvany", "latitude": 41.400239, "longitude": 2.147527, "showAddress": false, "url": "https://www.idealista.com/inmueble/91977734/", "distance": "607", "hasVideo": false, "status": "good", "newDevelopment": false, "hasLift": true, "parkingSpace": {"hasParkingSpace": true, "isParkingSpaceIncludedInPrice": false, "parkingSpacePrice": 35000.0}, "priceByArea": 4310.0, "detailedType": {"typology": "flat"}, "suggestedTexts": {"subtitle": "Sant Gervasi - Galvany, Barcelona", "title": "Piso en Plaza Molina"}, "hasPlan": true, "has3DTour": false, "has360": false, "hasStaging": false, "topNewDevelopment": false}]