[{"propertyCode": "89292464", "thumbnail": "https://img3.idealista.com/blur/WEB_LISTING/0/id.pro.es.image.master/14/5f/30/768214827.jpg", "externalReference": "W-02G8L6", "numPhotos": 30, "floor": "1", "price": 299000.0, "propertyType": "chalet", "operation": "sale", "size": 174.0, "exterior": false, "rooms": 6, "bathrooms": 2, "address": "barrio La Font d'En Fargues", "province": "Barcelona", "municipality": "Barcelona", "district": "Horta Guinard\u00f3", "country": "es", "neighborhood": "La Font d'En Fargues", "latitude": 41.4267344, "longitude": 2.1593383, "showAddress": false, "url": "https://www.idealista.com/inmueble/89292464/", "distance": "2517", "hasVideo": false, "status": "renew", "newDevelopment": false, "priceByArea": 1718.0, "detailedType": {"typology": "chalet", "subTypology": "terracedHouse"}, "suggestedTexts": {"subtitle": "La Font d'En Fargues, Barcelona", "title": "Chalet adosado"}, "hasPlan": true, "has3DTour": true, "has360": false, "hasStaging": false, "topNewDevelopment": false}, {"propertyCode": "87717416", "thumbnail": "https://img3.idealista.com/blur/WEB_LISTING/0/id.pro.es.image.master/aa/fc/7d/755936767.jpg", "externalReference": "W-02GJDC", "numPhotos": 36, "floor": "bj", "price": 1295000.0, "propertyType": "flat", "operation": "sale", "size": 256.0, "exterior": false, "rooms": 4, "bathrooms": 3, "address": "barrio Sant Gervasi - La Bonanova", "province": "Barcelona", "municipality": "Barcelona", "district": "Sarri\u00e0-Sant Gervasi", "country": "es", "neighborhood": "Sant Gervasi - La Bonanova", "latitude": 41.4158985, "longitude": 2.1311214, "showAddress": false, "url": "https://www.idealista.com/inmueble/87717416/", "distance": "2279", "hasVideo": false, "status": "good", "newDevelopment": false, "hasLift": true, "parkingSpace": {"hasParkingSpace": true, "isParkingSpaceIncludedInPrice": true}, "priceByArea": 5059.0, "detailedType": {"typology": "flat"}, "suggestedTexts": {"subtitle": "Sant Gervasi - La Bonanova, Barcelona", "title": "Piso"}, "hasPlan": true, "has3DTour": true, "has360": false, "hasStaging": false, "topNewDevelopment": false}, {"propertyCode": "86954951", "thumbnail": "https://img3.idealista.com/blur/WEB_LISTING/0/id.pro.es.image.master/7f/45/8d/755900056.jpg", "externalReference": "W-02GRFP", "numPhotos": 38, "floor": "1", "price": 1100000.0, "propertyType": "flat", "operation": "sale", "size": 234.0, "exterior": false, "rooms": 3, "bathrooms": 3, "address": "barrio Sant Gervasi - La Bonanova", "province": "Barcelona", "municipality": "Barcelona", "district": "Sarri\u00e0-Sant Gervasi", "country": "es", "neighborhood": "Sant Gervasi - La Bonanova", "latitude": 41.4130985, "longitude": 2.1310214, "showAddress": false, "url": "https://www.idealista.com/inmueble/86954951/", "distance": "2591", "hasVideo": false, "status": "good", "newDevelopment": false, "hasLift": false, "parkingSpace": {"hasParkingSpace": true, "isParkingSpaceIncludedInPrice": true}, "priceByArea": 4701.0, "detailedType": {"typology": "flat"}, "suggestedTexts": {"subtitle": "Sant Gervasi - La Bonanova, Barcelona", "title": "Piso"}, "hasPlan": true, "has3DTour": true, "has360": false, "hasStaging": false, "topNewDevelopment": false}, {"propertyCode": "86206425", "thumbnail": "https://img3.idealista.com/blur/WEB_LISTING/0/id.pro.es.image.master/2e/9c/e3/755969197.jpg", "externalReference": "W-02AHUH", "numPhotos": 41, "floor": "1", "price": 1200000.0, "propertyType": "flat", "operation": "sale", "size": 130.0, "exterior": false, "rooms": 3, "bathrooms": 2, "address": "barrio Sant Gervasi - La Bonanova", "province": "Barcelona", "municipality": "Barcelona", "district": "Sarri\u00e0-Sant Gervasi", "country": "es", "neighborhood": "Sant Gervasi - La Bonanova", "latitude": 41.4093987, "longitude": 2.1278007, "showAddress": false, "url": "https://www.idealista.com/inmueble/86206425/", "distance": "3021", "hasVideo": false, "status": "good", "newDevelopment": false, "hasLift": true, "parkingSpace": {"hasParkingSpace": true, "isParkingSpaceIncludedInPrice": true}, "priceByArea": 9231.0, "detailedType": {"typology": "flat"}, "suggestedTexts": {"subtitle": "Sant Gervasi - La Bonanova, Barcelona", "title": "Piso"}, "hasPlan": true, "has3DTour": true, "has360": false, "hasStaging": false, "topNewDevelopment": false}, {"propertyCode": "89909378", "thumbnail": "https://img3.idealista.com/blur/WEB_LISTING/0/id.pro.es.image.master/51/6b/c8/779093094.jpg", "externalReference": "BCN06385", "numPhotos": 38, "price": 2425000.0, "propertyType": "chalet", "operation": "sale", "size": 585.0, "exterior": false, "rooms": 6, "bathrooms": 5, "address": "barrio Sant Gervasi - La Bonanova", "province": "Barcelona", "municipality": "Barcelona", "district": "Sarri\u00e0-Sant Gervasi", "country": "es", "neighborhood": "Sant Gervasi - La Bonanova", "latitude": 41.4102488, "longitude": 2.1236358, "showAddress": false, "url": "https://www.idealista.com/inmueble/89909378/", "distance": "2989", "hasVideo": true, "status": "good", "newDevelopment": false, "parkingSpace": {"hasParkingSpace": true, "isParkingSpaceIncludedInPrice": true}, "priceByArea": 4145.0, "detailedType": {"typology": "chalet", "subTypology": "independantHouse"}, "suggestedTexts": {"subtitle": "Sant Gervasi - La Bonanova, Barcelona", "title": "Casa independiente"}, "hasPlan": true, "has3DTour": false, "has360": false, "hasStaging": false, "topNewDevelopment": false}, {"propertyCode": "88841013", "thumbnail": "https://img3.idealista.com/blur/WEB_LISTING/0/id.pro.es.image.master/f6/3f/d7/756735619.jpg", "externalReference": "W-02I842", "numPhotos": 22, "floor": "8", "price": 293000.0, "propertyType": "flat", "operation": "sale", "size": 80.0, "exterior": false, "rooms": 2, "bathrooms": 1, "address": "barrio La Vall d'Hebron - La Clota", "province": "Barcelona", "municipality": "Barcelona", "district": "Horta Guinard\u00f3", "country": "es", "neighborhood": "La Vall d'Hebron - La Clota", "latitude": 41.4357512, "longitude": 2.1517783, "showAddress": false, "url": "https://www.idealista.com/inmueble/88841013/", "distance": "1647", "hasVideo": false, "status": "good", "newDevelopment": false, "hasLift": true, "priceByArea": 3663.0, "detailedType": {"typology": "flat"}, "suggestedTexts": {"subtitle": "La Vall d'Hebron - La Clota, Barcelona", "title": "Piso"}, "hasPlan": true, "has3DTour": false, "has360": true, "hasStaging": false, "topNewDevelopment": false}, {"propertyCode": "92764073", "thumbnail": "https://img3.idealista.com/blur/WEB_LISTING/0/id.pro.es.image.master/a0/2e/77/848286284.jpg", "externalReference": "SP100YR", "numPhotos": 37, "floor": "bj", "price": 745000.0, "propertyType": "flat", "operation": "sale", "size": 207.0, "exterior": true, "rooms": 3, "bathrooms": 2, "address": "barrio El Putxet i el Farr\u00f3", "province": "Barcelona", "municipality": "Barcelona", "district": "Sarri\u00e0-Sant Gervasi", "country": "es", "neighborhood": "El Putxet i el Farr\u00f3", "latitude": 41.4105581, "longitude": 2.1426154, "showAddress": false, "url": "https://www.idealista.com/inmueble/92764073/", "distance": "3004", "hasVideo": true, "status": "good", "newDevelopment": false, "hasLift": true, "priceByArea": 3599.0, "detailedType": {"typology": "flat"}, "suggestedTexts": {"subtitle": "El Putxet i el Farr\u00f3, Barcelona", "title": "Piso"}, "hasPlan": true, "has3DTour": false, "has360": true, "hasStaging": false, "topNewDevelopment": false}, {"propertyCode": "85190976", "thumbnail": "https://img3.idealista.com/blur/WEB_LISTING/0/id.pro.es.image.master/c9/7c/d7/804946018.jpg", "externalReference": "SP151FM", "numPhotos": 29, "floor": "3", "price": 549000.0, "propertyType": "flat", "operation": "sale", "size": 118.0, "exterior": true, "rooms": 3, "bathrooms": 2, "address": "Paseo de Sant Gervasi, Barcelona", "province": "Barcelona", "municipality": "Barcelona", "district": "Sarri\u00e0-Sant Gervasi", "country": "es", "neighborhood": "El Putxet i el Farr\u00f3", "latitude": 41.4132817, "longitude": 2.1392877, "showAddress": false, "url": "https://www.idealista.com/inmueble/85190976/", "distance": "2639", "hasVideo": true, "status": "good", "newDevelopment": false, "hasLift": true, "priceByArea": 4653.0, "detailedType": {"typology": "flat"}, "suggestedTexts": {"subtitle": "El Putxet i el Farr\u00f3, Barcelona", "title": "Piso en Paseo de Sant Gervasi, Barcelona"}, "hasPlan": true, "has3DTour": false, "has360": true, "hasStaging": false, "topNewDevelopment": false}, {"propertyCode": "89705491", "thumbnail": "https://img3.idealista.com/blur/WEB_LISTING/0/id.pro.es.image.master/a8/50/80/800885015.jpg", "externalReference": "0951", "numPhotos": 25, "floor": "2", "price": 399000.0, "propertyType": "flat", "operation": "sale", "size": 105.0, "exterior": true, "rooms": 4, "bathrooms": 2, "address": "barrio El Putxet i el Farr\u00f3", "province": "Barcelona", "municipality": "Barcelona", "district": "Sarri\u00e0-Sant Gervasi", "country": "es", "neighborhood": "El Putxet i el Farr\u00f3", "latitude": 41.4114666, "longitude": 2.139694, "showAddress": false, "url": "https://www.idealista.com/inmueble/89705491/", "distance": "2843", "hasVideo": false, "status": "good", "newDevelopment": false, "hasLift": true, "priceByArea": 3800.0, "detailedType": {"typology": "flat"}, "suggestedTexts": {"subtitle": "El Putxet i el Farr\u00f3, Barcelona", "title": "Piso"}, "hasPlan": true, "has3DTour": false, "has360": true, "hasStaging": false, "topNewDevelopment": false}, {"propertyCode": "38881514", "thumbnail": "https://img3.idealista.com/blur/WEB_LISTING/0/id.pro.es.image.master/76/10/3f/848273788.jpg", "externalReference": "BCN04915", "numPhotos": 29, "floor": "2", "price": 800000.0, "propertyType": "duplex", "operation": "sale", "size": 197.0, "exterior": true, "rooms": 3, "bathrooms": 3, "address": "barrio El Putxet i el Farr\u00f3", "province": "Barcelona", "municipality": "Barcelona", "district": "Sarri\u00e0-Sant Gervasi", "country": "es", "neighborhood": "El Putxet i el Farr\u00f3", "latitude": 41.4099121, "longitude": 2.1450005, "showAddress": false, "url": "https://www.idealista.com/inmueble/38881514/", "distance": "3136", "hasVideo": false, "status": "good", "newDevelopment": false, "hasLift": true, "parkingSpace": {"hasParkingSpace": true, "isParkingSpaceIncludedInPrice": false, "parkingSpacePrice": 20000.0}, "priceByArea": 4061.0, "detailedType": {"typology": "flat", "subTypology": "duplex"}, "suggestedTexts": {"subtitle": "El Putxet i el Farr\u00f3, Barcelona", "title": "D\u00faplex"}, "hasPlan": true, "has3DTour": false, "has360": true, "hasStaging": false, "topNewDevelopment": false}, {"propertyCode": "85771895", "thumbnail": "https://img3.idealista.com/blur/WEB_LISTING/0/id.pro.es.image.master/1d/84/66/674739220.jpg", "externalReference": "4338", "numPhotos": 58, "price": 1295000.0, "propertyType": "chalet", "operation": "sale", "size": 300.0, "exterior": false, "rooms": 3, "bathrooms": 3, "address": "barrio Vallvidrera - El Tibidabo i les Planes", "province": "Barcelona", "municipality": "Barcelona", "district": "Sarri\u00e0-Sant Gervasi", "country": "es", "neighborhood": "Vallvidrera - El Tibidabo i les Planes", "latitude": 41.4171709, "longitude": 2.1113274, "showAddress": false, "url": "https://www.idealista.com/inmueble/85771895/", "distance": "2746", "hasVideo": true, "status": "good", "newDevelopment": false, "parkingSpace": {"hasParkingSpace": true, "isParkingSpaceIncludedInPrice": true}, "priceByArea": 4317.0, "detailedType": {"typology": "chalet", "subTypology": "independantHouse"}, "suggestedTexts": {"subtitle": "Vallvidrera - El Tibidabo i les Planes, Barcelona", "title": "Casa independiente"}, "hasPlan": true, "has3DTour": false, "has360": true, "hasStaging": false, "topNewDevelopment": false}, {"propertyCode": "88513665", "thumbnail": "https://img3.idealista.com/blur/WEB_LISTING/0/id.pro.es.image.master/ff/53/ed/748584425.jpg", "externalReference": "BCN21995", "numPhotos": 37, "price": 1950000.0, "propertyType": "chalet", "operation": "sale", "size": 284.0, "exterior": false, "rooms": 4, "bathrooms": 4, "address": "barrio Sant Gervasi - La Bonanova", "province": "Barcelona", "municipality": "Barcelona", "district": "Sarri\u00e0-Sant Gervasi", "country": "es", "neighborhood": "Sant Gervasi - La Bonanova", "latitude": 41.4100349, "longitude": 2.1221368, "showAddress": false, "url": "https://www.idealista.com/inmueble/88513665/", "distance": "3044", "hasVideo": false, "status": "good", "newDevelopment": false, "parkingSpace": {"hasParkingSpace": true, "isParkingSpaceIncludedInPrice": true}, "priceByArea": 6866.0, "detailedType": {"typology": "chalet"}, "suggestedTexts": {"subtitle": "Sant Gervasi - La Bonanova, Barcelona", "title": "Chalet"}, "hasPlan": false, "has3DTour": false, "has360": true, "hasStaging": false, "topNewDevelopment": false}, {"propertyCode": "35492296", "thumbnail": "https://img3.idealista.com/blur/WEB_LISTING/0/id.pro.es.image.master/03/cd/d2/709998753.jpg", "externalReference": "3413c", "numPhotos": 48, "price": 830000.0, "propertyType": "chalet", "operation": "sale", "size": 380.0, "exterior": false, "rooms": 5, "bathrooms": 5, "address": "Calle de Can Basseda", "province": "Barcelona", "municipality": "Barcelona", "district": "Sarri\u00e0-Sant Gervasi", "country": "es", "neighborhood": "Vallvidrera - El Tibidabo i les Planes", "latitude": 41.4143264, "longitude": 2.108542, "showAddress": false, "url": "https://www.idealista.com/inmueble/35492296/", "distance": "3138", "hasVideo": true, "status": "good", "newDevelopment": false, "parkingSpace": {"hasParkingSpace": true, "isParkingSpaceIncludedInPrice": true}, "priceByArea": 2184.0, "detailedType": {"typology": "chalet", "subTypology": "independantHouse"}, "suggestedTexts": {"subtitle": "Vallvidrera - El Tibidabo i les Planes, Barcelona", "title": "Casa independiente en Calle de Can Basseda"}, "hasPlan": true, "has3DTour": false, "has360": true, "hasStaging": false, "topNewDevelopment": false}, {"propertyCode": "92023188", "thumbnail": "https://img3.idealista.com/blur/WEB_LISTING/0/id.pro.es.image.master/79/4a/7b/828891907.jpg", "externalReference": "1442", "numPhotos": 29, "price": 760000.0, "propertyType": "flat", "operation": "sale", "size": 120.0, "exterior": true, "rooms": 3, "bathrooms": 2, "address": "barrio Vallcarca i els Penitents", "province": "Barcelona", "municipality": "Barcelona", "district": "Gr\u00e0cia", "country": "es", "neighborhood": "Vallcarca i els Penitents", "latitude": 41.4159354, "longitude": 2.1385804, "showAddress": false, "url": "https://www.idealista.com/inmueble/92023188/", "distance": "2339", "hasVideo": false, "status": "good", "newDevelopment": false, "hasLift": true, "parkingSpace": {"hasParkingSpace": true, "isParkingSpaceIncludedInPrice": true}, "priceByArea": 6333.0, "detailedType": {"typology": "flat"}, "suggestedTexts": {"subtitle": "Vallcarca i els Penitents, Barcelona", "title": "Piso"}, "hasPlan": false, "has3DTour": false, "has360": true, "hasStaging": false, "topNewDevelopment": false}, {"propertyCode": "93155700", "thumbnail": "https://img3.idealista.com/blur/WEB_LISTING/0/id.pro.es.image.master/89/9b/f2/855691565.jpg", "externalReference": "D-40702", "numPhotos": 27, "floor": "4", "price": 190000.0, "propertyType": "flat", "operation": "sale", "size": 82.0, "exterior": true, "rooms": 4, "bathrooms": 1, "address": "Calle de Travau", "province": "Barcelona", "municipality": "Barcelona", "district": "Nou Barris", "country": "es", "neighborhood": "Can Peguera - El Tur\u00f3 de la Peira", "latitude": 41.4306786, "longitude": 2.1633246, "showAddress": false, "url": "https://www.idealista.com/inmueble/93155700/", "distance": "2685", "hasVideo": true, "status": "good", "newDevelopment": false, "hasLift": true, "priceByArea": 2317.0, "detailedType": {"typology": "flat"}, "suggestedTexts": {"subtitle": "Can Peguera - El Tur\u00f3 de la Peira, Barcelona", "title": "Piso en Calle de Travau"}, "hasPlan": true, "has3DTour": false, "has360": false, "hasStaging": false, "topNewDevelopment": false}, {"propertyCode": "88470131", "thumbnail": "https://img3.idealista.com/blur/WEB_LISTING/0/id.pro.es.image.master/a9/ec/ec/856402860.jpg", "externalReference": "190140", "numPhotos": 18, "floor": "8", "price": 293000.0, "propertyType": "flat", "operation": "sale", "size": 80.0, "exterior": true, "rooms": 2, "bathrooms": 1, "address": "barrio La Vall d'Hebron - La Clota", "province": "Barcelona", "municipality": "Barcelona", "district": "Horta Guinard\u00f3", "country": "es", "neighborhood": "La Vall d'Hebron - La Clota", "latitude": 41.433883, "longitude": 2.147915, "showAddress": false, "url": "https://www.idealista.com/inmueble/88470131/", "distance": "1353", "hasVideo": false, "status": "good", "newDevelopment": false, "hasLift": true, "priceByArea": 3663.0, "detailedType": {"typology": "flat"}, "suggestedTexts": {"subtitle": "La Vall d'Hebron - La Clota, Barcelona", "title": "Piso"}, "hasPlan": false, "has3DTour": false, "has360": true, "hasStaging": false, "topNewDevelopment": false}, {"propertyCode": "90311630", "thumbnail": "https://img3.idealista.com/blur/WEB_LISTING/0/id.pro.es.image.master/fe/ee/ac/787839564.jpg", "externalReference": "P_HURT", "numPhotos": 37, "floor": "bj", "price": 745000.0, "propertyType": "flat", "operation": "sale", "size": 207.0, "exterior": false, "rooms": 3, "bathrooms": 2, "address": "hurtado, 7", "province": "Barcelona", "municipality": "Barcelona", "district": "Sarri\u00e0-Sant Gervasi", "country": "es", "neighborhood": "El Putxet i el Farr\u00f3", "latitude": 41.4102264, "longitude": 2.1411077, "showAddress": true, "url": "https://www.idealista.com/inmueble/90311630/", "distance": "3006", "hasVideo": false, "status": "good", "newDevelopment": false, "hasLift": true, "priceByArea": 3599.0, "detailedType": {"typology": "flat"}, "suggestedTexts": {"subtitle": "El Putxet i el Farr\u00f3, Barcelona", "title": "Piso en hurtado, 7"}, "hasPlan": true, "has3DTour": false, "has360": true, "hasStaging": false, "topNewDevelopment": false}, {"propertyCode": "92812735", "thumbnail": "https://img3.idealista.com/blur/WEB_LISTING/0/id.pro.es.image.master/e9/a6/ff/848725691.jpg", "externalReference": "VB2102026", "numPhotos": 25, "floor": "2", "price": 785000.0, "propertyType": "flat", "operation": "sale", "size": 109.0, "exterior": true, "rooms": 3, "bathrooms": 2, "address": "barrio Sant Gervasi - La Bonanova", "province": "Barcelona", "municipality": "Barcelona", "district": "Sarri\u00e0-Sant Gervasi", "country": "es", "neighborhood": "Sant Gervasi - La Bonanova", "latitude": 41.4166408, "longitude": 2.1273696, "showAddress": false, "url": "https://www.idealista.com/inmueble/92812735/", "distance": "2229", "hasVideo": true, "status": "good", "newDevelopment": false, "hasLift": true, "parkingSpace": {"hasParkingSpace": true, "isParkingSpaceIncludedInPrice": true}, "priceByArea": 7202.0, "detailedType": {"typology": "flat"}, "suggestedTexts": {"subtitle": "Sant Gervasi - La Bonanova, Barcelona", "title": "Piso"}, "hasPlan": false, "has3DTour": false, "has360": false, "hasStaging": false, "topNewDevelopment": false}, {"propertyCode": "92560475", "thumbnail": "https://img3.idealista.com/blur/WEB_LISTING/0/id.pro.es.image.master/41/f3/e2/842679905.jpg", "externalReference": "243993", "numPhotos": 25, "floor": "2", "price": 880000.0, "propertyType": "flat", "operation": "sale", "size": 172.0, "exterior": true, "rooms": 3, "bathrooms": 3, "address": "barrio El Putxet i el Farr\u00f3", "province": "Barcelona", "municipality": "Barcelona", "district": "Sarri\u00e0-Sant Gervasi", "country": "es", "neighborhood": "El Putxet i el Farr\u00f3", "latitude": 41.4110355, "longitude": 2.1393086, "showAddress": false, "url": "https://www.idealista.com/inmueble/92560475/", "distance": "2883", "hasVideo": false, "status": "good", "newDevelopment": false, "hasLift": true, "priceByArea": 5116.0, "detailedType": {"typology": "flat"}, "suggestedTexts": {"subtitle": "El Putxet i el Farr\u00f3, Barcelona", "title": "Piso"}, "hasPlan": true, "has3DTour": false, "has360": false, "hasStaging": false, "topNewDevelopment": false}, {"propertyCode": "92175668", "thumbnail": "https://img3.idealista.com/blur/WEB_LISTING/0/id.pro.es.image.master/68/33/03/838949883.jpg", "externalReference": "238866", "numPhotos": 23, "floor": "1", "price": 149000.0, "propertyType": "flat", "operation": "sale", "size": 53.0, "exterior": true, "rooms": 3, "bathrooms": 1, "address": "barrio El Carmel", "province": "Barcelona", "municipality": "Barcelona", "district": "Horta Guinard\u00f3", "country": "es", "neighborhood": "El Carmel", "latitude": 41.4283216, "longitude": 2.157278, "showAddress": false, "url": "https://www.idealista.com/inmueble/92175668/", "distance": "2288", "hasVideo": false, "status": "good", "newDevelopment": false, "hasLift": true, "priceByArea": 2811.0, "detailedType": {"typology": "flat"}, "suggestedTexts": {"subtitle": "El Carmel, Barcelona", "title": "Piso"}, "hasPlan": true, "has3DTour": false, "has360": false, "hasStaging": false, "topNewDevelopment": false}, {"propertyCode": "91842091", "thumbnail": "https://img3.idealista.com/blur/WEB_LISTING/0/id.pro.es.image.master/ba/24/83/824572704.jpg", "externalReference": "242955", "numPhotos": 23, "floor": "5", "price": 350000.0, "propertyType": "flat", "operation": "sale", "size": 76.0, "exterior": true, "rooms": 3, "bathrooms": 1, "address": "barrio Vallcarca i els Penitents", "province": "Barcelona", "municipality": "Barcelona", "district": "Gr\u00e0cia", "country": "es", "neighborhood": "Vallcarca i els Penitents", "latitude": 41.4107816, "longitude": 2.1394402, "showAddress": false, "url": "https://www.idealista.com/inmueble/91842091/", "distance": "2913", "hasVideo": false, "status": "good", "newDevelopment": false, "hasLift": true, "priceByArea": 4605.0, "detailedType": {"typology": "flat"}, "suggestedTexts": {"subtitle": "Vallcarca i els Penitents, Barcelona", "title": "Piso"}, "hasPlan": true, "has3DTour": false, "has360": false, "hasStaging": false, "topNewDevelopment": false}, {"propertyCode": "91648408", "thumbnail": "https://img3.idealista.com/blur/WEB_LISTING/0/id.pro.es.image.master/48/27/2a/844034961.jpg", "externalReference": "240750", "numPhotos": 22, "floor": "1", "price": 720000.0, "propertyType": "flat", "operation": "sale", "size": 130.0, "exterior": true, "rooms": 4, "bathrooms": 2, "address": "barrio El Putxet i el Farr\u00f3", "province": "Barcelona", "municipality": "Barcelona", "district": "Sarri\u00e0-Sant Gervasi", "country": "es", "neighborhood": "El Putxet i el Farr\u00f3", "latitude": 41.4076663, "longitude": 2.1388275, "showAddress": false, "url": "https://www.idealista.com/inmueble/91648408/", "distance": "3243", "hasVideo": false, "status": "good", "newDevelopment": false, "hasLift": true, "parkingSpace": {"hasParkingSpace": true, "isParkingSpaceIncludedInPrice": true}, "priceByArea": 5538.0, "detailedType": {"typology": "flat"}, "suggestedTexts": {"subtitle": "El Putxet i el Farr\u00f3, Barcelona", "title": "Piso"}, "hasPlan": true, "has3DTour": false, "has360": true, "hasStaging": false, "topNewDevelopment": false}, {"propertyCode": "93157330", "thumbnail": "https://img3.idealista.com/blur/WEB_LISTING/0/id.pro.es.image.master/f9/e8/44/855736577.jpg", "externalReference": "V-VALLCARCAM", "numPhotos": 29, "floor": "2", "price": 265000.0, "propertyType": "flat", "operation": "sale", "size": 65.0, "exterior": true, "rooms": 3, "bathrooms": 1, "address": "Avenida Vallcarca", "province": "Barcelona", "municipality": "Barcelona", "district": "Gr\u00e0cia", "country": "es", "neighborhood": "Vallcarca i els Penitents", "latitude": 41.4187878, "longitude": 2.1417252, "showAddress": false, "url": "https://www.idealista.com/inmueble/93157330/", "distance": "2117", "hasVideo": false, "status": "good", "newDevelopment": false, "hasLift": false, "priceByArea": 4077.0, "detailedType": {"typology": "flat"}, "suggestedTexts": {"subtitle": "Vallcarca i els Penitents, Barcelona", "title": "Piso en Avenida Vallcarca"}, "hasPlan": true, "has3DTour": true, "has360": false, "hasStaging": false, "topNewDevelopment": false}, {"propertyCode": "91738528", "thumbnail": "https://img3.idealista.com/blur/WEB_LISTING/0/id.pro.es.image.master/32/71/c5/822079408.jpg", "externalReference": "4498", "numPhotos": 26, "price": 255000.0, "propertyType": "flat", "operation": "sale", "size": 68.0, "exterior": true, "rooms": 2, "bathrooms": 1, "address": "Calle de Josep Sangen\u00eds", "province": "Barcelona", "municipality": "Barcelona", "district": "Horta Guinard\u00f3", "country": "es", "neighborhood": "La Teixonera", "latitude": 41.4253885, "longitude": 2.1511527, "showAddress": false, "url": "https://www.idealista.com/inmueble/91738528/", "distance": "2009", "hasVideo": false, "status": "good", "newDevelopment": false, "hasLift": true, "priceByArea": 3750.0, "detailedType": {"typology": "flat"}, "suggestedTexts": {"subtitle": "La Teixonera, Barcelona", "title": "Piso en Calle de Josep Sangen\u00eds"}, "hasPlan": true, "has3DTour": false, "has360": false, "hasStaging": false, "topNewDevelopment": false}, {"propertyCode": "92139064", "thumbnail": "https://img3.idealista.com/blur/WEB_LISTING/0/id.pro.es.image.master/87/e9/34/831920390.jpg", "externalReference": "W-02FZQR", "numPhotos": 30, "price": 480000.0, "propertyType": "chalet", "operation": "sale", "size": 207.0, "exterior": false, "rooms": 4, "bathrooms": 2, "address": "barrio El Carmel", "province": "Barcelona", "municipality": "Barcelona", "district": "Horta Guinard\u00f3", "country": "es", "neighborhood": "El Carmel", "latitude": 41.419505, "longitude": 2.1532501, "showAddress": false, "url": "https://www.idealista.com/inmueble/92139064/", "distance": "2579", "hasVideo": false, "status": "renew", "newDevelopment": false, "parkingSpace": {"hasParkingSpace": true, "isParkingSpaceIncludedInPrice": true}, "priceByArea": 2319.0, "detailedType": {"typology": "chalet", "subTypology": "independantHouse"}, "suggestedTexts": {"subtitle": "El Carmel, Barcelona", "title": "Casa independiente"}, "hasPlan": true, "has3DTour": false, "has360": false, "hasStaging": false, "topNewDevelopment": false}, {"propertyCode": "91784565", "thumbnail": "https://img3.idealista.com/blur/WEB_LISTING/0/id.pro.es.image.master/f2/ea/81/823214879.jpg", "externalReference": "VB2011005-1", "numPhotos": 21, "floor": "4", "price": 429000.0, "propertyType": "penthouse", "operation": "sale", "size": 80.0, "exterior": true, "rooms": 1, "bathrooms": 1, "address": "barrio Vallcarca i els Penitents", "province": "Barcelona", "municipality": "Barcelona", "district": "Gr\u00e0cia", "country": "es", "neighborhood": "Vallcarca i els Penitents", "latitude": 41.4114349, "longitude": 2.1499492, "showAddress": false, "url": "https://www.idealista.com/inmueble/91784565/", "distance": "3151", "hasVideo": true, "status": "good", "newDevelopment": false, "hasLift": true, "priceByArea": 5363.0, "detailedType": {"typology": "flat", "subTypology": "penthouse"}, "suggestedTexts": {"subtitle": "Vallcarca i els Penitents, Barcelona", "title": "\u00c1tico"}, "hasPlan": true, "has3DTour": false, "has360": false, "hasStaging": false, "topNewDevelopment": false}, {"propertyCode": "91730038", "thumbnail": "https://img3.idealista.com/blur/WEB_LISTING/0/id.pro.es.image.master/0a/fc/15/821871515.jpg", "externalReference": "CLK00/UV/2020/000283", "numPhotos": 21, "price": 144000.0, "propertyType": "flat", "operation": "sale", "size": 69.0, "exterior": true, "rooms": 3, "bathrooms": 1, "address": "Calle de la Conca de Tremp", "province": "Barcelona", "municipality": "Barcelona", "district": "Horta Guinard\u00f3", "country": "es", "neighborhood": "El Carmel", "latitude": 41.4225715, "longitude": 2.1566563, "showAddress": false, "url": "https://www.idealista.com/inmueble/91730038/", "distance": "2564", "hasVideo": false, "status": "good", "newDevelopment": false, "hasLift": true, "priceByArea": 2087.0, "detailedType": {"typology": "flat"}, "suggestedTexts": {"subtitle": "El Carmel, Barcelona", "title": "Piso en Calle de la Conca de Tremp"}, "hasPlan": false, "has3DTour": false, "has360": false, "hasStaging": false, "topNewDevelopment": false}, {"propertyCode": "91394499", "thumbnail": "https://img3.idealista.com/blur/WEB_LISTING/0/id.pro.es.image.master/18/11/ff/813555413.jpg", "externalReference": "W-02JUQK", "numPhotos": 27, "floor": "1", "price": 210000.0, "propertyType": "flat", "operation": "sale", "size": 63.0, "exterior": false, "rooms": 3, "bathrooms": 1, "address": "barrio Can Bar\u00f3", "province": "Barcelona", "municipality": "Barcelona", "district": "Horta Guinard\u00f3", "country": "es", "neighborhood": "Can Bar\u00f3", "latitude": 41.417384, "longitude": 2.1607676, "showAddress": false, "url": "https://www.idealista.com/inmueble/91394499/", "distance": "3194", "hasVideo": false, "status": "good", "newDevelopment": false, "hasLift": true, "priceByArea": 3333.0, "detailedType": {"typology": "flat"}, "suggestedTexts": {"subtitle": "Can Bar\u00f3, Barcelona", "title": "Piso"}, "hasPlan": true, "has3DTour": false, "has360": false, "hasStaging": false, "topNewDevelopment": false}, {"propertyCode": "91006379", "thumbnail": "https://img3.idealista.com/blur/WEB_LISTING/0/id.pro.es.image.master/48/a0/d7/804675369.jpg", "externalReference": "W-02FB69", "numPhotos": 29, "floor": "1", "price": 375000.0, "propertyType": "flat", "operation": "sale", "size": 100.0, "exterior": false, "rooms": 3, "bathrooms": 2, "address": "barrio El Putxet i el Farr\u00f3", "province": "Barcelona", "municipality": "Barcelona", "district": "Sarri\u00e0-Sant Gervasi", "country": "es", "neighborhood": "El Putxet i el Farr\u00f3", "latitude": 41.4123193, "longitude": 2.1384409, "showAddress": false, "url": "https://www.idealista.com/inmueble/91006379/", "distance": "2729", "hasVideo": false, "status": "renew", "newDevelopment": false, "hasLift": true, "priceByArea": 3750.0, "detailedType": {"typology": "flat"}, "suggestedTexts": {"subtitle": "El Putxet i el Farr\u00f3, Barcelona", "title": "Piso"}, "hasPlan": true, "has3DTour": false, "has360": false, "hasStaging": false, "topNewDevelopment": false}, {"propertyCode": "90773471", "thumbnail": "https://img3.idealista.com/blur/WEB_LISTING/0/id.pro.es.image.master/2d/02/30/798227268.jpg", "externalReference": "W-02HCFX", "numPhotos": 60, "floor": "7", "price": 960000.0, "propertyType": "flat", "operation": "sale", "size": 155.0, "exterior": false, "rooms": 4, "bathrooms": 2, "address": "barrio Sant Gervasi - La Bonanova", "province": "Barcelona", "municipality": "Barcelona", "district": "Sarri\u00e0-Sant Gervasi", "country": "es", "neighborhood": "Sant Gervasi - La Bonanova", "latitude": 41.4095506, "longitude": 2.1329555, "showAddress": false, "url": "https://www.idealista.com/inmueble/90773471/", "distance": "2985", "hasVideo": false, "status": "good", "newDevelopment": false, "hasLift": true, "parkingSpace": {"hasParkingSpace": true, "isParkingSpaceIncludedInPrice": false, "parkingSpacePrice": 23000.0}, "priceByArea": 6194.0, "detailedType": {"typology": "flat"}, "suggestedTexts": {"subtitle": "Sant Gervasi - La Bonanova, Barcelona", "title": "Piso"}, "hasPlan": true, "has3DTour": false, "has360": false, "hasStaging": false, "topNewDevelopment": false}, {"propertyCode": "90552513", "thumbnail": "https://img3.idealista.com/blur/WEB_LISTING/0/id.pro.es.image.master/04/b8/21/836973160.jpg", "externalReference": "W-02J8CQ", "numPhotos": 40, "floor": "6", "price": 349000.0, "propertyType": "penthouse", "operation": "sale", "size": 93.0, "exterior": false, "rooms": 2, "bathrooms": 2, "address": "barrio Can Bar\u00f3", "province": "Barcelona", "municipality": "Barcelona", "district": "Horta Guinard\u00f3", "country": "es", "neighborhood": "Can Bar\u00f3", "latitude": 41.4166076, "longitude": 2.1604742, "showAddress": false, "url": "https://www.idealista.com/inmueble/90552513/", "distance": "3234", "hasVideo": false, "status": "good", "newDevelopment": false, "hasLift": false, "priceByArea": 3753.0, "detailedType": {"typology": "flat", "subTypology": "penthouse"}, "suggestedTexts": {"subtitle": "Can Bar\u00f3, Barcelona", "title": "\u00c1tico"}, "hasPlan": true, "has3DTour": false, "has360": false, "hasStaging": false, "topNewDevelopment": false}, {"propertyCode": "90249097", "thumbnail": "https://img3.idealista.com/blur/WEB_LISTING/0/id.pro.es.image.master/9d/23/6a/786308584.jpg", "externalReference": "W-02J2XJ", "numPhotos": 32, "floor": "3", "price": 280000.0, "propertyType": "flat", "operation": "sale", "size": 80.0, "exterior": false, "rooms": 4, "bathrooms": 2, "address": "barrio Can Peguera - El Tur\u00f3 de la Peira", "province": "Barcelona", "municipality": "Barcelona", "district": "Nou Barris", "country": "es", "neighborhood": "Can Peguera - El Tur\u00f3 de la Peira", "latitude": 41.4320954, "longitude": 2.1684083, "showAddress": false, "url": "https://www.idealista.com/inmueble/90249097/", "distance": "3070", "hasVideo": false, "status": "good", "newDevelopment": false, "hasLift": true, "priceByArea": 3500.0, "detailedType": {"typology": "flat"}, "suggestedTexts": {"subtitle": "Can Peguera - El Tur\u00f3 de la Peira, Barcelona", "title": "Piso"}, "hasPlan": true, "has3DTour": false, "has360": false, "hasStaging": false, "topNewDevelopment": false}, {"propertyCode": "88888638", "thumbnail": "https://img3.idealista.com/blur/WEB_LISTING/0/id.pro.es.image.master/e1/45/1d/757939761.jpg", "externalReference": "W-02ICES", "numPhotos": 22, "floor": "-1", "price": 175000.0, "propertyType": "flat", "operation": "sale", "size": 48.0, "exterior": false, "rooms": 1, "bathrooms": 1, "address": "barrio Vallcarca i els Penitents", "province": "Barcelona", "municipality": "Barcelona", "district": "Gr\u00e0cia", "country": "es", "neighborhood": "Vallcarca i els Penitents", "latitude": 41.4115235, "longitude": 2.1460537, "showAddress": false, "url": "https://www.idealista.com/inmueble/88888638/", "distance": "3002", "hasVideo": false, "status": "good", "newDevelopment": false, "hasLift": true, "priceByArea": 3646.0, "detailedType": {"typology": "flat"}, "suggestedTexts": {"subtitle": "Vallcarca i els Penitents, Barcelona", "title": "Piso"}, "hasPlan": true, "has3DTour": false, "has360": false, "hasStaging": false, "topNewDevelopment": false}, {"propertyCode": "87734205", "thumbnail": "https://img3.idealista.com/blur/WEB_LISTING/0/id.pro.es.image.master/04/e8/6c/755947803.jpg", "externalReference": "W-02H828", "numPhotos": 28, "floor": "5", "price": 440000.0, "propertyType": "penthouse", "operation": "sale", "size": 125.0, "exterior": false, "rooms": 3, "bathrooms": 2, "address": "barrio Vilapicina i la Torre Llobeta", "province": "Barcelona", "municipality": "Barcelona", "district": "Nou Barris", "country": "es", "neighborhood": "Vilapicina i la Torre Llobeta", "latitude": 41.428547, "longitude": 2.1682547, "showAddress": false, "url": "https://www.idealista.com/inmueble/87734205/", "distance": "3143", "hasVideo": false, "status": "good", "newDevelopment": false, "hasLift": true, "priceByArea": 3520.0, "detailedType": {"typology": "flat", "subTypology": "penthouse"}, "suggestedTexts": {"subtitle": "Vilapicina i la Torre Llobeta, Barcelona", "title": "\u00c1tico"}, "hasPlan": true, "has3DTour": false, "has360": false, "hasStaging": false, "topNewDevelopment": false}, {"propertyCode": "83131388", "thumbnail": "https://img3.idealista.com/blur/WEB_LISTING/0/id.pro.es.image.master/dd/84/c5/755895621.jpg", "externalReference": "W-02E6FW", "numPhotos": 48, "price": 598000.0, "propertyType": "flat", "operation": "sale", "size": 248.0, "exterior": false, "rooms": 5, "bathrooms": 2, "address": "barrio Vallcarca i els Penitents", "province": "Barcelona", "municipality": "Barcelona", "district": "Gr\u00e0cia", "country": "es", "neighborhood": "Vallcarca i els Penitents", "latitude": 41.4179281, "longitude": 2.1445119, "showAddress": false, "url": "https://www.idealista.com/inmueble/83131388/", "distance": "2301", "hasVideo": false, "status": "good", "newDevelopment": false, "hasLift": false, "priceByArea": 2411.0, "detailedType": {"typology": "flat"}, "suggestedTexts": {"subtitle": "Vallcarca i els Penitents, Barcelona", "title": "Piso"}, "hasPlan": true, "has3DTour": false, "has360": false, "hasStaging": false, "topNewDevelopment": false}, {"propertyCode": "91613068", "thumbnail": "https://img3.idealista.com/blur/WEB_LISTING/0/id.pro.es.image.master/80/91/e9/819021095.jpg", "externalReference": "VSC2008009-2", "numPhotos": 34, "price": 1350000.0, "propertyType": "chalet", "operation": "sale", "size": 519.0, "exterior": false, "rooms": 6, "bathrooms": 4, "address": "Avenida d'Antoni Griera", "province": "Barcelona", "municipality": "Sant Cugat del Vall\u00e8s", "district": "La Floresta - Les Planes", "country": "es", "latitude": 41.42985, "longitude": 2.10415, "showAddress": false, "url": "https://www.idealista.com/inmueble/91613068/", "distance": "2434", "hasVideo": true, "status": "good", "newDevelopment": false, "parkingSpace": {"hasParkingSpace": true, "isParkingSpaceIncludedInPrice": true}, "priceByArea": 2601.0, "detailedType": {"typology": "chalet"}, "suggestedTexts": {"subtitle": "La Floresta - Les Planes, Sant Cugat del Vall\u00e8s", "title": "Chalet en Avenida d'Antoni Griera"}, "hasPlan": true, "has3DTour": false, "has360": false, "hasStaging": false, "topNewDevelopment": false}, {"propertyCode": "90416547", "thumbnail": "https://img3.idealista.com/blur/WEB_LISTING/0/id.pro.es.image.master/e5/59/52/790309392.jpg", "externalReference": "9221", "numPhotos": 34, "price": 285000.0, "propertyType": "flat", "operation": "sale", "size": 75.0, "exterior": true, "rooms": 3, "bathrooms": 1, "address": "Calle de la Costa", "province": "Barcelona", "municipality": "Barcelona", "district": "Sarri\u00e0-Sant Gervasi", "country": "es", "neighborhood": "El Putxet i el Farr\u00f3", "latitude": 41.4097158, "longitude": 2.1464021, "showAddress": false, "url": "https://www.idealista.com/inmueble/90416547/", "distance": "3198", "hasVideo": true, "status": "good", "newDevelopment": false, "hasLift": true, "priceByArea": 3800.0, "detailedType": {"typology": "flat"}, "suggestedTexts": {"subtitle": "El Putxet i el Farr\u00f3, Barcelona", "title": "Piso en Calle de la Costa"}, "hasPlan": true, "has3DTour": true, "has360": false, "hasStaging": false, "topNewDevelopment": false}, {"propertyCode": "93085268", "thumbnail": "https://img3.idealista.com/blur/WEB_LISTING/0/id.pro.es.image.master/f8/8f/52/854119790.jpg", "externalReference": "1097", "numPhotos": 30, "floor": "3", "price": 176000.0, "propertyType": "flat", "operation": "sale", "size": 70.0, "exterior": true, "rooms": 2, "bathrooms": 1, "address": "Calle de Santa Rosalia, 90", "province": "Barcelona", "municipality": "Barcelona", "district": "Horta Guinard\u00f3", "country": "es", "neighborhood": "La Teixonera", "latitude": 41.4234764, "longitude": 2.1491109, "showAddress": true, "url": "https://www.idealista.com/inmueble/93085268/", "distance": "2022", "hasVideo": true, "status": "good", "newDevelopment": false, "hasLift": false, "priceByArea": 2514.0, "detailedType": {"typology": "flat"}, "suggestedTexts": {"subtitle": "La Teixonera, Barcelona", "title": "Piso en Calle de Santa Rosalia, 90"}, "hasPlan": false, "has3DTour": false, "has360": false, "hasStaging": false, "topNewDevelopment": false}, {"propertyCode": "92366056", "thumbnail": "https://img3.idealista.com/blur/WEB_LISTING/0/id.pro.es.image.master/42/6b/4c/853664338.jpg", "externalReference": "V134VL", "numPhotos": 22, "floor": "6", "price": 310000.0, "propertyType": "flat", "operation": "sale", "size": 84.0, "exterior": true, "rooms": 2, "bathrooms": 1, "address": "Paseo de Sant Gervasi, 82", "province": "Barcelona", "municipality": "Barcelona", "district": "Sarri\u00e0-Sant Gervasi", "country": "es", "neighborhood": "El Putxet i el Farr\u00f3", "latitude": 41.4130952, "longitude": 2.1380131, "showAddress": true, "url": "https://www.idealista.com/inmueble/92366056/", "distance": "2637", "hasVideo": false, "status": "good", "newDevelopment": false, "hasLift": true, "priceByArea": 3690.0, "detailedType": {"typology": "flat"}, "suggestedTexts": {"subtitle": "El Putxet i el Farr\u00f3, Barcelona", "title": "Piso en Paseo de Sant Gervasi, 82"}, "hasPlan": true, "has3DTour": false, "has360": false, "hasStaging": false, "topNewDevelopment": false}, {"propertyCode": "90755751", "thumbnail": "https://img3.idealista.com/blur/WEB_LISTING/0/id.pro.es.image.master/8c/09/6c/844034978.jpg", "externalReference": "240671", "numPhotos": 18, "floor": "4", "price": 185000.0, "propertyType": "flat", "operation": "sale", "size": 70.0, "exterior": true, "rooms": 3, "bathrooms": 1, "address": "barrio Vilapicina i la Torre Llobeta", "province": "Barcelona", "municipality": "Barcelona", "district": "Nou Barris", "country": "es", "neighborhood": "Vilapicina i la Torre Llobeta", "latitude": 41.427275, "longitude": 2.167678, "showAddress": false, "url": "https://www.idealista.com/inmueble/90755751/", "distance": "3140", "hasVideo": false, "status": "good", "newDevelopment": false, "hasLift": false, "priceByArea": 2643.0, "detailedType": {"typology": "flat"}, "suggestedTexts": {"subtitle": "Vilapicina i la Torre Llobeta, Barcelona", "title": "Piso"}, "hasPlan": true, "has3DTour": false, "has360": true, "hasStaging": false, "topNewDevelopment": false}, {"propertyCode": "91595047", "thumbnail": "https://img3.idealista.com/blur/WEB_LISTING/0/id.pro.es.image.master/68/93/55/818522341.jpg", "externalReference": "243424", "numPhotos": 18, "floor": "6", "price": 365000.0, "propertyType": "flat", "operation": "sale", "size": 75.0, "exterior": true, "rooms": 3, "bathrooms": 2, "address": "barrio El Putxet i el Farr\u00f3", "province": "Barcelona", "municipality": "Barcelona", "district": "Sarri\u00e0-Sant Gervasi", "country": "es", "neighborhood": "El Putxet i el Farr\u00f3", "latitude": 41.410274, "longitude": 2.1398229, "showAddress": false, "url": "https://www.idealista.com/inmueble/91595047/", "distance": "2975", "hasVideo": false, "status": "good", "newDevelopment": false, "hasLift": true, "priceByArea": 4867.0, "detailedType": {"typology": "flat"}, "suggestedTexts": {"subtitle": "El Putxet i el Farr\u00f3, Barcelona", "title": "Piso"}, "hasPlan": true, "has3DTour": false, "has360": false, "hasStaging": false, "topNewDevelopment": false}, {"propertyCode": "89131054", "thumbnail": "https://img3.idealista.com/blur/WEB_LISTING/0/id.pro.es.image.master/e0/44/4f/840622681.jpg", "externalReference": "BCN648", "numPhotos": 48, "floor": "bj", "price": 5600000.0, "propertyType": "chalet", "operation": "sale", "size": 773.0, "exterior": false, "rooms": 11, "bathrooms": 8, "address": "Avenida del Tibidabo", "province": "Barcelona", "municipality": "Barcelona", "district": "Sarri\u00e0-Sant Gervasi", "country": "es", "neighborhood": "Sant Gervasi - La Bonanova", "latitude": 41.4137088, "longitude": 2.1320765, "showAddress": false, "url": "https://www.idealista.com/inmueble/89131054/", "distance": "2521", "hasVideo": true, "status": "good", "newDevelopment": false, "parkingSpace": {"hasParkingSpace": true, "isParkingSpaceIncludedInPrice": true}, "priceByArea": 7245.0, "detailedType": {"typology": "chalet"}, "suggestedTexts": {"subtitle": "Sant Gervasi - La Bonanova, Barcelona", "title": "Chalet en Avenida del Tibidabo"}, "hasPlan": true, "has3DTour": false, "has360": false, "hasStaging": false, "topNewDevelopment": false}, {"propertyCode": "88509850", "thumbnail": "https://img3.idealista.com/blur/WEB_LISTING/0/id.pro.es.image.master/79/ff/3c/748474452.jpg", "externalReference": "V7097", "numPhotos": 31, "price": 1350000.0, "propertyType": "chalet", "operation": "sale", "size": 519.0, "exterior": false, "rooms": 6, "bathrooms": 5, "address": "La Floresta - Les Planes", "province": "Barcelona", "municipality": "Sant Cugat del Vall\u00e8s", "district": "La Floresta - Les Planes", "country": "es", "latitude": 41.42905, "longitude": 2.10655, "showAddress": false, "url": "https://www.idealista.com/inmueble/88509850/", "distance": "2275", "hasVideo": true, "status": "good", "newDevelopment": false, "parkingSpace": {"hasParkingSpace": true, "isParkingSpaceIncludedInPrice": true}, "priceByArea": 2601.0, "detailedType": {"typology": "chalet", "subTypology": "independantHouse"}, "suggestedTexts": {"subtitle": "La Floresta - Les Planes, Sant Cugat del Vall\u00e8s", "title": "Casa independiente"}, "hasPlan": true, "has3DTour": false, "has360": false, "hasStaging": false, "topNewDevelopment": false}, {"propertyCode": "92562806", "thumbnail": "https://img3.idealista.com/blur/WEB_LISTING/0/id.pro.es.image.master/e9/33/93/842745850.jpg", "externalReference": "121536", "numPhotos": 21, "floor": "1", "price": 160000.0, "propertyType": "flat", "operation": "sale", "size": 60.0, "exterior": true, "rooms": 2, "bathrooms": 1, "address": "Calle de Roig i Sol\u00e9", "province": "Barcelona", "municipality": "Barcelona", "district": "Horta Guinard\u00f3", "country": "es", "neighborhood": "Sant Gen\u00eds Dels Agudells - Montbau", "latitude": 41.4320445, "longitude": 2.1425834, "showAddress": false, "url": "https://www.idealista.com/inmueble/92562806/", "distance": "1003", "hasVideo": true, "status": "good", "newDevelopment": false, "hasLift": false, "priceByArea": 2667.0, "detailedType": {"typology": "flat"}, "suggestedTexts": {"subtitle": "Sant Gen\u00eds Dels Agudells - Montbau, Barcelona", "title": "Piso en Calle de Roig i Sol\u00e9"}, "hasPlan": true, "has3DTour": false, "has360": false, "hasStaging": false, "topNewDevelopment": false}, {"propertyCode": "91718001", "thumbnail": "https://img3.idealista.com/blur/WEB_LISTING/0/id.pro.es.image.master/0f/98/08/821582842.jpg", "externalReference": "4222", "numPhotos": 5, "floor": "bj", "price": 185000.0, "propertyType": "chalet", "operation": "sale", "size": 47.0, "exterior": false, "rooms": 1, "bathrooms": 1, "address": "Calle del Marqu\u00e8s de Foronda", "province": "Barcelona", "municipality": "Barcelona", "district": "Horta Guinard\u00f3", "country": "es", "neighborhood": "La Font d'En Fargues", "latitude": 41.4263764, "longitude": 2.1577414, "showAddress": false, "url": "https://www.idealista.com/inmueble/91718001/", "distance": "2415", "hasVideo": false, "status": "renew", "newDevelopment": false, "priceByArea": 3936.0, "detailedType": {"typology": "chalet", "subTypology": "terracedHouse"}, "suggestedTexts": {"subtitle": "La Font d'En Fargues, Barcelona", "title": "Chalet adosado en Calle del Marqu\u00e8s de Foronda"}, "hasPlan": true, "has3DTour": false, "has360": false, "hasStaging": false, "topNewDevelopment": false}, {"propertyCode": "91417657", "thumbnail": "https://img3.idealista.com/blur/WEB_LISTING/0/id.pro.es.image.master/68/47/06/814070882.jpg", "externalReference": "6503", "numPhotos": 15, "price": 240000.0, "propertyType": "flat", "operation": "sale", "size": 78.0, "exterior": true, "rooms": 2, "bathrooms": 1, "address": "Calle de Josep Sangen\u00eds", "province": "Barcelona", "municipality": "Barcelona", "district": "Horta Guinard\u00f3", "country": "es", "neighborhood": "La Teixonera", "latitude": 41.4251885, "longitude": 2.1503527, "showAddress": false, "url": "https://www.idealista.com/inmueble/91417657/", "distance": "1971", "hasVideo": false, "status": "good", "newDevelopment": false, "hasLift": true, "priceByArea": 3077.0, "detailedType": {"typology": "flat"}, "suggestedTexts": {"subtitle": "La Teixonera, Barcelona", "title": "Piso en Calle de Josep Sangen\u00eds"}, "hasPlan": true, "has3DTour": false, "has360": false, "hasStaging": false, "topNewDevelopment": false}, {"propertyCode": "90939011", "thumbnail": "https://img3.idealista.com/blur/WEB_LISTING/0/id.pro.es.image.master/2a/20/34/802586866.jpg", "externalReference": "W-02JOW4", "numPhotos": 25, "floor": "1", "price": 390000.0, "propertyType": "flat", "operation": "sale", "size": 102.0, "exterior": false, "rooms": 4, "bathrooms": 2, "address": "barrio El Putxet i el Farr\u00f3", "province": "Barcelona", "municipality": "Barcelona", "district": "Sarri\u00e0-Sant Gervasi", "country": "es", "neighborhood": "El Putxet i el Farr\u00f3", "latitude": 41.4117115, "longitude": 2.1401603, "showAddress": false, "url": "https://www.idealista.com/inmueble/90939011/", "distance": "2826", "hasVideo": false, "status": "good", "newDevelopment": false, "hasLift": true, "priceByArea": 3824.0, "detailedType": {"typology": "flat"}, "suggestedTexts": {"subtitle": "El Putxet i el Farr\u00f3, Barcelona", "title": "Piso"}, "hasPlan": false, "has3DTour": false, "has360": false, "hasStaging": false, "topNewDevelopment": false}, {"propertyCode": "91099471", "thumbnail": "https://img3.idealista.com/blur/WEB_LISTING/0/id.pro.es.image.master/a1/99/00/809355901.jpg", "externalReference": "242670", "numPhotos": 25, "floor": "1", "price": 375000.0, "propertyType": "flat", "operation": "sale", "size": 92.0, "exterior": true, "rooms": 2, "bathrooms": 2, "address": "barrio El Putxet i el Farr\u00f3", "province": "Barcelona", "municipality": "Barcelona", "district": "Sarri\u00e0-Sant Gervasi", "country": "es", "neighborhood": "El Putxet i el Farr\u00f3", "latitude": 41.4113978, "longitude": 2.141565, "showAddress": false, "url": "https://www.idealista.com/inmueble/91099471/", "distance": "2890", "hasVideo": false, "status": "good", "newDevelopment": false, "hasLift": true, "priceByArea": 4076.0, "detailedType": {"typology": "flat"}, "suggestedTexts": {"subtitle": "El Putxet i el Farr\u00f3, Barcelona", "title": "Piso"}, "hasPlan": true, "has3DTour": false, "has360": false, "hasStaging": false, "topNewDevelopment": false}, {"propertyCode": "88855695", "thumbnail": "https://img3.idealista.com/blur/WEB_LISTING/0/id.pro.es.image.master/96/c4/b3/757103379.jpg", "externalReference": "W-02H613", "numPhotos": 12, "floor": "-1", "price": 200000.0, "propertyType": "flat", "operation": "sale", "size": 182.0, "exterior": false, "rooms": 4, "bathrooms": 3, "address": "barrio Horta", "province": "Barcelona", "municipality": "Barcelona", "district": "Horta Guinard\u00f3", "country": "es", "neighborhood": "Horta", "latitude": 41.4261058, "longitude": 2.1580775, "showAddress": false, "url": "https://www.idealista.com/inmueble/88855695/", "distance": "2454", "hasVideo": false, "status": "good", "newDevelopment": false, "hasLift": false, "priceByArea": 1099.0, "detailedType": {"typology": "flat"}, "suggestedTexts": {"subtitle": "Horta, Barcelona", "title": "Piso"}, "hasPlan": true, "has3DTour": false, "has360": false, "hasStaging": false, "topNewDevelopment": false}, {"propertyCode": "92560536", "thumbnail": "https://img3.idealista.com/blur/WEB_LISTING/0/id.pro.es.image.master/ac/63/84/848463274.jpg", "externalReference": "246088", "numPhotos": 25, "floor": "bj", "price": 313000.0, "propertyType": "flat", "operation": "sale", "size": 54.0, "exterior": true, "rooms": 3, "bathrooms": 1, "address": "barrio Sant Gervasi - La Bonanova", "province": "Barcelona", "municipality": "Barcelona", "district": "Sarri\u00e0-Sant Gervasi", "country": "es", "neighborhood": "Sant Gervasi - La Bonanova", "latitude": 41.410206, "longitude": 2.1354206, "showAddress": false, "url": "https://www.idealista.com/inmueble/92560536/", "distance": "2925", "hasVideo": false, "status": "renew", "newDevelopment": false, "hasLift": true, "priceByArea": 5796.0, "detailedType": {"typology": "flat"}, "suggestedTexts": {"subtitle": "Sant Gervasi - La Bonanova, Barcelona", "title": "Piso"}, "hasPlan": false, "has3DTour": false, "has360": true, "hasStaging": false, "topNewDevelopment": false}]