[{"propertyCode": "92070326", "thumbnail": "https://img3.idealista.com/blur/WEB_LISTING/0/id.pro.es.image.master/0a/ff/0b/830137430.jpg", "numPhotos": 31, "floor": "5", "price": 275000.0, "propertyType": "flat", "operation": "sale", "size": 72.0, "exterior": true, "rooms": 2, "bathrooms": 1, "address": "Gran Via de les Corts Catalanes", "province": "Barcelona", "municipality": "Barcelona", "district": "Sants-Montju\u00efc", "country": "es", "neighborhood": "La Font de la Guatlla", "latitude": 41.3665182, "longitude": 2.1424963, "showAddress": false, "url": "https://www.idealista.com/inmueble/92070326/", "distance": "205", "hasVideo": true, "status": "good", "newDevelopment": false, "hasLift": true, "parkingSpace": {"hasParkingSpace": true, "isParkingSpaceIncludedInPrice": false, "parkingSpacePrice": 20000.0}, "priceByArea": 3819.0, "detailedType": {"typology": "flat"}, "suggestedTexts": {"subtitle": "La Font de la Guatlla, Barcelona", "title": "Piso en Gran Via de les Corts Catalanes"}, "hasPlan": true, "has3DTour": false, "has360": false, "hasStaging": false, "topNewDevelopment": false}, {"propertyCode": "91023894", "thumbnail": "https://img3.idealista.com/blur/WEB_LISTING/0/id.pro.es.image.master/0d/4e/17/806185674.jpg", "externalReference": "HOSTAFRANCS", "numPhotos": 29, "floor": "1", "price": 289000.0, "propertyType": "flat", "operation": "sale", "size": 70.0, "exterior": true, "rooms": 3, "bathrooms": 1, "address": "Gran Via de les Corts Catalanes s/n", "province": "Barcelona", "municipality": "Barcelona", "district": "Sants-Montju\u00efc", "country": "es", "neighborhood": "La Font de la Guatlla", "latitude": 41.3686901, "longitude": 2.1409148, "showAddress": true, "url": "https://www.idealista.com/inmueble/91023894/", "distance": "398", "hasVideo": true, "status": "good", "newDevelopment": false, "hasLift": true, "priceByArea": 4129.0, "detailedType": {"typology": "flat"}, "suggestedTexts": {"subtitle": "La Font de la Guatlla, Barcelona", "title": "Piso en Gran Via de les Corts Catalanes s/n"}, "hasPlan": true, "has3DTour": false, "has360": false, "hasStaging": false, "topNewDevelopment": false}, {"propertyCode": "92502278", "thumbnail": "https://img3.idealista.com/blur/WEB_LISTING/0/id.pro.es.image.master/d8/e8/09/841899911.jpg", "externalReference": "1834-BO", "numPhotos": 15, "floor": "2", "price": 375000.0, "propertyType": "flat", "operation": "sale", "size": 120.0, "exterior": false, "rooms": 3, "bathrooms": 1, "address": "Mineria", "province": "Barcelona", "municipality": "Barcelona", "district": "Sants-Montju\u00efc", "country": "es", "neighborhood": "La Font de la Guatlla", "latitude": 41.366745, "longitude": 2.1418529, "showAddress": false, "url": "https://www.idealista.com/inmueble/92502278/", "distance": "257", "hasVideo": true, "status": "good", "newDevelopment": false, "hasLift": true, "priceByArea": 3125.0, "detailedType": {"typology": "flat"}, "suggestedTexts": {"subtitle": "La Font de la Guatlla, Barcelona", "title": "Piso en Mineria"}, "hasPlan": true, "has3DTour": false, "has360": false, "hasStaging": false, "topNewDevelopment": false}, {"propertyCode": "91532497", "thumbnail": "https://img3.idealista.com/blur/WEB_LISTING/0/id.pro.es.image.master/a9/70/90/816817243.jpg", "externalReference": "068", "numPhotos": 41, "floor": "4", "price": 199000.0, "propertyType": "flat", "operation": "sale", "size": 61.0, "exterior": false, "rooms": 3, "bathrooms": 1, "address": "Calle de Sant Fructu\u00f3s", "province": "Barcelona", "municipality": "Barcelona", "district": "Sants-Montju\u00efc", "country": "es", "neighborhood": "La Font de la Guatlla", "latitude": 41.3693028, "longitude": 2.1485397, "showAddress": false, "url": "https://www.idealista.com/inmueble/91532497/", "distance": "412", "hasVideo": false, "status": "renew", "newDevelopment": false, "hasLift": true, "priceByArea": 3262.0, "detailedType": {"typology": "flat"}, "suggestedTexts": {"subtitle": "La Font de la Guatlla, Barcelona", "title": "Piso en Calle de Sant Fructu\u00f3s"}, "hasPlan": true, "has3DTour": false, "has360": false, "hasStaging": false, "topNewDevelopment": false}, {"propertyCode": "90938648", "thumbnail": "https://img3.idealista.com/blur/WEB_LISTING/0/id.pro.es.image.master/98/6a/56/802581353.jpg", "externalReference": "GV 299K", "numPhotos": 28, "floor": "1", "price": 289000.0, "propertyType": "flat", "operation": "sale", "size": 70.0, "exterior": true, "rooms": 3, "bathrooms": 1, "address": "Gran Via de les Corts Catalanes, 186", "province": "Barcelona", "municipality": "Barcelona", "district": "Sants-Montju\u00efc", "country": "es", "neighborhood": "La Marina del Port", "latitude": 41.3674988, "longitude": 2.1395564, "showAddress": true, "url": "https://www.idealista.com/inmueble/90938648/", "distance": "456", "hasVideo": false, "status": "good", "newDevelopment": false, "hasLift": true, "priceByArea": 4129.0, "detailedType": {"typology": "flat"}, "suggestedTexts": {"subtitle": "La Marina del Port, Barcelona", "title": "Piso en Gran Via de les Corts Catalanes, 186"}, "hasPlan": false, "has3DTour": false, "has360": false, "hasStaging": false, "topNewDevelopment": false}, {"propertyCode": "91461953", "thumbnail": "https://img3.idealista.com/blur/WEB_LISTING/0/id.pro.es.image.master/d4/0a/29/815173138.jpg", "externalReference": "W-02JXJP", "numPhotos": 32, "price": 450000.0, "propertyType": "flat", "operation": "sale", "size": 127.0, "exterior": false, "rooms": 5, "bathrooms": 2, "address": "barrio La Font de la Guatlla", "province": "Barcelona", "municipality": "Barcelona", "district": "Sants-Montju\u00efc", "country": "es", "neighborhood": "La Font de la Guatlla", "latitude": 41.3704454, "longitude": 2.1460862, "showAddress": false, "url": "https://www.idealista.com/inmueble/91461953/", "distance": "420", "hasVideo": false, "status": "renew", "newDevelopment": false, "hasLift": true, "priceByArea": 3543.0, "detailedType": {"typology": "flat"}, "suggestedTexts": {"subtitle": "La Font de la Guatlla, Barcelona", "title": "Piso"}, "hasPlan": false, "has3DTour": false, "has360": false, "hasStaging": false, "topNewDevelopment": false}, {"propertyCode": "92398601", "thumbnail": "https://img3.idealista.com/blur/WEB_LISTING/0/id.pro.es.image.master/52/e5/98/838821936.jpg", "externalReference": "317831", "numPhotos": 27, "floor": "bj", "price": 170000.0, "propertyType": "flat", "operation": "sale", "size": 103.0, "exterior": true, "rooms": 1, "bathrooms": 2, "address": "Calle de Mandoni s/n .", "province": "Barcelona", "municipality": "Barcelona", "district": "Sants-Montju\u00efc", "country": "es", "neighborhood": "La Font de la Guatlla", "latitude": 41.3691024, "longitude": 2.142934, "showAddress": true, "url": "https://www.idealista.com/inmueble/92398601/", "distance": "309", "hasVideo": true, "status": "good", "newDevelopment": false, "hasLift": false, "priceByArea": 1650.0, "detailedType": {"typology": "flat"}, "suggestedTexts": {"subtitle": "La Font de la Guatlla, Barcelona", "title": "Piso en Calle de Mandoni s/n ."}, "hasPlan": false, "has3DTour": false, "has360": false, "hasStaging": false, "topNewDevelopment": false}, {"propertyCode": "90414835", "thumbnail": "https://img3.idealista.com/blur/WEB_LISTING/0/id.pro.es.image.master/c2/4d/0a/790388443.jpg", "externalReference": "GV 219K", "numPhotos": 24, "floor": "en", "price": 219000.0, "propertyType": "flat", "operation": "sale", "size": 70.0, "exterior": false, "rooms": 3, "bathrooms": 1, "address": "Gran Via de les Corts Catalanes", "province": "Barcelona", "municipality": "Barcelona", "district": "Sants-Montju\u00efc", "country": "es", "neighborhood": "Hostafrancs", "latitude": 41.3693159, "longitude": 2.1436441, "showAddress": false, "url": "https://www.idealista.com/inmueble/90414835/", "distance": "303", "hasVideo": true, "status": "good", "newDevelopment": false, "hasLift": true, "priceByArea": 3129.0, "detailedType": {"typology": "flat"}, "suggestedTexts": {"subtitle": "Hostafrancs, Barcelona", "title": "Piso en Gran Via de les Corts Catalanes"}, "hasPlan": true, "has3DTour": false, "has360": false, "hasStaging": false, "topNewDevelopment": false}, {"propertyCode": "91612511", "thumbnail": "https://img3.idealista.com/blur/WEB_LISTING/0/id.pro.es.image.master/2c/fb/0b/819006729.jpg", "externalReference": "VB2009017-3", "numPhotos": 31, "floor": "10", "price": 540000.0, "propertyType": "penthouse", "operation": "sale", "size": 139.0, "exterior": true, "rooms": 4, "bathrooms": 2, "address": "barrio La Font de la Guatlla", "province": "Barcelona", "municipality": "Barcelona", "district": "Sants-Montju\u00efc", "country": "es", "neighborhood": "La Font de la Guatlla", "latitude": 41.367145, "longitude": 2.1400801, "showAddress": false, "url": "https://www.idealista.com/inmueble/91612511/", "distance": "407", "hasVideo": true, "status": "good", "newDevelopment": false, "hasLift": true, "priceByArea": 3885.0, "detailedType": {"typology": "flat", "subTypology": "penthouse"}, "suggestedTexts": {"subtitle": "La Font de la Guatlla, Barcelona", "title": "\u00c1tico"}, "hasPlan": false, "has3DTour": false, "has360": false, "hasStaging": false, "topNewDevelopment": false}, {"propertyCode": "90666672", "thumbnail": "https://img3.idealista.com/blur/WEB_LISTING/0/id.pro.es.image.master/0e/a0/6f/829789183.jpg", "externalReference": "PIS0214", "numPhotos": 38, "floor": "1", "price": 550000.0, "propertyType": "flat", "operation": "sale", "size": 152.0, "exterior": true, "rooms": 4, "bathrooms": 2, "address": "barrio La Bordeta", "province": "Barcelona", "municipality": "Barcelona", "district": "Sants-Montju\u00efc", "country": "es", "neighborhood": "La Bordeta", "latitude": 41.3691655, "longitude": 2.1417318, "showAddress": false, "url": "https://www.idealista.com/inmueble/90666672/", "distance": "378", "hasVideo": true, "status": "good", "newDevelopment": false, "hasLift": true, "parkingSpace": {"hasParkingSpace": true, "isParkingSpaceIncludedInPrice": true}, "priceByArea": 3618.0, "detailedType": {"typology": "flat"}, "suggestedTexts": {"subtitle": "La Bordeta, Barcelona", "title": "Piso"}, "hasPlan": true, "has3DTour": false, "has360": false, "hasStaging": false, "topNewDevelopment": false}, {"propertyCode": "89099315", "thumbnail": "https://img3.idealista.com/blur/WEB_LISTING/0/id.pro.es.image.master/c8/c0/ac/763222559.jpg", "externalReference": "BVCP3676", "numPhotos": 18, "floor": "1", "price": 550000.0, "propertyType": "flat", "operation": "sale", "size": 152.0, "exterior": true, "rooms": 4, "bathrooms": 2, "address": "Gran Via de les Corts Catalanes", "province": "Barcelona", "municipality": "Barcelona", "district": "Sants-Montju\u00efc", "country": "es", "neighborhood": "La Bordeta", "latitude": 41.3666655, "longitude": 2.1414318, "showAddress": false, "url": "https://www.idealista.com/inmueble/89099315/", "distance": "292", "hasVideo": true, "status": "good", "newDevelopment": false, "hasLift": true, "priceByArea": 3618.0, "detailedType": {"typology": "flat"}, "suggestedTexts": {"subtitle": "La Bordeta, Barcelona", "title": "Piso en Gran Via de les Corts Catalanes"}, "hasPlan": true, "has3DTour": false, "has360": false, "hasStaging": false, "topNewDevelopment": false}, {"propertyCode": "91929513", "thumbnail": "https://img3.idealista.com/blur/WEB_LISTING/0/id.pro.es.image.master/d9/82/89/828118836.jpg", "externalReference": "29560", "numPhotos": 32, "floor": "2", "price": 460000.0, "propertyType": "flat", "operation": "sale", "size": 76.0, "exterior": true, "rooms": 3, "bathrooms": 2, "address": "barrio La Font de la Guatlla", "province": "Barcelona", "municipality": "Barcelona", "district": "Sants-Montju\u00efc", "country": "es", "neighborhood": "La Font de la Guatlla", "latitude": 41.3698005, "longitude": 2.1439846, "showAddress": false, "url": "https://www.idealista.com/inmueble/91929513/", "distance": "347", "hasVideo": false, "status": "good", "newDevelopment": false, "hasLift": true, "priceByArea": 6053.0, "detailedType": {"typology": "flat"}, "suggestedTexts": {"subtitle": "La Font de la Guatlla, Barcelona", "title": "Piso"}, "hasPlan": true, "has3DTour": false, "has360": false, "hasStaging": false, "topNewDevelopment": false}, {"propertyCode": "91917352", "thumbnail": "https://img3.idealista.com/blur/WEB_LISTING/0/id.pro.es.image.master/c1/42/c1/826413721.jpg", "externalReference": "00094", "numPhotos": 15, "floor": "1", "price": 219000.0, "propertyType": "flat", "operation": "sale", "size": 70.0, "exterior": false, "rooms": 3, "bathrooms": 1, "address": "barrio La Font de la Guatlla", "province": "Barcelona", "municipality": "Barcelona", "district": "Sants-Montju\u00efc", "country": "es", "neighborhood": "La Font de la Guatlla", "latitude": 41.3690419, "longitude": 2.1420363, "showAddress": false, "url": "https://www.idealista.com/inmueble/91917352/", "distance": "350", "hasVideo": false, "status": "good", "newDevelopment": false, "hasLift": true, "priceByArea": 3129.0, "detailedType": {"typology": "flat"}, "suggestedTexts": {"subtitle": "La Font de la Guatlla, Barcelona", "title": "Piso"}, "hasPlan": true, "has3DTour": false, "has360": false, "hasStaging": false, "topNewDevelopment": false}, {"propertyCode": "92152024", "thumbnail": "https://img3.idealista.com/blur/WEB_LISTING/0/id.pro.es.image.master/a1/5f/0b/832197442.jpg", "externalReference": "PB-GV219K", "numPhotos": 19, "floor": "en", "price": 219000.0, "propertyType": "flat", "operation": "sale", "size": 70.0, "exterior": true, "rooms": 3, "bathrooms": 1, "address": "Gran Via de les Corts Catalanes", "province": "Barcelona", "municipality": "Barcelona", "district": "Sants-Montju\u00efc", "country": "es", "neighborhood": "La Font de la Guatlla", "latitude": 41.3690968, "longitude": 2.140924, "showAddress": false, "url": "https://www.idealista.com/inmueble/92152024/", "distance": "423", "hasVideo": true, "status": "good", "newDevelopment": false, "hasLift": true, "priceByArea": 3129.0, "detailedType": {"typology": "flat"}, "suggestedTexts": {"subtitle": "La Font de la Guatlla, Barcelona", "title": "Piso en Gran Via de les Corts Catalanes"}, "hasPlan": true, "has3DTour": false, "has360": false, "hasStaging": false, "topNewDevelopment": false}, {"propertyCode": "91452201", "thumbnail": "https://img3.idealista.com/blur/WEB_LISTING/0/id.pro.es.image.master/ef/b6/e3/823851761.jpg", "externalReference": "REF. 891", "numPhotos": 25, "floor": "3", "price": 289000.0, "propertyType": "flat", "operation": "sale", "size": 77.0, "exterior": false, "rooms": 3, "bathrooms": 1, "address": "Gran Via de les Corts Catalanes", "province": "Barcelona", "municipality": "Barcelona", "district": "Sants-Montju\u00efc", "country": "es", "neighborhood": "La Font de la Guatlla", "latitude": 41.3699048, "longitude": 2.1414068, "showAddress": false, "url": "https://www.idealista.com/inmueble/91452201/", "distance": "457", "hasVideo": true, "status": "good", "newDevelopment": false, "hasLift": true, "priceByArea": 3753.0, "detailedType": {"typology": "flat"}, "suggestedTexts": {"subtitle": "La Font de la Guatlla, Barcelona", "title": "Piso en Gran Via de les Corts Catalanes"}, "hasPlan": false, "has3DTour": false, "has360": false, "hasStaging": false, "topNewDevelopment": false}, {"propertyCode": "92490130", "thumbnail": "https://img3.idealista.com/blur/WEB_LISTING/0/id.pro.es.image.master/1c/41/0a/840963173.jpg", "externalReference": "TONIHMOI", "numPhotos": 21, "floor": "2", "price": 215000.0, "propertyType": "flat", "operation": "sale", "size": 70.0, "exterior": false, "rooms": 3, "bathrooms": 1, "address": "Calle del Moian\u00e8s", "province": "Barcelona", "municipality": "Barcelona", "district": "Sants-Montju\u00efc", "country": "es", "neighborhood": "Hostafrancs", "latitude": 41.3702622, "longitude": 2.1421116, "showAddress": false, "url": "https://www.idealista.com/inmueble/92490130/", "distance": "455", "hasVideo": true, "status": "good", "newDevelopment": false, "hasLift": true, "priceByArea": 3071.0, "detailedType": {"typology": "flat"}, "suggestedTexts": {"subtitle": "Hostafrancs, Barcelona", "title": "Piso en Calle del Moian\u00e8s"}, "hasPlan": false, "has3DTour": false, "has360": false, "hasStaging": false, "topNewDevelopment": false}, {"propertyCode": "92413650", "thumbnail": "https://img3.idealista.com/blur/WEB_LISTING/0/id.pro.es.image.master/ce/59/cd/800213765.jpg", "externalReference": "2209", "numPhotos": 11, "floor": "bj", "price": 207000.0, "propertyType": "flat", "operation": "sale", "size": 54.0, "exterior": false, "rooms": 2, "bathrooms": 1, "address": "Calle de la Font Florida", "province": "Barcelona", "municipality": "Barcelona", "district": "Sants-Montju\u00efc", "country": "es", "neighborhood": "La Font de la Guatlla", "latitude": 41.3657215, "longitude": 2.1425932, "showAddress": false, "url": "https://www.idealista.com/inmueble/92413650/", "distance": "227", "hasVideo": false, "status": "good", "newDevelopment": false, "hasLift": false, "priceByArea": 3833.0, "detailedType": {"typology": "flat"}, "suggestedTexts": {"subtitle": "La Font de la Guatlla, Barcelona", "title": "Piso en Calle de la Font Florida"}, "hasPlan": false, "has3DTour": false, "has360": false, "hasStaging": false, "topNewDevelopment": false}, {"propertyCode": "92016557", "thumbnail": "https://img3.idealista.com/blur/WEB_LISTING/0/id.pro.es.image.master/e0/61/6e/838873248.jpg", "externalReference": "B257 - B", "numPhotos": 19, "floor": "1", "price": 315000.0, "propertyType": "flat", "operation": "sale", "size": 115.0, "exterior": true, "rooms": 3, "bathrooms": 2, "address": "barrio La Font de la Guatlla", "province": "Barcelona", "municipality": "Barcelona", "district": "Sants-Montju\u00efc", "country": "es", "neighborhood": "La Font de la Guatlla", "latitude": 41.3701519, "longitude": 2.1458451, "showAddress": false, "url": "https://www.idealista.com/inmueble/92016557/", "distance": "384", "hasVideo": false, "status": "good", "newDevelopment": false, "hasLift": true, "priceByArea": 2739.0, "detailedType": {"typology": "flat"}, "suggestedTexts": {"subtitle": "La Font de la Guatlla, Barcelona", "title": "Piso"}, "hasPlan": false, "has3DTour": false, "has360": false, "hasStaging": false, "topNewDevelopment": false}, {"propertyCode": "90783954", "thumbnail": "https://img3.idealista.com/blur/WEB_LISTING/0/id.pro.es.image.master/73/ba/72/798489040.jpg", "externalReference": "V-7150", "numPhotos": 50, "floor": "5", "price": 550000.0, "propertyType": "penthouse", "operation": "sale", "size": 150.0, "exterior": true, "rooms": 4, "bathrooms": 2, "address": "Calle de Sant Fructu\u00f3s", "province": "Barcelona", "municipality": "Barcelona", "district": "Sants-Montju\u00efc", "country": "es", "neighborhood": "La Font de la Guatlla", "latitude": 41.368002, "longitude": 2.144118, "showAddress": false, "url": "https://www.idealista.com/inmueble/90783954/", "distance": "153", "hasVideo": true, "status": "good", "newDevelopment": false, "hasLift": true, "parkingSpace": {"hasParkingSpace": true, "isParkingSpaceIncludedInPrice": false, "parkingSpacePrice": 25000.0}, "priceByArea": 3667.0, "detailedType": {"typology": "flat", "subTypology": "penthouse"}, "suggestedTexts": {"subtitle": "La Font de la Guatlla, Barcelona", "title": "\u00c1tico en Calle de Sant Fructu\u00f3s"}, "hasPlan": true, "has3DTour": false, "has360": true, "hasStaging": false, "topNewDevelopment": false}, {"propertyCode": "92679971", "thumbnail": "https://img3.idealista.com/blur/WEB_LISTING/0/id.pro.es.image.master/eb/b5/cc/845512880.jpg", "externalReference": "ELENA289HOSTAFRANCS", "numPhotos": 29, "floor": "1", "price": 289000.0, "propertyType": "flat", "operation": "sale", "size": 70.0, "exterior": true, "rooms": 3, "bathrooms": 1, "address": "gran via de les corts catalanes, 186", "province": "Barcelona", "municipality": "Barcelona", "district": "Sants-Montju\u00efc", "country": "es", "neighborhood": "La Marina del Port", "latitude": 41.3675257, "longitude": 2.1396152, "showAddress": true, "url": "https://www.idealista.com/inmueble/92679971/", "distance": "452", "hasVideo": true, "status": "good", "newDevelopment": false, "hasLift": true, "priceByArea": 4129.0, "detailedType": {"typology": "flat"}, "suggestedTexts": {"subtitle": "La Marina del Port, Barcelona", "title": "Piso en gran via de les corts catalanes, 186"}, "hasPlan": true, "has3DTour": false, "has360": false, "hasStaging": false, "topNewDevelopment": false}, {"propertyCode": "92677481", "thumbnail": "https://img3.idealista.com/blur/WEB_LISTING/0/id.pro.es.image.master/93/09/59/845457558.jpg", "externalReference": "AM.215MOI", "numPhotos": 22, "floor": "2", "price": 215000.0, "propertyType": "flat", "operation": "sale", "size": 80.0, "exterior": false, "rooms": 3, "bathrooms": 1, "address": "Calle del Moian\u00e8s", "province": "Barcelona", "municipality": "Barcelona", "district": "Sants-Montju\u00efc", "country": "es", "neighborhood": "Hostafrancs", "latitude": 41.3698355, "longitude": 2.1410212, "showAddress": false, "url": "https://www.idealista.com/inmueble/92677481/", "distance": "472", "hasVideo": false, "status": "good", "newDevelopment": false, "hasLift": true, "priceByArea": 2688.0, "detailedType": {"typology": "flat"}, "suggestedTexts": {"subtitle": "Hostafrancs, Barcelona", "title": "Piso en Calle del Moian\u00e8s"}, "hasPlan": true, "has3DTour": false, "has360": false, "hasStaging": false, "topNewDevelopment": false}, {"propertyCode": "92671259", "thumbnail": "https://img3.idealista.com/blur/WEB_LISTING/0/id.pro.es.image.master/0a/0f/aa/845317930.jpg", "externalReference": "FMG-GVCC", "numPhotos": 29, "floor": "1", "price": 289000.0, "propertyType": "flat", "operation": "sale", "size": 70.0, "exterior": true, "rooms": 3, "bathrooms": 1, "address": "Avenida carrilet", "province": "Barcelona", "municipality": "Barcelona", "district": "Sants-Montju\u00efc", "country": "es", "neighborhood": "La Bordeta", "latitude": 41.3668993, "longitude": 2.1390417, "showAddress": false, "url": "https://www.idealista.com/inmueble/92671259/", "distance": "492", "hasVideo": true, "status": "good", "newDevelopment": false, "hasLift": true, "priceByArea": 4129.0, "detailedType": {"typology": "flat"}, "suggestedTexts": {"subtitle": "La Bordeta, Barcelona", "title": "Piso en Avenida carrilet"}, "hasPlan": true, "has3DTour": false, "has360": false, "hasStaging": false, "topNewDevelopment": false}, {"propertyCode": "92668544", "thumbnail": "https://img3.idealista.com/blur/WEB_LISTING/0/id.pro.es.image.master/fb/0e/e5/845248454.jpg", "externalReference": "V482", "numPhotos": 17, "floor": "3", "price": 289000.0, "propertyType": "flat", "operation": "sale", "size": 77.0, "exterior": true, "rooms": 2, "bathrooms": 1, "address": "Gran Via de les Corts Catalanes", "province": "Barcelona", "municipality": "Barcelona", "district": "Sants-Montju\u00efc", "country": "es", "neighborhood": "Hostafrancs", "latitude": 41.3711538, "longitude": 2.1441738, "showAddress": false, "url": "https://www.idealista.com/inmueble/92668544/", "distance": "492", "hasVideo": true, "status": "good", "newDevelopment": false, "hasLift": true, "priceByArea": 3753.0, "detailedType": {"typology": "flat"}, "suggestedTexts": {"subtitle": "Hostafrancs, Barcelona", "title": "Piso en Gran Via de les Corts Catalanes"}, "hasPlan": true, "has3DTour": false, "has360": false, "hasStaging": false, "topNewDevelopment": false}, {"propertyCode": "92666008", "thumbnail": "https://img3.idealista.com/blur/WEB_LISTING/0/id.pro.es.image.master/f3/29/b3/845185371.jpg", "externalReference": "Gran Via de les Cort", "numPhotos": 22, "floor": "5", "price": 275000.0, "propertyType": "flat", "operation": "sale", "size": 72.0, "exterior": false, "rooms": 2, "bathrooms": 1, "address": "Gran Via de les Corts Catalanes", "province": "Barcelona", "municipality": "Barcelona", "district": "Sants-Montju\u00efc", "country": "es", "neighborhood": "La Font de la Guatlla", "latitude": 41.3674182, "longitude": 2.1392963, "showAddress": false, "url": "https://www.idealista.com/inmueble/92666008/", "distance": "476", "hasVideo": false, "status": "good", "newDevelopment": false, "hasLift": true, "parkingSpace": {"hasParkingSpace": true, "isParkingSpaceIncludedInPrice": true}, "priceByArea": 3819.0, "detailedType": {"typology": "flat"}, "suggestedTexts": {"subtitle": "La Font de la Guatlla, Barcelona", "title": "Piso en Gran Via de les Corts Catalanes"}, "hasPlan": false, "has3DTour": false, "has360": false, "hasStaging": false, "topNewDevelopment": false}, {"propertyCode": "88943055", "thumbnail": "https://img3.idealista.com/blur/WEB_LISTING/0/id.pro.es.image.master/ab/1d/49/814154378.jpg", "externalReference": "0060-00206", "numPhotos": 24, "floor": "1", "price": 215000.0, "propertyType": "flat", "operation": "sale", "size": 70.0, "exterior": true, "rooms": 3, "bathrooms": 1, "address": "Calle de la Mare de D\u00e9u de Port", "province": "Barcelona", "municipality": "Barcelona", "district": "Sants-Montju\u00efc", "country": "es", "neighborhood": "La Marina del Port", "latitude": 41.3644816, "longitude": 2.1399423, "showAddress": false, "url": "https://www.idealista.com/inmueble/88943055/", "distance": "487", "hasVideo": false, "status": "good", "newDevelopment": false, "hasLift": true, "priceByArea": 3071.0, "detailedType": {"typology": "flat"}, "suggestedTexts": {"subtitle": "La Marina del Port, Barcelona", "title": "Piso en Calle de la Mare de D\u00e9u de Port"}, "hasPlan": false, "has3DTour": false, "has360": true, "hasStaging": false, "topNewDevelopment": false}, {"propertyCode": "92660680", "thumbnail": "https://img3.idealista.com/blur/WEB_LISTING/0/id.pro.es.image.master/e4/10/9d/845080126.jpg", "externalReference": "Hosta 219", "numPhotos": 19, "floor": "en", "price": 219000.0, "propertyType": "flat", "operation": "sale", "size": 70.0, "exterior": false, "rooms": 3, "bathrooms": 1, "address": "Gran Via les Corts Catalanes", "province": "Barcelona", "municipality": "Barcelona", "district": "Sants-Montju\u00efc", "country": "es", "neighborhood": "Hostafrancs", "latitude": 41.369961, "longitude": 2.1419069, "showAddress": false, "url": "https://www.idealista.com/inmueble/92660680/", "distance": "436", "hasVideo": true, "status": "good", "newDevelopment": false, "hasLift": true, "priceByArea": 3129.0, "detailedType": {"typology": "flat"}, "suggestedTexts": {"subtitle": "Hostafrancs, Barcelona", "title": "Piso en Gran Via les Corts Catalanes"}, "hasPlan": true, "has3DTour": false, "has360": false, "hasStaging": false, "topNewDevelopment": false}, {"propertyCode": "92255088", "thumbnail": "https://img3.idealista.com/blur/WEB_LISTING/0/id.pro.es.image.master/73/3c/b4/834868822.jpg", "externalReference": "0068-00963", "numPhotos": 21, "floor": "3", "price": 335000.0, "propertyType": "flat", "operation": "sale", "size": 100.0, "exterior": true, "rooms": 4, "bathrooms": 2, "address": "Gran Via de les Corts Catalanes", "province": "Barcelona", "municipality": "Barcelona", "district": "Sants-Montju\u00efc", "country": "es", "neighborhood": "La Font de la Guatlla", "latitude": 41.3697425, "longitude": 2.1408973, "showAddress": false, "url": "https://www.idealista.com/inmueble/92255088/", "distance": "472", "hasVideo": false, "status": "good", "newDevelopment": false, "hasLift": true, "priceByArea": 3350.0, "detailedType": {"typology": "flat"}, "suggestedTexts": {"subtitle": "La Font de la Guatlla, Barcelona", "title": "Piso en Gran Via de les Corts Catalanes"}, "hasPlan": true, "has3DTour": false, "has360": false, "hasStaging": false, "topNewDevelopment": false}, {"propertyCode": "90868259", "thumbnail": "https://img3.idealista.com/blur/WEB_LISTING/0/id.pro.es.image.master/ed/b5/04/800494888.jpg", "externalReference": "W-02ECJH", "numPhotos": 34, "price": 248000.0, "propertyType": "flat", "operation": "sale", "size": 90.0, "exterior": false, "rooms": 3, "bathrooms": 3, "address": "barrio Hostafrancs", "province": "Barcelona", "municipality": "Barcelona", "district": "Sants-Montju\u00efc", "country": "es", "neighborhood": "Hostafrancs", "latitude": 41.3699806, "longitude": 2.1430151, "showAddress": false, "url": "https://www.idealista.com/inmueble/90868259/", "distance": "392", "hasVideo": false, "status": "good", "newDevelopment": false, "hasLift": false, "priceByArea": 2756.0, "detailedType": {"typology": "flat"}, "suggestedTexts": {"subtitle": "Hostafrancs, Barcelona", "title": "Piso"}, "hasPlan": true, "has3DTour": false, "has360": false, "hasStaging": false, "topNewDevelopment": false}, {"propertyCode": "92607136", "thumbnail": "https://img3.idealista.com/blur/WEB_LISTING/0/id.pro.es.image.master/b4/45/ec/843862735.jpg", "externalReference": "FE1436", "numPhotos": 32, "floor": "2", "price": 335000.0, "propertyType": "flat", "operation": "sale", "size": 94.0, "exterior": true, "rooms": 3, "bathrooms": 1, "address": "Gran Via de les Corts Catalanes", "province": "Barcelona", "municipality": "Barcelona", "district": "Sants-Montju\u00efc", "country": "es", "neighborhood": "Hostafrancs", "latitude": 41.3697176, "longitude": 2.1428614, "showAddress": false, "url": "https://www.idealista.com/inmueble/92607136/", "distance": "371", "hasVideo": true, "status": "good", "newDevelopment": false, "hasLift": true, "priceByArea": 3564.0, "detailedType": {"typology": "flat"}, "suggestedTexts": {"subtitle": "Hostafrancs, Barcelona", "title": "Piso en Gran Via de les Corts Catalanes"}, "hasPlan": true, "has3DTour": false, "has360": false, "hasStaging": false, "topNewDevelopment": false}, {"propertyCode": "90318379", "thumbnail": "https://img3.idealista.com/blur/WEB_LISTING/0/id.pro.es.image.master/73/24/dd/787995274.jpg", "externalReference": "BCN23961", "numPhotos": 21, "price": 795000.0, "propertyType": "chalet", "operation": "sale", "size": 119.0, "exterior": false, "rooms": 4, "bathrooms": 2, "address": "barrio La Font de la Guatlla", "province": "Barcelona", "municipality": "Barcelona", "district": "Sants-Montju\u00efc", "country": "es", "neighborhood": "La Font de la Guatlla", "latitude": 41.3697627, "longitude": 2.1467206, "showAddress": false, "url": "https://www.idealista.com/inmueble/90318379/", "distance": "365", "hasVideo": false, "status": "good", "newDevelopment": false, "priceByArea": 6681.0, "detailedType": {"typology": "chalet"}, "suggestedTexts": {"subtitle": "La Font de la Guatlla, Barcelona", "title": "Chalet"}, "hasPlan": true, "has3DTour": false, "has360": false, "hasStaging": false, "topNewDevelopment": false}, {"propertyCode": "92397080", "thumbnail": "https://img3.idealista.com/blur/WEB_LISTING/0/id.pro.es.image.master/29/0b/f7/838782947.jpg", "externalReference": "CLK00/UV/2021/000331", "numPhotos": 30, "price": 148000.0, "propertyType": "flat", "operation": "sale", "size": 66.0, "exterior": true, "rooms": 2, "bathrooms": 1, "address": "Calle de l'Onyar", "province": "Barcelona", "municipality": "Barcelona", "district": "Sants-Montju\u00efc", "country": "es", "neighborhood": "La Marina del Port", "latitude": 41.3633966, "longitude": 2.1421241, "showAddress": false, "url": "https://www.idealista.com/inmueble/92397080/", "distance": "441", "hasVideo": false, "status": "good", "newDevelopment": false, "hasLift": false, "priceByArea": 2242.0, "detailedType": {"typology": "flat"}, "suggestedTexts": {"subtitle": "La Marina del Port, Barcelona", "title": "Piso en Calle de l'Onyar"}, "hasPlan": false, "has3DTour": false, "has360": false, "hasStaging": false, "topNewDevelopment": false}, {"propertyCode": "92659642", "thumbnail": "https://img3.idealista.com/blur/WEB_LISTING/0/id.pro.es.image.master/b4/1c/ed/845064937.jpg", "externalReference": "PBGAIBER", "numPhotos": 11, "floor": "bj", "price": 140000.0, "propertyType": "flat", "operation": "sale", "size": 69.0, "exterior": true, "rooms": 3, "bathrooms": 1, "address": "barrio La Marina del Port", "province": "Barcelona", "municipality": "Barcelona", "district": "Sants-Montju\u00efc", "country": "es", "neighborhood": "La Marina del Port", "latitude": 41.3631742, "longitude": 2.1425079, "showAddress": false, "url": "https://www.idealista.com/inmueble/92659642/", "distance": "447", "hasVideo": false, "status": "good", "newDevelopment": false, "hasLift": false, "priceByArea": 2029.0, "detailedType": {"typology": "flat"}, "suggestedTexts": {"subtitle": "La Marina del Port, Barcelona", "title": "Piso"}, "hasPlan": false, "has3DTour": false, "has360": false, "hasStaging": false, "topNewDevelopment": false}, {"propertyCode": "90393502", "thumbnail": "https://img3.idealista.com/blur/WEB_LISTING/0/id.pro.es.image.master/81/63/30/789791329.jpg", "externalReference": "237669", "numPhotos": 28, "floor": "1", "price": 310000.0, "propertyType": "flat", "operation": "sale", "size": 92.0, "exterior": true, "rooms": 3, "bathrooms": 2, "address": "barrio La Font de la Guatlla", "province": "Barcelona", "municipality": "Barcelona", "district": "Sants-Montju\u00efc", "country": "es", "neighborhood": "La Font de la Guatlla", "latitude": 41.3661383, "longitude": 2.1410518, "showAddress": false, "url": "https://www.idealista.com/inmueble/90393502/", "distance": "331", "hasVideo": false, "status": "good", "newDevelopment": false, "hasLift": true, "priceByArea": 3370.0, "detailedType": {"typology": "flat"}, "suggestedTexts": {"subtitle": "La Font de la Guatlla, Barcelona", "title": "Piso"}, "hasPlan": false, "has3DTour": false, "has360": false, "hasStaging": false, "topNewDevelopment": false}, {"propertyCode": "90601956", "thumbnail": "https://img3.idealista.com/blur/WEB_LISTING/0/id.pro.es.image.master/e6/89/3f/794153694.jpg", "externalReference": "W-02J8FK", "numPhotos": 39, "price": 540000.0, "propertyType": "flat", "operation": "sale", "size": 139.0, "exterior": false, "rooms": 5, "bathrooms": 2, "address": "barrio La Font de la Guatlla", "province": "Barcelona", "municipality": "Barcelona", "district": "Sants-Montju\u00efc", "country": "es", "neighborhood": "La Font de la Guatlla", "latitude": 41.368845, "longitude": 2.1430801, "showAddress": false, "url": "https://www.idealista.com/inmueble/90601956/", "distance": "278", "hasVideo": false, "status": "good", "newDevelopment": false, "hasLift": true, "parkingSpace": {"hasParkingSpace": true, "isParkingSpaceIncludedInPrice": false, "parkingSpacePrice": 38000.0}, "priceByArea": 3885.0, "detailedType": {"typology": "flat"}, "suggestedTexts": {"subtitle": "La Font de la Guatlla, Barcelona", "title": "Piso"}, "hasPlan": false, "has3DTour": false, "has360": false, "hasStaging": false, "topNewDevelopment": false}, {"propertyCode": "92543406", "thumbnail": "https://img3.idealista.com/blur/WEB_LISTING/0/id.pro.es.image.master/9e/d2/9c/842233069.jpg", "numPhotos": 29, "price": 1240000.0, "propertyType": "chalet", "operation": "sale", "size": 240.0, "exterior": false, "rooms": 4, "bathrooms": 3, "address": "Calle de la Font Florida", "province": "Barcelona", "municipality": "Barcelona", "district": "Sants-Montju\u00efc", "country": "es", "neighborhood": "La Font de la Guatlla", "latitude": 41.3686373, "longitude": 2.1454272, "showAddress": false, "url": "https://www.idealista.com/inmueble/92543406/", "distance": "212", "hasVideo": true, "status": "good", "newDevelopment": false, "priceByArea": 5167.0, "detailedType": {"typology": "chalet", "subTypology": "terracedHouse"}, "suggestedTexts": {"subtitle": "La Font de la Guatlla, Barcelona", "title": "Chalet adosado en Calle de la Font Florida"}, "hasPlan": true, "has3DTour": false, "has360": false, "hasStaging": false, "topNewDevelopment": false}, {"propertyCode": "87103593", "thumbnail": "https://img3.idealista.com/blur/WEB_LISTING/0/id.pro.es.image.master/21/f9/9a/711561155.jpg", "externalReference": "6130", "numPhotos": 26, "floor": "2", "price": 148500.0, "propertyType": "flat", "operation": "sale", "size": 72.0, "exterior": true, "rooms": 3, "bathrooms": 1, "address": "Calle del Gai\u00e0", "province": "Barcelona", "municipality": "Barcelona", "district": "Sants-Montju\u00efc", "country": "es", "neighborhood": "La Marina del Port", "latitude": 41.363845, "longitude": 2.1422387, "showAddress": false, "url": "https://www.idealista.com/inmueble/87103593/", "distance": "394", "hasVideo": true, "status": "good", "newDevelopment": false, "hasLift": false, "priceByArea": 2063.0, "detailedType": {"typology": "flat"}, "suggestedTexts": {"subtitle": "La Marina del Port, Barcelona", "title": "Piso en Calle del Gai\u00e0"}, "hasPlan": true, "has3DTour": false, "has360": false, "hasStaging": false, "topNewDevelopment": false}, {"propertyCode": "91875063", "thumbnail": "https://img3.idealista.com/blur/WEB_LISTING/0/id.pro.es.image.master/d2/10/f0/834071997.jpg", "externalReference": "47490", "numPhotos": 18, "price": 379000.0, "propertyType": "flat", "operation": "sale", "size": 112.0, "exterior": false, "rooms": 3, "bathrooms": 2, "address": "Calle de Sant Fructu\u00f3s s/n", "province": "Barcelona", "municipality": "Barcelona", "district": "Sants-Montju\u00efc", "country": "es", "neighborhood": "La Font de la Guatlla", "latitude": 41.3706722, "longitude": 2.1451437, "showAddress": true, "url": "https://www.idealista.com/inmueble/91875063/", "distance": "435", "hasVideo": false, "status": "good", "newDevelopment": false, "hasLift": true, "priceByArea": 3384.0, "detailedType": {"typology": "flat"}, "suggestedTexts": {"subtitle": "La Font de la Guatlla, Barcelona", "title": "Piso en Calle de Sant Fructu\u00f3s s/n"}, "hasPlan": false, "has3DTour": false, "has360": false, "hasStaging": false, "topNewDevelopment": false}, {"propertyCode": "91487796", "thumbnail": "https://img3.idealista.com/blur/WEB_LISTING/0/id.pro.es.image.master/0c/71/c5/839612722.jpg", "externalReference": "VI-000-030-648-682", "numPhotos": 27, "price": 233000.0, "propertyType": "flat", "operation": "sale", "size": 75.0, "exterior": false, "rooms": 3, "bathrooms": 1, "address": "barrio La Marina del Port", "province": "Barcelona", "municipality": "Barcelona", "district": "Sants-Montju\u00efc", "country": "es", "neighborhood": "La Marina del Port", "latitude": 41.3665336, "longitude": 2.1389753, "showAddress": false, "url": "https://www.idealista.com/inmueble/91487796/", "distance": "498", "hasVideo": false, "status": "good", "newDevelopment": false, "priceByArea": 3107.0, "detailedType": {"typology": "flat"}, "suggestedTexts": {"subtitle": "La Marina del Port, Barcelona", "title": "Piso"}, "hasPlan": true, "has3DTour": false, "has360": false, "hasStaging": false, "topNewDevelopment": false}, {"propertyCode": "92493218", "thumbnail": "https://img3.idealista.com/blur/WEB_LISTING/0/id.pro.es.image.master/48/68/f3/841030239.jpg", "externalReference": "YSH-0002", "numPhotos": 26, "floor": "3", "price": 365000.0, "propertyType": "flat", "operation": "sale", "size": 104.0, "exterior": false, "rooms": 3, "bathrooms": 2, "address": "Gran Via de les Corts Catalanes, 192", "province": "Barcelona", "municipality": "Barcelona", "district": "Sants-Montju\u00efc", "country": "es", "neighborhood": "La Font de la Guatlla", "latitude": 41.3683182, "longitude": 2.1409963, "showAddress": true, "url": "https://www.idealista.com/inmueble/92493218/", "distance": "371", "hasVideo": false, "status": "good", "newDevelopment": false, "hasLift": true, "priceByArea": 3510.0, "detailedType": {"typology": "flat"}, "suggestedTexts": {"subtitle": "La Font de la Guatlla, Barcelona", "title": "Piso en Gran Via de les Corts Catalanes, 192"}, "hasPlan": false, "has3DTour": false, "has360": false, "hasStaging": false, "topNewDevelopment": false}, {"propertyCode": "91089108", "thumbnail": "https://img3.idealista.com/blur/WEB_LISTING/0/id.pro.es.image.master/db/2a/cf/808152627.jpg", "externalReference": "GV5HR", "numPhotos": 25, "floor": "5", "price": 395000.0, "propertyType": "flat", "operation": "sale", "size": 160.0, "exterior": true, "rooms": 5, "bathrooms": 2, "address": "Gran Via de les Corts Catalanes", "province": "Barcelona", "municipality": "Barcelona", "district": "Sants-Montju\u00efc", "country": "es", "neighborhood": "La Font de la Guatlla", "latitude": 41.367345, "longitude": 2.1395801, "showAddress": false, "url": "https://www.idealista.com/inmueble/91089108/", "distance": "451", "hasVideo": false, "status": "good", "newDevelopment": false, "hasLift": true, "priceByArea": 2469.0, "detailedType": {"typology": "flat"}, "suggestedTexts": {"subtitle": "La Font de la Guatlla, Barcelona", "title": "Piso en Gran Via de les Corts Catalanes"}, "hasPlan": true, "has3DTour": false, "has360": false, "hasStaging": false, "topNewDevelopment": false}, {"propertyCode": "92407894", "thumbnail": "https://img3.idealista.com/blur/WEB_LISTING/0/id.pro.es.image.master/10/de/7d/839568385.jpg", "externalReference": "VI-000-030-681-091", "numPhotos": 30, "price": 207000.0, "propertyType": "flat", "operation": "sale", "size": 54.0, "exterior": false, "rooms": 2, "bathrooms": 1, "address": "barrio La Font de la Guatlla", "province": "Barcelona", "municipality": "Barcelona", "district": "Sants-Montju\u00efc", "country": "es", "neighborhood": "La Font de la Guatlla", "latitude": 41.3696215, "longitude": 2.1426932, "showAddress": false, "url": "https://www.idealista.com/inmueble/92407894/", "distance": "369", "hasVideo": false, "status": "good", "newDevelopment": false, "priceByArea": 3833.0, "detailedType": {"typology": "flat"}, "suggestedTexts": {"subtitle": "La Font de la Guatlla, Barcelona", "title": "Piso"}, "hasPlan": true, "has3DTour": false, "has360": false, "hasStaging": false, "topNewDevelopment": false}, {"propertyCode": "92590120", "thumbnail": "https://img3.idealista.com/blur/WEB_LISTING/0/id.pro.es.image.master/e8/c0/2b/843428999.jpg", "externalReference": "380820210810", "numPhotos": 18, "floor": "1", "price": 159000.0, "propertyType": "flat", "operation": "sale", "size": 53.0, "exterior": true, "rooms": 2, "bathrooms": 1, "address": "Calle de la Muga", "province": "Barcelona", "municipality": "Barcelona", "district": "Sants-Montju\u00efc", "country": "es", "neighborhood": "La Marina del Port", "latitude": 41.3639826, "longitude": 2.1408602, "showAddress": false, "url": "https://www.idealista.com/inmueble/92590120/", "distance": "459", "hasVideo": false, "status": "good", "newDevelopment": false, "hasLift": false, "priceByArea": 3000.0, "detailedType": {"typology": "flat"}, "suggestedTexts": {"subtitle": "La Marina del Port, Barcelona", "title": "Piso en Calle de la Muga"}, "hasPlan": false, "has3DTour": false, "has360": false, "hasStaging": false, "topNewDevelopment": false}, {"propertyCode": "92534962", "thumbnail": "https://img3.idealista.com/blur/WEB_LISTING/0/id.pro.es.image.master/01/7d/45/842010150.jpg", "externalReference": "1843H", "numPhotos": 19, "floor": "en", "price": 300000.0, "propertyType": "flat", "operation": "sale", "size": 93.0, "exterior": true, "rooms": 3, "bathrooms": 2, "address": "Calle mineria", "province": "Barcelona", "municipality": "Barcelona", "district": "Sants-Montju\u00efc", "country": "es", "neighborhood": "La Font de la Guatlla", "latitude": 41.3666383, "longitude": 2.1394518, "showAddress": false, "url": "https://www.idealista.com/inmueble/92534962/", "distance": "458", "hasVideo": false, "status": "good", "newDevelopment": false, "hasLift": true, "priceByArea": 3226.0, "detailedType": {"typology": "flat"}, "suggestedTexts": {"subtitle": "La Font de la Guatlla, Barcelona", "title": "Piso en Calle mineria"}, "hasPlan": true, "has3DTour": false, "has360": false, "hasStaging": false, "topNewDevelopment": false}, {"propertyCode": "91693751", "thumbnail": "https://img3.idealista.com/blur/WEB_LISTING/0/id.pro.es.image.master/ec/0b/d3/838102982.jpg", "externalReference": "KE-0109", "numPhotos": 22, "floor": "1", "price": 315000.0, "propertyType": "flat", "operation": "sale", "size": 131.0, "exterior": true, "rooms": 4, "bathrooms": 1, "address": "barrio La Marina del Port", "province": "Barcelona", "municipality": "Barcelona", "district": "Sants-Montju\u00efc", "country": "es", "neighborhood": "La Marina del Port", "latitude": 41.3667871, "longitude": 2.1409404, "showAddress": false, "url": "https://www.idealista.com/inmueble/91693751/", "distance": "333", "hasVideo": false, "status": "renew", "newDevelopment": false, "hasLift": true, "priceByArea": 2405.0, "detailedType": {"typology": "flat"}, "suggestedTexts": {"subtitle": "La Marina del Port, Barcelona", "title": "Piso"}, "hasPlan": true, "has3DTour": false, "has360": true, "hasStaging": false, "topNewDevelopment": false}, {"propertyCode": "92556498", "thumbnail": "https://img3.idealista.com/blur/WEB_LISTING/0/id.pro.es.image.master/17/0e/4a/842579815.jpg", "externalReference": "0 482", "numPhotos": 17, "floor": "3", "price": 289000.0, "propertyType": "flat", "operation": "sale", "size": 77.0, "exterior": true, "rooms": 2, "bathrooms": 1, "address": "Gran Via de les Corts Catalanes", "province": "Barcelona", "municipality": "Barcelona", "district": "Sants-Montju\u00efc", "country": "es", "neighborhood": "La Font de la Guatlla", "latitude": 41.3693048, "longitude": 2.1428068, "showAddress": false, "url": "https://www.idealista.com/inmueble/92556498/", "distance": "334", "hasVideo": true, "status": "good", "newDevelopment": false, "hasLift": true, "priceByArea": 3753.0, "detailedType": {"typology": "flat"}, "suggestedTexts": {"subtitle": "La Font de la Guatlla, Barcelona", "title": "Piso en Gran Via de les Corts Catalanes"}, "hasPlan": true, "has3DTour": false, "has360": false, "hasStaging": false, "topNewDevelopment": false}, {"propertyCode": "92361577", "thumbnail": "https://img3.idealista.com/blur/WEB_LISTING/0/id.pro.es.image.master/de/0c/d6/837927613.jpg", "externalReference": "BN2-404", "numPhotos": 15, "floor": "3", "price": 162000.0, "propertyType": "penthouse", "operation": "sale", "size": 65.0, "exterior": true, "rooms": 2, "bathrooms": 1, "address": "Calle DE LA MUGA", "province": "Barcelona", "municipality": "Barcelona", "district": "Sants-Montju\u00efc", "country": "es", "neighborhood": "La Marina del Port", "latitude": 41.3645731, "longitude": 2.1399254, "showAddress": false, "url": "https://www.idealista.com/inmueble/92361577/", "distance": "483", "hasVideo": false, "status": "good", "newDevelopment": false, "hasLift": false, "priceByArea": 2492.0, "detailedType": {"typology": "flat", "subTypology": "penthouse"}, "suggestedTexts": {"subtitle": "La Marina del Port, Barcelona", "title": "\u00c1tico en Calle DE LA MUGA"}, "hasPlan": false, "has3DTour": false, "has360": false, "hasStaging": false, "topNewDevelopment": false}, {"propertyCode": "85457653", "thumbnail": "https://img3.idealista.com/blur/WEB_LISTING/0/id.pro.es.image.master/25/9e/15/662975878.jpg", "externalReference": "210059", "numPhotos": 17, "floor": "1", "price": 268300.0, "propertyType": "flat", "operation": "sale", "size": 73.0, "exterior": true, "rooms": 3, "bathrooms": 2, "address": "Gran Via de les Corts Catalanes, 182 -184", "province": "Barcelona", "municipality": "Barcelona", "district": "Sants-Montju\u00efc", "country": "es", "neighborhood": "La Marina del Port", "latitude": 41.3673783, "longitude": 2.1392196, "showAddress": true, "url": "https://www.idealista.com/inmueble/85457653/", "distance": "482", "hasVideo": false, "status": "good", "newDevelopment": false, "hasLift": true, "priceByArea": 3675.0, "detailedType": {"typology": "flat"}, "suggestedTexts": {"subtitle": "La Marina del Port, Barcelona", "title": "Piso en Gran Via de les Corts Catalanes, 182 -184"}, "hasPlan": false, "has3DTour": false, "has360": false, "hasStaging": false, "topNewDevelopment": false}, {"propertyCode": "91273732", "thumbnail": "https://img3.idealista.com/blur/WEB_LISTING/0/id.pro.es.image.master/dc/40/14/810783124.jpg", "externalReference": "BCN24879", "numPhotos": 10, "price": 673000.0, "propertyType": "flat", "operation": "sale", "size": 132.0, "exterior": true, "rooms": 2, "bathrooms": 3, "address": "barrio La Font de la Guatlla", "province": "Barcelona", "municipality": "Barcelona", "district": "Sants-Montju\u00efc", "country": "es", "neighborhood": "La Font de la Guatlla", "latitude": 41.3705577, "longitude": 2.146017, "showAddress": false, "url": "https://www.idealista.com/inmueble/91273732/", "distance": "431", "hasVideo": false, "status": "good", "newDevelopment": false, "hasLift": true, "parkingSpace": {"hasParkingSpace": true, "isParkingSpaceIncludedInPrice": true}, "priceByArea": 5098.0, "detailedType": {"typology": "flat"}, "suggestedTexts": {"subtitle": "La Font de la Guatlla, Barcelona", "title": "Piso"}, "hasPlan": false, "has3DTour": false, "has360": false, "hasStaging": false, "topNewDevelopment": false}, {"propertyCode": "92376004", "thumbnail": "https://img3.idealista.com/blur/WEB_LISTING/0/id.pro.es.image.master/4e/94/99/838343074.jpg", "externalReference": "HOS-MOI215", "numPhotos": 21, "floor": "2", "price": 215000.0, "propertyType": "flat", "operation": "sale", "size": 75.0, "exterior": true, "rooms": 3, "bathrooms": 1, "address": "Calle del Moian\u00e8s", "province": "Barcelona", "municipality": "Barcelona", "district": "Sants-Montju\u00efc", "country": "es", "neighborhood": "Hostafrancs", "latitude": 41.3705432, "longitude": 2.1416997, "showAddress": false, "url": "https://www.idealista.com/inmueble/92376004/", "distance": "499", "hasVideo": true, "status": "good", "newDevelopment": false, "hasLift": true, "priceByArea": 2867.0, "detailedType": {"typology": "flat"}, "suggestedTexts": {"subtitle": "Hostafrancs, Barcelona", "title": "Piso en Calle del Moian\u00e8s"}, "hasPlan": false, "has3DTour": false, "has360": false, "hasStaging": false, "topNewDevelopment": false}, {"propertyCode": "92103762", "thumbnail": "https://img3.idealista.com/blur/WEB_LISTING/0/id.pro.es.image.master/20/d9/d1/831033859.jpg", "externalReference": "GRAN VIA C", "numPhotos": 27, "floor": "1", "price": 315000.0, "propertyType": "flat", "operation": "sale", "size": 115.0, "exterior": true, "rooms": 3, "bathrooms": 2, "address": "Calle de Sant Paul\u00ed de Nola", "province": "Barcelona", "municipality": "Barcelona", "district": "Sants-Montju\u00efc", "country": "es", "neighborhood": "La Font de la Guatlla", "latitude": 41.3695107, "longitude": 2.144335, "showAddress": false, "url": "https://www.idealista.com/inmueble/92103762/", "distance": "309", "hasVideo": false, "status": "good", "newDevelopment": false, "hasLift": true, "priceByArea": 2739.0, "detailedType": {"typology": "flat"}, "suggestedTexts": {"subtitle": "La Font de la Guatlla, Barcelona", "title": "Piso en Calle de Sant Paul\u00ed de Nola"}, "hasPlan": false, "has3DTour": false, "has360": false, "hasStaging": false, "topNewDevelopment": false}, {"propertyCode": "89924259", "thumbnail": "https://img3.idealista.com/blur/WEB_LISTING/0/id.pro.es.image.master/0a/b0/16/779429223.jpg", "externalReference": "00772", "numPhotos": 34, "floor": "1", "price": 280000.0, "propertyType": "flat", "operation": "sale", "size": 95.0, "exterior": true, "rooms": 3, "bathrooms": 2, "address": "Mineria", "province": "Barcelona", "municipality": "Barcelona", "district": "Sants-Montju\u00efc", "country": "es", "neighborhood": "La Font de la Guatlla", "latitude": 41.368445, "longitude": 2.1410529, "showAddress": false, "url": "https://www.idealista.com/inmueble/89924259/", "distance": "374", "hasVideo": true, "status": "good", "newDevelopment": false, "hasLift": true, "priceByArea": 2947.0, "detailedType": {"typology": "flat"}, "suggestedTexts": {"subtitle": "La Font de la Guatlla, Barcelona", "title": "Piso en Mineria"}, "hasPlan": false, "has3DTour": false, "has360": false, "hasStaging": false, "topNewDevelopment": false}, {"propertyCode": "87406220", "thumbnail": "https://img3.idealista.com/blur/WEB_LISTING/0/id.pro.es.image.master/f1/6e/9c/747028636.jpg", "externalReference": "V214", "numPhotos": 37, "floor": "5", "price": 330000.0, "propertyType": "flat", "operation": "sale", "size": 100.0, "exterior": true, "rooms": 4, "bathrooms": 1, "address": "Calle Part Gran Via Corts Catalans", "province": "Barcelona", "municipality": "Barcelona", "district": "Sants-Montju\u00efc", "country": "es", "neighborhood": "La Font de la Guatlla", "latitude": 41.3688151, "longitude": 2.1406968, "showAddress": false, "url": "https://www.idealista.com/inmueble/87406220/", "distance": "421", "hasVideo": false, "status": "good", "newDevelopment": false, "hasLift": true, "priceByArea": 3300.0, "detailedType": {"typology": "flat"}, "suggestedTexts": {"subtitle": "La Font de la Guatlla, Barcelona", "title": "Piso en Calle Part Gran Via Corts Catalans"}, "hasPlan": false, "has3DTour": false, "has360": false, "hasStaging": false, "topNewDevelopment": false}, {"propertyCode": "92568925", "thumbnail": "https://img3.idealista.com/blur/WEB_LISTING/0/id.pro.es.image.master/9c/16/39/842894577.jpg", "externalReference": "15219-4", "numPhotos": 12, "floor": "8", "price": 310000.0, "propertyType": "flat", "operation": "sale", "size": 63.0, "exterior": true, "rooms": 2, "bathrooms": 1, "address": "GRAN VIA DE LES CORTS CATALANES, 247", "province": "Barcelona", "municipality": "Barcelona", "district": "Sants-Montju\u00efc", "country": "es", "neighborhood": "La Bordeta", "latitude": 41.3702137, "longitude": 2.1422462, "showAddress": true, "url": "https://www.idealista.com/inmueble/92568925/", "distance": "444", "hasVideo": false, "status": "good", "newDevelopment": false, "hasLift": true, "priceByArea": 4921.0, "detailedType": {"typology": "flat"}, "suggestedTexts": {"subtitle": "La Bordeta, Barcelona", "title": "Piso en GRAN VIA DE LES CORTS CATALANES, 247"}, "hasPlan": false, "has3DTour": false, "has360": false, "hasStaging": false, "topNewDevelopment": false}, {"propertyCode": "92536502", "thumbnail": "https://img3.idealista.com/blur/WEB_LISTING/0/id.pro.es.image.master/f3/c0/1a/842053374.jpg", "externalReference": "15219-3", "numPhotos": 12, "floor": "8", "price": 310000.0, "propertyType": "flat", "operation": "sale", "size": 63.0, "exterior": true, "rooms": 2, "bathrooms": 1, "address": "GRAN VIA DE LES CORTS CATALANES, 247", "province": "Barcelona", "municipality": "Barcelona", "district": "Sants-Montju\u00efc", "country": "es", "neighborhood": "La Bordeta", "latitude": 41.3702137, "longitude": 2.1422462, "showAddress": true, "url": "https://www.idealista.com/inmueble/92536502/", "distance": "444", "hasVideo": false, "status": "good", "newDevelopment": false, "hasLift": true, "priceByArea": 4921.0, "detailedType": {"typology": "flat"}, "suggestedTexts": {"subtitle": "La Bordeta, Barcelona", "title": "Piso en GRAN VIA DE LES CORTS CATALANES, 247"}, "hasPlan": false, "has3DTour": false, "has360": false, "hasStaging": false, "topNewDevelopment": false}, {"propertyCode": "92406764", "thumbnail": "https://img3.idealista.com/blur/WEB_LISTING/0/id.pro.es.image.master/c3/17/00/843412510.jpg", "externalReference": "VI-000-030-662-926", "numPhotos": 22, "price": 152000.0, "propertyType": "flat", "operation": "sale", "size": 65.0, "exterior": false, "rooms": 2, "bathrooms": 1, "address": "barrio La Marina del Port", "province": "Barcelona", "municipality": "Barcelona", "district": "Sants-Montju\u00efc", "country": "es", "neighborhood": "La Marina del Port", "latitude": 41.3637605, "longitude": 2.1419949, "showAddress": false, "url": "https://www.idealista.com/inmueble/92406764/", "distance": "414", "hasVideo": false, "status": "good", "newDevelopment": false, "priceByArea": 2338.0, "detailedType": {"typology": "flat"}, "suggestedTexts": {"subtitle": "La Marina del Port, Barcelona", "title": "Piso"}, "hasPlan": true, "has3DTour": false, "has360": false, "hasStaging": false, "topNewDevelopment": false}, {"propertyCode": "87258588", "thumbnail": "https://img3.idealista.com/blur/WEB_LISTING/0/id.pro.es.image.master/be/6c/4b/716123551.jpg", "externalReference": "B-906", "numPhotos": 10, "floor": "6", "price": 248000.0, "propertyType": "flat", "operation": "sale", "size": 70.0, "exterior": true, "rooms": 3, "bathrooms": 1, "address": "Part Gran Via Corts Catalans, 988", "province": "Barcelona", "municipality": "Barcelona", "district": "Sants-Montju\u00efc", "country": "es", "neighborhood": "La Font de la Guatlla", "latitude": 41.3688683, "longitude": 2.1416598, "showAddress": true, "url": "https://www.idealista.com/inmueble/87258588/", "distance": "360", "hasVideo": false, "status": "good", "newDevelopment": false, "hasLift": true, "priceByArea": 3543.0, "detailedType": {"typology": "flat"}, "suggestedTexts": {"subtitle": "La Font de la Guatlla, Barcelona", "title": "Piso en Part Gran Via Corts Catalans, 988"}, "hasPlan": false, "has3DTour": false, "has360": false, "hasStaging": false, "topNewDevelopment": false}, {"propertyCode": "92592654", "thumbnail": "https://img3.idealista.com/blur/WEB_LISTING/0/id.pro.es.image.master/9e/f1/d0/843488405.jpg", "externalReference": "31180-GV01", "numPhotos": 20, "price": 340000.0, "propertyType": "flat", "operation": "sale", "size": 103.0, "exterior": false, "rooms": 3, "bathrooms": 2, "address": "barrio La Font de la Guatlla", "province": "Barcelona", "municipality": "Barcelona", "district": "Sants-Montju\u00efc", "country": "es", "neighborhood": "La Font de la Guatlla", "latitude": 41.3704719, "longitude": 2.141763, "showAddress": false, "url": "https://www.idealista.com/inmueble/92592654/", "distance": "490", "hasVideo": false, "status": "good", "newDevelopment": false, "hasLift": true, "priceByArea": 3301.0, "detailedType": {"typology": "flat"}, "suggestedTexts": {"subtitle": "La Font de la Guatlla, Barcelona", "title": "Piso"}, "hasPlan": false, "has3DTour": false, "has360": false, "hasStaging": false, "topNewDevelopment": false}, {"propertyCode": "87312038", "thumbnail": "https://img3.idealista.com/blur/WEB_LISTING/0/id.pro.es.image.master/5d/1a/ab/843414035.jpg", "externalReference": "VI-000-030-679-836", "numPhotos": 20, "price": 235500.0, "propertyType": "flat", "operation": "sale", "size": 71.0, "exterior": false, "rooms": 2, "bathrooms": 1, "address": "barrio La Bordeta", "province": "Barcelona", "municipality": "Barcelona", "district": "Sants-Montju\u00efc", "country": "es", "neighborhood": "La Bordeta", "latitude": 41.3696211, "longitude": 2.1404761, "showAddress": false, "url": "https://www.idealista.com/inmueble/87312038/", "distance": "489", "hasVideo": false, "status": "good", "newDevelopment": false, "priceByArea": 3317.0, "detailedType": {"typology": "flat"}, "suggestedTexts": {"subtitle": "La Bordeta, Barcelona", "title": "Piso"}, "hasPlan": true, "has3DTour": false, "has360": false, "hasStaging": false, "topNewDevelopment": false}, {"propertyCode": "85534053", "thumbnail": "https://img3.idealista.com/blur/WEB_LISTING/0/id.pro.es.image.master/d3/fe/31/835505466.jpg", "externalReference": "784", "numPhotos": 24, "floor": "en", "price": 439000.0, "propertyType": "duplex", "operation": "sale", "size": 151.0, "exterior": false, "rooms": 2, "bathrooms": 2, "address": "barrio La Font de la Guatlla", "province": "Barcelona", "municipality": "Barcelona", "district": "Sants-Montju\u00efc", "country": "es", "neighborhood": "La Font de la Guatlla", "latitude": 41.3699071, "longitude": 2.1417922, "showAddress": false, "url": "https://www.idealista.com/inmueble/85534053/", "distance": "437", "hasVideo": false, "status": "good", "newDevelopment": false, "hasLift": true, "parkingSpace": {"hasParkingSpace": true, "isParkingSpaceIncludedInPrice": true}, "priceByArea": 2907.0, "detailedType": {"typology": "flat", "subTypology": "duplex"}, "suggestedTexts": {"subtitle": "La Font de la Guatlla, Barcelona", "title": "D\u00faplex"}, "hasPlan": false, "has3DTour": false, "has360": false, "hasStaging": false, "topNewDevelopment": false}, {"propertyCode": "92294999", "thumbnail": "https://img3.idealista.com/blur/WEB_LISTING/0/id.pro.es.image.master/35/b0/22/836037253.jpg", "externalReference": "FG-706", "numPhotos": 20, "floor": "10", "price": 540000.0, "propertyType": "penthouse", "operation": "sale", "size": 139.0, "exterior": true, "rooms": 5, "bathrooms": 2, "address": "GRAN VIA DE LES CORTS CATALANES", "province": "Barcelona", "municipality": "Barcelona", "district": "Sants-Montju\u00efc", "country": "es", "neighborhood": "La Font de la Guatlla", "latitude": 41.369325, "longitude": 2.1428745, "showAddress": false, "url": "https://www.idealista.com/inmueble/92294999/", "distance": "332", "hasVideo": false, "status": "good", "newDevelopment": false, "hasLift": true, "priceByArea": 3885.0, "detailedType": {"typology": "flat", "subTypology": "penthouse"}, "suggestedTexts": {"subtitle": "La Font de la Guatlla, Barcelona", "title": "\u00c1tico en GRAN VIA DE LES CORTS CATALANES"}, "hasPlan": false, "has3DTour": false, "has360": false, "hasStaging": false, "topNewDevelopment": false}, {"propertyCode": "89320321", "thumbnail": "https://img3.idealista.com/blur/WEB_LISTING/0/id.pro.es.image.master/fb/5e/32/768908067.jpg", "externalReference": "AG456_002304-86", "numPhotos": 15, "floor": "16", "price": 185000.0, "propertyType": "flat", "operation": "sale", "size": 74.0, "exterior": false, "rooms": 3, "bathrooms": 1, "address": "Calle de la Mineria", "province": "Barcelona", "municipality": "Barcelona", "district": "Sants-Montju\u00efc", "country": "es", "neighborhood": "La Marina del Port", "latitude": 41.3664705, "longitude": 2.1397662, "showAddress": false, "url": "https://www.idealista.com/inmueble/89320321/", "distance": "432", "hasVideo": false, "status": "good", "newDevelopment": false, "hasLift": true, "priceByArea": 2500.0, "detailedType": {"typology": "flat"}, "suggestedTexts": {"subtitle": "La Marina del Port, Barcelona", "title": "Piso en Calle de la Mineria"}, "hasPlan": false, "has3DTour": false, "has360": false, "hasStaging": false, "topNewDevelopment": false}, {"propertyCode": "90878778", "thumbnail": "https://img3.idealista.com/blur/WEB_LISTING/0/id.pro.es.image.master/6e/39/e8/800764347.jpg", "externalReference": "90140", "numPhotos": 13, "floor": "6", "price": 440000.0, "propertyType": "flat", "operation": "sale", "size": 93.0, "exterior": true, "rooms": 3, "bathrooms": 2, "address": "barrio La Font de la Guatlla", "province": "Barcelona", "municipality": "Barcelona", "district": "Sants-Montju\u00efc", "country": "es", "neighborhood": "La Font de la Guatlla", "latitude": 41.3689182, "longitude": 2.1415963, "showAddress": false, "url": "https://www.idealista.com/inmueble/90878778/", "distance": "367", "hasVideo": true, "status": "good", "newDevelopment": false, "hasLift": true, "priceByArea": 4731.0, "detailedType": {"typology": "flat"}, "suggestedTexts": {"subtitle": "La Font de la Guatlla, Barcelona", "title": "Piso"}, "hasPlan": false, "has3DTour": false, "has360": false, "hasStaging": false, "topNewDevelopment": false}, {"propertyCode": "91781210", "thumbnail": "https://img3.idealista.com/blur/WEB_LISTING/0/id.pro.es.image.master/b5/40/f9/845035903.jpg", "externalReference": "2126", "numPhotos": 47, "price": 279000.0, "propertyType": "flat", "operation": "sale", "size": 110.0, "exterior": true, "rooms": 3, "bathrooms": 1, "address": "barrio La Font de la Guatlla", "province": "Barcelona", "municipality": "Barcelona", "district": "Sants-Montju\u00efc", "country": "es", "neighborhood": "La Font de la Guatlla", "latitude": 41.3698984, "longitude": 2.1453965, "showAddress": false, "url": "https://www.idealista.com/inmueble/91781210/", "distance": "350", "hasVideo": false, "status": "good", "newDevelopment": false, "hasLift": true, "priceByArea": 2536.0, "detailedType": {"typology": "flat"}, "suggestedTexts": {"subtitle": "La Font de la Guatlla, Barcelona", "title": "Piso"}, "hasPlan": false, "has3DTour": false, "has360": false, "hasStaging": false, "topNewDevelopment": false}, {"propertyCode": "90872281", "thumbnail": "https://img3.idealista.com/blur/WEB_LISTING/0/id.pro.es.image.master/c5/12/40/800589168.jpg", "externalReference": "FG-624-1", "numPhotos": 5, "floor": "3", "price": 320000.0, "propertyType": "flat", "operation": "sale", "size": 92.0, "exterior": true, "rooms": 2, "bathrooms": 2, "address": "GRAN VIA DE LES CORTS CATALANES", "province": "Barcelona", "municipality": "Barcelona", "district": "Sants-Montju\u00efc", "country": "es", "neighborhood": "La Font de la Guatlla", "latitude": 41.3677299, "longitude": 2.143246, "showAddress": false, "url": "https://www.idealista.com/inmueble/90872281/", "distance": "177", "hasVideo": false, "status": "good", "newDevelopment": false, "hasLift": true, "priceByArea": 3478.0, "detailedType": {"typology": "flat"}, "suggestedTexts": {"subtitle": "La Font de la Guatlla, Barcelona", "title": "Piso en GRAN VIA DE LES CORTS CATALANES"}, "hasPlan": false, "has3DTour": false, "has360": false, "hasStaging": false, "topNewDevelopment": false}, {"propertyCode": "91593443", "thumbnail": "https://img3.idealista.com/blur/WEB_LISTING/0/id.pro.es.image.master/73/01/ea/838083939.jpg", "externalReference": "SANT FRUCTUOS - CAMPANA", "numPhotos": 19, "floor": "3", "price": 234000.0, "propertyType": "flat", "operation": "sale", "size": 65.0, "exterior": true, "rooms": 2, "bathrooms": 1, "address": "Calle de Sant Fructu\u00f3s", "province": "Barcelona", "municipality": "Barcelona", "district": "Sants-Montju\u00efc", "country": "es", "neighborhood": "La Font de la Guatlla", "latitude": 41.3688672, "longitude": 2.1446601, "showAddress": false, "url": "https://www.idealista.com/inmueble/91593443/", "distance": "235", "hasVideo": false, "status": "good", "newDevelopment": false, "hasLift": true, "priceByArea": 3600.0, "detailedType": {"typology": "flat"}, "suggestedTexts": {"subtitle": "La Font de la Guatlla, Barcelona", "title": "Piso en Calle de Sant Fructu\u00f3s"}, "hasPlan": false, "has3DTour": false, "has360": false, "hasStaging": false, "topNewDevelopment": false}, {"propertyCode": "91448037", "thumbnail": "https://img3.idealista.com/blur/WEB_LISTING/0/id.pro.es.image.master/63/fd/a1/814836614.jpg", "externalReference": "200", "numPhotos": 20, "floor": "4", "price": 170000.0, "propertyType": "flat", "operation": "sale", "size": 69.0, "exterior": true, "rooms": 3, "bathrooms": 1, "address": "Calle de la Mare de D\u00e9u de Port", "province": "Barcelona", "municipality": "Barcelona", "district": "Sants-Montju\u00efc", "country": "es", "neighborhood": "La Marina del Port", "latitude": 41.3642957, "longitude": 2.1408607, "showAddress": false, "url": "https://www.idealista.com/inmueble/91448037/", "distance": "436", "hasVideo": false, "status": "good", "newDevelopment": false, "hasLift": true, "priceByArea": 2464.0, "detailedType": {"typology": "flat"}, "suggestedTexts": {"subtitle": "La Marina del Port, Barcelona", "title": "Piso en Calle de la Mare de D\u00e9u de Port"}, "hasPlan": false, "has3DTour": false, "has360": false, "hasStaging": false, "topNewDevelopment": false}, {"propertyCode": "88667874", "thumbnail": "https://img3.idealista.com/blur/WEB_LISTING/0/id.pro.es.image.master/8c/bf/30/777136919.jpg", "numPhotos": 14, "floor": "5", "price": 239000.0, "propertyType": "flat", "operation": "sale", "size": 80.0, "exterior": true, "rooms": 2, "bathrooms": 2, "address": "Via GRAN", "province": "Barcelona", "municipality": "Barcelona", "district": "Sants-Montju\u00efc", "country": "es", "neighborhood": "La Font de la Guatlla", "latitude": 41.3701059, "longitude": 2.1459512, "showAddress": false, "url": "https://www.idealista.com/inmueble/88667874/", "distance": "381", "hasVideo": false, "status": "good", "newDevelopment": false, "hasLift": true, "priceByArea": 2988.0, "detailedType": {"typology": "flat"}, "suggestedTexts": {"subtitle": "La Font de la Guatlla, Barcelona", "title": "Piso en Via GRAN"}, "hasPlan": false, "has3DTour": false, "has360": false, "hasStaging": false, "topNewDevelopment": false}, {"propertyCode": "89991171", "thumbnail": "https://img3.idealista.com/blur/WEB_LISTING/0/id.pro.es.image.master/31/50/96/781091855.jpg", "externalReference": "Mvj49", "numPhotos": 11, "floor": "bj", "price": 300000.0, "propertyType": "flat", "operation": "sale", "size": 80.0, "exterior": true, "rooms": 3, "bathrooms": 1, "address": "Calle de la Font Florida", "province": "Barcelona", "municipality": "Barcelona", "district": "Sants-Montju\u00efc", "country": "es", "neighborhood": "La Font de la Guatlla", "latitude": 41.36769, "longitude": 2.1433114, "showAddress": false, "url": "https://www.idealista.com/inmueble/89991171/", "distance": "170", "hasVideo": false, "status": "good", "newDevelopment": false, "hasLift": false, "priceByArea": 3750.0, "detailedType": {"typology": "flat"}, "suggestedTexts": {"subtitle": "La Font de la Guatlla, Barcelona", "title": "Piso en Calle de la Font Florida"}, "hasPlan": false, "has3DTour": false, "has360": false, "hasStaging": false, "topNewDevelopment": false}, {"propertyCode": "91775573", "thumbnail": "https://img3.idealista.com/blur/WEB_LISTING/0/id.pro.es.image.master/ef/1d/f7/822986952.jpg", "externalReference": "4391120", "numPhotos": 16, "floor": "1", "price": 168000.0, "propertyType": "flat", "operation": "sale", "size": 69.0, "exterior": false, "rooms": 3, "bathrooms": 1, "address": "barrio La Bordeta", "province": "Barcelona", "municipality": "Barcelona", "district": "Sants-Montju\u00efc", "country": "es", "neighborhood": "La Bordeta", "latitude": 41.369752, "longitude": 2.1411824, "showAddress": false, "url": "https://www.idealista.com/inmueble/91775573/", "distance": "456", "hasVideo": false, "status": "renew", "newDevelopment": false, "hasLift": true, "priceByArea": 2435.0, "detailedType": {"typology": "flat"}, "suggestedTexts": {"subtitle": "La Bordeta, Barcelona", "title": "Piso"}, "hasPlan": false, "has3DTour": false, "has360": false, "hasStaging": false, "topNewDevelopment": false}, {"propertyCode": "88593952", "thumbnail": "https://img3.idealista.com/blur/WEB_LISTING/0/id.pro.es.image.master/e1/6f/d1/750490202.jpg", "externalReference": "1175-0300BC", "numPhotos": 17, "floor": "5", "price": 360000.0, "propertyType": "penthouse", "operation": "sale", "size": 75.0, "exterior": true, "rooms": 3, "bathrooms": 1, "address": "barrio La Font de la Guatlla", "province": "Barcelona", "municipality": "Barcelona", "district": "Sants-Montju\u00efc", "country": "es", "neighborhood": "La Font de la Guatlla", "latitude": 41.3701834, "longitude": 2.1435211, "showAddress": false, "url": "https://www.idealista.com/inmueble/88593952/", "distance": "398", "hasVideo": false, "status": "good", "newDevelopment": false, "hasLift": true, "priceByArea": 4800.0, "detailedType": {"typology": "flat", "subTypology": "penthouse"}, "suggestedTexts": {"subtitle": "La Font de la Guatlla, Barcelona", "title": "\u00c1tico"}, "hasPlan": false, "has3DTour": false, "has360": false, "hasStaging": false, "topNewDevelopment": false}, {"propertyCode": "92538518", "thumbnail": "https://img3.idealista.com/blur/WEB_LISTING/0/id.pro.es.image.master/a2/ae/c7/842105802.jpg", "externalReference": "GRAN VIA  - ABANTO", "numPhotos": 20, "floor": "3", "price": 289000.0, "propertyType": "flat", "operation": "sale", "size": 77.0, "exterior": true, "rooms": 3, "bathrooms": 1, "address": "Gran V\u00eda de las Cortes Catalanas", "province": "Barcelona", "municipality": "Barcelona", "district": "Sants-Montju\u00efc", "country": "es", "neighborhood": "La Font de la Guatlla", "latitude": 41.3693048, "longitude": 2.1432068, "showAddress": false, "url": "https://www.idealista.com/inmueble/92538518/", "distance": "317", "hasVideo": false, "status": "good", "newDevelopment": false, "hasLift": true, "priceByArea": 3753.0, "detailedType": {"typology": "flat"}, "suggestedTexts": {"subtitle": "La Font de la Guatlla, Barcelona", "title": "Piso en Gran V\u00eda de las Cortes Catalanas"}, "hasPlan": false, "has3DTour": false, "has360": false, "hasStaging": false, "topNewDevelopment": false}, {"propertyCode": "92434400", "thumbnail": "https://img3.idealista.com/blur/WEB_LISTING/0/id.pro.es.image.master/ee/17/b0/839449278.jpg", "numPhotos": 7, "floor": "en", "price": 107000.0, "propertyType": "flat", "operation": "sale", "size": 45.0, "exterior": false, "rooms": 1, "bathrooms": 1, "address": "Gran Via de les Corts Catalanes", "province": "Barcelona", "municipality": "Barcelona", "district": "Sants-Montju\u00efc", "country": "es", "neighborhood": "La Font de la Guatlla", "latitude": 41.3695286, "longitude": 2.1439366, "showAddress": false, "url": "https://www.idealista.com/inmueble/92434400/", "distance": "318", "hasVideo": false, "status": "good", "newDevelopment": false, "hasLift": false, "priceByArea": 2378.0, "detailedType": {"typology": "flat"}, "suggestedTexts": {"subtitle": "La Font de la Guatlla, Barcelona", "title": "Piso en Gran Via de les Corts Catalanes"}, "hasPlan": false, "has3DTour": false, "has360": false, "hasStaging": false, "topNewDevelopment": false}, {"propertyCode": "91547379", "thumbnail": "https://img3.idealista.com/blur/WEB_LISTING/0/id.pro.es.image.master/e3/04/0f/817197004.jpg", "externalReference": "J250", "numPhotos": 6, "floor": "10", "price": 233000.0, "propertyType": "flat", "operation": "sale", "size": 75.0, "exterior": true, "rooms": 3, "bathrooms": 1, "address": "barrio La Marina del Port", "province": "Barcelona", "municipality": "Barcelona", "district": "Sants-Montju\u00efc", "country": "es", "neighborhood": "La Marina del Port", "latitude": 41.3656336, "longitude": 2.1405753, "showAddress": false, "url": "https://www.idealista.com/inmueble/91547379/", "distance": "385", "hasVideo": false, "status": "good", "newDevelopment": false, "hasLift": true, "priceByArea": 3107.0, "detailedType": {"typology": "flat"}, "suggestedTexts": {"subtitle": "La Marina del Port, Barcelona", "title": "Piso"}, "hasPlan": false, "has3DTour": false, "has360": false, "hasStaging": false, "topNewDevelopment": false}]