[{"propertyCode": "91612870", "thumbnail": "https://img3.idealista.com/blur/WEB_LISTING/0/id.pro.es.image.master/47/c8/82/819015532.jpg", "externalReference": "VB1902010-5", "numPhotos": 30, "floor": "3", "price": 1650000.0, "propertyType": "flat", "operation": "sale", "size": 298.0, "exterior": true, "rooms": 5, "bathrooms": 4, "address": "Via Augusta", "province": "Barcelona", "municipality": "Barcelona", "district": "Sarri\u00e0-Sant Gervasi", "country": "es", "neighborhood": "Sant Gervasi - Galvany", "latitude": 41.3964622, "longitude": 2.1379163, "showAddress": false, "url": "https://www.idealista.com/inmueble/91612870/", "distance": "2787", "hasVideo": false, "status": "good", "newDevelopment": false, "hasLift": true, "parkingSpace": {"hasParkingSpace": true, "isParkingSpaceIncludedInPrice": true}, "priceByArea": 5537.0, "detailedType": {"typology": "flat"}, "suggestedTexts": {"subtitle": "Sant Gervasi - Galvany, Barcelona", "title": "Piso en Via Augusta"}, "hasPlan": true, "has3DTour": true, "has360": false, "hasStaging": false, "topNewDevelopment": false}, {"propertyCode": "92205752", "thumbnail": "https://img3.idealista.com/blur/WEB_LISTING/0/id.pro.es.image.master/75/40/e5/833594220.jpg", "externalReference": "145VE22REBSIB13", "numPhotos": 25, "floor": "3", "price": 379000.0, "propertyType": "flat", "operation": "sale", "size": 86.0, "exterior": false, "rooms": 3, "bathrooms": 2, "address": "Calle de Berl\u00edn", "province": "Barcelona", "municipality": "Barcelona", "district": "Sants-Montju\u00efc", "country": "es", "neighborhood": "Sants", "latitude": 41.3829925, "longitude": 2.1370918, "showAddress": false, "url": "https://www.idealista.com/inmueble/92205752/", "distance": "1919", "hasVideo": false, "status": "good", "newDevelopment": false, "hasLift": true, "priceByArea": 4407.0, "detailedType": {"typology": "flat"}, "suggestedTexts": {"subtitle": "Sants, Barcelona", "title": "Piso en Calle de Berl\u00edn"}, "hasPlan": true, "has3DTour": true, "has360": false, "hasStaging": false, "topNewDevelopment": false}, {"propertyCode": "92195991", "thumbnail": "https://img3.idealista.com/blur/WEB_LISTING/0/id.pro.es.image.master/98/e8/c9/833295208.jpg", "externalReference": "VB2011060-1", "numPhotos": 32, "floor": "2", "price": 680000.0, "propertyType": "flat", "operation": "sale", "size": 119.0, "exterior": true, "rooms": 3, "bathrooms": 2, "address": "Calle de Pau Claris", "province": "Barcelona", "municipality": "Barcelona", "district": "Eixample", "country": "es", "neighborhood": "La Dreta de l'Eixample", "latitude": 41.3895802, "longitude": 2.1664227, "showAddress": false, "url": "https://www.idealista.com/inmueble/92195991/", "distance": "1571", "hasVideo": true, "status": "renew", "newDevelopment": false, "hasLift": true, "priceByArea": 5714.0, "detailedType": {"typology": "flat"}, "suggestedTexts": {"subtitle": "La Dreta de l'Eixample, Barcelona", "title": "Piso en Calle de Pau Claris"}, "hasPlan": true, "has3DTour": true, "has360": false, "hasStaging": false, "topNewDevelopment": false}, {"propertyCode": "88080251", "thumbnail": "https://img3.idealista.com/blur/WEB_LISTING/0/id.pro.es.image.master/3e/a4/94/743378551.jpg", "externalReference": "BCN21749", "numPhotos": 36, "price": 700000.0, "propertyType": "flat", "operation": "sale", "size": 205.0, "exterior": true, "rooms": 6, "bathrooms": 3, "address": "barrio La Dreta de l'Eixample", "province": "Barcelona", "municipality": "Barcelona", "district": "Eixample", "country": "es", "neighborhood": "La Dreta de l'Eixample", "latitude": 41.3983667, "longitude": 2.169047, "showAddress": false, "url": "https://www.idealista.com/inmueble/88080251/", "distance": "2559", "hasVideo": false, "status": "renew", "newDevelopment": false, "hasLift": true, "priceByArea": 3415.0, "detailedType": {"typology": "flat"}, "suggestedTexts": {"subtitle": "La Dreta de l'Eixample, Barcelona", "title": "Piso"}, "hasPlan": true, "has3DTour": true, "has360": false, "hasStaging": false, "topNewDevelopment": false}, {"propertyCode": "90474876", "thumbnail": "https://img3.idealista.com/blur/WEB_LISTING/0/id.pro.es.image.master/16/e7/0a/822322405.jpg", "externalReference": "019275", "numPhotos": 27, "floor": "3", "price": 460000.0, "propertyType": "flat", "operation": "sale", "size": 92.0, "exterior": true, "rooms": 4, "bathrooms": 2, "address": "Calle de Viladomat", "province": "Barcelona", "municipality": "Barcelona", "district": "Eixample", "country": "es", "neighborhood": "La Nova Esquerra de l'Eixample", "latitude": 41.3861479, "longitude": 2.1454184, "showAddress": false, "url": "https://www.idealista.com/inmueble/90474876/", "distance": "1513", "hasVideo": false, "status": "renew", "newDevelopment": false, "hasLift": true, "priceByArea": 5000.0, "detailedType": {"typology": "flat"}, "suggestedTexts": {"subtitle": "La Nova Esquerra de l'Eixample, Barcelona", "title": "Piso en Calle de Viladomat"}, "hasPlan": true, "has3DTour": true, "has360": true, "hasStaging": false, "topNewDevelopment": false}, {"propertyCode": "91956445", "thumbnail": "https://img3.idealista.com/blur/WEB_LISTING/0/id.pro.es.image.master/3f/6e/06/827319076.jpg", "externalReference": "BCN21032", "numPhotos": 30, "price": 1975000.0, "propertyType": "flat", "operation": "sale", "size": 227.0, "exterior": true, "rooms": 4, "bathrooms": 3, "address": "barrio La Dreta de l'Eixample", "province": "Barcelona", "municipality": "Barcelona", "district": "Eixample", "country": "es", "neighborhood": "La Dreta de l'Eixample", "latitude": 41.3954477, "longitude": 2.1623459, "showAddress": false, "url": "https://www.idealista.com/inmueble/91956445/", "distance": "2104", "hasVideo": false, "status": "good", "newDevelopment": false, "hasLift": true, "priceByArea": 8700.0, "detailedType": {"typology": "flat"}, "suggestedTexts": {"subtitle": "La Dreta de l'Eixample, Barcelona", "title": "Piso"}, "hasPlan": true, "has3DTour": true, "has360": false, "hasStaging": false, "topNewDevelopment": false}, {"propertyCode": "91595372", "thumbnail": "https://img3.idealista.com/blur/WEB_LISTING/0/id.pro.es.image.master/31/24/ea/818539379.jpg", "externalReference": "BCN24794", "numPhotos": 34, "price": 850000.0, "propertyType": "flat", "operation": "sale", "size": 109.0, "exterior": true, "rooms": 2, "bathrooms": 2, "address": "barrio L'Antiga Esquerra de l'Eixample", "province": "Barcelona", "municipality": "Barcelona", "district": "Eixample", "country": "es", "neighborhood": "L'Antiga Esquerra de l'Eixample", "latitude": 41.3882412, "longitude": 2.1593543, "showAddress": false, "url": "https://www.idealista.com/inmueble/91595372/", "distance": "1280", "hasVideo": false, "status": "renew", "newDevelopment": false, "hasLift": true, "priceByArea": 7798.0, "detailedType": {"typology": "flat"}, "suggestedTexts": {"subtitle": "L'Antiga Esquerra de l'Eixample, Barcelona", "title": "Piso"}, "hasPlan": true, "has3DTour": true, "has360": false, "hasStaging": false, "topNewDevelopment": false}, {"propertyCode": "85119461", "thumbnail": "https://img3.idealista.com/blur/WEB_LISTING/0/id.pro.es.image.master/29/fe/ce/654772857.jpg", "externalReference": "BCN7672", "numPhotos": 30, "price": 950000.0, "propertyType": "flat", "operation": "sale", "size": 169.0, "exterior": true, "rooms": 3, "bathrooms": 2, "address": "barrio La Dreta de l'Eixample", "province": "Barcelona", "municipality": "Barcelona", "district": "Eixample", "country": "es", "neighborhood": "La Dreta de l'Eixample", "latitude": 41.3927453, "longitude": 2.1596452, "showAddress": false, "url": "https://www.idealista.com/inmueble/85119461/", "distance": "1782", "hasVideo": false, "status": "good", "newDevelopment": false, "hasLift": true, "priceByArea": 5621.0, "detailedType": {"typology": "flat"}, "suggestedTexts": {"subtitle": "La Dreta de l'Eixample, Barcelona", "title": "Piso"}, "hasPlan": true, "has3DTour": true, "has360": false, "hasStaging": false, "topNewDevelopment": false}, {"propertyCode": "90288790", "thumbnail": "https://img3.idealista.com/blur/WEB_LISTING/0/id.pro.es.image.master/54/4e/f1/787287928.jpg", "externalReference": "BCN19980", "numPhotos": 39, "price": 1400000.0, "propertyType": "flat", "operation": "sale", "size": 200.0, "exterior": true, "rooms": 4, "bathrooms": 2, "address": "barrio Sant Gervasi - Galvany", "province": "Barcelona", "municipality": "Barcelona", "district": "Sarri\u00e0-Sant Gervasi", "country": "es", "neighborhood": "Sant Gervasi - Galvany", "latitude": 41.3943689, "longitude": 2.1483246, "showAddress": false, "url": "https://www.idealista.com/inmueble/90288790/", "distance": "2137", "hasVideo": false, "status": "good", "newDevelopment": false, "hasLift": true, "priceByArea": 7000.0, "detailedType": {"typology": "flat"}, "suggestedTexts": {"subtitle": "Sant Gervasi - Galvany, Barcelona", "title": "Piso"}, "hasPlan": true, "has3DTour": true, "has360": false, "hasStaging": false, "topNewDevelopment": false}, {"propertyCode": "88471656", "thumbnail": "https://img3.idealista.com/blur/WEB_LISTING/0/id.pro.es.image.master/44/27/f8/747584274.jpg", "externalReference": "BCN21499", "numPhotos": 33, "price": 1395000.0, "propertyType": "flat", "operation": "sale", "size": 207.0, "exterior": true, "rooms": 5, "bathrooms": 3, "address": "barrio La Dreta de l'Eixample", "province": "Barcelona", "municipality": "Barcelona", "district": "Eixample", "country": "es", "neighborhood": "La Dreta de l'Eixample", "latitude": 41.3904222, "longitude": 2.1609085, "showAddress": false, "url": "https://www.idealista.com/inmueble/88471656/", "distance": "1534", "hasVideo": false, "status": "renew", "newDevelopment": false, "hasLift": true, "priceByArea": 6739.0, "detailedType": {"typology": "flat"}, "suggestedTexts": {"subtitle": "La Dreta de l'Eixample, Barcelona", "title": "Piso"}, "hasPlan": true, "has3DTour": true, "has360": false, "hasStaging": false, "topNewDevelopment": false}, {"propertyCode": "91871699", "thumbnail": "https://img3.idealista.com/blur/WEB_LISTING/0/id.pro.es.image.master/de/b4/55/825275685.jpg", "externalReference": "VB2011034", "numPhotos": 22, "floor": "3", "price": 395000.0, "propertyType": "flat", "operation": "sale", "size": 85.0, "exterior": true, "rooms": 2, "bathrooms": 1, "address": "barrio Vila de Gr\u00e0cia", "province": "Barcelona", "municipality": "Barcelona", "district": "Gr\u00e0cia", "country": "es", "neighborhood": "Vila de Gr\u00e0cia", "latitude": 41.4044064, "longitude": 2.1528527, "showAddress": false, "url": "https://www.idealista.com/inmueble/91871699/", "distance": "3112", "hasVideo": true, "status": "good", "newDevelopment": false, "hasLift": false, "priceByArea": 4647.0, "detailedType": {"typology": "flat"}, "suggestedTexts": {"subtitle": "Vila de Gr\u00e0cia, Barcelona", "title": "Piso"}, "hasPlan": true, "has3DTour": true, "has360": false, "hasStaging": false, "topNewDevelopment": false}, {"propertyCode": "91694960", "thumbnail": "https://img3.idealista.com/blur/WEB_LISTING/0/id.pro.es.image.master/15/c5/f8/821001652.jpg", "externalReference": "v7272", "numPhotos": 51, "floor": "5", "price": 530000.0, "propertyType": "flat", "operation": "sale", "size": 138.0, "exterior": true, "rooms": 4, "bathrooms": 2, "address": "barrio Santa Eul\u00e0lia", "province": "Barcelona", "municipality": "Hospitalet de Llobregat", "district": "Santa Eul\u00e0lia", "country": "es", "neighborhood": "Santa Eul\u00e0lia", "latitude": 41.3615306, "longitude": 2.1282983, "showAddress": false, "url": "https://www.idealista.com/inmueble/91694960/", "distance": "3037", "hasVideo": true, "status": "good", "newDevelopment": false, "hasLift": true, "priceByArea": 3841.0, "detailedType": {"typology": "flat"}, "suggestedTexts": {"subtitle": "Santa Eul\u00e0lia, Hospitalet de Llobregat", "title": "Piso"}, "hasPlan": true, "has3DTour": true, "has360": false, "hasStaging": false, "topNewDevelopment": false}, {"propertyCode": "91637762", "thumbnail": "https://img3.idealista.com/blur/WEB_LISTING/0/id.pro.es.image.master/18/b8/b8/819618578.jpg", "externalReference": "14725", "numPhotos": 47, "floor": "4", "price": 1600000.0, "propertyType": "flat", "operation": "sale", "size": 169.0, "exterior": true, "rooms": 3, "bathrooms": 2, "address": "barrio La Dreta de l'Eixample", "province": "Barcelona", "municipality": "Barcelona", "district": "Eixample", "country": "es", "neighborhood": "La Dreta de l'Eixample", "latitude": 41.3943032, "longitude": 2.1622767, "showAddress": false, "url": "https://www.idealista.com/inmueble/91637762/", "distance": "1977", "hasVideo": false, "status": "good", "newDevelopment": false, "priceByArea": 9467.0, "detailedType": {"typology": "flat"}, "suggestedTexts": {"subtitle": "La Dreta de l'Eixample, Barcelona", "title": "Piso"}, "hasPlan": true, "has3DTour": true, "has360": false, "hasStaging": false, "topNewDevelopment": false}, {"propertyCode": "89854790", "thumbnail": "https://img3.idealista.com/blur/WEB_LISTING/0/id.pro.es.image.master/6a/79/4e/778082835.jpg", "externalReference": "14092", "numPhotos": 33, "floor": "1", "price": 999000.0, "propertyType": "flat", "operation": "sale", "size": 250.0, "exterior": true, "rooms": 5, "bathrooms": 3, "address": "barrio Sant Gervasi - Galvany", "province": "Barcelona", "municipality": "Barcelona", "district": "Sarri\u00e0-Sant Gervasi", "country": "es", "neighborhood": "Sant Gervasi - Galvany", "latitude": 41.3956444, "longitude": 2.1549884, "showAddress": false, "url": "https://www.idealista.com/inmueble/89854790/", "distance": "2122", "hasVideo": false, "status": "renew", "newDevelopment": false, "hasLift": true, "priceByArea": 3996.0, "detailedType": {"typology": "flat"}, "suggestedTexts": {"subtitle": "Sant Gervasi - Galvany, Barcelona", "title": "Piso"}, "hasPlan": true, "has3DTour": true, "has360": false, "hasStaging": false, "topNewDevelopment": false}, {"propertyCode": "88585464", "thumbnail": "https://img3.idealista.com/blur/WEB_LISTING/0/id.pro.es.image.master/c7/07/04/756034472.jpg", "externalReference": "W-02I18U", "numPhotos": 32, "floor": "3", "price": 850000.0, "propertyType": "flat", "operation": "sale", "size": 150.0, "exterior": false, "rooms": 4, "bathrooms": 2, "address": "barrio Sant Gervasi - Galvany", "province": "Barcelona", "municipality": "Barcelona", "district": "Sarri\u00e0-Sant Gervasi", "country": "es", "neighborhood": "Sant Gervasi - Galvany", "latitude": 41.3964793, "longitude": 2.1517862, "showAddress": false, "url": "https://www.idealista.com/inmueble/88585464/", "distance": "2265", "hasVideo": false, "status": "good", "newDevelopment": false, "hasLift": true, "priceByArea": 5667.0, "detailedType": {"typology": "flat"}, "suggestedTexts": {"subtitle": "Sant Gervasi - Galvany, Barcelona", "title": "Piso"}, "hasPlan": true, "has3DTour": true, "has360": false, "hasStaging": false, "topNewDevelopment": false}, {"propertyCode": "88343855", "thumbnail": "https://img3.idealista.com/blur/WEB_LISTING/0/id.pro.es.image.master/4b/1a/c0/755922999.jpg", "externalReference": "W-02EV4Q", "numPhotos": 36, "floor": "2", "price": 465000.0, "propertyType": "flat", "operation": "sale", "size": 105.0, "exterior": false, "rooms": 2, "bathrooms": 2, "address": "barrio L'Antiga Esquerra de l'Eixample", "province": "Barcelona", "municipality": "Barcelona", "district": "Eixample", "country": "es", "neighborhood": "L'Antiga Esquerra de l'Eixample", "latitude": 41.3847224, "longitude": 2.1608534, "showAddress": false, "url": "https://www.idealista.com/inmueble/88343855/", "distance": "908", "hasVideo": false, "status": "good", "newDevelopment": false, "hasLift": true, "parkingSpace": {"hasParkingSpace": true, "isParkingSpaceIncludedInPrice": false, "parkingSpacePrice": 25000.0}, "priceByArea": 4429.0, "detailedType": {"typology": "flat"}, "suggestedTexts": {"subtitle": "L'Antiga Esquerra de l'Eixample, Barcelona", "title": "Piso"}, "hasPlan": true, "has3DTour": true, "has360": false, "hasStaging": false, "topNewDevelopment": false}, {"propertyCode": "85493774", "thumbnail": "https://img3.idealista.com/blur/WEB_LISTING/0/id.pro.es.image.master/b4/84/0a/771646001.jpg", "externalReference": "W-02ECLK", "numPhotos": 36, "floor": "bj", "price": 750000.0, "propertyType": "flat", "operation": "sale", "size": 202.0, "exterior": false, "rooms": 1, "bathrooms": 2, "address": "barrio Vila de Gr\u00e0cia", "province": "Barcelona", "municipality": "Barcelona", "district": "Gr\u00e0cia", "country": "es", "neighborhood": "Vila de Gr\u00e0cia", "latitude": 41.4005828, "longitude": 2.1558008, "showAddress": false, "url": "https://www.idealista.com/inmueble/85493774/", "distance": "2660", "hasVideo": false, "status": "good", "newDevelopment": false, "hasLift": false, "parkingSpace": {"hasParkingSpace": true, "isParkingSpaceIncludedInPrice": true}, "priceByArea": 3713.0, "detailedType": {"typology": "flat"}, "suggestedTexts": {"subtitle": "Vila de Gr\u00e0cia, Barcelona", "title": "Piso"}, "hasPlan": true, "has3DTour": true, "has360": false, "hasStaging": false, "topNewDevelopment": false}, {"propertyCode": "87580684", "thumbnail": "https://img3.idealista.com/blur/WEB_LISTING/0/id.pro.es.image.master/58/e5/72/833550136.jpg", "externalReference": "232345", "numPhotos": 19, "floor": "4", "price": 265000.0, "propertyType": "flat", "operation": "sale", "size": 105.0, "exterior": true, "rooms": 3, "bathrooms": 1, "address": "barrio El Raval", "province": "Barcelona", "municipality": "Barcelona", "district": "Ciutat Vella", "country": "es", "neighborhood": "El Raval", "latitude": 41.3802322, "longitude": 2.1723842, "showAddress": false, "url": "https://www.idealista.com/inmueble/87580684/", "distance": "1218", "hasVideo": false, "status": "good", "newDevelopment": false, "hasLift": false, "priceByArea": 2524.0, "detailedType": {"typology": "flat"}, "suggestedTexts": {"subtitle": "El Raval, Barcelona", "title": "Piso"}, "hasPlan": true, "has3DTour": true, "has360": false, "hasStaging": false, "topNewDevelopment": false}, {"propertyCode": "92529277", "thumbnail": "https://img3.idealista.com/blur/WEB_LISTING/0/id.pro.es.image.master/a4/78/ee/841859867.jpg", "externalReference": "VB2101020", "numPhotos": 19, "floor": "4", "price": 337000.0, "propertyType": "penthouse", "operation": "sale", "size": 89.0, "exterior": true, "rooms": 3, "bathrooms": 1, "address": "barrio El Raval", "province": "Barcelona", "municipality": "Barcelona", "district": "Ciutat Vella", "country": "es", "neighborhood": "El Raval", "latitude": 41.3813681, "longitude": 2.168363, "showAddress": false, "url": "https://www.idealista.com/inmueble/92529277/", "distance": "967", "hasVideo": false, "status": "good", "newDevelopment": false, "hasLift": true, "priceByArea": 3787.0, "detailedType": {"typology": "flat", "subTypology": "penthouse"}, "suggestedTexts": {"subtitle": "El Raval, Barcelona", "title": "\u00c1tico"}, "hasPlan": true, "has3DTour": true, "has360": false, "hasStaging": false, "topNewDevelopment": false}, {"propertyCode": "86995241", "thumbnail": "https://img3.idealista.com/blur/WEB_LISTING/0/id.pro.es.image.master/50/ce/0d/708156223.jpg", "externalReference": "019226", "numPhotos": 9, "floor": "1", "price": 690000.0, "propertyType": "flat", "operation": "sale", "size": 80.0, "exterior": true, "rooms": 2, "bathrooms": 1, "address": "Avenida de Josep Tarradellas", "province": "Barcelona", "municipality": "Barcelona", "district": "Eixample", "country": "es", "neighborhood": "L'Antiga Esquerra de l'Eixample", "latitude": 41.3911477, "longitude": 2.1457176, "showAddress": false, "url": "https://www.idealista.com/inmueble/86995241/", "distance": "1926", "hasVideo": false, "status": "good", "newDevelopment": false, "hasLift": true, "priceByArea": 8625.0, "detailedType": {"typology": "flat"}, "suggestedTexts": {"subtitle": "L'Antiga Esquerra de l'Eixample, Barcelona", "title": "Piso en Avenida de Josep Tarradellas"}, "hasPlan": false, "has3DTour": true, "has360": false, "hasStaging": false, "topNewDevelopment": false}, {"propertyCode": "87974582", "thumbnail": "https://img3.idealista.com/blur/WEB_LISTING/0/id.pro.es.image.master/f8/e1/65/735480084.jpg", "externalReference": "019249", "numPhotos": 27, "floor": "3", "price": 630000.0, "propertyType": "flat", "operation": "sale", "size": 80.0, "exterior": true, "rooms": 2, "bathrooms": 2, "address": "Avenida de Josep Tarradellas", "province": "Barcelona", "municipality": "Barcelona", "district": "Eixample", "country": "es", "neighborhood": "L'Antiga Esquerra de l'Eixample", "latitude": 41.3918477, "longitude": 2.1450176, "showAddress": false, "url": "https://www.idealista.com/inmueble/87974582/", "distance": "2023", "hasVideo": true, "status": "good", "newDevelopment": false, "hasLift": true, "priceByArea": 7875.0, "detailedType": {"typology": "flat"}, "suggestedTexts": {"subtitle": "L'Antiga Esquerra de l'Eixample, Barcelona", "title": "Piso en Avenida de Josep Tarradellas"}, "hasPlan": true, "has3DTour": false, "has360": true, "hasStaging": false, "topNewDevelopment": false}, {"propertyCode": "92228558", "thumbnail": "https://img3.idealista.com/blur/WEB_LISTING/0/id.pro.es.image.master/8d/4c/bd/834217811.jpg", "externalReference": "4399", "numPhotos": 32, "floor": "7", "price": 490000.0, "propertyType": "flat", "operation": "sale", "size": 125.0, "exterior": true, "rooms": 4, "bathrooms": 2, "address": "Gran Via de Carles III", "province": "Barcelona", "municipality": "Barcelona", "district": "Les Corts", "country": "es", "neighborhood": "La Maternitat i Sant Ramon", "latitude": 41.3848586, "longitude": 2.1255646, "showAddress": false, "url": "https://www.idealista.com/inmueble/92228558/", "distance": "2895", "hasVideo": true, "status": "renew", "newDevelopment": false, "hasLift": true, "priceByArea": 3920.0, "detailedType": {"typology": "flat"}, "suggestedTexts": {"subtitle": "La Maternitat i Sant Ramon, Barcelona", "title": "Piso en Gran Via de Carles III"}, "hasPlan": true, "has3DTour": false, "has360": true, "hasStaging": false, "topNewDevelopment": false}, {"propertyCode": "88980995", "thumbnail": "https://img3.idealista.com/blur/WEB_LISTING/0/id.pro.es.image.master/a1/0d/39/760254447.jpg", "externalReference": "3350", "numPhotos": 14, "price": 1020000.0, "propertyType": "flat", "operation": "sale", "size": 400.0, "exterior": false, "rooms": 3, "bathrooms": 2, "address": "Calle del Consell de Cent", "province": "Barcelona", "municipality": "Barcelona", "district": "Eixample", "country": "es", "neighborhood": "L'Antiga Esquerra de l'Eixample", "latitude": 41.3871925, "longitude": 2.1599495, "showAddress": false, "url": "https://www.idealista.com/inmueble/88980995/", "distance": "1168", "hasVideo": true, "status": "good", "newDevelopment": false, "hasLift": false, "priceByArea": 2550.0, "detailedType": {"typology": "flat"}, "suggestedTexts": {"subtitle": "L'Antiga Esquerra de l'Eixample, Barcelona", "title": "Piso en Calle del Consell de Cent"}, "hasPlan": true, "has3DTour": false, "has360": true, "hasStaging": false, "topNewDevelopment": false}, {"propertyCode": "39669401", "thumbnail": "https://img3.idealista.com/blur/WEB_LISTING/0/id.pro.es.image.master/86/37/b5/844567227.jpg", "externalReference": "B04241BA", "numPhotos": 25, "floor": "1", "price": 790000.0, "propertyType": "flat", "operation": "sale", "size": 132.0, "exterior": true, "rooms": 3, "bathrooms": 2, "address": "barrio Sant Gervasi - Galvany", "province": "Barcelona", "municipality": "Barcelona", "district": "Sarri\u00e0-Sant Gervasi", "country": "es", "neighborhood": "Sant Gervasi - Galvany", "latitude": 41.39124, "longitude": 2.1396285, "showAddress": false, "url": "https://www.idealista.com/inmueble/39669401/", "distance": "2255", "hasVideo": true, "status": "good", "newDevelopment": false, "hasLift": true, "priceByArea": 5985.0, "detailedType": {"typology": "flat"}, "suggestedTexts": {"subtitle": "Sant Gervasi - Galvany, Barcelona", "title": "Piso"}, "hasPlan": true, "has3DTour": false, "has360": true, "hasStaging": false, "topNewDevelopment": false}, {"propertyCode": "87894859", "thumbnail": "https://img3.idealista.com/blur/WEB_LISTING/0/id.pro.es.image.master/d7/ca/a7/761771404.jpg", "externalReference": "VB1911059", "numPhotos": 35, "floor": "5", "price": 790000.0, "propertyType": "penthouse", "operation": "sale", "size": 134.0, "exterior": true, "rooms": 3, "bathrooms": 4, "address": "Calle de Mari\u00e0 Cub\u00ed", "province": "Barcelona", "municipality": "Barcelona", "district": "Sarri\u00e0-Sant Gervasi", "country": "es", "neighborhood": "Sant Gervasi - Galvany", "latitude": 41.3988899, "longitude": 2.1506489, "showAddress": false, "url": "https://www.idealista.com/inmueble/87894859/", "distance": "2549", "hasVideo": false, "status": "good", "newDevelopment": false, "hasLift": true, "priceByArea": 5896.0, "detailedType": {"typology": "flat", "subTypology": "penthouse"}, "suggestedTexts": {"subtitle": "Sant Gervasi - Galvany, Barcelona", "title": "\u00c1tico en Calle de Mari\u00e0 Cub\u00ed"}, "hasPlan": true, "has3DTour": false, "has360": true, "hasStaging": false, "topNewDevelopment": false}, {"propertyCode": "92284473", "thumbnail": "https://img3.idealista.com/blur/WEB_LISTING/0/id.pro.es.image.master/1e/23/3d/835760591.jpg", "externalReference": "019281", "numPhotos": 30, "floor": "4", "price": 845000.0, "propertyType": "flat", "operation": "sale", "size": 150.0, "exterior": false, "rooms": 4, "bathrooms": 2, "address": "Calle de l'Avenir", "province": "Barcelona", "municipality": "Barcelona", "district": "Sarri\u00e0-Sant Gervasi", "country": "es", "neighborhood": "Sant Gervasi - Galvany", "latitude": 41.3967773, "longitude": 2.1456382, "showAddress": false, "url": "https://www.idealista.com/inmueble/92284473/", "distance": "2474", "hasVideo": true, "status": "good", "newDevelopment": false, "hasLift": true, "parkingSpace": {"hasParkingSpace": true, "isParkingSpaceIncludedInPrice": true}, "priceByArea": 5633.0, "detailedType": {"typology": "flat"}, "suggestedTexts": {"subtitle": "Sant Gervasi - Galvany, Barcelona", "title": "Piso en Calle de l'Avenir"}, "hasPlan": true, "has3DTour": false, "has360": true, "hasStaging": false, "topNewDevelopment": false}, {"propertyCode": "89359380", "thumbnail": "https://img3.idealista.com/blur/WEB_LISTING/0/id.pro.es.image.master/c6/af/d1/769770739.jpg", "externalReference": "3432", "numPhotos": 28, "price": 320000.0, "propertyType": "flat", "operation": "sale", "size": 60.0, "exterior": true, "rooms": 1, "bathrooms": 1, "address": "Calle del Consell de Cent", "province": "Barcelona", "municipality": "Barcelona", "district": "Eixample", "country": "es", "neighborhood": "La Dreta de l'Eixample", "latitude": 41.3944857, "longitude": 2.1669098, "showAddress": false, "url": "https://www.idealista.com/inmueble/89359380/", "distance": "2093", "hasVideo": false, "status": "good", "newDevelopment": false, "hasLift": true, "priceByArea": 5333.0, "detailedType": {"typology": "flat"}, "suggestedTexts": {"subtitle": "La Dreta de l'Eixample, Barcelona", "title": "Piso en Calle del Consell de Cent"}, "hasPlan": true, "has3DTour": false, "has360": true, "hasStaging": false, "topNewDevelopment": false}, {"propertyCode": "89103723", "thumbnail": "https://img3.idealista.com/blur/WEB_LISTING/0/id.pro.es.image.master/55/02/7f/763335757.jpg", "externalReference": "019264", "numPhotos": 26, "price": 1200000.0, "propertyType": "flat", "operation": "sale", "size": 149.0, "exterior": true, "rooms": 2, "bathrooms": 3, "address": "Calle de la Diputaci\u00f3", "province": "Barcelona", "municipality": "Barcelona", "district": "Eixample", "country": "es", "neighborhood": "L'Antiga Esquerra de l'Eixample", "latitude": 41.3874885, "longitude": 2.1594455, "showAddress": false, "url": "https://www.idealista.com/inmueble/89103723/", "distance": "1197", "hasVideo": true, "status": "good", "newDevelopment": false, "hasLift": true, "priceByArea": 8054.0, "detailedType": {"typology": "flat"}, "suggestedTexts": {"subtitle": "L'Antiga Esquerra de l'Eixample, Barcelona", "title": "Piso en Calle de la Diputaci\u00f3"}, "hasPlan": true, "has3DTour": false, "has360": false, "hasStaging": false, "topNewDevelopment": false}, {"propertyCode": "93082183", "thumbnail": "https://img3.idealista.com/blur/WEB_LISTING/0/id.pro.es.image.master/31/d5/cb/854034303.jpg", "externalReference": "VB2102073", "numPhotos": 38, "floor": "5", "price": 840000.0, "propertyType": "flat", "operation": "sale", "size": 138.0, "exterior": true, "rooms": 3, "bathrooms": 2, "address": "Calle de Num\u00e0ncia", "province": "Barcelona", "municipality": "Barcelona", "district": "Les Corts", "country": "es", "neighborhood": "Les Corts", "latitude": 41.3931779, "longitude": 2.1284422, "showAddress": false, "url": "https://www.idealista.com/inmueble/93082183/", "distance": "3105", "hasVideo": true, "status": "good", "newDevelopment": false, "hasLift": true, "parkingSpace": {"hasParkingSpace": true, "isParkingSpaceIncludedInPrice": true}, "priceByArea": 6087.0, "detailedType": {"typology": "flat"}, "suggestedTexts": {"subtitle": "Les Corts, Barcelona", "title": "Piso en Calle de Num\u00e0ncia"}, "hasPlan": true, "has3DTour": false, "has360": true, "hasStaging": false, "topNewDevelopment": false}, {"propertyCode": "91082776", "thumbnail": "https://img3.idealista.com/blur/WEB_LISTING/0/id.pro.es.image.master/2a/92/7e/853394856.jpg", "externalReference": "230935", "numPhotos": 27, "floor": "1", "price": 352000.0, "propertyType": "flat", "operation": "sale", "size": 109.0, "exterior": true, "rooms": 4, "bathrooms": 2, "address": "barrio La Marina del Port", "province": "Barcelona", "municipality": "Barcelona", "district": "Sants-Montju\u00efc", "country": "es", "neighborhood": "La Marina del Port", "latitude": 41.3593648, "longitude": 2.1405988, "showAddress": false, "url": "https://www.idealista.com/inmueble/91082776/", "distance": "2443", "hasVideo": true, "status": "good", "newDevelopment": false, "hasLift": true, "priceByArea": 3229.0, "detailedType": {"typology": "flat"}, "suggestedTexts": {"subtitle": "La Marina del Port, Barcelona", "title": "Piso"}, "hasPlan": true, "has3DTour": false, "has360": false, "hasStaging": false, "topNewDevelopment": false}, {"propertyCode": "92472112", "thumbnail": "https://img3.idealista.com/blur/WEB_LISTING/0/id.pro.es.image.master/ff/7b/99/840484158.jpg", "externalReference": "VB2011024-1", "numPhotos": 24, "floor": "5", "price": 870000.0, "propertyType": "flat", "operation": "sale", "size": 86.0, "exterior": true, "rooms": 1, "bathrooms": 1, "address": "Paseo de Gr\u00e0cia", "province": "Barcelona", "municipality": "Barcelona", "district": "Eixample", "country": "es", "neighborhood": "La Dreta de l'Eixample", "latitude": 41.3941412, "longitude": 2.1609541, "showAddress": false, "url": "https://www.idealista.com/inmueble/92472112/", "distance": "1945", "hasVideo": true, "status": "good", "newDevelopment": false, "hasLift": true, "priceByArea": 10116.0, "detailedType": {"typology": "flat"}, "suggestedTexts": {"subtitle": "La Dreta de l'Eixample, Barcelona", "title": "Piso en Paseo de Gr\u00e0cia"}, "hasPlan": true, "has3DTour": false, "has360": true, "hasStaging": false, "topNewDevelopment": false}, {"propertyCode": "92379011", "thumbnail": "https://img3.idealista.com/blur/WEB_LISTING/0/id.pro.es.image.master/a0/30/a5/838412740.jpg", "externalReference": "VB2012005-1", "numPhotos": 27, "floor": "1", "price": 675000.0, "propertyType": "flat", "operation": "sale", "size": 152.0, "exterior": true, "rooms": 3, "bathrooms": 2, "address": "Calle del Comte Borrell", "province": "Barcelona", "municipality": "Barcelona", "district": "Eixample", "country": "es", "neighborhood": "La Nova Esquerra de l'Eixample", "latitude": 41.3852075, "longitude": 2.1487027, "showAddress": false, "url": "https://www.idealista.com/inmueble/92379011/", "distance": "1248", "hasVideo": true, "status": "good", "newDevelopment": false, "hasLift": true, "priceByArea": 4441.0, "detailedType": {"typology": "flat"}, "suggestedTexts": {"subtitle": "La Nova Esquerra de l'Eixample, Barcelona", "title": "Piso en Calle del Comte Borrell"}, "hasPlan": true, "has3DTour": false, "has360": true, "hasStaging": false, "topNewDevelopment": false}, {"propertyCode": "91312447", "thumbnail": "https://img3.idealista.com/blur/WEB_LISTING/0/id.pro.es.image.master/eb/e0/f8/811688344.jpg", "externalReference": "VB2010010", "numPhotos": 27, "floor": "6", "price": 695000.0, "propertyType": "penthouse", "operation": "sale", "size": 157.0, "exterior": true, "rooms": 4, "bathrooms": 2, "address": "Calle de Cal\u00e0bria", "province": "Barcelona", "municipality": "Barcelona", "district": "Eixample", "country": "es", "neighborhood": "Sant Antoni", "latitude": 41.3747549, "longitude": 2.1587567, "showAddress": false, "url": "https://www.idealista.com/inmueble/91312447/", "distance": "221", "hasVideo": true, "status": "good", "newDevelopment": false, "hasLift": true, "priceByArea": 4427.0, "detailedType": {"typology": "flat", "subTypology": "penthouse"}, "suggestedTexts": {"subtitle": "Sant Antoni, Barcelona", "title": "\u00c1tico en Calle de Cal\u00e0bria"}, "hasPlan": true, "has3DTour": false, "has360": true, "hasStaging": false, "topNewDevelopment": false}, {"propertyCode": "91229353", "thumbnail": "https://img3.idealista.com/blur/WEB_LISTING/0/id.pro.es.image.master/91/1d/ce/809680282.jpg", "externalReference": "VB2010003", "numPhotos": 36, "floor": "2", "price": 995000.0, "propertyType": "flat", "operation": "sale", "size": 181.0, "exterior": true, "rooms": 5, "bathrooms": 3, "address": "Calle de Viladomat", "province": "Barcelona", "municipality": "Barcelona", "district": "Eixample", "country": "es", "neighborhood": "Sant Antoni", "latitude": 41.3816805, "longitude": 2.1561999, "showAddress": false, "url": "https://www.idealista.com/inmueble/91229353/", "distance": "582", "hasVideo": true, "status": "good", "newDevelopment": false, "hasLift": true, "priceByArea": 5497.0, "detailedType": {"typology": "flat"}, "suggestedTexts": {"subtitle": "Sant Antoni, Barcelona", "title": "Piso en Calle de Viladomat"}, "hasPlan": true, "has3DTour": false, "has360": true, "hasStaging": false, "topNewDevelopment": false}, {"propertyCode": "90550195", "thumbnail": "https://img3.idealista.com/blur/WEB_LISTING/0/id.pro.es.image.master/e1/77/37/792880700.jpg", "externalReference": "BCN06416", "numPhotos": 27, "floor": "3", "price": 695000.0, "propertyType": "flat", "operation": "sale", "size": 112.0, "exterior": true, "rooms": 3, "bathrooms": 2, "address": "Princesa", "province": "Barcelona", "municipality": "Barcelona", "district": "Ciutat Vella", "country": "es", "neighborhood": "Sant Pere - Santa Caterina i la Ribera", "latitude": 41.3854806, "longitude": 2.1810893, "showAddress": false, "url": "https://www.idealista.com/inmueble/90550195/", "distance": "2117", "hasVideo": true, "status": "good", "newDevelopment": false, "hasLift": true, "priceByArea": 6205.0, "detailedType": {"typology": "flat"}, "suggestedTexts": {"subtitle": "Sant Pere - Santa Caterina i la Ribera, Barcelona", "title": "Piso en Princesa"}, "hasPlan": true, "has3DTour": false, "has360": false, "hasStaging": false, "topNewDevelopment": false}, {"propertyCode": "82927181", "thumbnail": "https://img3.idealista.com/blur/WEB_LISTING/0/id.pro.es.image.master/30/15/83/814255893.jpg", "externalReference": "202275", "numPhotos": 20, "floor": "2", "price": 420000.0, "propertyType": "flat", "operation": "sale", "size": 118.0, "exterior": true, "rooms": 3, "bathrooms": 2, "address": "barrio El Fort Pienc", "province": "Barcelona", "municipality": "Barcelona", "district": "Eixample", "country": "es", "neighborhood": "El Fort Pienc", "latitude": 41.3971703, "longitude": 2.1776647, "showAddress": false, "url": "https://www.idealista.com/inmueble/82927181/", "distance": "2776", "hasVideo": false, "status": "good", "newDevelopment": false, "hasLift": true, "priceByArea": 3559.0, "detailedType": {"typology": "flat"}, "suggestedTexts": {"subtitle": "El Fort Pienc, Barcelona", "title": "Piso"}, "hasPlan": true, "has3DTour": false, "has360": true, "hasStaging": false, "topNewDevelopment": false}, {"propertyCode": "91784535", "thumbnail": "https://img3.idealista.com/blur/WEB_LISTING/0/id.pro.es.image.master/67/eb/71/823214521.jpg", "externalReference": "VB2010035-2", "numPhotos": 41, "floor": "5", "price": 1580000.0, "propertyType": "flat", "operation": "sale", "size": 300.0, "exterior": true, "rooms": 6, "bathrooms": 4, "address": "barrio Sant Gervasi - Galvany", "province": "Barcelona", "municipality": "Barcelona", "district": "Sarri\u00e0-Sant Gervasi", "country": "es", "neighborhood": "Sant Gervasi - Galvany", "latitude": 41.3960424, "longitude": 2.1403051, "showAddress": false, "url": "https://www.idealista.com/inmueble/91784535/", "distance": "2630", "hasVideo": true, "status": "good", "newDevelopment": false, "hasLift": true, "parkingSpace": {"hasParkingSpace": true, "isParkingSpaceIncludedInPrice": true}, "priceByArea": 5267.0, "detailedType": {"typology": "flat"}, "suggestedTexts": {"subtitle": "Sant Gervasi - Galvany, Barcelona", "title": "Piso"}, "hasPlan": true, "has3DTour": false, "has360": false, "hasStaging": false, "topNewDevelopment": false}, {"propertyCode": "91520865", "thumbnail": "https://img3.idealista.com/blur/WEB_LISTING/0/id.pro.es.image.master/98/54/24/840481630.jpg", "externalReference": "G-40654", "numPhotos": 28, "floor": "5", "price": 285000.0, "propertyType": "flat", "operation": "sale", "size": 76.0, "exterior": true, "rooms": 3, "bathrooms": 1, "address": "Calle de Puigmart\u00ed", "province": "Barcelona", "municipality": "Barcelona", "district": "Gr\u00e0cia", "country": "es", "neighborhood": "Vila de Gr\u00e0cia", "latitude": 41.4003694, "longitude": 2.1624695, "showAddress": false, "url": "https://www.idealista.com/inmueble/91520865/", "distance": "2647", "hasVideo": true, "status": "good", "newDevelopment": false, "hasLift": true, "priceByArea": 3750.0, "detailedType": {"typology": "flat"}, "suggestedTexts": {"subtitle": "Vila de Gr\u00e0cia, Barcelona", "title": "Piso en Calle de Puigmart\u00ed"}, "hasPlan": true, "has3DTour": false, "has360": true, "hasStaging": false, "topNewDevelopment": false}, {"propertyCode": "87682669", "thumbnail": "https://img3.idealista.com/blur/WEB_LISTING/0/id.pro.es.image.master/77/cd/33/728335876.jpg", "externalReference": "13622", "numPhotos": 38, "floor": "1", "price": 775000.0, "propertyType": "flat", "operation": "sale", "size": 169.0, "exterior": true, "rooms": 4, "bathrooms": 3, "address": "barrio Sant Gervasi - Galvany", "province": "Barcelona", "municipality": "Barcelona", "district": "Sarri\u00e0-Sant Gervasi", "country": "es", "neighborhood": "Sant Gervasi - Galvany", "latitude": 41.3977277, "longitude": 2.1511683, "showAddress": false, "url": "https://www.idealista.com/inmueble/87682669/", "distance": "2413", "hasVideo": true, "status": "good", "newDevelopment": false, "hasLift": true, "priceByArea": 4586.0, "detailedType": {"typology": "flat"}, "suggestedTexts": {"subtitle": "Sant Gervasi - Galvany, Barcelona", "title": "Piso"}, "hasPlan": true, "has3DTour": false, "has360": false, "hasStaging": false, "topNewDevelopment": false}, {"propertyCode": "92966417", "thumbnail": "https://img3.idealista.com/blur/WEB_LISTING/0/id.pro.es.image.master/f6/53/9d/852935611.jpg", "externalReference": "246454", "numPhotos": 21, "floor": "1", "price": 235000.0, "propertyType": "flat", "operation": "sale", "size": 55.0, "exterior": true, "rooms": 2, "bathrooms": 1, "address": "barrio Sants - Badal", "province": "Barcelona", "municipality": "Barcelona", "district": "Sants-Montju\u00efc", "country": "es", "neighborhood": "Sants - Badal", "latitude": 41.3746552, "longitude": 2.1296516, "showAddress": false, "url": "https://www.idealista.com/inmueble/92966417/", "distance": "2421", "hasVideo": false, "status": "good", "newDevelopment": false, "hasLift": false, "priceByArea": 4273.0, "detailedType": {"typology": "flat"}, "suggestedTexts": {"subtitle": "Sants - Badal, Barcelona", "title": "Piso"}, "hasPlan": true, "has3DTour": false, "has360": true, "hasStaging": false, "topNewDevelopment": false}, {"propertyCode": "92935188", "thumbnail": "https://img3.idealista.com/blur/WEB_LISTING/0/id.pro.es.image.master/ba/a2/56/851506222.jpg", "externalReference": "BCN27085", "numPhotos": 35, "price": 1090000.0, "propertyType": "flat", "operation": "sale", "size": 206.0, "exterior": true, "rooms": 6, "bathrooms": 4, "address": "barrio Sant Gervasi - Galvany", "province": "Barcelona", "municipality": "Barcelona", "district": "Sarri\u00e0-Sant Gervasi", "country": "es", "neighborhood": "Sant Gervasi - Galvany", "latitude": 41.3956689, "longitude": 2.1483246, "showAddress": false, "url": "https://www.idealista.com/inmueble/92935188/", "distance": "2270", "hasVideo": false, "status": "good", "newDevelopment": false, "hasLift": true, "priceByArea": 5291.0, "detailedType": {"typology": "flat"}, "suggestedTexts": {"subtitle": "Sant Gervasi - Galvany, Barcelona", "title": "Piso"}, "hasPlan": true, "has3DTour": false, "has360": true, "hasStaging": false, "topNewDevelopment": false}, {"propertyCode": "92818839", "thumbnail": "https://img3.idealista.com/blur/WEB_LISTING/0/id.pro.es.image.master/5e/5d/c0/848904592.jpg", "externalReference": "246248", "numPhotos": 25, "floor": "4", "price": 210000.0, "propertyType": "flat", "operation": "sale", "size": 68.0, "exterior": true, "rooms": 4, "bathrooms": 1, "address": "barrio Sants - Badal", "province": "Barcelona", "municipality": "Barcelona", "district": "Sants-Montju\u00efc", "country": "es", "neighborhood": "Sants - Badal", "latitude": 41.3710978, "longitude": 2.1299119, "showAddress": false, "url": "https://www.idealista.com/inmueble/92818839/", "distance": "2469", "hasVideo": false, "status": "good", "newDevelopment": false, "hasLift": true, "priceByArea": 3088.0, "detailedType": {"typology": "flat"}, "suggestedTexts": {"subtitle": "Sants - Badal, Barcelona", "title": "Piso"}, "hasPlan": true, "has3DTour": true, "has360": true, "hasStaging": false, "topNewDevelopment": false}, {"propertyCode": "91903585", "thumbnail": "https://img3.idealista.com/blur/WEB_LISTING/0/id.pro.es.image.master/2d/db/44/826096760.jpg", "externalReference": "CB_BCN_0376_V", "numPhotos": 33, "floor": "9", "price": 475000.0, "propertyType": "penthouse", "operation": "sale", "size": 124.0, "exterior": true, "rooms": 3, "bathrooms": 2, "address": "Calle del Comandant Ben\u00edtez", "province": "Barcelona", "municipality": "Barcelona", "district": "Les Corts", "country": "es", "neighborhood": "La Maternitat i Sant Ramon", "latitude": 41.3799546, "longitude": 2.1285386, "showAddress": false, "url": "https://www.idealista.com/inmueble/91903585/", "distance": "2528", "hasVideo": true, "status": "good", "newDevelopment": false, "hasLift": true, "priceByArea": 3831.0, "detailedType": {"typology": "flat", "subTypology": "penthouse"}, "suggestedTexts": {"subtitle": "La Maternitat i Sant Ramon, Barcelona", "title": "\u00c1tico en Calle del Comandant Ben\u00edtez"}, "hasPlan": true, "has3DTour": false, "has360": true, "hasStaging": false, "topNewDevelopment": false}, {"propertyCode": "91332200", "thumbnail": "https://img3.idealista.com/blur/WEB_LISTING/0/id.pro.es.image.master/84/9d/f8/812136352.jpg", "externalReference": "W-02JUTK", "numPhotos": 24, "floor": "1", "price": 395000.0, "propertyType": "flat", "operation": "sale", "size": 113.0, "exterior": false, "rooms": 4, "bathrooms": 1, "address": "barrio Vila de Gr\u00e0cia", "province": "Barcelona", "municipality": "Barcelona", "district": "Gr\u00e0cia", "country": "es", "neighborhood": "Vila de Gr\u00e0cia", "latitude": 41.4017637, "longitude": 2.1628004, "showAddress": false, "url": "https://www.idealista.com/inmueble/91332200/", "distance": "2805", "hasVideo": false, "status": "good", "newDevelopment": false, "hasLift": false, "priceByArea": 3496.0, "detailedType": {"typology": "flat"}, "suggestedTexts": {"subtitle": "Vila de Gr\u00e0cia, Barcelona", "title": "Piso"}, "hasPlan": true, "has3DTour": false, "has360": true, "hasStaging": false, "topNewDevelopment": false}, {"propertyCode": "92446229", "thumbnail": "https://img3.idealista.com/blur/WEB_LISTING/0/id.pro.es.image.master/fa/e4/38/839830934.jpg", "externalReference": "BCN26869", "numPhotos": 40, "price": 915000.0, "propertyType": "flat", "operation": "sale", "size": 180.0, "exterior": true, "rooms": 4, "bathrooms": 2, "address": "barrio Sant Pere - Santa Caterina i la Ribera", "province": "Barcelona", "municipality": "Barcelona", "district": "Ciutat Vella", "country": "es", "neighborhood": "Sant Pere - Santa Caterina i la Ribera", "latitude": 41.3896474, "longitude": 2.1769257, "showAddress": false, "url": "https://www.idealista.com/inmueble/92446229/", "distance": "2100", "hasVideo": false, "status": "good", "newDevelopment": false, "hasLift": true, "priceByArea": 5083.0, "detailedType": {"typology": "flat"}, "suggestedTexts": {"subtitle": "Sant Pere - Santa Caterina i la Ribera, Barcelona", "title": "Piso"}, "hasPlan": true, "has3DTour": false, "has360": true, "hasStaging": false, "topNewDevelopment": false}, {"propertyCode": "91858346", "thumbnail": "https://img3.idealista.com/blur/WEB_LISTING/0/id.pro.es.image.master/b7/a4/aa/824985790.jpg", "externalReference": "BCN25812", "numPhotos": 23, "price": 1180000.0, "propertyType": "flat", "operation": "sale", "size": 300.0, "exterior": true, "rooms": 6, "bathrooms": 4, "address": "barrio Sant Antoni", "province": "Barcelona", "municipality": "Barcelona", "district": "Eixample", "country": "es", "neighborhood": "Sant Antoni", "latitude": 41.3856653, "longitude": 2.1638793, "showAddress": false, "url": "https://www.idealista.com/inmueble/91858346/", "distance": "1087", "hasVideo": false, "status": "good", "newDevelopment": false, "hasLift": true, "priceByArea": 3933.0, "detailedType": {"typology": "flat"}, "suggestedTexts": {"subtitle": "Sant Antoni, Barcelona", "title": "Piso"}, "hasPlan": true, "has3DTour": false, "has360": true, "hasStaging": false, "topNewDevelopment": false}, {"propertyCode": "91648855", "thumbnail": "https://img3.idealista.com/blur/WEB_LISTING/0/id.pro.es.image.master/7b/29/57/819899456.jpg", "externalReference": "BCN25860", "numPhotos": 34, "price": 995000.0, "propertyType": "flat", "operation": "sale", "size": 187.0, "exterior": true, "rooms": 4, "bathrooms": 2, "address": "barrio La Dreta de l'Eixample", "province": "Barcelona", "municipality": "Barcelona", "district": "Eixample", "country": "es", "neighborhood": "La Dreta de l'Eixample", "latitude": 41.3944203, "longitude": 2.1705542, "showAddress": false, "url": "https://www.idealista.com/inmueble/91648855/", "distance": "2206", "hasVideo": false, "status": "renew", "newDevelopment": false, "hasLift": true, "priceByArea": 5321.0, "detailedType": {"typology": "flat"}, "suggestedTexts": {"subtitle": "La Dreta de l'Eixample, Barcelona", "title": "Piso"}, "hasPlan": true, "has3DTour": false, "has360": true, "hasStaging": false, "topNewDevelopment": false}, {"propertyCode": "91631474", "thumbnail": "https://img3.idealista.com/blur/WEB_LISTING/0/id.pro.es.image.master/9f/c9/66/819490912.jpg", "externalReference": "BCN25906", "numPhotos": 37, "price": 540000.0, "propertyType": "flat", "operation": "sale", "size": 116.0, "exterior": true, "rooms": 3, "bathrooms": 2, "address": "barrio Sant Antoni", "province": "Barcelona", "municipality": "Barcelona", "district": "Eixample", "country": "es", "neighborhood": "Sant Antoni", "latitude": 41.3803905, "longitude": 2.158935, "showAddress": false, "url": "https://www.idealista.com/inmueble/91631474/", "distance": "407", "hasVideo": false, "status": "good", "newDevelopment": false, "hasLift": true, "priceByArea": 4655.0, "detailedType": {"typology": "flat"}, "suggestedTexts": {"subtitle": "Sant Antoni, Barcelona", "title": "Piso"}, "hasPlan": true, "has3DTour": false, "has360": true, "hasStaging": false, "topNewDevelopment": false}, {"propertyCode": "91546114", "thumbnail": "https://img3.idealista.com/blur/WEB_LISTING/0/id.pro.es.image.master/29/a7/5b/831103325.jpg", "externalReference": "243104", "numPhotos": 27, "floor": "3", "price": 490000.0, "propertyType": "flat", "operation": "sale", "size": 100.0, "exterior": true, "rooms": 3, "bathrooms": 1, "address": "barrio L'Antiga Esquerra de l'Eixample", "province": "Barcelona", "municipality": "Barcelona", "district": "Eixample", "country": "es", "neighborhood": "L'Antiga Esquerra de l'Eixample", "latitude": 41.3885004, "longitude": 2.1586319, "showAddress": false, "url": "https://www.idealista.com/inmueble/91546114/", "distance": "1307", "hasVideo": false, "status": "good", "newDevelopment": false, "hasLift": true, "priceByArea": 4900.0, "detailedType": {"typology": "flat"}, "suggestedTexts": {"subtitle": "L'Antiga Esquerra de l'Eixample, Barcelona", "title": "Piso"}, "hasPlan": true, "has3DTour": true, "has360": true, "hasStaging": false, "topNewDevelopment": false}, {"propertyCode": "87601397", "thumbnail": "https://img3.idealista.com/blur/WEB_LISTING/0/id.pro.es.image.master/8c/b0/4b/725850874.jpg", "externalReference": "BCN21193", "numPhotos": 42, "price": 1890000.0, "propertyType": "penthouse", "operation": "sale", "size": 336.0, "exterior": true, "rooms": 6, "bathrooms": 6, "address": "barrio La Nova Esquerra de l'Eixample", "province": "Barcelona", "municipality": "Barcelona", "district": "Eixample", "country": "es", "neighborhood": "La Nova Esquerra de l'Eixample", "latitude": 41.3843004, "longitude": 2.1499029, "showAddress": false, "url": "https://www.idealista.com/inmueble/87601397/", "distance": "1107", "hasVideo": false, "status": "good", "newDevelopment": false, "hasLift": true, "parkingSpace": {"hasParkingSpace": true, "isParkingSpaceIncludedInPrice": true}, "priceByArea": 5625.0, "detailedType": {"typology": "flat", "subTypology": "penthouse"}, "suggestedTexts": {"subtitle": "La Nova Esquerra de l'Eixample, Barcelona", "title": "\u00c1tico"}, "hasPlan": true, "has3DTour": false, "has360": true, "hasStaging": false, "topNewDevelopment": false}]