[{"propertyCode": "90474876", "thumbnail": "https://img3.idealista.com/blur/WEB_LISTING/0/id.pro.es.image.master/16/e7/0a/822322405.jpg", "externalReference": "019275", "numPhotos": 27, "floor": "3", "price": 460000.0, "propertyType": "flat", "operation": "sale", "size": 92.0, "exterior": true, "rooms": 4, "bathrooms": 2, "address": "Calle de Viladomat", "province": "Barcelona", "municipality": "Barcelona", "district": "Eixample", "country": "es", "neighborhood": "La Nova Esquerra de l'Eixample", "latitude": 41.3861479, "longitude": 2.1454184, "showAddress": false, "url": "https://www.idealista.com/inmueble/90474876/", "distance": "212", "hasVideo": false, "status": "renew", "newDevelopment": false, "hasLift": true, "priceByArea": 5000.0, "detailedType": {"typology": "flat"}, "suggestedTexts": {"subtitle": "La Nova Esquerra de l'Eixample, Barcelona", "title": "Piso en Calle de Viladomat"}, "hasPlan": true, "has3DTour": true, "has360": true, "hasStaging": false, "topNewDevelopment": false}, {"propertyCode": "86995241", "thumbnail": "https://img3.idealista.com/blur/WEB_LISTING/0/id.pro.es.image.master/50/ce/0d/708156223.jpg", "externalReference": "019226", "numPhotos": 9, "floor": "1", "price": 690000.0, "propertyType": "flat", "operation": "sale", "size": 80.0, "exterior": true, "rooms": 2, "bathrooms": 1, "address": "Avenida de Josep Tarradellas", "province": "Barcelona", "municipality": "Barcelona", "district": "Eixample", "country": "es", "neighborhood": "L'Antiga Esquerra de l'Eixample", "latitude": 41.3911477, "longitude": 2.1457176, "showAddress": false, "url": "https://www.idealista.com/inmueble/86995241/", "distance": "676", "hasVideo": false, "status": "good", "newDevelopment": false, "hasLift": true, "priceByArea": 8625.0, "detailedType": {"typology": "flat"}, "suggestedTexts": {"subtitle": "L'Antiga Esquerra de l'Eixample, Barcelona", "title": "Piso en Avenida de Josep Tarradellas"}, "hasPlan": false, "has3DTour": true, "has360": false, "hasStaging": false, "topNewDevelopment": false}, {"propertyCode": "87974582", "thumbnail": "https://img3.idealista.com/blur/WEB_LISTING/0/id.pro.es.image.master/f8/e1/65/735480084.jpg", "externalReference": "019249", "numPhotos": 27, "floor": "3", "price": 630000.0, "propertyType": "flat", "operation": "sale", "size": 80.0, "exterior": true, "rooms": 2, "bathrooms": 2, "address": "Avenida de Josep Tarradellas", "province": "Barcelona", "municipality": "Barcelona", "district": "Eixample", "country": "es", "neighborhood": "L'Antiga Esquerra de l'Eixample", "latitude": 41.3918477, "longitude": 2.1450176, "showAddress": false, "url": "https://www.idealista.com/inmueble/87974582/", "distance": "767", "hasVideo": true, "status": "good", "newDevelopment": false, "hasLift": true, "priceByArea": 7875.0, "detailedType": {"typology": "flat"}, "suggestedTexts": {"subtitle": "L'Antiga Esquerra de l'Eixample, Barcelona", "title": "Piso en Avenida de Josep Tarradellas"}, "hasPlan": true, "has3DTour": false, "has360": true, "hasStaging": false, "topNewDevelopment": false}, {"propertyCode": "92379011", "thumbnail": "https://img3.idealista.com/blur/WEB_LISTING/0/id.pro.es.image.master/a0/30/a5/838412740.jpg", "externalReference": "VB2012005-1", "numPhotos": 27, "floor": "1", "price": 675000.0, "propertyType": "flat", "operation": "sale", "size": 152.0, "exterior": true, "rooms": 3, "bathrooms": 2, "address": "Calle del Comte Borrell", "province": "Barcelona", "municipality": "Barcelona", "district": "Eixample", "country": "es", "neighborhood": "La Nova Esquerra de l'Eixample", "latitude": 41.3852075, "longitude": 2.1487027, "showAddress": false, "url": "https://www.idealista.com/inmueble/92379011/", "distance": "87", "hasVideo": true, "status": "good", "newDevelopment": false, "hasLift": true, "priceByArea": 4441.0, "detailedType": {"typology": "flat"}, "suggestedTexts": {"subtitle": "La Nova Esquerra de l'Eixample, Barcelona", "title": "Piso en Calle del Comte Borrell"}, "hasPlan": true, "has3DTour": false, "has360": true, "hasStaging": false, "topNewDevelopment": false}, {"propertyCode": "91229353", "thumbnail": "https://img3.idealista.com/blur/WEB_LISTING/0/id.pro.es.image.master/91/1d/ce/809680282.jpg", "externalReference": "VB2010003", "numPhotos": 36, "floor": "2", "price": 995000.0, "propertyType": "flat", "operation": "sale", "size": 181.0, "exterior": true, "rooms": 5, "bathrooms": 3, "address": "Calle de Viladomat", "province": "Barcelona", "municipality": "Barcelona", "district": "Eixample", "country": "es", "neighborhood": "Sant Antoni", "latitude": 41.3816805, "longitude": 2.1561999, "showAddress": false, "url": "https://www.idealista.com/inmueble/91229353/", "distance": "815", "hasVideo": true, "status": "good", "newDevelopment": false, "hasLift": true, "priceByArea": 5497.0, "detailedType": {"typology": "flat"}, "suggestedTexts": {"subtitle": "Sant Antoni, Barcelona", "title": "Piso en Calle de Viladomat"}, "hasPlan": true, "has3DTour": false, "has360": true, "hasStaging": false, "topNewDevelopment": false}, {"propertyCode": "87601397", "thumbnail": "https://img3.idealista.com/blur/WEB_LISTING/0/id.pro.es.image.master/8c/b0/4b/725850874.jpg", "externalReference": "BCN21193", "numPhotos": 42, "price": 1890000.0, "propertyType": "penthouse", "operation": "sale", "size": 336.0, "exterior": true, "rooms": 6, "bathrooms": 6, "address": "barrio La Nova Esquerra de l'Eixample", "province": "Barcelona", "municipality": "Barcelona", "district": "Eixample", "country": "es", "neighborhood": "La Nova Esquerra de l'Eixample", "latitude": 41.3843004, "longitude": 2.1499029, "showAddress": false, "url": "https://www.idealista.com/inmueble/87601397/", "distance": "214", "hasVideo": false, "status": "good", "newDevelopment": false, "hasLift": true, "parkingSpace": {"hasParkingSpace": true, "isParkingSpaceIncludedInPrice": true}, "priceByArea": 5625.0, "detailedType": {"typology": "flat", "subTypology": "penthouse"}, "suggestedTexts": {"subtitle": "La Nova Esquerra de l'Eixample, Barcelona", "title": "\u00c1tico"}, "hasPlan": true, "has3DTour": false, "has360": true, "hasStaging": false, "topNewDevelopment": false}, {"propertyCode": "87668541", "thumbnail": "https://img3.idealista.com/blur/WEB_LISTING/0/id.pro.es.image.master/3a/b1/06/844034941.jpg", "externalReference": "218065", "numPhotos": 25, "floor": "3", "price": 380000.0, "propertyType": "flat", "operation": "sale", "size": 82.0, "exterior": true, "rooms": 2, "bathrooms": 1, "address": "barrio L'Antiga Esquerra de l'Eixample", "province": "Barcelona", "municipality": "Barcelona", "district": "Eixample", "country": "es", "neighborhood": "L'Antiga Esquerra de l'Eixample", "latitude": 41.3891518, "longitude": 2.1542236, "showAddress": false, "url": "https://www.idealista.com/inmueble/87668541/", "distance": "699", "hasVideo": false, "status": "good", "newDevelopment": false, "hasLift": true, "priceByArea": 4634.0, "detailedType": {"typology": "flat"}, "suggestedTexts": {"subtitle": "L'Antiga Esquerra de l'Eixample, Barcelona", "title": "Piso"}, "hasPlan": true, "has3DTour": true, "has360": true, "hasStaging": false, "topNewDevelopment": false}, {"propertyCode": "39908522", "thumbnail": "https://img3.idealista.com/blur/WEB_LISTING/0/id.pro.es.image.master/36/c5/ac/269066666.jpg", "externalReference": "4486", "numPhotos": 30, "floor": "4", "price": 1100000.0, "propertyType": "duplex", "operation": "sale", "size": 200.0, "exterior": true, "rooms": 3, "bathrooms": 2, "address": "GANDUXER", "province": "Barcelona", "municipality": "Barcelona", "district": "Sarri\u00e0-Sant Gervasi", "country": "es", "neighborhood": "Sant Gervasi - Galvany", "latitude": 41.390355, "longitude": 2.1410455, "showAddress": false, "url": "https://www.idealista.com/inmueble/39908522/", "distance": "792", "hasVideo": false, "status": "good", "newDevelopment": false, "hasLift": true, "parkingSpace": {"hasParkingSpace": true, "isParkingSpaceIncludedInPrice": true}, "priceByArea": 5500.0, "detailedType": {"typology": "flat", "subTypology": "duplex"}, "suggestedTexts": {"subtitle": "Sant Gervasi - Galvany, Barcelona", "title": "D\u00faplex en GANDUXER"}, "hasPlan": true, "has3DTour": false, "has360": true, "hasStaging": false, "topNewDevelopment": false}, {"propertyCode": "92693781", "thumbnail": "https://img3.idealista.com/blur/WEB_LISTING/0/id.pro.es.image.master/88/56/cc/845855187.jpg", "externalReference": "4593", "numPhotos": 20, "floor": "2", "price": 360000.0, "propertyType": "flat", "operation": "sale", "size": 71.0, "exterior": true, "rooms": 3, "bathrooms": 1, "address": "Avenida de Josep Tarradellas", "province": "Barcelona", "municipality": "Barcelona", "district": "Eixample", "country": "es", "neighborhood": "La Nova Esquerra de l'Eixample", "latitude": 41.3853975, "longitude": 2.1439444, "showAddress": false, "url": "https://www.idealista.com/inmueble/92693781/", "distance": "309", "hasVideo": false, "status": "good", "newDevelopment": false, "hasLift": true, "priceByArea": 5070.0, "detailedType": {"typology": "flat"}, "suggestedTexts": {"subtitle": "La Nova Esquerra de l'Eixample, Barcelona", "title": "Piso en Avenida de Josep Tarradellas"}, "hasPlan": true, "has3DTour": false, "has360": true, "hasStaging": false, "topNewDevelopment": false}, {"propertyCode": "92567198", "thumbnail": "https://img3.idealista.com/blur/WEB_LISTING/0/id.pro.es.image.master/5d/1e/3f/843578238.jpg", "externalReference": "836-21V", "numPhotos": 22, "floor": "3", "price": 299000.0, "propertyType": "flat", "operation": "sale", "size": 86.0, "exterior": true, "rooms": 4, "bathrooms": 1, "address": "Calle d'Enten\u00e7a", "province": "Barcelona", "municipality": "Barcelona", "district": "Eixample", "country": "es", "neighborhood": "La Nova Esquerra de l'Eixample", "latitude": 41.378928, "longitude": 2.1526336, "showAddress": false, "url": "https://www.idealista.com/inmueble/92567198/", "distance": "815", "hasVideo": false, "status": "good", "newDevelopment": false, "hasLift": true, "priceByArea": 3477.0, "detailedType": {"typology": "flat"}, "suggestedTexts": {"subtitle": "La Nova Esquerra de l'Eixample, Barcelona", "title": "Piso en Calle d'Enten\u00e7a"}, "hasPlan": true, "has3DTour": false, "has360": true, "hasStaging": false, "topNewDevelopment": false}, {"propertyCode": "89815923", "thumbnail": "https://img3.idealista.com/blur/WEB_LISTING/0/id.pro.es.image.master/80/cb/34/777219623.jpg", "externalReference": "3602", "numPhotos": 20, "floor": "1", "price": 260000.0, "propertyType": "flat", "operation": "sale", "size": 77.0, "exterior": true, "rooms": 1, "bathrooms": 1, "address": "Calle de Cal\u00e0bria", "province": "Barcelona", "municipality": "Barcelona", "district": "Eixample", "country": "es", "neighborhood": "La Nova Esquerra de l'Eixample", "latitude": 41.3847119, "longitude": 2.1466095, "showAddress": false, "url": "https://www.idealista.com/inmueble/89815923/", "distance": "104", "hasVideo": false, "status": "good", "newDevelopment": false, "hasLift": true, "priceByArea": 3377.0, "detailedType": {"typology": "flat"}, "suggestedTexts": {"subtitle": "La Nova Esquerra de l'Eixample, Barcelona", "title": "Piso en Calle de Cal\u00e0bria"}, "hasPlan": true, "has3DTour": false, "has360": true, "hasStaging": false, "topNewDevelopment": false}, {"propertyCode": "88813147", "thumbnail": "https://img3.idealista.com/blur/WEB_LISTING/0/id.pro.es.image.master/fd/0d/58/756044616.jpg", "externalReference": "8038", "numPhotos": 46, "price": 645000.0, "propertyType": "flat", "operation": "sale", "size": 110.0, "exterior": true, "rooms": 3, "bathrooms": 2, "address": "Calle de Muntaner", "province": "Barcelona", "municipality": "Barcelona", "district": "Eixample", "country": "es", "neighborhood": "L'Antiga Esquerra de l'Eixample", "latitude": 41.3898392, "longitude": 2.1516507, "showAddress": false, "url": "https://www.idealista.com/inmueble/88813147/", "distance": "610", "hasVideo": true, "status": "good", "newDevelopment": false, "hasLift": true, "priceByArea": 5864.0, "detailedType": {"typology": "flat"}, "suggestedTexts": {"subtitle": "L'Antiga Esquerra de l'Eixample, Barcelona", "title": "Piso en Calle de Muntaner"}, "hasPlan": true, "has3DTour": true, "has360": true, "hasStaging": false, "topNewDevelopment": false}, {"propertyCode": "92710736", "thumbnail": "https://img3.idealista.com/blur/WEB_LISTING/0/id.pro.es.image.master/09/f7/c9/846204206.jpg", "externalReference": "BCN06476", "numPhotos": 34, "floor": "6", "price": 795000.0, "propertyType": "flat", "operation": "sale", "size": 140.0, "exterior": true, "rooms": 4, "bathrooms": 2, "address": "barrio Sant Antoni", "province": "Barcelona", "municipality": "Barcelona", "district": "Eixample", "country": "es", "neighborhood": "Sant Antoni", "latitude": 41.3797156, "longitude": 2.1534071, "showAddress": false, "url": "https://www.idealista.com/inmueble/92710736/", "distance": "779", "hasVideo": false, "status": "good", "newDevelopment": false, "hasLift": true, "priceByArea": 5679.0, "detailedType": {"typology": "flat"}, "suggestedTexts": {"subtitle": "Sant Antoni, Barcelona", "title": "Piso"}, "hasPlan": true, "has3DTour": false, "has360": true, "hasStaging": false, "topNewDevelopment": false}, {"propertyCode": "92517661", "thumbnail": "https://img3.idealista.com/blur/WEB_LISTING/0/id.pro.es.image.master/3d/4e/be/841568010.jpg", "externalReference": "BCN06001", "numPhotos": 32, "floor": "1", "price": 990000.0, "propertyType": "flat", "operation": "sale", "size": 211.0, "exterior": true, "rooms": 5, "bathrooms": 2, "address": "barrio La Nova Esquerra de l'Eixample", "province": "Barcelona", "municipality": "Barcelona", "district": "Eixample", "country": "es", "neighborhood": "La Nova Esquerra de l'Eixample", "latitude": 41.3805792, "longitude": 2.1549631, "showAddress": false, "url": "https://www.idealista.com/inmueble/92517661/", "distance": "800", "hasVideo": false, "status": "good", "newDevelopment": false, "hasLift": true, "priceByArea": 4692.0, "detailedType": {"typology": "flat"}, "suggestedTexts": {"subtitle": "La Nova Esquerra de l'Eixample, Barcelona", "title": "Piso"}, "hasPlan": true, "has3DTour": false, "has360": true, "hasStaging": false, "topNewDevelopment": false}, {"propertyCode": "90716884", "thumbnail": "https://img3.idealista.com/blur/WEB_LISTING/0/id.pro.es.image.master/75/f3/5d/796832767.jpg", "externalReference": "240866", "numPhotos": 20, "floor": "5", "price": 395000.0, "propertyType": "flat", "operation": "sale", "size": 92.0, "exterior": true, "rooms": 3, "bathrooms": 2, "address": "barrio La Nova Esquerra de l'Eixample", "province": "Barcelona", "municipality": "Barcelona", "district": "Eixample", "country": "es", "neighborhood": "La Nova Esquerra de l'Eixample", "latitude": 41.3808537, "longitude": 2.1464343, "showAddress": false, "url": "https://www.idealista.com/inmueble/90716884/", "distance": "497", "hasVideo": false, "status": "renew", "newDevelopment": false, "hasLift": true, "priceByArea": 4293.0, "detailedType": {"typology": "flat"}, "suggestedTexts": {"subtitle": "La Nova Esquerra de l'Eixample, Barcelona", "title": "Piso"}, "hasPlan": true, "has3DTour": false, "has360": true, "hasStaging": false, "topNewDevelopment": false}, {"propertyCode": "89416170", "thumbnail": "https://img3.idealista.com/blur/WEB_LISTING/0/id.pro.es.image.master/54/48/31/770914980.jpg", "externalReference": "3060V(1)", "numPhotos": 24, "floor": "11", "price": 750000.0, "propertyType": "flat", "operation": "sale", "size": 140.0, "exterior": true, "rooms": 4, "bathrooms": 2, "address": "barrio L'Antiga Esquerra de l'Eixample", "province": "Barcelona", "municipality": "Barcelona", "district": "Eixample", "country": "es", "neighborhood": "L'Antiga Esquerra de l'Eixample", "latitude": 41.389721, "longitude": 2.1421573, "showAddress": false, "url": "https://www.idealista.com/inmueble/89416170/", "distance": "677", "hasVideo": true, "status": "good", "newDevelopment": false, "hasLift": true, "priceByArea": 5357.0, "detailedType": {"typology": "flat"}, "suggestedTexts": {"subtitle": "L'Antiga Esquerra de l'Eixample, Barcelona", "title": "Piso"}, "hasPlan": true, "has3DTour": false, "has360": true, "hasStaging": false, "topNewDevelopment": false}, {"propertyCode": "89813262", "thumbnail": "https://img3.idealista.com/blur/WEB_LISTING/0/id.pro.es.image.master/62/de/d6/777159251.jpg", "externalReference": "DUX0054", "numPhotos": 16, "floor": "7", "price": 475000.0, "propertyType": "flat", "operation": "sale", "size": 109.0, "exterior": true, "rooms": 4, "bathrooms": 2, "address": "Calle de Mallorca", "province": "Barcelona", "municipality": "Barcelona", "district": "Eixample", "country": "es", "neighborhood": "La Nova Esquerra de l'Eixample", "latitude": 41.3865366, "longitude": 2.1519311, "showAddress": false, "url": "https://www.idealista.com/inmueble/89813262/", "distance": "385", "hasVideo": true, "status": "good", "newDevelopment": false, "hasLift": true, "priceByArea": 4358.0, "detailedType": {"typology": "flat"}, "suggestedTexts": {"subtitle": "La Nova Esquerra de l'Eixample, Barcelona", "title": "Piso en Calle de Mallorca"}, "hasPlan": true, "has3DTour": false, "has360": true, "hasStaging": false, "topNewDevelopment": false}, {"propertyCode": "91901786", "thumbnail": "https://img3.idealista.com/blur/WEB_LISTING/0/id.pro.es.image.master/00/86/db/852935224.jpg", "externalReference": "244730", "numPhotos": 26, "floor": "4", "price": 349000.0, "propertyType": "flat", "operation": "sale", "size": 96.0, "exterior": true, "rooms": 4, "bathrooms": 1, "address": "barrio Les Corts", "province": "Barcelona", "municipality": "Barcelona", "district": "Les Corts", "country": "es", "neighborhood": "Les Corts", "latitude": 41.3827546, "longitude": 2.1396071, "showAddress": false, "url": "https://www.idealista.com/inmueble/91901786/", "distance": "725", "hasVideo": false, "status": "good", "newDevelopment": false, "hasLift": true, "priceByArea": 3635.0, "detailedType": {"typology": "flat"}, "suggestedTexts": {"subtitle": "Les Corts, Barcelona", "title": "Piso"}, "hasPlan": true, "has3DTour": false, "has360": false, "hasStaging": false, "topNewDevelopment": false}, {"propertyCode": "91976914", "thumbnail": "https://img3.idealista.com/blur/WEB_LISTING/0/id.pro.es.image.master/0f/8e/48/827776982.jpg", "externalReference": "VB2010024-3", "numPhotos": 25, "floor": "3", "price": 645000.0, "propertyType": "flat", "operation": "sale", "size": 110.0, "exterior": true, "rooms": 3, "bathrooms": 2, "address": "Calle de Muntaner", "province": "Barcelona", "municipality": "Barcelona", "district": "Eixample", "country": "es", "neighborhood": "L'Antiga Esquerra de l'Eixample", "latitude": 41.3895392, "longitude": 2.1553507, "showAddress": false, "url": "https://www.idealista.com/inmueble/91976914/", "distance": "800", "hasVideo": true, "status": "good", "newDevelopment": false, "hasLift": true, "priceByArea": 5864.0, "detailedType": {"typology": "flat"}, "suggestedTexts": {"subtitle": "L'Antiga Esquerra de l'Eixample, Barcelona", "title": "Piso en Calle de Muntaner"}, "hasPlan": true, "has3DTour": false, "has360": false, "hasStaging": false, "topNewDevelopment": false}, {"propertyCode": "91521223", "thumbnail": "https://img3.idealista.com/blur/WEB_LISTING/0/id.pro.es.image.master/dd/e3/7a/816554391.jpg", "externalReference": "VB2002041-5", "numPhotos": 40, "floor": "4", "price": 895000.0, "propertyType": "flat", "operation": "sale", "size": 135.0, "exterior": true, "rooms": 3, "bathrooms": 2, "address": "Calle d'Aribau", "province": "Barcelona", "municipality": "Barcelona", "district": "Eixample", "country": "es", "neighborhood": "L'Antiga Esquerra de l'Eixample", "latitude": 41.3903167, "longitude": 2.1538388, "showAddress": false, "url": "https://www.idealista.com/inmueble/91521223/", "distance": "765", "hasVideo": false, "status": "good", "newDevelopment": false, "hasLift": true, "priceByArea": 6630.0, "detailedType": {"typology": "flat"}, "suggestedTexts": {"subtitle": "L'Antiga Esquerra de l'Eixample, Barcelona", "title": "Piso en Calle d'Aribau"}, "hasPlan": true, "has3DTour": false, "has360": false, "hasStaging": false, "topNewDevelopment": false}, {"propertyCode": "93182186", "thumbnail": "https://img3.idealista.com/blur/WEB_LISTING/0/id.pro.es.image.master/f4/2a/c6/856362962.jpg", "externalReference": "0122-680-691-V", "numPhotos": 23, "floor": "3", "price": 255000.0, "propertyType": "flat", "operation": "sale", "size": 53.0, "exterior": true, "rooms": 2, "bathrooms": 1, "address": "Calle de Rocafort", "province": "Barcelona", "municipality": "Barcelona", "district": "Eixample", "country": "es", "neighborhood": "La Nova Esquerra de l'Eixample", "latitude": 41.381846, "longitude": 2.1497258, "showAddress": false, "url": "https://www.idealista.com/inmueble/93182186/", "distance": "414", "hasVideo": true, "status": "good", "newDevelopment": false, "hasLift": true, "priceByArea": 4811.0, "detailedType": {"typology": "flat"}, "suggestedTexts": {"subtitle": "La Nova Esquerra de l'Eixample, Barcelona", "title": "Piso en Calle de Rocafort"}, "hasPlan": true, "has3DTour": false, "has360": false, "hasStaging": false, "topNewDevelopment": false}, {"propertyCode": "90365700", "thumbnail": "https://img3.idealista.com/blur/WEB_LISTING/0/id.pro.es.image.master/d5/d2/f5/827718779.jpg", "externalReference": "240467", "numPhotos": 25, "floor": "1", "price": 435000.0, "propertyType": "flat", "operation": "sale", "size": 148.0, "exterior": true, "rooms": 5, "bathrooms": 2, "address": "barrio La Nova Esquerra de l'Eixample", "province": "Barcelona", "municipality": "Barcelona", "district": "Eixample", "country": "es", "neighborhood": "La Nova Esquerra de l'Eixample", "latitude": 41.3808649, "longitude": 2.1531106, "showAddress": false, "url": "https://www.idealista.com/inmueble/90365700/", "distance": "666", "hasVideo": false, "status": "good", "newDevelopment": false, "hasLift": true, "priceByArea": 2939.0, "detailedType": {"typology": "flat"}, "suggestedTexts": {"subtitle": "La Nova Esquerra de l'Eixample, Barcelona", "title": "Piso"}, "hasPlan": true, "has3DTour": false, "has360": true, "hasStaging": false, "topNewDevelopment": false}, {"propertyCode": "82879646", "thumbnail": "https://img3.idealista.com/blur/WEB_LISTING/0/id.pro.es.image.master/94/10/9e/856777070.jpg", "externalReference": "199907", "numPhotos": 25, "floor": "1", "price": 575000.0, "propertyType": "flat", "operation": "sale", "size": 145.0, "exterior": true, "rooms": 4, "bathrooms": 2, "address": "barrio L'Antiga Esquerra de l'Eixample", "province": "Barcelona", "municipality": "Barcelona", "district": "Eixample", "country": "es", "neighborhood": "L'Antiga Esquerra de l'Eixample", "latitude": 41.387073, "longitude": 2.1528988, "showAddress": false, "url": "https://www.idealista.com/inmueble/82879646/", "distance": "482", "hasVideo": false, "status": "good", "newDevelopment": false, "hasLift": true, "parkingSpace": {"hasParkingSpace": true, "isParkingSpaceIncludedInPrice": true}, "priceByArea": 3966.0, "detailedType": {"typology": "flat"}, "suggestedTexts": {"subtitle": "L'Antiga Esquerra de l'Eixample, Barcelona", "title": "Piso"}, "hasPlan": true, "has3DTour": false, "has360": false, "hasStaging": false, "topNewDevelopment": false}, {"propertyCode": "92082951", "thumbnail": "https://img3.idealista.com/blur/WEB_LISTING/0/id.pro.es.image.master/0d/23/a7/830497892.jpg", "externalReference": "VB1905010-6", "numPhotos": 30, "floor": "9", "price": 525000.0, "propertyType": "flat", "operation": "sale", "size": 91.0, "exterior": true, "rooms": 2, "bathrooms": 2, "address": "Calle de C\u00f2rsega", "province": "Barcelona", "municipality": "Barcelona", "district": "Eixample", "country": "es", "neighborhood": "La Nova Esquerra de l'Eixample", "latitude": 41.383131, "longitude": 2.1456363, "showAddress": false, "url": "https://www.idealista.com/inmueble/92082951/", "distance": "288", "hasVideo": true, "status": "good", "newDevelopment": false, "hasLift": true, "priceByArea": 5769.0, "detailedType": {"typology": "flat"}, "suggestedTexts": {"subtitle": "La Nova Esquerra de l'Eixample, Barcelona", "title": "Piso en Calle de C\u00f2rsega"}, "hasPlan": false, "has3DTour": false, "has360": false, "hasStaging": false, "topNewDevelopment": false}, {"propertyCode": "91575863", "thumbnail": "https://img3.idealista.com/blur/WEB_LISTING/0/id.pro.es.image.master/5c/78/78/851621032.jpg", "externalReference": "W-02JU0O", "numPhotos": 29, "floor": "3", "price": 550000.0, "propertyType": "penthouse", "operation": "sale", "size": 108.0, "exterior": false, "rooms": 1, "bathrooms": 1, "address": "barrio La Nova Esquerra de l'Eixample", "province": "Barcelona", "municipality": "Barcelona", "district": "Eixample", "country": "es", "neighborhood": "La Nova Esquerra de l'Eixample", "latitude": 41.3887682, "longitude": 2.1460279, "showAddress": false, "url": "https://www.idealista.com/inmueble/91575863/", "distance": "415", "hasVideo": false, "status": "good", "newDevelopment": false, "hasLift": true, "priceByArea": 5093.0, "detailedType": {"typology": "flat", "subTypology": "penthouse"}, "suggestedTexts": {"subtitle": "La Nova Esquerra de l'Eixample, Barcelona", "title": "\u00c1tico"}, "hasPlan": true, "has3DTour": false, "has360": false, "hasStaging": false, "topNewDevelopment": false}, {"propertyCode": "88837082", "thumbnail": "https://img3.idealista.com/blur/WEB_LISTING/0/id.pro.es.image.master/43/8e/70/756648045.jpg", "externalReference": "v7119", "numPhotos": 48, "floor": "9", "price": 1190000.0, "propertyType": "penthouse", "operation": "sale", "size": 123.0, "exterior": true, "rooms": 3, "bathrooms": 3, "address": "barrio La Nova Esquerra de l'Eixample", "province": "Barcelona", "municipality": "Barcelona", "district": "Eixample", "country": "es", "neighborhood": "La Nova Esquerra de l'Eixample", "latitude": 41.3821657, "longitude": 2.1498013, "showAddress": false, "url": "https://www.idealista.com/inmueble/88837082/", "distance": "385", "hasVideo": true, "status": "good", "newDevelopment": false, "hasLift": true, "priceByArea": 9675.0, "detailedType": {"typology": "flat", "subTypology": "penthouse"}, "suggestedTexts": {"subtitle": "La Nova Esquerra de l'Eixample, Barcelona", "title": "\u00c1tico"}, "hasPlan": true, "has3DTour": true, "has360": false, "hasStaging": false, "topNewDevelopment": false}, {"propertyCode": "85751249", "thumbnail": "https://img3.idealista.com/blur/WEB_LISTING/0/id.pro.es.image.master/b4/d2/57/756012421.jpg", "externalReference": "W-027BWE", "numPhotos": 47, "floor": "9", "price": 850000.0, "propertyType": "penthouse", "operation": "sale", "size": 155.0, "exterior": false, "rooms": 5, "bathrooms": 3, "address": "barrio La Nova Esquerra de l'Eixample", "province": "Barcelona", "municipality": "Barcelona", "district": "Eixample", "country": "es", "neighborhood": "La Nova Esquerra de l'Eixample", "latitude": 41.3920878, "longitude": 2.1448848, "showAddress": false, "url": "https://www.idealista.com/inmueble/85751249/", "distance": "795", "hasVideo": false, "status": "good", "newDevelopment": false, "hasLift": true, "priceByArea": 5484.0, "detailedType": {"typology": "flat", "subTypology": "penthouse"}, "suggestedTexts": {"subtitle": "La Nova Esquerra de l'Eixample, Barcelona", "title": "\u00c1tico"}, "hasPlan": true, "has3DTour": false, "has360": false, "hasStaging": false, "topNewDevelopment": false}, {"propertyCode": "92778732", "thumbnail": "https://img3.idealista.com/blur/WEB_LISTING/0/id.pro.es.image.master/8e/4e/ed/847913183.jpg", "externalReference": "A6012", "numPhotos": 40, "floor": "2", "price": 370000.0, "propertyType": "flat", "operation": "sale", "size": 87.0, "exterior": true, "rooms": 3, "bathrooms": 2, "address": "Calle de Arag\u00f3n, 60", "province": "Barcelona", "municipality": "Barcelona", "district": "Eixample", "country": "es", "neighborhood": "La Nova Esquerra de l'Eixample", "latitude": 41.3818687, "longitude": 2.1513448, "showAddress": true, "url": "https://www.idealista.com/inmueble/92778732/", "distance": "484", "hasVideo": false, "status": "renew", "newDevelopment": false, "hasLift": true, "priceByArea": 4253.0, "detailedType": {"typology": "flat"}, "suggestedTexts": {"subtitle": "La Nova Esquerra de l'Eixample, Barcelona", "title": "Piso en Calle de Arag\u00f3n, 60"}, "hasPlan": true, "has3DTour": false, "has360": false, "hasStaging": false, "topNewDevelopment": false}, {"propertyCode": "91876270", "thumbnail": "https://img3.idealista.com/blur/WEB_LISTING/0/id.pro.es.image.master/96/a3/8e/825403398.jpg", "externalReference": "VB1711059-6", "numPhotos": 17, "floor": "en", "price": 550000.0, "propertyType": "flat", "operation": "sale", "size": 112.0, "exterior": true, "rooms": 2, "bathrooms": 2, "address": "Calle de la Diputaci\u00f3", "province": "Barcelona", "municipality": "Barcelona", "district": "Eixample", "country": "es", "neighborhood": "La Nova Esquerra de l'Eixample", "latitude": 41.3797274, "longitude": 2.1536866, "showAddress": false, "url": "https://www.idealista.com/inmueble/91876270/", "distance": "792", "hasVideo": false, "status": "good", "newDevelopment": false, "hasLift": true, "priceByArea": 4911.0, "detailedType": {"typology": "flat"}, "suggestedTexts": {"subtitle": "La Nova Esquerra de l'Eixample, Barcelona", "title": "Piso en Calle de la Diputaci\u00f3"}, "hasPlan": true, "has3DTour": false, "has360": false, "hasStaging": false, "topNewDevelopment": false}, {"propertyCode": "92998060", "thumbnail": "https://img3.idealista.com/blur/WEB_LISTING/0/id.pro.es.image.master/5f/5e/87/852721509.jpg", "externalReference": "CIT4055", "numPhotos": 24, "floor": "3", "price": 525000.0, "propertyType": "flat", "operation": "sale", "size": 98.0, "exterior": true, "rooms": 4, "bathrooms": 2, "address": "Calle de Viladomat", "province": "Barcelona", "municipality": "Barcelona", "district": "Eixample", "country": "es", "neighborhood": "La Nova Esquerra de l'Eixample", "latitude": 41.3858131, "longitude": 2.1476264, "showAddress": false, "url": "https://www.idealista.com/inmueble/92998060/", "distance": "64", "hasVideo": false, "status": "good", "newDevelopment": false, "hasLift": true, "parkingSpace": {"hasParkingSpace": true, "isParkingSpaceIncludedInPrice": true}, "priceByArea": 5357.0, "detailedType": {"typology": "flat"}, "suggestedTexts": {"subtitle": "La Nova Esquerra de l'Eixample, Barcelona", "title": "Piso en Calle de Viladomat"}, "hasPlan": true, "has3DTour": false, "has360": false, "hasStaging": false, "topNewDevelopment": false}, {"propertyCode": "92157499", "thumbnail": "https://img3.idealista.com/blur/WEB_LISTING/0/id.pro.es.image.master/71/57/7d/832330391.jpg", "externalReference": "10120", "numPhotos": 24, "price": 565000.0, "propertyType": "flat", "operation": "sale", "size": 108.0, "exterior": true, "rooms": 5, "bathrooms": 2, "address": "Calle de Buenos Aires", "province": "Barcelona", "municipality": "Barcelona", "district": "Eixample", "country": "es", "neighborhood": "L'Antiga Esquerra de l'Eixample", "latitude": 41.3916775, "longitude": 2.1469165, "showAddress": false, "url": "https://www.idealista.com/inmueble/92157499/", "distance": "718", "hasVideo": false, "status": "good", "newDevelopment": false, "hasLift": true, "priceByArea": 5231.0, "detailedType": {"typology": "flat"}, "suggestedTexts": {"subtitle": "L'Antiga Esquerra de l'Eixample, Barcelona", "title": "Piso en Calle de Buenos Aires"}, "hasPlan": true, "has3DTour": true, "has360": false, "hasStaging": false, "topNewDevelopment": false}, {"propertyCode": "90308149", "thumbnail": "https://img3.idealista.com/blur/WEB_LISTING/0/id.pro.es.image.master/7a/c0/a8/855823612.jpg", "externalReference": "GV580", "numPhotos": 23, "floor": "4", "price": 365000.0, "propertyType": "flat", "operation": "sale", "size": 75.0, "exterior": true, "rooms": 3, "bathrooms": 1, "address": "Calle de Viladomat", "province": "Barcelona", "municipality": "Barcelona", "district": "Eixample", "country": "es", "neighborhood": "La Nova Esquerra de l'Eixample", "latitude": 41.3891353, "longitude": 2.1453722, "showAddress": false, "url": "https://www.idealista.com/inmueble/90308149/", "distance": "473", "hasVideo": true, "status": "good", "newDevelopment": false, "hasLift": true, "priceByArea": 4867.0, "detailedType": {"typology": "flat"}, "suggestedTexts": {"subtitle": "La Nova Esquerra de l'Eixample, Barcelona", "title": "Piso en Calle de Viladomat"}, "hasPlan": true, "has3DTour": false, "has360": false, "hasStaging": false, "topNewDevelopment": false}, {"propertyCode": "82328750", "thumbnail": "https://img3.idealista.com/blur/WEB_LISTING/0/id.pro.es.image.master/e2/55/42/848302134.jpg", "externalReference": "1068", "numPhotos": 21, "floor": "5", "price": 429500.0, "propertyType": "flat", "operation": "sale", "size": 100.0, "exterior": true, "rooms": 4, "bathrooms": 1, "address": "Calle de Berl\u00edn", "province": "Barcelona", "municipality": "Barcelona", "district": "Sants-Montju\u00efc", "country": "es", "neighborhood": "Sants", "latitude": 41.38437, "longitude": 2.1395, "showAddress": false, "url": "https://www.idealista.com/inmueble/82328750/", "distance": "686", "hasVideo": false, "status": "good", "newDevelopment": false, "hasLift": true, "priceByArea": 4295.0, "detailedType": {"typology": "flat"}, "suggestedTexts": {"subtitle": "Sants, Barcelona", "title": "Piso en Calle de Berl\u00edn"}, "hasPlan": true, "has3DTour": false, "has360": false, "hasStaging": false, "topNewDevelopment": false}, {"propertyCode": "85794670", "thumbnail": "https://img3.idealista.com/blur/WEB_LISTING/0/id.pro.es.image.master/6a/e6/f2/705128058.jpg", "externalReference": "019209", "numPhotos": 27, "floor": "5", "price": 460000.0, "propertyType": "flat", "operation": "sale", "size": 76.0, "exterior": true, "rooms": 3, "bathrooms": 1, "address": "Avenida de Josep Tarradellas", "province": "Barcelona", "municipality": "Barcelona", "district": "Eixample", "country": "es", "neighborhood": "L'Antiga Esquerra de l'Eixample", "latitude": 41.3910477, "longitude": 2.1438176, "showAddress": false, "url": "https://www.idealista.com/inmueble/85794670/", "distance": "720", "hasVideo": false, "status": "good", "newDevelopment": false, "hasLift": true, "priceByArea": 6053.0, "detailedType": {"typology": "flat"}, "suggestedTexts": {"subtitle": "L'Antiga Esquerra de l'Eixample, Barcelona", "title": "Piso en Avenida de Josep Tarradellas"}, "hasPlan": false, "has3DTour": false, "has360": false, "hasStaging": false, "topNewDevelopment": false}, {"propertyCode": "91763933", "thumbnail": "https://img3.idealista.com/blur/WEB_LISTING/0/id.pro.es.image.master/ff/4c/5b/845803785.jpg", "externalReference": "S-29945", "numPhotos": 24, "floor": "6", "price": 319000.0, "propertyType": "flat", "operation": "sale", "size": 90.0, "exterior": true, "rooms": 3, "bathrooms": 2, "address": "Calle del Rossell\u00f3", "province": "Barcelona", "municipality": "Barcelona", "district": "Eixample", "country": "es", "neighborhood": "La Nova Esquerra de l'Eixample", "latitude": 41.3820826, "longitude": 2.1462668, "showAddress": false, "url": "https://www.idealista.com/inmueble/91763933/", "distance": "369", "hasVideo": false, "status": "good", "newDevelopment": false, "hasLift": true, "priceByArea": 3544.0, "detailedType": {"typology": "flat"}, "suggestedTexts": {"subtitle": "La Nova Esquerra de l'Eixample, Barcelona", "title": "Piso en Calle del Rossell\u00f3"}, "hasPlan": true, "has3DTour": true, "has360": false, "hasStaging": false, "topNewDevelopment": false}, {"propertyCode": "92691888", "thumbnail": "https://img3.idealista.com/blur/WEB_LISTING/0/id.pro.es.image.master/ab/7d/36/850278933.jpg", "externalReference": "037-3652", "numPhotos": 30, "floor": "5", "price": 285000.0, "propertyType": "flat", "operation": "sale", "size": 61.0, "exterior": true, "rooms": 2, "bathrooms": 1, "address": "Londres", "province": "Barcelona", "municipality": "Barcelona", "district": "Eixample", "country": "es", "neighborhood": "La Nova Esquerra de l'Eixample", "latitude": 41.3870643, "longitude": 2.1453145, "showAddress": false, "url": "https://www.idealista.com/inmueble/92691888/", "distance": "281", "hasVideo": false, "status": "good", "newDevelopment": false, "hasLift": false, "priceByArea": 4672.0, "detailedType": {"typology": "flat"}, "suggestedTexts": {"subtitle": "La Nova Esquerra de l'Eixample, Barcelona", "title": "Piso en Londres"}, "hasPlan": true, "has3DTour": false, "has360": false, "hasStaging": false, "topNewDevelopment": false}, {"propertyCode": "92524329", "thumbnail": "https://img3.idealista.com/blur/WEB_LISTING/0/id.pro.es.image.master/2c/40/db/844579025.jpg", "externalReference": "S-30569", "numPhotos": 19, "floor": "3", "price": 289000.0, "propertyType": "flat", "operation": "sale", "size": 69.0, "exterior": true, "rooms": 3, "bathrooms": 1, "address": "Calle d'Enten\u00e7a", "province": "Barcelona", "municipality": "Barcelona", "district": "Eixample", "country": "es", "neighborhood": "La Nova Esquerra de l'Eixample", "latitude": 41.3825314, "longitude": 2.1483092, "showAddress": false, "url": "https://www.idealista.com/inmueble/92524329/", "distance": "305", "hasVideo": false, "status": "good", "newDevelopment": false, "hasLift": true, "priceByArea": 4188.0, "detailedType": {"typology": "flat"}, "suggestedTexts": {"subtitle": "La Nova Esquerra de l'Eixample, Barcelona", "title": "Piso en Calle d'Enten\u00e7a"}, "hasPlan": true, "has3DTour": true, "has360": false, "hasStaging": false, "topNewDevelopment": false}, {"propertyCode": "91860194", "thumbnail": "https://img3.idealista.com/blur/WEB_LISTING/0/id.pro.es.image.master/e4/17/82/825020485.jpg", "externalReference": "CB_BCN_0367_V", "numPhotos": 27, "floor": "1", "price": 435000.0, "propertyType": "flat", "operation": "sale", "size": 103.0, "exterior": true, "rooms": 4, "bathrooms": 2, "address": "Calle de l'Equador", "province": "Barcelona", "municipality": "Barcelona", "district": "Les Corts", "country": "es", "neighborhood": "Les Corts", "latitude": 41.3874406, "longitude": 2.139953, "showAddress": false, "url": "https://www.idealista.com/inmueble/91860194/", "distance": "687", "hasVideo": true, "status": "good", "newDevelopment": false, "hasLift": true, "priceByArea": 4223.0, "detailedType": {"typology": "flat"}, "suggestedTexts": {"subtitle": "Les Corts, Barcelona", "title": "Piso en Calle de l'Equador"}, "hasPlan": true, "has3DTour": false, "has360": false, "hasStaging": false, "topNewDevelopment": false}, {"propertyCode": "93086791", "thumbnail": "https://img3.idealista.com/blur/WEB_LISTING/0/id.pro.es.image.master/18/eb/5b/854166688.jpg", "externalReference": "R-CORSEGA", "numPhotos": 23, "floor": "7", "price": 420000.0, "propertyType": "penthouse", "operation": "sale", "size": 75.0, "exterior": true, "rooms": 2, "bathrooms": 2, "address": "Calle de C\u00f2rsega", "province": "Barcelona", "municipality": "Barcelona", "district": "Eixample", "country": "es", "neighborhood": "La Nova Esquerra de l'Eixample", "latitude": 41.3838073, "longitude": 2.1437764, "showAddress": false, "url": "https://www.idealista.com/inmueble/93086791/", "distance": "360", "hasVideo": false, "status": "good", "newDevelopment": false, "hasLift": true, "priceByArea": 5600.0, "detailedType": {"typology": "flat", "subTypology": "penthouse"}, "suggestedTexts": {"subtitle": "La Nova Esquerra de l'Eixample, Barcelona", "title": "\u00c1tico en Calle de C\u00f2rsega"}, "hasPlan": true, "has3DTour": true, "has360": false, "hasStaging": false, "topNewDevelopment": false}, {"propertyCode": "92869385", "thumbnail": "https://img3.idealista.com/blur/WEB_LISTING/0/id.pro.es.image.master/6b/d0/53/849933594.jpg", "externalReference": "5707", "numPhotos": 34, "floor": "1", "price": 360000.0, "propertyType": "flat", "operation": "sale", "size": 93.0, "exterior": true, "rooms": 3, "bathrooms": 1, "address": "Calle de Muntaner", "province": "Barcelona", "municipality": "Barcelona", "district": "Eixample", "country": "es", "neighborhood": "L'Antiga Esquerra de l'Eixample", "latitude": 41.3914115, "longitude": 2.1531936, "showAddress": false, "url": "https://www.idealista.com/inmueble/92869385/", "distance": "827", "hasVideo": true, "status": "good", "newDevelopment": false, "hasLift": false, "priceByArea": 3871.0, "detailedType": {"typology": "flat"}, "suggestedTexts": {"subtitle": "L'Antiga Esquerra de l'Eixample, Barcelona", "title": "Piso en Calle de Muntaner"}, "hasPlan": false, "has3DTour": false, "has360": false, "hasStaging": false, "topNewDevelopment": false}, {"propertyCode": "92869162", "thumbnail": "https://img3.idealista.com/blur/WEB_LISTING/0/id.pro.es.image.master/d5/2c/43/849932064.jpg", "externalReference": "5697", "numPhotos": 36, "floor": "1", "price": 360000.0, "propertyType": "flat", "operation": "sale", "size": 93.0, "exterior": true, "rooms": 2, "bathrooms": 1, "address": "Calle de Muntaner", "province": "Barcelona", "municipality": "Barcelona", "district": "Eixample", "country": "es", "neighborhood": "L'Antiga Esquerra de l'Eixample", "latitude": 41.3904762, "longitude": 2.1536068, "showAddress": false, "url": "https://www.idealista.com/inmueble/92869162/", "distance": "765", "hasVideo": true, "status": "good", "newDevelopment": false, "hasLift": false, "priceByArea": 3871.0, "detailedType": {"typology": "flat"}, "suggestedTexts": {"subtitle": "L'Antiga Esquerra de l'Eixample, Barcelona", "title": "Piso en Calle de Muntaner"}, "hasPlan": false, "has3DTour": false, "has360": false, "hasStaging": false, "topNewDevelopment": false}, {"propertyCode": "85757005", "thumbnail": "https://img3.idealista.com/blur/WEB_LISTING/0/id.pro.es.image.master/fa/dc/e0/677308830.jpg", "externalReference": "VILADOMAT", "numPhotos": 31, "floor": "5", "price": 535000.0, "propertyType": "flat", "operation": "sale", "size": 99.0, "exterior": true, "rooms": 3, "bathrooms": 2, "address": "Viladomat", "province": "Barcelona", "municipality": "Barcelona", "district": "Eixample", "country": "es", "neighborhood": "La Nova Esquerra de l'Eixample", "latitude": 41.380932, "longitude": 2.1538902, "showAddress": false, "url": "https://www.idealista.com/inmueble/85757005/", "distance": "707", "hasVideo": true, "status": "good", "newDevelopment": false, "hasLift": true, "priceByArea": 5404.0, "detailedType": {"typology": "flat"}, "suggestedTexts": {"subtitle": "La Nova Esquerra de l'Eixample, Barcelona", "title": "Piso en Viladomat"}, "hasPlan": true, "has3DTour": false, "has360": false, "hasStaging": false, "topNewDevelopment": false}, {"propertyCode": "92791413", "thumbnail": "https://img3.idealista.com/blur/WEB_LISTING/0/id.pro.es.image.master/43/c1/99/848241087.jpg", "externalReference": "VB2102020", "numPhotos": 26, "floor": "1", "price": 370000.0, "propertyType": "flat", "operation": "sale", "size": 82.0, "exterior": true, "rooms": 3, "bathrooms": 1, "address": "barrio La Nova Esquerra de l'Eixample", "province": "Barcelona", "municipality": "Barcelona", "district": "Eixample", "country": "es", "neighborhood": "La Nova Esquerra de l'Eixample", "latitude": 41.3807687, "longitude": 2.1495448, "showAddress": false, "url": "https://www.idealista.com/inmueble/92791413/", "distance": "521", "hasVideo": true, "status": "good", "newDevelopment": false, "hasLift": true, "priceByArea": 4512.0, "detailedType": {"typology": "flat"}, "suggestedTexts": {"subtitle": "La Nova Esquerra de l'Eixample, Barcelona", "title": "Piso"}, "hasPlan": false, "has3DTour": false, "has360": false, "hasStaging": false, "topNewDevelopment": false}, {"propertyCode": "86317867", "thumbnail": "https://img3.idealista.com/blur/WEB_LISTING/0/id.pro.es.image.master/76/de/be/689882441.jpg", "externalReference": "BCN19521", "numPhotos": 38, "price": 895000.0, "propertyType": "flat", "operation": "sale", "size": 186.0, "exterior": true, "rooms": 4, "bathrooms": 2, "address": "barrio La Nova Esquerra de l'Eixample", "province": "Barcelona", "municipality": "Barcelona", "district": "Eixample", "country": "es", "neighborhood": "La Nova Esquerra de l'Eixample", "latitude": 41.3858004, "longitude": 2.1497309, "showAddress": false, "url": "https://www.idealista.com/inmueble/86317867/", "distance": "184", "hasVideo": false, "status": "good", "newDevelopment": false, "hasLift": true, "priceByArea": 4812.0, "detailedType": {"typology": "flat"}, "suggestedTexts": {"subtitle": "La Nova Esquerra de l'Eixample, Barcelona", "title": "Piso"}, "hasPlan": false, "has3DTour": false, "has360": false, "hasStaging": false, "topNewDevelopment": false}, {"propertyCode": "89636782", "thumbnail": "https://img3.idealista.com/blur/WEB_LISTING/0/id.pro.es.image.master/bb/f6/b6/773472388.jpg", "externalReference": "BCN23766", "numPhotos": 39, "price": 1100000.0, "propertyType": "penthouse", "operation": "sale", "size": 125.0, "exterior": true, "rooms": 3, "bathrooms": 2, "address": "barrio La Nova Esquerra de l'Eixample", "province": "Barcelona", "municipality": "Barcelona", "district": "Eixample", "country": "es", "neighborhood": "La Nova Esquerra de l'Eixample", "latitude": 41.3787108, "longitude": 2.1509391, "showAddress": false, "url": "https://www.idealista.com/inmueble/89636782/", "distance": "775", "hasVideo": false, "status": "good", "newDevelopment": false, "hasLift": true, "priceByArea": 8800.0, "detailedType": {"typology": "flat", "subTypology": "penthouse"}, "suggestedTexts": {"subtitle": "La Nova Esquerra de l'Eixample, Barcelona", "title": "\u00c1tico"}, "hasPlan": false, "has3DTour": false, "has360": false, "hasStaging": false, "topNewDevelopment": false}, {"propertyCode": "92444262", "thumbnail": "https://img3.idealista.com/blur/WEB_LISTING/0/id.pro.es.image.master/d8/4c/e7/844972800.jpg", "externalReference": "S-29364", "numPhotos": 22, "floor": "3", "price": 387000.0, "propertyType": "flat", "operation": "sale", "size": 87.0, "exterior": true, "rooms": 4, "bathrooms": 2, "address": "Calle d'Arag\u00f3", "province": "Barcelona", "municipality": "Barcelona", "district": "Eixample", "country": "es", "neighborhood": "La Nova Esquerra de l'Eixample", "latitude": 41.3830687, "longitude": 2.1533448, "showAddress": false, "url": "https://www.idealista.com/inmueble/92444262/", "distance": "532", "hasVideo": true, "status": "good", "newDevelopment": false, "hasLift": true, "priceByArea": 4448.0, "detailedType": {"typology": "flat"}, "suggestedTexts": {"subtitle": "La Nova Esquerra de l'Eixample, Barcelona", "title": "Piso en Calle d'Arag\u00f3"}, "hasPlan": true, "has3DTour": true, "has360": false, "hasStaging": false, "topNewDevelopment": false}, {"propertyCode": "92747189", "thumbnail": "https://img3.idealista.com/blur/WEB_LISTING/0/id.pro.es.image.master/f6/ef/59/847133978.jpg", "externalReference": "10021-Y", "numPhotos": 36, "floor": "1", "price": 490000.0, "propertyType": "flat", "operation": "sale", "size": 109.0, "exterior": true, "rooms": 4, "bathrooms": 2, "address": "barrio La Nova Esquerra de l'Eixample", "province": "Barcelona", "municipality": "Barcelona", "district": "Eixample", "country": "es", "neighborhood": "La Nova Esquerra de l'Eixample", "latitude": 41.3814648, "longitude": 2.1555531, "showAddress": false, "url": "https://www.idealista.com/inmueble/92747189/", "distance": "781", "hasVideo": false, "status": "good", "newDevelopment": false, "hasLift": true, "priceByArea": 4495.0, "detailedType": {"typology": "flat"}, "suggestedTexts": {"subtitle": "La Nova Esquerra de l'Eixample, Barcelona", "title": "Piso"}, "hasPlan": true, "has3DTour": false, "has360": false, "hasStaging": false, "topNewDevelopment": false}, {"propertyCode": "92710727", "thumbnail": "https://img3.idealista.com/blur/WEB_LISTING/0/id.pro.es.image.master/87/1f/4d/846204064.jpg", "externalReference": "VB2102010", "numPhotos": 23, "floor": "5", "price": 575000.0, "propertyType": "flat", "operation": "sale", "size": 100.0, "exterior": true, "rooms": 3, "bathrooms": 2, "address": "barrio Les Corts", "province": "Barcelona", "municipality": "Barcelona", "district": "Les Corts", "country": "es", "neighborhood": "Les Corts", "latitude": 41.3907031, "longitude": 2.1425034, "showAddress": false, "url": "https://www.idealista.com/inmueble/92710727/", "distance": "744", "hasVideo": false, "status": "good", "newDevelopment": false, "hasLift": true, "priceByArea": 5750.0, "detailedType": {"typology": "flat"}, "suggestedTexts": {"subtitle": "Les Corts, Barcelona", "title": "Piso"}, "hasPlan": false, "has3DTour": false, "has360": false, "hasStaging": false, "topNewDevelopment": false}, {"propertyCode": "91622667", "thumbnail": "https://img3.idealista.com/blur/WEB_LISTING/0/id.pro.es.image.master/29/96/21/819257649.jpg", "numPhotos": 54, "floor": "1", "price": 330000.0, "propertyType": "flat", "operation": "sale", "size": 78.0, "exterior": true, "rooms": 3, "bathrooms": 1, "address": "Avenida de Josep Tarradellas, 45", "province": "Barcelona", "municipality": "Barcelona", "district": "Sants-Montju\u00efc", "country": "es", "neighborhood": "Sants", "latitude": 41.3838083, "longitude": 2.1422118, "showAddress": true, "url": "https://www.idealista.com/inmueble/91622667/", "distance": "480", "hasVideo": true, "status": "good", "newDevelopment": false, "hasLift": true, "priceByArea": 4231.0, "detailedType": {"typology": "flat"}, "suggestedTexts": {"subtitle": "Sants, Barcelona", "title": "Piso en Avenida de Josep Tarradellas, 45"}, "hasPlan": true, "has3DTour": false, "has360": false, "hasStaging": false, "topNewDevelopment": false}, {"propertyCode": "91398386", "thumbnail": "https://img3.idealista.com/blur/WEB_LISTING/0/id.pro.es.image.master/0e/32/e9/813644852.jpg", "externalReference": "124-20", "numPhotos": 20, "floor": "4", "price": 560000.0, "propertyType": "flat", "operation": "sale", "size": 115.0, "exterior": true, "rooms": 4, "bathrooms": 2, "address": "Calle de Par\u00eds", "province": "Barcelona", "municipality": "Barcelona", "district": "Eixample", "country": "es", "neighborhood": "La Nova Esquerra de l'Eixample", "latitude": 41.3869282, "longitude": 2.1445278, "showAddress": false, "url": "https://www.idealista.com/inmueble/91398386/", "distance": "321", "hasVideo": false, "status": "good", "newDevelopment": false, "hasLift": true, "priceByArea": 4870.0, "detailedType": {"typology": "flat"}, "suggestedTexts": {"subtitle": "La Nova Esquerra de l'Eixample, Barcelona", "title": "Piso en Calle de Par\u00eds"}, "hasPlan": false, "has3DTour": false, "has360": false, "hasStaging": false, "topNewDevelopment": false}]