[{"propertyCode": "86950973", "thumbnail": "https://img3.idealista.com/blur/WEB_LISTING/0/id.pro.es.image.master/93/0a/7a/853085136.jpg", "externalReference": "39533", "numPhotos": 35, "price": 2200000.0, "propertyType": "chalet", "operation": "sale", "size": 360.0, "exterior": false, "rooms": 7, "bathrooms": 6, "address": "Plaza de Rovira i Trias", "province": "Barcelona", "municipality": "Barcelona", "district": "Gr\u00e0cia", "country": "es", "neighborhood": "Vila de Gr\u00e0cia", "latitude": 41.4095022, "longitude": 2.1565747, "showAddress": false, "url": "https://www.idealista.com/inmueble/86950973/", "distance": "499", "hasVideo": true, "status": "good", "newDevelopment": false, "priceByArea": 6111.0, "detailedType": {"typology": "chalet", "subTypology": "semidetachedHouse"}, "suggestedTexts": {"subtitle": "Vila de Gr\u00e0cia, Barcelona", "title": "Chalet pareado en Plaza de Rovira i Trias"}, "hasPlan": true, "has3DTour": true, "has360": false, "hasStaging": false, "topNewDevelopment": false}, {"propertyCode": "89706442", "thumbnail": "https://img3.idealista.com/blur/WEB_LISTING/0/id.pro.es.image.master/8d/de/e1/774571617.jpg", "externalReference": "W-02IFY9", "numPhotos": 41, "floor": "5", "price": 495000.0, "propertyType": "flat", "operation": "sale", "size": 126.0, "exterior": false, "rooms": 4, "bathrooms": 2, "address": "barrio El Camp d'En Grassot i Gr\u00e0cia Nova", "province": "Barcelona", "municipality": "Barcelona", "district": "Gr\u00e0cia", "country": "es", "neighborhood": "El Camp d'En Grassot i Gr\u00e0cia Nova", "latitude": 41.4115467, "longitude": 2.1617976, "showAddress": false, "url": "https://www.idealista.com/inmueble/89706442/", "distance": "20", "hasVideo": false, "status": "good", "newDevelopment": false, "hasLift": true, "priceByArea": 3929.0, "detailedType": {"typology": "flat"}, "suggestedTexts": {"subtitle": "El Camp d'En Grassot i Gr\u00e0cia Nova, Barcelona", "title": "Piso"}, "hasPlan": true, "has3DTour": true, "has360": false, "hasStaging": false, "topNewDevelopment": false}, {"propertyCode": "88509600", "thumbnail": "https://img3.idealista.com/blur/WEB_LISTING/0/id.pro.es.image.master/71/6c/b3/755905184.jpg", "externalReference": "W-02I2GZ", "numPhotos": 25, "floor": "1", "price": 430000.0, "propertyType": "chalet", "operation": "sale", "size": 110.0, "exterior": false, "rooms": 3, "bathrooms": 2, "address": "barrio Can Bar\u00f3", "province": "Barcelona", "municipality": "Barcelona", "district": "Horta Guinard\u00f3", "country": "es", "neighborhood": "Can Bar\u00f3", "latitude": 41.4157407, "longitude": 2.1638352, "showAddress": false, "url": "https://www.idealista.com/inmueble/88509600/", "distance": "477", "hasVideo": false, "status": "good", "newDevelopment": false, "priceByArea": 3909.0, "detailedType": {"typology": "chalet", "subTypology": "terracedHouse"}, "suggestedTexts": {"subtitle": "Can Bar\u00f3, Barcelona", "title": "Chalet adosado"}, "hasPlan": true, "has3DTour": true, "has360": false, "hasStaging": false, "topNewDevelopment": false}, {"propertyCode": "92493153", "thumbnail": "https://img3.idealista.com/blur/WEB_LISTING/0/id.pro.es.image.master/cc/7e/86/855823851.jpg", "externalReference": "GV613", "numPhotos": 19, "floor": "7", "price": 388000.0, "propertyType": "flat", "operation": "sale", "size": 101.0, "exterior": true, "rooms": 2, "bathrooms": 1, "address": "Calle de Pi i Margall", "province": "Barcelona", "municipality": "Barcelona", "district": "Gr\u00e0cia", "country": "es", "neighborhood": "El Camp d'En Grassot i Gr\u00e0cia Nova", "latitude": 41.4097522, "longitude": 2.1649057, "showAddress": false, "url": "https://www.idealista.com/inmueble/92493153/", "distance": "341", "hasVideo": true, "status": "good", "newDevelopment": false, "hasLift": true, "priceByArea": 3842.0, "detailedType": {"typology": "flat"}, "suggestedTexts": {"subtitle": "El Camp d'En Grassot i Gr\u00e0cia Nova, Barcelona", "title": "Piso en Calle de Pi i Margall"}, "hasPlan": true, "has3DTour": false, "has360": true, "hasStaging": false, "topNewDevelopment": false}, {"propertyCode": "92057260", "thumbnail": "https://img3.idealista.com/blur/WEB_LISTING/0/id.pro.es.image.master/df/32/87/829778545.jpg", "externalReference": "Pza Sanllehy - vda", "numPhotos": 53, "price": 775000.0, "propertyType": "chalet", "operation": "sale", "size": 250.0, "exterior": false, "rooms": 4, "bathrooms": 4, "address": "Calle de Miquel dels Sants Oliver", "province": "Barcelona", "municipality": "Barcelona", "district": "Horta Guinard\u00f3", "country": "es", "neighborhood": "Can Bar\u00f3", "latitude": 41.4157488, "longitude": 2.1596228, "showAddress": false, "url": "https://www.idealista.com/inmueble/92057260/", "distance": "481", "hasVideo": true, "status": "good", "newDevelopment": false, "parkingSpace": {"hasParkingSpace": true, "isParkingSpaceIncludedInPrice": true}, "priceByArea": 3100.0, "detailedType": {"typology": "chalet", "subTypology": "semidetachedHouse"}, "suggestedTexts": {"subtitle": "Can Bar\u00f3, Barcelona", "title": "Chalet pareado en Calle de Miquel dels Sants Oliver"}, "hasPlan": true, "has3DTour": false, "has360": true, "hasStaging": false, "topNewDevelopment": false}, {"propertyCode": "93132138", "thumbnail": "https://img3.idealista.com/blur/WEB_LISTING/0/id.pro.es.image.master/64/7e/c5/855243592.jpg", "externalReference": "VB2103004", "numPhotos": 32, "price": 660000.0, "propertyType": "chalet", "operation": "sale", "size": 125.0, "exterior": false, "rooms": 2, "bathrooms": 2, "address": "barrio El Camp d'En Grassot i Gr\u00e0cia Nova", "province": "Barcelona", "municipality": "Barcelona", "district": "Gr\u00e0cia", "country": "es", "neighborhood": "El Camp d'En Grassot i Gr\u00e0cia Nova", "latitude": 41.4113114, "longitude": 2.1627086, "showAddress": false, "url": "https://www.idealista.com/inmueble/93132138/", "distance": "90", "hasVideo": true, "status": "good", "newDevelopment": false, "priceByArea": 5280.0, "detailedType": {"typology": "chalet"}, "suggestedTexts": {"subtitle": "El Camp d'En Grassot i Gr\u00e0cia Nova, Barcelona", "title": "Chalet"}, "hasPlan": true, "has3DTour": false, "has360": false, "hasStaging": false, "topNewDevelopment": false}, {"propertyCode": "92816084", "thumbnail": "https://img3.idealista.com/blur/WEB_LISTING/0/id.pro.es.image.master/08/25/c9/848820420.jpg", "externalReference": "019-21", "numPhotos": 19, "floor": "1", "price": 368000.0, "propertyType": "flat", "operation": "sale", "size": 85.0, "exterior": true, "rooms": 3, "bathrooms": 2, "address": "Calle de les Cam\u00e8lies", "province": "Barcelona", "municipality": "Barcelona", "district": "Horta Guinard\u00f3", "country": "es", "neighborhood": "El Baix Guinard\u00f3", "latitude": 41.4117876, "longitude": 2.1643701, "showAddress": false, "url": "https://www.idealista.com/inmueble/92816084/", "distance": "215", "hasVideo": false, "status": "good", "newDevelopment": false, "hasLift": true, "priceByArea": 4329.0, "detailedType": {"typology": "flat"}, "suggestedTexts": {"subtitle": "El Baix Guinard\u00f3, Barcelona", "title": "Piso en Calle de les Cam\u00e8lies"}, "hasPlan": false, "has3DTour": false, "has360": false, "hasStaging": false, "topNewDevelopment": false}, {"propertyCode": "92773926", "thumbnail": "https://img3.idealista.com/blur/WEB_LISTING/0/id.pro.es.image.master/c1/bd/3e/847799675.jpg", "externalReference": "v59", "numPhotos": 42, "floor": "5", "price": 335000.0, "propertyType": "flat", "operation": "sale", "size": 90.0, "exterior": true, "rooms": 4, "bathrooms": 2, "address": "Calle de Pi i Margall, 77", "province": "Barcelona", "municipality": "Barcelona", "district": "Gr\u00e0cia", "country": "es", "neighborhood": "El Camp d'En Grassot i Gr\u00e0cia Nova", "latitude": 41.4099759, "longitude": 2.1640507, "showAddress": true, "url": "https://www.idealista.com/inmueble/92773926/", "distance": "271", "hasVideo": true, "status": "good", "newDevelopment": false, "hasLift": true, "priceByArea": 3722.0, "detailedType": {"typology": "flat"}, "suggestedTexts": {"subtitle": "El Camp d'En Grassot i Gr\u00e0cia Nova, Barcelona", "title": "Piso en Calle de Pi i Margall, 77"}, "hasPlan": false, "has3DTour": false, "has360": true, "hasStaging": false, "topNewDevelopment": false}, {"propertyCode": "91890897", "thumbnail": "https://img3.idealista.com/blur/WEB_LISTING/0/id.pro.es.image.master/e3/94/a3/825760763.jpg", "externalReference": "1820", "numPhotos": 26, "floor": "4", "price": 278000.0, "propertyType": "flat", "operation": "sale", "size": 65.0, "exterior": false, "rooms": 2, "bathrooms": 1, "address": "Encarnacion", "province": "Barcelona", "municipality": "Barcelona", "district": "Gr\u00e0cia", "country": "es", "neighborhood": "El Camp d'En Grassot i Gr\u00e0cia Nova", "latitude": 41.406544, "longitude": 2.164587, "showAddress": false, "url": "https://www.idealista.com/inmueble/91890897/", "distance": "622", "hasVideo": true, "status": "good", "newDevelopment": false, "hasLift": true, "priceByArea": 4277.0, "detailedType": {"typology": "flat"}, "suggestedTexts": {"subtitle": "El Camp d'En Grassot i Gr\u00e0cia Nova, Barcelona", "title": "Piso en Encarnacion"}, "hasPlan": true, "has3DTour": false, "has360": false, "hasStaging": false, "topNewDevelopment": false}, {"propertyCode": "92655102", "thumbnail": "https://img3.idealista.com/blur/WEB_LISTING/0/id.pro.es.image.master/8d/2a/56/844969766.jpg", "externalReference": "VB2102001", "numPhotos": 58, "price": 1900000.0, "propertyType": "chalet", "operation": "sale", "size": 582.0, "exterior": false, "rooms": 3, "bathrooms": 7, "address": "barrio El Camp d'En Grassot i Gr\u00e0cia Nova", "province": "Barcelona", "municipality": "Barcelona", "district": "Gr\u00e0cia", "country": "es", "neighborhood": "El Camp d'En Grassot i Gr\u00e0cia Nova", "latitude": 41.4115314, "longitude": 2.1640907, "showAddress": false, "url": "https://www.idealista.com/inmueble/92655102/", "distance": "193", "hasVideo": true, "status": "good", "newDevelopment": false, "parkingSpace": {"hasParkingSpace": true, "isParkingSpaceIncludedInPrice": true}, "priceByArea": 3265.0, "detailedType": {"typology": "chalet"}, "suggestedTexts": {"subtitle": "El Camp d'En Grassot i Gr\u00e0cia Nova, Barcelona", "title": "Chalet"}, "hasPlan": true, "has3DTour": false, "has360": false, "hasStaging": false, "topNewDevelopment": false}, {"propertyCode": "91700576", "thumbnail": "https://img3.idealista.com/blur/WEB_LISTING/0/id.pro.es.image.master/bd/35/a3/821143514.jpg", "externalReference": "VB2007016-5", "numPhotos": 22, "floor": "5", "price": 625000.0, "propertyType": "flat", "operation": "sale", "size": 87.0, "exterior": true, "rooms": 3, "bathrooms": 2, "address": "barrio El Baix Guinard\u00f3", "province": "Barcelona", "municipality": "Barcelona", "district": "Horta Guinard\u00f3", "country": "es", "neighborhood": "El Baix Guinard\u00f3", "latitude": 41.408292, "longitude": 2.1693478, "showAddress": false, "url": "https://www.idealista.com/inmueble/91700576/", "distance": "737", "hasVideo": true, "status": "good", "newDevelopment": false, "hasLift": true, "priceByArea": 7184.0, "detailedType": {"typology": "flat"}, "suggestedTexts": {"subtitle": "El Baix Guinard\u00f3, Barcelona", "title": "Piso"}, "hasPlan": true, "has3DTour": false, "has360": false, "hasStaging": false, "topNewDevelopment": false}, {"propertyCode": "91394499", "thumbnail": "https://img3.idealista.com/blur/WEB_LISTING/0/id.pro.es.image.master/18/11/ff/813555413.jpg", "externalReference": "W-02JUQK", "numPhotos": 27, "floor": "1", "price": 210000.0, "propertyType": "flat", "operation": "sale", "size": 63.0, "exterior": false, "rooms": 3, "bathrooms": 1, "address": "barrio Can Bar\u00f3", "province": "Barcelona", "municipality": "Barcelona", "district": "Horta Guinard\u00f3", "country": "es", "neighborhood": "Can Bar\u00f3", "latitude": 41.417384, "longitude": 2.1607676, "showAddress": false, "url": "https://www.idealista.com/inmueble/91394499/", "distance": "634", "hasVideo": false, "status": "good", "newDevelopment": false, "hasLift": true, "priceByArea": 3333.0, "detailedType": {"typology": "flat"}, "suggestedTexts": {"subtitle": "Can Bar\u00f3, Barcelona", "title": "Piso"}, "hasPlan": true, "has3DTour": false, "has360": false, "hasStaging": false, "topNewDevelopment": false}, {"propertyCode": "90552513", "thumbnail": "https://img3.idealista.com/blur/WEB_LISTING/0/id.pro.es.image.master/04/b8/21/836973160.jpg", "externalReference": "W-02J8CQ", "numPhotos": 40, "floor": "6", "price": 349000.0, "propertyType": "penthouse", "operation": "sale", "size": 93.0, "exterior": false, "rooms": 2, "bathrooms": 2, "address": "barrio Can Bar\u00f3", "province": "Barcelona", "municipality": "Barcelona", "district": "Horta Guinard\u00f3", "country": "es", "neighborhood": "Can Bar\u00f3", "latitude": 41.4166076, "longitude": 2.1604742, "showAddress": false, "url": "https://www.idealista.com/inmueble/90552513/", "distance": "553", "hasVideo": false, "status": "good", "newDevelopment": false, "hasLift": false, "priceByArea": 3753.0, "detailedType": {"typology": "flat", "subTypology": "penthouse"}, "suggestedTexts": {"subtitle": "Can Bar\u00f3, Barcelona", "title": "\u00c1tico"}, "hasPlan": true, "has3DTour": false, "has360": false, "hasStaging": false, "topNewDevelopment": false}, {"propertyCode": "89447341", "thumbnail": "https://img3.idealista.com/blur/WEB_LISTING/0/id.pro.es.image.master/a1/62/ec/771644190.jpg", "externalReference": "W-02ITJX", "numPhotos": 34, "floor": "8", "price": 495000.0, "propertyType": "penthouse", "operation": "sale", "size": 116.0, "exterior": false, "rooms": 3, "bathrooms": 2, "address": "barrio Can Bar\u00f3", "province": "Barcelona", "municipality": "Barcelona", "district": "Horta Guinard\u00f3", "country": "es", "neighborhood": "Can Bar\u00f3", "latitude": 41.4136736, "longitude": 2.1622082, "showAddress": false, "url": "https://www.idealista.com/inmueble/89447341/", "distance": "218", "hasVideo": false, "status": "good", "newDevelopment": false, "hasLift": true, "parkingSpace": {"hasParkingSpace": true, "isParkingSpaceIncludedInPrice": true}, "priceByArea": 4267.0, "detailedType": {"typology": "flat", "subTypology": "penthouse"}, "suggestedTexts": {"subtitle": "Can Bar\u00f3, Barcelona", "title": "\u00c1tico"}, "hasPlan": true, "has3DTour": false, "has360": false, "hasStaging": false, "topNewDevelopment": false}, {"propertyCode": "92959266", "thumbnail": "https://img3.idealista.com/blur/WEB_LISTING/0/id.pro.es.image.master/6d/b9/21/852035644.jpg", "externalReference": "RM24", "numPhotos": 32, "floor": "bj", "price": 850000.0, "propertyType": "duplex", "operation": "sale", "size": 222.0, "exterior": true, "rooms": 3, "bathrooms": 3, "address": "Rambla de Mercedes, 24", "province": "Barcelona", "municipality": "Barcelona", "district": "Gr\u00e0cia", "country": "es", "neighborhood": "La Salut", "latitude": 41.412369, "longitude": 2.1546071, "showAddress": true, "url": "https://www.idealista.com/inmueble/92959266/", "distance": "602", "hasVideo": false, "status": "good", "newDevelopment": false, "hasLift": true, "priceByArea": 3829.0, "detailedType": {"typology": "flat", "subTypology": "duplex"}, "suggestedTexts": {"subtitle": "La Salut, Barcelona", "title": "D\u00faplex en Rambla de Mercedes, 24"}, "hasPlan": true, "has3DTour": false, "has360": false, "hasStaging": false, "topNewDevelopment": false}, {"propertyCode": "92638029", "thumbnail": "https://img3.idealista.com/blur/WEB_LISTING/0/id.pro.es.image.master/09/0a/3d/844546004.jpg", "externalReference": "3708", "numPhotos": 20, "floor": "1", "price": 279000.0, "propertyType": "flat", "operation": "sale", "size": 67.0, "exterior": true, "rooms": 3, "bathrooms": 1, "address": "Calle de les Cam\u00e8lies", "province": "Barcelona", "municipality": "Barcelona", "district": "Horta Guinard\u00f3", "country": "es", "neighborhood": "El Baix Guinard\u00f3", "latitude": 41.4121286, "longitude": 2.1647618, "showAddress": false, "url": "https://www.idealista.com/inmueble/92638029/", "distance": "252", "hasVideo": false, "status": "good", "newDevelopment": false, "hasLift": true, "priceByArea": 4164.0, "detailedType": {"typology": "flat"}, "suggestedTexts": {"subtitle": "El Baix Guinard\u00f3, Barcelona", "title": "Piso en Calle de les Cam\u00e8lies"}, "hasPlan": true, "has3DTour": false, "has360": false, "hasStaging": false, "topNewDevelopment": false}, {"propertyCode": "92867155", "thumbnail": "https://img3.idealista.com/blur/WEB_LISTING/0/id.pro.es.image.master/ab/31/3f/853572886.jpg", "externalReference": "S-30792", "numPhotos": 45, "floor": "en", "price": 189000.0, "propertyType": "flat", "operation": "sale", "size": 50.0, "exterior": true, "rooms": 1, "bathrooms": 1, "address": "Calle de l'Or", "province": "Barcelona", "municipality": "Barcelona", "district": "Gr\u00e0cia", "country": "es", "neighborhood": "Vila de Gr\u00e0cia", "latitude": 41.4054082, "longitude": 2.1576085, "showAddress": false, "url": "https://www.idealista.com/inmueble/92867155/", "distance": "784", "hasVideo": false, "status": "good", "newDevelopment": false, "hasLift": true, "priceByArea": 3780.0, "detailedType": {"typology": "flat"}, "suggestedTexts": {"subtitle": "Vila de Gr\u00e0cia, Barcelona", "title": "Piso en Calle de l'Or"}, "hasPlan": true, "has3DTour": false, "has360": false, "hasStaging": false, "topNewDevelopment": false}, {"propertyCode": "92596940", "thumbnail": "https://img3.idealista.com/blur/WEB_LISTING/0/id.pro.es.image.master/a7/52/f3/855602806.jpg", "externalReference": "S-30616", "numPhotos": 54, "floor": "en", "price": 369000.0, "propertyType": "flat", "operation": "sale", "size": 118.0, "exterior": true, "rooms": 3, "bathrooms": 1, "address": "Calle de Pi i Margall", "province": "Barcelona", "municipality": "Barcelona", "district": "Gr\u00e0cia", "country": "es", "neighborhood": "El Camp d'En Grassot i Gr\u00e0cia Nova", "latitude": 41.4064735, "longitude": 2.1638712, "showAddress": false, "url": "https://www.idealista.com/inmueble/92596940/", "distance": "610", "hasVideo": false, "status": "good", "newDevelopment": false, "hasLift": true, "priceByArea": 3127.0, "detailedType": {"typology": "flat"}, "suggestedTexts": {"subtitle": "El Camp d'En Grassot i Gr\u00e0cia Nova, Barcelona", "title": "Piso en Calle de Pi i Margall"}, "hasPlan": true, "has3DTour": false, "has360": false, "hasStaging": false, "topNewDevelopment": false}, {"propertyCode": "93158415", "thumbnail": "https://img3.idealista.com/blur/WEB_LISTING/0/id.pro.es.image.master/77/96/19/855907298.jpg", "externalReference": "abcn16", "numPhotos": 17, "floor": "6", "price": 339000.0, "propertyType": "flat", "operation": "sale", "size": 98.0, "exterior": true, "rooms": 3, "bathrooms": 1, "address": "Calle de Sardenya, 465", "province": "Barcelona", "municipality": "Barcelona", "district": "Gr\u00e0cia", "country": "es", "neighborhood": "El Camp d'En Grassot i Gr\u00e0cia Nova", "latitude": 41.4090922, "longitude": 2.1656378, "showAddress": true, "url": "https://www.idealista.com/inmueble/93158415/", "distance": "435", "hasVideo": false, "status": "good", "newDevelopment": false, "hasLift": true, "parkingSpace": {"hasParkingSpace": true, "isParkingSpaceIncludedInPrice": false, "parkingSpacePrice": 20000.0}, "priceByArea": 3459.0, "detailedType": {"typology": "flat"}, "suggestedTexts": {"subtitle": "El Camp d'En Grassot i Gr\u00e0cia Nova, Barcelona", "title": "Piso en Calle de Sardenya, 465"}, "hasPlan": true, "has3DTour": false, "has360": false, "hasStaging": false, "topNewDevelopment": false}, {"propertyCode": "92680188", "thumbnail": "https://img3.idealista.com/blur/WEB_LISTING/0/id.pro.es.image.master/39/2c/40/845517094.jpg", "externalReference": "1839", "numPhotos": 15, "floor": "2", "price": 243000.0, "propertyType": "flat", "operation": "sale", "size": 60.0, "exterior": true, "rooms": 3, "bathrooms": 1, "address": "Paseo d'Amunt", "province": "Barcelona", "municipality": "Barcelona", "district": "Gr\u00e0cia", "country": "es", "neighborhood": "El Camp d'En Grassot i Gr\u00e0cia Nova", "latitude": 41.4092469, "longitude": 2.1615643, "showAddress": false, "url": "https://www.idealista.com/inmueble/92680188/", "distance": "276", "hasVideo": true, "status": "good", "newDevelopment": false, "hasLift": true, "priceByArea": 4050.0, "detailedType": {"typology": "flat"}, "suggestedTexts": {"subtitle": "El Camp d'En Grassot i Gr\u00e0cia Nova, Barcelona", "title": "Piso en Paseo d'Amunt"}, "hasPlan": true, "has3DTour": false, "has360": false, "hasStaging": false, "topNewDevelopment": false}, {"propertyCode": "92341629", "thumbnail": "https://img3.idealista.com/blur/WEB_LISTING/0/id.pro.es.image.master/ff/5f/1e/852213841.jpg", "externalReference": "244345", "numPhotos": 23, "floor": "bj", "price": 470000.0, "propertyType": "flat", "operation": "sale", "size": 140.0, "exterior": true, "rooms": 3, "bathrooms": 2, "address": "barrio El Camp d'En Grassot i Gr\u00e0cia Nova", "province": "Barcelona", "municipality": "Barcelona", "district": "Gr\u00e0cia", "country": "es", "neighborhood": "El Camp d'En Grassot i Gr\u00e0cia Nova", "latitude": 41.4103984, "longitude": 2.159495, "showAddress": false, "url": "https://www.idealista.com/inmueble/92341629/", "distance": "241", "hasVideo": false, "status": "good", "newDevelopment": false, "hasLift": true, "priceByArea": 3357.0, "detailedType": {"typology": "flat"}, "suggestedTexts": {"subtitle": "El Camp d'En Grassot i Gr\u00e0cia Nova, Barcelona", "title": "Piso"}, "hasPlan": false, "has3DTour": false, "has360": false, "hasStaging": false, "topNewDevelopment": false}, {"propertyCode": "91592118", "thumbnail": "https://img3.idealista.com/blur/WEB_LISTING/0/id.pro.es.image.master/af/73/4c/854148707.jpg", "externalReference": "PVME58Z", "numPhotos": 48, "floor": "3", "price": 460000.0, "propertyType": "flat", "operation": "sale", "size": 125.0, "exterior": true, "rooms": 3, "bathrooms": 2, "address": "Calle de Sardenya", "province": "Barcelona", "municipality": "Barcelona", "district": "Eixample", "country": "es", "neighborhood": "La Sagrada Fam\u00edlia", "latitude": 41.4067525, "longitude": 2.1686336, "showAddress": false, "url": "https://www.idealista.com/inmueble/91592118/", "distance": "795", "hasVideo": true, "status": "good", "newDevelopment": false, "hasLift": true, "priceByArea": 3680.0, "detailedType": {"typology": "flat"}, "suggestedTexts": {"subtitle": "La Sagrada Fam\u00edlia, Barcelona", "title": "Piso en Calle de Sardenya"}, "hasPlan": true, "has3DTour": false, "has360": false, "hasStaging": false, "topNewDevelopment": false}, {"propertyCode": "92214604", "thumbnail": "https://img3.idealista.com/blur/WEB_LISTING/0/id.pro.es.image.master/79/a4/ae/833844857.jpg", "externalReference": "11282", "numPhotos": 9, "floor": "bj", "price": 530000.0, "propertyType": "studio", "operation": "sale", "size": 170.0, "exterior": true, "rooms": 0, "bathrooms": 1, "address": "Calle de Lepant", "province": "Barcelona", "municipality": "Barcelona", "district": "Eixample", "country": "es", "neighborhood": "La Sagrada Fam\u00edlia", "latitude": 41.4090002, "longitude": 2.1703697, "showAddress": false, "url": "https://www.idealista.com/inmueble/92214604/", "distance": "777", "hasVideo": false, "status": "good", "newDevelopment": false, "hasLift": true, "priceByArea": 3118.0, "detailedType": {"typology": "flat", "subTypology": "studio"}, "suggestedTexts": {"subtitle": "La Sagrada Fam\u00edlia, Barcelona", "title": "Estudio en Calle de Lepant"}, "hasPlan": true, "has3DTour": false, "has360": false, "hasStaging": false, "topNewDevelopment": false}, {"propertyCode": "92111424", "thumbnail": "https://img3.idealista.com/blur/WEB_LISTING/0/id.pro.es.image.master/45/54/34/853382956.jpg", "externalReference": "W-02HNSJ", "numPhotos": 29, "price": 1350000.0, "propertyType": "chalet", "operation": "sale", "size": 325.0, "exterior": false, "rooms": 15, "bathrooms": 4, "address": "barrio El Camp d'En Grassot i Gr\u00e0cia Nova", "province": "Barcelona", "municipality": "Barcelona", "district": "Gr\u00e0cia", "country": "es", "neighborhood": "El Camp d'En Grassot i Gr\u00e0cia Nova", "latitude": 41.4115447, "longitude": 2.1582008, "showAddress": false, "url": "https://www.idealista.com/inmueble/92111424/", "distance": "299", "hasVideo": false, "status": "good", "newDevelopment": false, "priceByArea": 4154.0, "detailedType": {"typology": "chalet", "subTypology": "independantHouse"}, "suggestedTexts": {"subtitle": "El Camp d'En Grassot i Gr\u00e0cia Nova, Barcelona", "title": "Casa independiente"}, "hasPlan": false, "has3DTour": false, "has360": false, "hasStaging": false, "topNewDevelopment": false}, {"propertyCode": "92770534", "thumbnail": "https://img3.idealista.com/blur/WEB_LISTING/0/id.pro.es.image.master/fe/0f/91/847723701.jpg", "externalReference": "JV-RES-1036-019-21", "numPhotos": 19, "floor": "1", "price": 368000.0, "propertyType": "flat", "operation": "sale", "size": 112.0, "exterior": true, "rooms": 3, "bathrooms": 2, "address": "Calle de les Cam\u00e8lies", "province": "Barcelona", "municipality": "Barcelona", "district": "Horta Guinard\u00f3", "country": "es", "neighborhood": "El Baix Guinard\u00f3", "latitude": 41.4114876, "longitude": 2.1608701, "showAddress": false, "url": "https://www.idealista.com/inmueble/92770534/", "distance": "80", "hasVideo": true, "status": "good", "newDevelopment": false, "hasLift": true, "priceByArea": 3286.0, "detailedType": {"typology": "flat"}, "suggestedTexts": {"subtitle": "El Baix Guinard\u00f3, Barcelona", "title": "Piso en Calle de les Cam\u00e8lies"}, "hasPlan": false, "has3DTour": false, "has360": false, "hasStaging": false, "topNewDevelopment": false}, {"propertyCode": "93074043", "thumbnail": "https://img3.idealista.com/blur/WEB_LISTING/0/id.pro.es.image.master/f7/f5/c1/853873152.jpg", "externalReference": "247186", "numPhotos": 14, "floor": "bj", "price": 485000.0, "propertyType": "flat", "operation": "sale", "size": 120.0, "exterior": true, "rooms": 4, "bathrooms": 2, "address": "barrio El Baix Guinard\u00f3", "province": "Barcelona", "municipality": "Barcelona", "district": "Horta Guinard\u00f3", "country": "es", "neighborhood": "El Baix Guinard\u00f3", "latitude": 41.4159901, "longitude": 2.1655896, "showAddress": false, "url": "https://www.idealista.com/inmueble/93074043/", "distance": "570", "hasVideo": false, "status": "good", "newDevelopment": false, "hasLift": true, "priceByArea": 4042.0, "detailedType": {"typology": "flat"}, "suggestedTexts": {"subtitle": "El Baix Guinard\u00f3, Barcelona", "title": "Piso"}, "hasPlan": false, "has3DTour": false, "has360": false, "hasStaging": false, "topNewDevelopment": false}, {"propertyCode": "92522221", "thumbnail": "https://img3.idealista.com/blur/WEB_LISTING/0/id.pro.es.image.master/e7/2f/1d/841659398.jpg", "externalReference": "4618", "numPhotos": 19, "price": 235000.0, "propertyType": "flat", "operation": "sale", "size": 54.0, "exterior": true, "rooms": 3, "bathrooms": 1, "address": "Calle de Lepant", "province": "Barcelona", "municipality": "Barcelona", "district": "Horta Guinard\u00f3", "country": "es", "neighborhood": "El Baix Guinard\u00f3", "latitude": 41.4094413, "longitude": 2.1699634, "showAddress": false, "url": "https://www.idealista.com/inmueble/92522221/", "distance": "728", "hasVideo": false, "status": "good", "newDevelopment": false, "hasLift": true, "priceByArea": 4352.0, "detailedType": {"typology": "flat"}, "suggestedTexts": {"subtitle": "El Baix Guinard\u00f3, Barcelona", "title": "Piso en Calle de Lepant"}, "hasPlan": false, "has3DTour": false, "has360": false, "hasStaging": false, "topNewDevelopment": false}, {"propertyCode": "87554156", "thumbnail": "https://img3.idealista.com/blur/WEB_LISTING/0/id.pro.es.image.master/8b/35/3b/756020266.jpg", "externalReference": "W-02HBXN", "numPhotos": 13, "floor": "4", "price": 360000.0, "propertyType": "flat", "operation": "sale", "size": 100.0, "exterior": false, "rooms": 2, "bathrooms": 1, "address": "barrio El Camp d'En Grassot i Gr\u00e0cia Nova", "province": "Barcelona", "municipality": "Barcelona", "district": "Gr\u00e0cia", "country": "es", "neighborhood": "El Camp d'En Grassot i Gr\u00e0cia Nova", "latitude": 41.407736, "longitude": 2.1673068, "showAddress": false, "url": "https://www.idealista.com/inmueble/87554156/", "distance": "640", "hasVideo": false, "status": "good", "newDevelopment": false, "hasLift": true, "priceByArea": 3600.0, "detailedType": {"typology": "flat"}, "suggestedTexts": {"subtitle": "El Camp d'En Grassot i Gr\u00e0cia Nova, Barcelona", "title": "Piso"}, "hasPlan": false, "has3DTour": false, "has360": false, "hasStaging": false, "topNewDevelopment": false}, {"propertyCode": "92809204", "thumbnail": "https://img3.idealista.com/blur/WEB_LISTING/0/id.pro.es.image.master/4a/74/4b/850459211.jpg", "externalReference": "_amunt", "numPhotos": 20, "floor": "2", "price": 243000.0, "propertyType": "flat", "operation": "sale", "size": 53.0, "exterior": true, "rooms": 3, "bathrooms": 1, "address": "Paseo amunt", "province": "Barcelona", "municipality": "Barcelona", "district": "Gr\u00e0cia", "country": "es", "neighborhood": "El Camp d'En Grassot i Gr\u00e0cia Nova", "latitude": 41.4097469, "longitude": 2.1629643, "showAddress": false, "url": "https://www.idealista.com/inmueble/92809204/", "distance": "241", "hasVideo": false, "status": "good", "newDevelopment": false, "hasLift": true, "priceByArea": 4585.0, "detailedType": {"typology": "flat"}, "suggestedTexts": {"subtitle": "El Camp d'En Grassot i Gr\u00e0cia Nova, Barcelona", "title": "Piso en Paseo amunt"}, "hasPlan": false, "has3DTour": false, "has360": false, "hasStaging": false, "topNewDevelopment": false}, {"propertyCode": "29369498", "thumbnail": "https://img3.idealista.com/blur/WEB_LISTING/0/id.pro.es.image.master/84/97/1c/84854067.jpg", "externalReference": "3636", "numPhotos": 21, "floor": "1", "price": 349000.0, "propertyType": "flat", "operation": "sale", "size": 90.0, "exterior": true, "rooms": 4, "bathrooms": 2, "address": "Escorial", "province": "Barcelona", "municipality": "Barcelona", "district": "Gr\u00e0cia", "country": "es", "neighborhood": "El Camp d'En Grassot i Gr\u00e0cia Nova", "latitude": 41.4092016, "longitude": 2.1587664, "showAddress": false, "url": "https://www.idealista.com/inmueble/29369498/", "distance": "377", "hasVideo": true, "status": "good", "newDevelopment": false, "hasLift": true, "priceByArea": 3878.0, "detailedType": {"typology": "flat"}, "suggestedTexts": {"subtitle": "El Camp d'En Grassot i Gr\u00e0cia Nova, Barcelona", "title": "Piso en Escorial"}, "hasPlan": false, "has3DTour": false, "has360": false, "hasStaging": false, "topNewDevelopment": false}, {"propertyCode": "92482202", "thumbnail": "https://img3.idealista.com/blur/WEB_LISTING/0/id.pro.es.image.master/b8/08/42/840760211.jpg", "externalReference": "_rosaliadecastro", "numPhotos": 13, "floor": "2", "price": 220000.0, "propertyType": "flat", "operation": "sale", "size": 80.0, "exterior": true, "rooms": 3, "bathrooms": 1, "address": "Calle de Rosal\u00eda de Castro", "province": "Barcelona", "municipality": "Barcelona", "district": "Horta Guinard\u00f3", "country": "es", "neighborhood": "El Baix Guinard\u00f3", "latitude": 41.4122938, "longitude": 2.1697089, "showAddress": false, "url": "https://www.idealista.com/inmueble/92482202/", "distance": "664", "hasVideo": false, "status": "good", "newDevelopment": false, "hasLift": false, "priceByArea": 2750.0, "detailedType": {"typology": "flat"}, "suggestedTexts": {"subtitle": "El Baix Guinard\u00f3, Barcelona", "title": "Piso en Calle de Rosal\u00eda de Castro"}, "hasPlan": false, "has3DTour": false, "has360": false, "hasStaging": false, "topNewDevelopment": false}, {"propertyCode": "92185673", "thumbnail": "https://img3.idealista.com/blur/WEB_LISTING/0/id.pro.es.image.master/63/78/52/833041601.jpg", "externalReference": "28058", "numPhotos": 28, "floor": "3", "price": 375000.0, "propertyType": "flat", "operation": "sale", "size": 96.0, "exterior": true, "rooms": 3, "bathrooms": 2, "address": "barrio Vila de Gr\u00e0cia", "province": "Barcelona", "municipality": "Barcelona", "district": "Gr\u00e0cia", "country": "es", "neighborhood": "Vila de Gr\u00e0cia", "latitude": 41.4085612, "longitude": 2.1542429, "showAddress": false, "url": "https://www.idealista.com/inmueble/92185673/", "distance": "720", "hasVideo": false, "status": "good", "newDevelopment": false, "hasLift": true, "priceByArea": 3906.0, "detailedType": {"typology": "flat"}, "suggestedTexts": {"subtitle": "Vila de Gr\u00e0cia, Barcelona", "title": "Piso"}, "hasPlan": false, "has3DTour": false, "has360": true, "hasStaging": false, "topNewDevelopment": false}, {"propertyCode": "92056563", "thumbnail": "https://img3.idealista.com/blur/WEB_LISTING/0/id.pro.es.image.master/06/eb/c0/829758844.jpg", "externalReference": "vencarnacio", "numPhotos": 16, "floor": "1", "price": 155000.0, "propertyType": "flat", "operation": "sale", "size": 60.0, "exterior": true, "rooms": 2, "bathrooms": 1, "address": "Calle de l'Encarnaci\u00f3", "province": "Barcelona", "municipality": "Barcelona", "district": "Gr\u00e0cia", "country": "es", "neighborhood": "El Camp d'En Grassot i Gr\u00e0cia Nova", "latitude": 41.4083961, "longitude": 2.1635627, "showAddress": false, "url": "https://www.idealista.com/inmueble/92056563/", "distance": "399", "hasVideo": true, "status": "good", "newDevelopment": false, "hasLift": false, "priceByArea": 2583.0, "detailedType": {"typology": "flat"}, "suggestedTexts": {"subtitle": "El Camp d'En Grassot i Gr\u00e0cia Nova, Barcelona", "title": "Piso en Calle de l'Encarnaci\u00f3"}, "hasPlan": false, "has3DTour": false, "has360": false, "hasStaging": false, "topNewDevelopment": false}, {"propertyCode": "87524225", "thumbnail": "https://img3.idealista.com/blur/WEB_LISTING/0/id.pro.es.image.master/8f/1d/4f/780730362.jpg", "externalReference": "60492482", "numPhotos": 14, "price": 536500.0, "propertyType": "flat", "operation": "sale", "size": 106.0, "exterior": false, "rooms": 3, "bathrooms": 2, "address": "Travessera de Dalt, 97", "province": "Barcelona", "municipality": "Barcelona", "district": "Gr\u00e0cia", "country": "es", "neighborhood": "La Salut", "latitude": 41.4112249, "longitude": 2.1573078, "showAddress": true, "url": "https://www.idealista.com/obra-nueva/87524225/", "distance": "377", "hasVideo": false, "status": "newdevelopment", "newDevelopment": true, "parkingSpace": {"hasParkingSpace": true, "isParkingSpaceIncludedInPrice": true}, "newDevelopmentFinished": false, "priceByArea": 5061.0, "detailedType": {"typology": "flat"}, "suggestedTexts": {"subtitle": "La Salut, Barcelona", "title": "Piso en Travessera de Dalt, 97"}, "hasPlan": false, "has3DTour": false, "has360": false, "hasStaging": false, "topNewDevelopment": false}, {"propertyCode": "36830103", "thumbnail": "https://img3.idealista.com/blur/WEB_LISTING/0/id.pro.es.image.master/ab/08/9b/755893673.jpg", "externalReference": "W-026AQP", "numPhotos": 41, "floor": "1", "price": 790000.0, "propertyType": "flat", "operation": "sale", "size": 215.0, "exterior": false, "rooms": 4, "bathrooms": 3, "address": "barrio El Camp d'En Grassot i Gr\u00e0cia Nova", "province": "Barcelona", "municipality": "Barcelona", "district": "Gr\u00e0cia", "country": "es", "neighborhood": "El Camp d'En Grassot i Gr\u00e0cia Nova", "latitude": 41.406329, "longitude": 2.1663088, "showAddress": false, "url": "https://www.idealista.com/inmueble/36830103/", "distance": "709", "hasVideo": false, "status": "good", "newDevelopment": false, "hasLift": true, "parkingSpace": {"hasParkingSpace": true, "isParkingSpaceIncludedInPrice": false, "parkingSpacePrice": 30000.0}, "priceByArea": 3674.0, "detailedType": {"typology": "flat"}, "suggestedTexts": {"subtitle": "El Camp d'En Grassot i Gr\u00e0cia Nova, Barcelona", "title": "Piso"}, "hasPlan": true, "has3DTour": true, "has360": false, "hasStaging": false, "topNewDevelopment": false}, {"propertyCode": "90898872", "thumbnail": "https://img3.idealista.com/blur/WEB_LISTING/0/id.pro.es.image.master/7f/51/18/801638381.jpg", "externalReference": "VVM1-2009", "numPhotos": 35, "floor": "2", "price": 365000.0, "propertyType": "flat", "operation": "sale", "size": 78.0, "exterior": true, "rooms": 2, "bathrooms": 1, "address": "Torrent de les Flors", "province": "Barcelona", "municipality": "Barcelona", "district": "Gr\u00e0cia", "country": "es", "neighborhood": "Vila de Gr\u00e0cia", "latitude": 41.4096182, "longitude": 2.1568782, "showAddress": false, "url": "https://www.idealista.com/inmueble/90898872/", "distance": "471", "hasVideo": true, "status": "good", "newDevelopment": false, "hasLift": true, "priceByArea": 4679.0, "detailedType": {"typology": "flat"}, "suggestedTexts": {"subtitle": "Vila de Gr\u00e0cia, Barcelona", "title": "Piso en Torrent de les Flors"}, "hasPlan": true, "has3DTour": false, "has360": true, "hasStaging": false, "topNewDevelopment": false}, {"propertyCode": "91019869", "thumbnail": "https://img3.idealista.com/blur/WEB_LISTING/0/id.pro.es.image.master/db/10/77/804987519.jpg", "externalReference": "V02133", "numPhotos": 52, "floor": "bj", "price": 850000.0, "propertyType": "duplex", "operation": "sale", "size": 222.0, "exterior": true, "rooms": 3, "bathrooms": 3, "address": "Rambla de Mercedes", "province": "Barcelona", "municipality": "Barcelona", "district": "Gr\u00e0cia", "country": "es", "neighborhood": "La Salut", "latitude": 41.4108633, "longitude": 2.1553583, "showAddress": false, "url": "https://www.idealista.com/inmueble/91019869/", "distance": "544", "hasVideo": false, "status": "good", "newDevelopment": false, "hasLift": true, "priceByArea": 3829.0, "detailedType": {"typology": "flat", "subTypology": "duplex"}, "suggestedTexts": {"subtitle": "La Salut, Barcelona", "title": "D\u00faplex en Rambla de Mercedes"}, "hasPlan": true, "has3DTour": false, "has360": true, "hasStaging": false, "topNewDevelopment": false}, {"propertyCode": "86767977", "thumbnail": "https://img3.idealista.com/blur/WEB_LISTING/0/id.pro.es.image.master/21/c2/e4/710096240.jpg", "numPhotos": 24, "floor": "1", "price": 470000.0, "propertyType": "flat", "operation": "sale", "size": 104.0, "exterior": true, "rooms": 3, "bathrooms": 2, "address": "Calle MARTI", "province": "Barcelona", "municipality": "Barcelona", "district": "Gr\u00e0cia", "country": "es", "neighborhood": "El Camp d'En Grassot i Gr\u00e0cia Nova", "latitude": 41.4098654, "longitude": 2.1591392, "showAddress": false, "url": "https://www.idealista.com/inmueble/86767977/", "distance": "302", "hasVideo": true, "status": "good", "newDevelopment": false, "hasLift": true, "parkingSpace": {"hasParkingSpace": true, "isParkingSpaceIncludedInPrice": true}, "priceByArea": 4519.0, "detailedType": {"typology": "flat"}, "suggestedTexts": {"subtitle": "El Camp d'En Grassot i Gr\u00e0cia Nova, Barcelona", "title": "Piso en Calle MARTI"}, "hasPlan": true, "has3DTour": false, "has360": true, "hasStaging": false, "topNewDevelopment": false}, {"propertyCode": "91228519", "thumbnail": "https://img3.idealista.com/blur/WEB_LISTING/0/id.pro.es.image.master/6f/7e/1c/809659635.jpg", "externalReference": "259916", "numPhotos": 41, "price": 719000.0, "propertyType": "duplex", "operation": "sale", "size": 210.0, "exterior": true, "rooms": 5, "bathrooms": 4, "address": "Calle de Massens, 37", "province": "Barcelona", "municipality": "Barcelona", "district": "Gr\u00e0cia", "country": "es", "neighborhood": "Vila de Gr\u00e0cia", "latitude": 41.4078785, "longitude": 2.1569484, "showAddress": true, "url": "https://www.idealista.com/inmueble/91228519/", "distance": "588", "hasVideo": true, "status": "good", "newDevelopment": false, "hasLift": true, "parkingSpace": {"hasParkingSpace": true, "isParkingSpaceIncludedInPrice": false, "parkingSpacePrice": 30000.0}, "priceByArea": 3424.0, "detailedType": {"typology": "flat", "subTypology": "duplex"}, "suggestedTexts": {"subtitle": "Vila de Gr\u00e0cia, Barcelona", "title": "D\u00faplex en Calle de Massens, 37"}, "hasPlan": true, "has3DTour": false, "has360": true, "hasStaging": false, "topNewDevelopment": false}, {"propertyCode": "92184695", "thumbnail": "https://img3.idealista.com/blur/WEB_LISTING/0/id.pro.es.image.master/73/a4/75/833015093.jpg", "externalReference": "11281", "numPhotos": 26, "price": 745000.0, "propertyType": "chalet", "operation": "sale", "size": 170.0, "exterior": false, "rooms": 4, "bathrooms": 3, "address": "Calle de Verdi", "province": "Barcelona", "municipality": "Barcelona", "district": "Gr\u00e0cia", "country": "es", "neighborhood": "Vila de Gr\u00e0cia", "latitude": 41.4100261, "longitude": 2.1546882, "showAddress": false, "url": "https://www.idealista.com/inmueble/92184695/", "distance": "621", "hasVideo": false, "status": "good", "newDevelopment": false, "parkingSpace": {"hasParkingSpace": true, "isParkingSpaceIncludedInPrice": true}, "priceByArea": 4382.0, "detailedType": {"typology": "chalet", "subTypology": "terracedHouse"}, "suggestedTexts": {"subtitle": "Vila de Gr\u00e0cia, Barcelona", "title": "Chalet adosado en Calle de Verdi"}, "hasPlan": false, "has3DTour": false, "has360": true, "hasStaging": false, "topNewDevelopment": false}, {"propertyCode": "90016751", "thumbnail": "https://img3.idealista.com/blur/WEB_LISTING/0/id.pro.es.image.master/6d/17/29/781626566.jpg", "externalReference": "269452", "numPhotos": 32, "price": 300000.0, "propertyType": "flat", "operation": "sale", "size": 85.0, "exterior": true, "rooms": 3, "bathrooms": 1, "address": "Calle de Praga, 18", "province": "Barcelona", "municipality": "Barcelona", "district": "Horta Guinard\u00f3", "country": "es", "neighborhood": "El Baix Guinard\u00f3", "latitude": 41.41337, "longitude": 2.1638099, "showAddress": true, "url": "https://www.idealista.com/inmueble/90016751/", "distance": "248", "hasVideo": true, "status": "good", "newDevelopment": false, "hasLift": true, "priceByArea": 3529.0, "detailedType": {"typology": "flat"}, "suggestedTexts": {"subtitle": "El Baix Guinard\u00f3, Barcelona", "title": "Piso en Calle de Praga, 18"}, "hasPlan": false, "has3DTour": false, "has360": true, "hasStaging": false, "topNewDevelopment": false}, {"propertyCode": "92483212", "thumbnail": "https://img3.idealista.com/blur/WEB_LISTING/0/id.pro.es.image.master/cf/c8/4e/840783694.jpg", "numPhotos": 23, "floor": "2", "price": 379000.0, "propertyType": "flat", "operation": "sale", "size": 96.0, "exterior": true, "rooms": 4, "bathrooms": 2, "address": "barrio Vila de Gr\u00e0cia", "province": "Barcelona", "municipality": "Barcelona", "district": "Gr\u00e0cia", "country": "es", "neighborhood": "Vila de Gr\u00e0cia", "latitude": 41.4095933, "longitude": 2.1584104, "showAddress": false, "url": "https://www.idealista.com/inmueble/92483212/", "distance": "368", "hasVideo": false, "status": "good", "newDevelopment": false, "hasLift": true, "priceByArea": 3948.0, "detailedType": {"typology": "flat"}, "suggestedTexts": {"subtitle": "Vila de Gr\u00e0cia, Barcelona", "title": "Piso"}, "hasPlan": true, "has3DTour": false, "has360": true, "hasStaging": false, "topNewDevelopment": false}, {"propertyCode": "93197142", "thumbnail": "https://img3.idealista.com/blur/WEB_LISTING/0/id.pro.es.image.master/5d/25/d7/856759877.jpg", "externalReference": "A21-02", "numPhotos": 27, "floor": "2", "price": 240000.0, "propertyType": "flat", "operation": "sale", "size": 62.0, "exterior": true, "rooms": 2, "bathrooms": 1, "address": "Calle de Ramiro de Maeztu", "province": "Barcelona", "municipality": "Barcelona", "district": "Gr\u00e0cia", "country": "es", "neighborhood": "La Salut", "latitude": 41.4154896, "longitude": 2.1558354, "showAddress": false, "url": "https://www.idealista.com/inmueble/93197142/", "distance": "648", "hasVideo": false, "status": "good", "newDevelopment": false, "hasLift": false, "priceByArea": 3871.0, "detailedType": {"typology": "flat"}, "suggestedTexts": {"subtitle": "La Salut, Barcelona", "title": "Piso en Calle de Ramiro de Maeztu"}, "hasPlan": false, "has3DTour": false, "has360": false, "hasStaging": false, "topNewDevelopment": false}, {"propertyCode": "93176893", "thumbnail": "https://img3.idealista.com/blur/WEB_LISTING/0/id.pro.es.image.master/76/9f/c1/856228238.jpg", "externalReference": "3477-01366", "numPhotos": 19, "floor": "3", "price": 210000.0, "propertyType": "flat", "operation": "sale", "size": 52.0, "exterior": true, "rooms": 3, "bathrooms": 1, "address": "Calle de Reig i Bonet", "province": "Barcelona", "municipality": "Barcelona", "district": "Gr\u00e0cia", "country": "es", "neighborhood": "Vila de Gr\u00e0cia", "latitude": 41.4070711, "longitude": 2.1582665, "showAddress": false, "url": "https://www.idealista.com/inmueble/93176893/", "distance": "595", "hasVideo": false, "status": "good", "newDevelopment": false, "hasLift": false, "priceByArea": 4038.0, "detailedType": {"typology": "flat"}, "suggestedTexts": {"subtitle": "Vila de Gr\u00e0cia, Barcelona", "title": "Piso en Calle de Reig i Bonet"}, "hasPlan": true, "has3DTour": false, "has360": false, "hasStaging": false, "topNewDevelopment": false}, {"propertyCode": "93177971", "thumbnail": "https://img3.idealista.com/blur/WEB_LISTING/0/id.pro.es.image.master/82/77/37/856254056.jpg", "externalReference": "VB2103011", "numPhotos": 24, "floor": "3", "price": 445000.0, "propertyType": "flat", "operation": "sale", "size": 123.0, "exterior": true, "rooms": 4, "bathrooms": 2, "address": "barrio El Camp d'En Grassot i Gr\u00e0cia Nova", "province": "Barcelona", "municipality": "Barcelona", "district": "Gr\u00e0cia", "country": "es", "neighborhood": "El Camp d'En Grassot i Gr\u00e0cia Nova", "latitude": 41.4051719, "longitude": 2.1627681, "showAddress": false, "url": "https://www.idealista.com/inmueble/93177971/", "distance": "733", "hasVideo": false, "status": "renew", "newDevelopment": false, "hasLift": true, "priceByArea": 3618.0, "detailedType": {"typology": "flat"}, "suggestedTexts": {"subtitle": "El Camp d'En Grassot i Gr\u00e0cia Nova, Barcelona", "title": "Piso"}, "hasPlan": true, "has3DTour": false, "has360": false, "hasStaging": false, "topNewDevelopment": false}, {"propertyCode": "93132486", "thumbnail": "https://img3.idealista.com/blur/WEB_LISTING/0/id.pro.es.image.master/df/de/3e/855253178.jpg", "externalReference": "VB2103005", "numPhotos": 32, "floor": "5", "price": 310000.0, "propertyType": "flat", "operation": "sale", "size": 86.0, "exterior": false, "rooms": 3, "bathrooms": 1, "address": "barrio El Baix Guinard\u00f3", "province": "Barcelona", "municipality": "Barcelona", "district": "Horta Guinard\u00f3", "country": "es", "neighborhood": "El Baix Guinard\u00f3", "latitude": 41.4121498, "longitude": 2.1639359, "showAddress": false, "url": "https://www.idealista.com/inmueble/93132486/", "distance": "185", "hasVideo": true, "status": "renew", "newDevelopment": false, "hasLift": true, "priceByArea": 3605.0, "detailedType": {"typology": "flat"}, "suggestedTexts": {"subtitle": "El Baix Guinard\u00f3, Barcelona", "title": "Piso"}, "hasPlan": true, "has3DTour": false, "has360": false, "hasStaging": false, "topNewDevelopment": false}, {"propertyCode": "85023398", "thumbnail": "https://img3.idealista.com/blur/WEB_LISTING/0/id.pro.es.image.master/a4/15/e6/652499831.jpg", "externalReference": "V-2539", "numPhotos": 19, "floor": "3", "price": 210000.0, "propertyType": "flat", "operation": "sale", "size": 52.0, "exterior": true, "rooms": 3, "bathrooms": 1, "address": "REIG I BONET", "province": "Barcelona", "municipality": "Barcelona", "district": "Gr\u00e0cia", "country": "es", "neighborhood": "Vila de Gr\u00e0cia", "latitude": 41.4085711, "longitude": 2.1591665, "showAddress": false, "url": "https://www.idealista.com/inmueble/85023398/", "distance": "413", "hasVideo": true, "status": "good", "newDevelopment": false, "hasLift": false, "priceByArea": 4038.0, "detailedType": {"typology": "flat"}, "suggestedTexts": {"subtitle": "Vila de Gr\u00e0cia, Barcelona", "title": "Piso en REIG I BONET"}, "hasPlan": true, "has3DTour": false, "has360": false, "hasStaging": false, "topNewDevelopment": false}, {"propertyCode": "93126186", "thumbnail": "https://img3.idealista.com/blur/WEB_LISTING/0/id.pro.es.image.master/78/65/92/855095640.jpg", "externalReference": "BAR-2411749", "numPhotos": 29, "floor": "2", "price": 243000.0, "propertyType": "flat", "operation": "sale", "size": 60.0, "exterior": true, "rooms": 3, "bathrooms": 1, "address": "Paseo d'Amunt", "province": "Barcelona", "municipality": "Barcelona", "district": "Gr\u00e0cia", "country": "es", "neighborhood": "El Camp d'En Grassot i Gr\u00e0cia Nova", "latitude": 41.4095461, "longitude": 2.1597154, "showAddress": false, "url": "https://www.idealista.com/inmueble/93126186/", "distance": "297", "hasVideo": false, "status": "good", "newDevelopment": false, "hasLift": true, "priceByArea": 4050.0, "detailedType": {"typology": "flat"}, "suggestedTexts": {"subtitle": "El Camp d'En Grassot i Gr\u00e0cia Nova, Barcelona", "title": "Piso en Paseo d'Amunt"}, "hasPlan": true, "has3DTour": false, "has360": false, "hasStaging": false, "topNewDevelopment": false}, {"propertyCode": "91377208", "thumbnail": "https://img3.idealista.com/blur/WEB_LISTING/0/id.pro.es.image.master/ee/35/06/813147151.jpg", "externalReference": "W-02GB5A", "numPhotos": 28, "floor": "bj", "price": 365000.0, "propertyType": "flat", "operation": "sale", "size": 127.0, "exterior": false, "rooms": 4, "bathrooms": 2, "address": "barrio Vila de Gr\u00e0cia", "province": "Barcelona", "municipality": "Barcelona", "district": "Gr\u00e0cia", "country": "es", "neighborhood": "Vila de Gr\u00e0cia", "latitude": 41.4080564, "longitude": 2.15962, "showAddress": false, "url": "https://www.idealista.com/inmueble/91377208/", "distance": "446", "hasVideo": false, "status": "good", "newDevelopment": false, "hasLift": true, "priceByArea": 2874.0, "detailedType": {"typology": "flat"}, "suggestedTexts": {"subtitle": "Vila de Gr\u00e0cia, Barcelona", "title": "Piso"}, "hasPlan": true, "has3DTour": false, "has360": false, "hasStaging": false, "topNewDevelopment": false}, {"propertyCode": "93113560", "thumbnail": "https://img3.idealista.com/blur/WEB_LISTING/0/id.pro.es.image.master/19/51/1d/854813688.jpg", "externalReference": "VB2103001", "numPhotos": 51, "price": 1495000.0, "propertyType": "chalet", "operation": "sale", "size": 370.0, "exterior": false, "rooms": 5, "bathrooms": 4, "address": "barrio El Camp d'En Grassot i Gr\u00e0cia Nova", "province": "Barcelona", "municipality": "Barcelona", "district": "Gr\u00e0cia", "country": "es", "neighborhood": "El Camp d'En Grassot i Gr\u00e0cia Nova", "latitude": 41.4075384, "longitude": 2.1644808, "showAddress": false, "url": "https://www.idealista.com/inmueble/93113560/", "distance": "517", "hasVideo": false, "status": "good", "newDevelopment": false, "parkingSpace": {"hasParkingSpace": true, "isParkingSpaceIncludedInPrice": true}, "priceByArea": 4041.0, "detailedType": {"typology": "chalet"}, "suggestedTexts": {"subtitle": "El Camp d'En Grassot i Gr\u00e0cia Nova, Barcelona", "title": "Chalet"}, "hasPlan": true, "has3DTour": false, "has360": false, "hasStaging": false, "topNewDevelopment": false}]