[{"propertyCode": "93169921", "thumbnail": "https://img3.idealista.com/blur/WEB_LISTING/0/id.pro.es.image.master/b7/29/7c/856054786.jpg", "externalReference": "V7347", "numPhotos": 94, "price": 980000.0, "propertyType": "chalet", "operation": "sale", "size": 452.0, "exterior": false, "rooms": 5, "bathrooms": 4, "address": "La Floresta - Les Planes", "province": "Barcelona", "municipality": "Sant Cugat del Vall\u00e8s", "district": "La Floresta - Les Planes", "country": "es", "latitude": 41.44627, "longitude": 2.07569, "showAddress": false, "url": "https://www.idealista.com/inmueble/93169921/", "distance": "1132", "hasVideo": true, "status": "good", "newDevelopment": false, "parkingSpace": {"hasParkingSpace": true, "isParkingSpaceIncludedInPrice": true}, "priceByArea": 2168.0, "detailedType": {"typology": "chalet", "subTypology": "independantHouse"}, "suggestedTexts": {"subtitle": "La Floresta - Les Planes, Sant Cugat del Vall\u00e8s", "title": "Casa independiente"}, "hasPlan": true, "has3DTour": true, "has360": false, "hasStaging": false, "topNewDevelopment": false}, {"propertyCode": "87817365", "thumbnail": "https://img3.idealista.com/blur/WEB_LISTING/0/id.pro.es.image.master/36/b1/c9/732768562.jpg", "externalReference": "4307", "numPhotos": 53, "price": 650000.0, "propertyType": "chalet", "operation": "sale", "size": 304.0, "exterior": false, "rooms": 4, "bathrooms": 4, "address": "barrio Vallvidrera - El Tibidabo i les Planes", "province": "Barcelona", "municipality": "Barcelona", "district": "Sarri\u00e0-Sant Gervasi", "country": "es", "neighborhood": "Vallvidrera - El Tibidabo i les Planes", "latitude": 41.4148924, "longitude": 2.0946575, "showAddress": false, "url": "https://www.idealista.com/inmueble/87817365/", "distance": "2723", "hasVideo": true, "status": "good", "newDevelopment": false, "parkingSpace": {"hasParkingSpace": true, "isParkingSpaceIncludedInPrice": true}, "priceByArea": 2138.0, "detailedType": {"typology": "chalet", "subTypology": "independantHouse"}, "suggestedTexts": {"subtitle": "Vallvidrera - El Tibidabo i les Planes, Barcelona", "title": "Casa independiente"}, "hasPlan": true, "has3DTour": false, "has360": true, "hasStaging": true, "topNewDevelopment": false}, {"propertyCode": "85122263", "thumbnail": "https://img3.idealista.com/blur/WEB_LISTING/0/id.pro.es.image.master/78/66/9c/755940168.jpg", "externalReference": "W-02FD4V", "numPhotos": 31, "price": 570000.0, "propertyType": "chalet", "operation": "sale", "size": 265.0, "exterior": false, "rooms": 3, "bathrooms": 3, "address": "La Floresta - Les Planes", "province": "Barcelona", "municipality": "Sant Cugat del Vall\u00e8s", "district": "La Floresta - Les Planes", "country": "es", "latitude": 41.4392438, "longitude": 2.0845078, "showAddress": false, "url": "https://www.idealista.com/inmueble/85122263/", "distance": "557", "hasVideo": false, "status": "good", "newDevelopment": false, "parkingSpace": {"hasParkingSpace": true, "isParkingSpaceIncludedInPrice": true}, "priceByArea": 2151.0, "detailedType": {"typology": "chalet", "subTypology": "independantHouse"}, "suggestedTexts": {"subtitle": "La Floresta - Les Planes, Sant Cugat del Vall\u00e8s", "title": "Casa independiente"}, "hasPlan": false, "has3DTour": false, "has360": true, "hasStaging": false, "topNewDevelopment": false}, {"propertyCode": "92813886", "thumbnail": "https://img3.idealista.com/blur/WEB_LISTING/0/id.pro.es.image.master/c8/d2/25/848755666.jpg", "externalReference": "v7338", "numPhotos": 55, "price": 449000.0, "propertyType": "chalet", "operation": "sale", "size": 125.0, "exterior": false, "rooms": 3, "bathrooms": 2, "address": "La Floresta - Les Planes", "province": "Barcelona", "municipality": "Sant Cugat del Vall\u00e8s", "district": "La Floresta - Les Planes", "country": "es", "latitude": 41.44726, "longitude": 2.07853, "showAddress": false, "url": "https://www.idealista.com/inmueble/92813886/", "distance": "1209", "hasVideo": true, "status": "good", "newDevelopment": false, "parkingSpace": {"hasParkingSpace": true, "isParkingSpaceIncludedInPrice": true}, "priceByArea": 3592.0, "detailedType": {"typology": "chalet", "subTypology": "semidetachedHouse"}, "suggestedTexts": {"subtitle": "La Floresta - Les Planes, Sant Cugat del Vall\u00e8s", "title": "Chalet pareado"}, "hasPlan": true, "has3DTour": true, "has360": false, "hasStaging": false, "topNewDevelopment": false}, {"propertyCode": "93182566", "thumbnail": "https://img3.idealista.com/blur/WEB_LISTING/0/id.pro.es.image.master/99/cb/cb/856373357.jpg", "externalReference": "v7348", "numPhotos": 60, "price": 698000.0, "propertyType": "chalet", "operation": "sale", "size": 126.0, "exterior": false, "rooms": 3, "bathrooms": 2, "address": "Golf", "province": "Barcelona", "municipality": "Sant Cugat del Vall\u00e8s", "district": "Golf", "country": "es", "latitude": 41.4538018, "longitude": 2.0850001, "showAddress": false, "url": "https://www.idealista.com/inmueble/93182566/", "distance": "1999", "hasVideo": true, "status": "good", "newDevelopment": false, "parkingSpace": {"hasParkingSpace": true, "isParkingSpaceIncludedInPrice": true}, "priceByArea": 5540.0, "detailedType": {"typology": "chalet", "subTypology": "independantHouse"}, "suggestedTexts": {"subtitle": "Golf, Sant Cugat del Vall\u00e8s", "title": "Casa independiente"}, "hasPlan": false, "has3DTour": true, "has360": false, "hasStaging": false, "topNewDevelopment": false}, {"propertyCode": "89153757", "thumbnail": "https://img3.idealista.com/blur/WEB_LISTING/0/id.pro.es.image.master/00/c3/55/764768894.jpg", "externalReference": "W-02AKT9", "numPhotos": 32, "price": 390000.0, "propertyType": "chalet", "operation": "sale", "size": 122.0, "exterior": false, "rooms": 2, "bathrooms": 1, "address": "Valldoreix", "province": "Barcelona", "municipality": "Sant Cugat del Vall\u00e8s", "district": "Valldoreix", "country": "es", "latitude": 41.4543411, "longitude": 2.0627937, "showAddress": false, "url": "https://www.idealista.com/inmueble/89153757/", "distance": "2410", "hasVideo": false, "status": "renew", "newDevelopment": false, "priceByArea": 3197.0, "detailedType": {"typology": "chalet", "subTypology": "independantHouse"}, "suggestedTexts": {"subtitle": "Valldoreix, Sant Cugat del Vall\u00e8s", "title": "Casa independiente"}, "hasPlan": true, "has3DTour": false, "has360": false, "hasStaging": false, "topNewDevelopment": false}, {"propertyCode": "88028329", "thumbnail": "https://img3.idealista.com/blur/WEB_LISTING/0/id.pro.es.image.master/a8/3a/1f/736805906.jpg", "externalReference": "v7046", "numPhotos": 19, "price": 599000.0, "propertyType": "chalet", "operation": "sale", "size": 275.0, "exterior": false, "rooms": 4, "bathrooms": 3, "address": "La Floresta - Les Planes", "province": "Barcelona", "municipality": "Sant Cugat del Vall\u00e8s", "district": "La Floresta - Les Planes", "country": "es", "latitude": 41.44042, "longitude": 2.08671, "showAddress": false, "url": "https://www.idealista.com/inmueble/88028329/", "distance": "782", "hasVideo": true, "status": "good", "newDevelopment": false, "parkingSpace": {"hasParkingSpace": true, "isParkingSpaceIncludedInPrice": true}, "priceByArea": 2178.0, "detailedType": {"typology": "chalet", "subTypology": "independantHouse"}, "suggestedTexts": {"subtitle": "La Floresta - Les Planes, Sant Cugat del Vall\u00e8s", "title": "Casa independiente"}, "hasPlan": true, "has3DTour": false, "has360": false, "hasStaging": false, "topNewDevelopment": false}, {"propertyCode": "91836842", "thumbnail": "https://img3.idealista.com/blur/WEB_LISTING/0/id.pro.es.image.master/79/63/98/824701639.jpg", "externalReference": "VSC2011005", "numPhotos": 40, "price": 1380000.0, "propertyType": "chalet", "operation": "sale", "size": 342.0, "exterior": false, "rooms": 4, "bathrooms": 3, "address": "Calle de Sant Josep", "province": "Barcelona", "municipality": "Sant Cugat del Vall\u00e8s", "district": "Eixample", "country": "es", "latitude": 41.4627405, "longitude": 2.0893883, "showAddress": false, "url": "https://www.idealista.com/inmueble/91836842/", "distance": "3054", "hasVideo": true, "status": "good", "newDevelopment": false, "parkingSpace": {"hasParkingSpace": true, "isParkingSpaceIncludedInPrice": true}, "priceByArea": 4035.0, "detailedType": {"typology": "chalet"}, "suggestedTexts": {"subtitle": "Eixample, Sant Cugat del Vall\u00e8s", "title": "Chalet en Calle de Sant Josep"}, "hasPlan": true, "has3DTour": false, "has360": false, "hasStaging": false, "topNewDevelopment": false}, {"propertyCode": "91700694", "thumbnail": "https://img3.idealista.com/blur/WEB_LISTING/0/id.pro.es.image.master/49/c7/8a/821146362.jpg", "externalReference": "VSC2010007-1", "numPhotos": 39, "price": 1425000.0, "propertyType": "chalet", "operation": "sale", "size": 614.0, "exterior": false, "rooms": 6, "bathrooms": 6, "address": "Calle de Vill\u00e0", "province": "Barcelona", "municipality": "Sant Cugat del Vall\u00e8s", "district": "Golf", "country": "es", "latitude": 41.4623287, "longitude": 2.0730443, "showAddress": false, "url": "https://www.idealista.com/inmueble/91700694/", "distance": "2926", "hasVideo": true, "status": "good", "newDevelopment": false, "parkingSpace": {"hasParkingSpace": true, "isParkingSpaceIncludedInPrice": true}, "priceByArea": 2321.0, "detailedType": {"typology": "chalet"}, "suggestedTexts": {"subtitle": "Golf, Sant Cugat del Vall\u00e8s", "title": "Chalet en Calle de Vill\u00e0"}, "hasPlan": true, "has3DTour": false, "has360": false, "hasStaging": false, "topNewDevelopment": false}, {"propertyCode": "91613068", "thumbnail": "https://img3.idealista.com/blur/WEB_LISTING/0/id.pro.es.image.master/80/91/e9/819021095.jpg", "externalReference": "VSC2008009-2", "numPhotos": 34, "price": 1350000.0, "propertyType": "chalet", "operation": "sale", "size": 519.0, "exterior": false, "rooms": 6, "bathrooms": 4, "address": "Avenida d'Antoni Griera", "province": "Barcelona", "municipality": "Sant Cugat del Vall\u00e8s", "district": "La Floresta - Les Planes", "country": "es", "latitude": 41.42985, "longitude": 2.10415, "showAddress": false, "url": "https://www.idealista.com/inmueble/91613068/", "distance": "2218", "hasVideo": true, "status": "good", "newDevelopment": false, "parkingSpace": {"hasParkingSpace": true, "isParkingSpaceIncludedInPrice": true}, "priceByArea": 2601.0, "detailedType": {"typology": "chalet"}, "suggestedTexts": {"subtitle": "La Floresta - Les Planes, Sant Cugat del Vall\u00e8s", "title": "Chalet en Avenida d'Antoni Griera"}, "hasPlan": true, "has3DTour": false, "has360": false, "hasStaging": false, "topNewDevelopment": false}, {"propertyCode": "91152704", "thumbnail": "https://img3.idealista.com/blur/WEB_LISTING/0/id.pro.es.image.master/24/ae/90/820013264.jpg", "externalReference": "VSC2001006-5", "numPhotos": 58, "price": 1800000.0, "propertyType": "chalet", "operation": "sale", "size": 635.0, "exterior": false, "rooms": 6, "bathrooms": 4, "address": "Calle del Tur\u00f3", "province": "Barcelona", "municipality": "Sant Cugat del Vall\u00e8s", "district": "La Floresta - Les Planes", "country": "es", "latitude": 41.4492269, "longitude": 2.0832857, "showAddress": false, "url": "https://www.idealista.com/inmueble/91152704/", "distance": "1471", "hasVideo": true, "status": "good", "newDevelopment": false, "parkingSpace": {"hasParkingSpace": true, "isParkingSpaceIncludedInPrice": true}, "priceByArea": 2835.0, "detailedType": {"typology": "chalet"}, "suggestedTexts": {"subtitle": "La Floresta - Les Planes, Sant Cugat del Vall\u00e8s", "title": "Chalet en Calle del Tur\u00f3"}, "hasPlan": true, "has3DTour": false, "has360": false, "hasStaging": false, "topNewDevelopment": false}, {"propertyCode": "90461192", "thumbnail": "https://img3.idealista.com/blur/WEB_LISTING/0/id.pro.es.image.master/5f/da/86/790910152.jpg", "externalReference": "VSC2006005-4", "numPhotos": 52, "price": 2200000.0, "propertyType": "chalet", "operation": "sale", "size": 1050.0, "exterior": false, "rooms": 6, "bathrooms": 6, "address": "Calle de l'Oce\u00e0 Glacial", "province": "Barcelona", "municipality": "Sant Cugat del Vall\u00e8s", "district": "Golf", "country": "es", "latitude": 41.4559742, "longitude": 2.0751854, "showAddress": false, "url": "https://www.idealista.com/inmueble/90461192/", "distance": "2200", "hasVideo": true, "status": "good", "newDevelopment": false, "parkingSpace": {"hasParkingSpace": true, "isParkingSpaceIncludedInPrice": true}, "priceByArea": 2095.0, "detailedType": {"typology": "chalet"}, "suggestedTexts": {"subtitle": "Golf, Sant Cugat del Vall\u00e8s", "title": "Chalet en Calle de l'Oce\u00e0 Glacial"}, "hasPlan": true, "has3DTour": false, "has360": false, "hasStaging": false, "topNewDevelopment": false}, {"propertyCode": "89034383", "thumbnail": "https://img3.idealista.com/blur/WEB_LISTING/0/id.pro.es.image.master/0f/0d/e9/761571169.jpg", "externalReference": "CASA00035", "numPhotos": 124, "price": 975000.0, "propertyType": "chalet", "operation": "sale", "size": 468.0, "exterior": false, "rooms": 6, "bathrooms": 4, "address": "Calle de les Ones, 39 -15", "province": "Barcelona", "municipality": "Sant Cugat del Vall\u00e8s", "district": "Golf", "country": "es", "latitude": 41.4550834, "longitude": 2.0853114, "showAddress": true, "url": "https://www.idealista.com/inmueble/89034383/", "distance": "2143", "hasVideo": true, "status": "good", "newDevelopment": false, "parkingSpace": {"hasParkingSpace": true, "isParkingSpaceIncludedInPrice": true}, "priceByArea": 2083.0, "detailedType": {"typology": "chalet", "subTypology": "independantHouse"}, "suggestedTexts": {"subtitle": "Golf, Sant Cugat del Vall\u00e8s", "title": "Casa independiente en Calle de les Ones, 39 -15"}, "hasPlan": true, "has3DTour": true, "has360": false, "hasStaging": false, "topNewDevelopment": false}, {"propertyCode": "92608832", "thumbnail": "https://img3.idealista.com/blur/WEB_LISTING/0/id.pro.es.image.master/74/ce/fb/843911889.jpg", "externalReference": "01900", "numPhotos": 37, "price": 495000.0, "propertyType": "chalet", "operation": "sale", "size": 117.0, "exterior": false, "rooms": 3, "bathrooms": 2, "address": "ca n'Enric", "province": "Barcelona", "municipality": "Sant Cugat del Vall\u00e8s", "district": "Valldoreix", "country": "es", "latitude": 41.4524357, "longitude": 2.0604369, "showAddress": false, "url": "https://www.idealista.com/inmueble/92608832/", "distance": "2361", "hasVideo": false, "status": "good", "newDevelopment": false, "priceByArea": 4231.0, "detailedType": {"typology": "chalet", "subTypology": "independantHouse"}, "suggestedTexts": {"subtitle": "Valldoreix, Sant Cugat del Vall\u00e8s", "title": "Casa independiente en ca n'Enric"}, "hasPlan": false, "has3DTour": false, "has360": false, "hasStaging": false, "topNewDevelopment": false}, {"propertyCode": "88509850", "thumbnail": "https://img3.idealista.com/blur/WEB_LISTING/0/id.pro.es.image.master/79/ff/3c/748474452.jpg", "externalReference": "V7097", "numPhotos": 31, "price": 1350000.0, "propertyType": "chalet", "operation": "sale", "size": 519.0, "exterior": false, "rooms": 6, "bathrooms": 5, "address": "La Floresta - Les Planes", "province": "Barcelona", "municipality": "Sant Cugat del Vall\u00e8s", "district": "La Floresta - Les Planes", "country": "es", "latitude": 41.42905, "longitude": 2.10655, "showAddress": false, "url": "https://www.idealista.com/inmueble/88509850/", "distance": "2436", "hasVideo": true, "status": "good", "newDevelopment": false, "parkingSpace": {"hasParkingSpace": true, "isParkingSpaceIncludedInPrice": true}, "priceByArea": 2601.0, "detailedType": {"typology": "chalet", "subTypology": "independantHouse"}, "suggestedTexts": {"subtitle": "La Floresta - Les Planes, Sant Cugat del Vall\u00e8s", "title": "Casa independiente"}, "hasPlan": true, "has3DTour": false, "has360": false, "hasStaging": false, "topNewDevelopment": false}, {"propertyCode": "92606986", "thumbnail": "https://img3.idealista.com/blur/WEB_LISTING/0/id.pro.es.image.master/d7/84/c0/843857561.jpg", "externalReference": "VSC2101002", "numPhotos": 50, "price": 2565000.0, "propertyType": "chalet", "operation": "sale", "size": 540.0, "exterior": false, "rooms": 7, "bathrooms": 6, "address": "Golf", "province": "Barcelona", "municipality": "Sant Cugat del Vall\u00e8s", "district": "Golf", "country": "es", "latitude": 41.4597204, "longitude": 2.0854806, "showAddress": false, "url": "https://www.idealista.com/inmueble/92606986/", "distance": "2649", "hasVideo": true, "status": "good", "newDevelopment": false, "parkingSpace": {"hasParkingSpace": true, "isParkingSpaceIncludedInPrice": true}, "priceByArea": 4750.0, "detailedType": {"typology": "chalet"}, "suggestedTexts": {"subtitle": "Golf, Sant Cugat del Vall\u00e8s", "title": "Chalet"}, "hasPlan": true, "has3DTour": false, "has360": false, "hasStaging": false, "topNewDevelopment": false}, {"propertyCode": "92117395", "thumbnail": "https://img3.idealista.com/blur/WEB_LISTING/0/id.pro.es.image.master/85/7c/19/833087942.jpg", "externalReference": "10283", "numPhotos": 54, "price": 840000.0, "propertyType": "chalet", "operation": "sale", "size": 363.0, "exterior": false, "rooms": 5, "bathrooms": 5, "address": "Golf", "province": "Barcelona", "municipality": "Sant Cugat del Vall\u00e8s", "district": "Golf", "country": "es", "latitude": 41.4570836, "longitude": 2.0695816, "showAddress": false, "url": "https://www.idealista.com/inmueble/92117395/", "distance": "2431", "hasVideo": true, "status": "good", "newDevelopment": false, "parkingSpace": {"hasParkingSpace": true, "isParkingSpaceIncludedInPrice": true}, "priceByArea": 2314.0, "detailedType": {"typology": "chalet", "subTypology": "independantHouse"}, "suggestedTexts": {"subtitle": "Golf, Sant Cugat del Vall\u00e8s", "title": "Casa independiente"}, "hasPlan": true, "has3DTour": true, "has360": false, "hasStaging": false, "topNewDevelopment": false}, {"propertyCode": "91876867", "thumbnail": "https://img3.idealista.com/blur/WEB_LISTING/0/id.pro.es.image.master/f3/70/c9/825416543.jpg", "externalReference": "VSC2009014-2", "numPhotos": 44, "price": 1285000.0, "propertyType": "chalet", "operation": "sale", "size": 411.0, "exterior": false, "rooms": 5, "bathrooms": 4, "address": "Golf", "province": "Barcelona", "municipality": "Sant Cugat del Vall\u00e8s", "district": "Golf", "country": "es", "latitude": 41.4642858, "longitude": 2.0782842, "showAddress": false, "url": "https://www.idealista.com/inmueble/91876867/", "distance": "3102", "hasVideo": true, "status": "good", "newDevelopment": false, "parkingSpace": {"hasParkingSpace": true, "isParkingSpaceIncludedInPrice": true}, "priceByArea": 3127.0, "detailedType": {"typology": "chalet"}, "suggestedTexts": {"subtitle": "Golf, Sant Cugat del Vall\u00e8s", "title": "Chalet"}, "hasPlan": true, "has3DTour": false, "has360": false, "hasStaging": false, "topNewDevelopment": false}, {"propertyCode": "91835727", "thumbnail": "https://img3.idealista.com/blur/WEB_LISTING/0/id.pro.es.image.master/13/07/d4/824427352.jpg", "externalReference": "VSC2011003", "numPhotos": 49, "price": 1375000.0, "propertyType": "chalet", "operation": "sale", "size": 445.0, "exterior": false, "rooms": 4, "bathrooms": 4, "address": "La Floresta - Les Planes", "province": "Barcelona", "municipality": "Sant Cugat del Vall\u00e8s", "district": "La Floresta - Les Planes", "country": "es", "latitude": 41.442387, "longitude": 2.0800514, "showAddress": false, "url": "https://www.idealista.com/inmueble/91835727/", "distance": "672", "hasVideo": true, "status": "good", "newDevelopment": false, "parkingSpace": {"hasParkingSpace": true, "isParkingSpaceIncludedInPrice": true}, "priceByArea": 3090.0, "detailedType": {"typology": "chalet"}, "suggestedTexts": {"subtitle": "La Floresta - Les Planes, Sant Cugat del Vall\u00e8s", "title": "Chalet"}, "hasPlan": true, "has3DTour": false, "has360": false, "hasStaging": false, "topNewDevelopment": false}, {"propertyCode": "91784778", "thumbnail": "https://img3.idealista.com/blur/WEB_LISTING/0/id.pro.es.image.master/79/98/7d/823217841.jpg", "externalReference": "VSC2002005-5", "numPhotos": 59, "price": 2600000.0, "propertyType": "chalet", "operation": "sale", "size": 512.0, "exterior": false, "rooms": 5, "bathrooms": 5, "address": "Valldoreix", "province": "Barcelona", "municipality": "Sant Cugat del Vall\u00e8s", "district": "Valldoreix", "country": "es", "latitude": 41.4586295, "longitude": 2.0656575, "showAddress": false, "url": "https://www.idealista.com/inmueble/91784778/", "distance": "2711", "hasVideo": true, "status": "good", "newDevelopment": false, "parkingSpace": {"hasParkingSpace": true, "isParkingSpaceIncludedInPrice": true}, "priceByArea": 5078.0, "detailedType": {"typology": "chalet"}, "suggestedTexts": {"subtitle": "Valldoreix, Sant Cugat del Vall\u00e8s", "title": "Chalet"}, "hasPlan": true, "has3DTour": false, "has360": false, "hasStaging": false, "topNewDevelopment": false}, {"propertyCode": "91700695", "thumbnail": "https://img3.idealista.com/blur/WEB_LISTING/0/id.pro.es.image.master/d0/08/df/821146416.jpg", "externalReference": "VSC2010009-1", "numPhotos": 20, "price": 1150000.0, "propertyType": "chalet", "operation": "sale", "size": 350.0, "exterior": false, "rooms": 5, "bathrooms": 5, "address": "Golf", "province": "Barcelona", "municipality": "Sant Cugat del Vall\u00e8s", "district": "Golf", "country": "es", "latitude": 41.4598193, "longitude": 2.0731401, "showAddress": false, "url": "https://www.idealista.com/inmueble/91700695/", "distance": "2650", "hasVideo": true, "status": "good", "newDevelopment": false, "parkingSpace": {"hasParkingSpace": true, "isParkingSpaceIncludedInPrice": true}, "priceByArea": 3286.0, "detailedType": {"typology": "chalet", "subTypology": "independantHouse"}, "suggestedTexts": {"subtitle": "Golf, Sant Cugat del Vall\u00e8s", "title": "Casa independiente"}, "hasPlan": true, "has3DTour": false, "has360": false, "hasStaging": false, "topNewDevelopment": false}, {"propertyCode": "39705259", "thumbnail": "https://img3.idealista.com/blur/WEB_LISTING/0/id.pro.es.image.master/6b/fd/b0/819670332.jpg", "externalReference": "4188", "numPhotos": 94, "price": 1445000.0, "propertyType": "chalet", "operation": "sale", "size": 528.0, "exterior": false, "rooms": 6, "bathrooms": 5, "address": "Valldoreix", "province": "Barcelona", "municipality": "Sant Cugat del Vall\u00e8s", "district": "Valldoreix", "country": "es", "latitude": 41.45064, "longitude": 2.05543, "showAddress": false, "url": "https://www.idealista.com/inmueble/39705259/", "distance": "2524", "hasVideo": true, "status": "good", "newDevelopment": false, "priceByArea": 2737.0, "detailedType": {"typology": "chalet", "subTypology": "independantHouse"}, "suggestedTexts": {"subtitle": "Valldoreix, Sant Cugat del Vall\u00e8s", "title": "Casa independiente"}, "hasPlan": true, "has3DTour": false, "has360": false, "hasStaging": false, "topNewDevelopment": false}, {"propertyCode": "90957099", "thumbnail": "https://img3.idealista.com/blur/WEB_LISTING/0/id.pro.es.image.master/21/82/64/803049411.jpg", "externalReference": "VSC2007014-4", "numPhotos": 47, "price": 3500000.0, "propertyType": "chalet", "operation": "sale", "size": 625.0, "exterior": false, "rooms": 6, "bathrooms": 6, "address": "Eixample", "province": "Barcelona", "municipality": "Sant Cugat del Vall\u00e8s", "district": "Eixample", "country": "es", "latitude": 41.4652441, "longitude": 2.083247, "showAddress": false, "url": "https://www.idealista.com/inmueble/90957099/", "distance": "3227", "hasVideo": true, "status": "good", "newDevelopment": false, "parkingSpace": {"hasParkingSpace": true, "isParkingSpaceIncludedInPrice": true}, "priceByArea": 5600.0, "detailedType": {"typology": "chalet"}, "suggestedTexts": {"subtitle": "Eixample, Sant Cugat del Vall\u00e8s", "title": "Chalet"}, "hasPlan": true, "has3DTour": false, "has360": false, "hasStaging": false, "topNewDevelopment": false}, {"propertyCode": "90310446", "thumbnail": "https://img3.idealista.com/blur/WEB_LISTING/0/id.pro.es.image.master/4c/a1/f2/787809844.jpg", "externalReference": "9061", "numPhotos": 45, "price": 450000.0, "propertyType": "chalet", "operation": "sale", "size": 130.0, "exterior": false, "rooms": 5, "bathrooms": 2, "address": "Golf", "province": "Barcelona", "municipality": "Sant Cugat del Vall\u00e8s", "district": "Golf", "country": "es", "latitude": 41.45649, "longitude": 2.08721, "showAddress": false, "url": "https://www.idealista.com/inmueble/90310446/", "distance": "2337", "hasVideo": true, "status": "good", "newDevelopment": false, "priceByArea": 3462.0, "detailedType": {"typology": "chalet"}, "suggestedTexts": {"subtitle": "Golf, Sant Cugat del Vall\u00e8s", "title": "Chalet"}, "hasPlan": true, "has3DTour": false, "has360": false, "hasStaging": false, "topNewDevelopment": false}, {"propertyCode": "89913649", "thumbnail": "https://img3.idealista.com/blur/WEB_LISTING/0/id.pro.es.image.master/cc/ed/e1/779196776.jpg", "externalReference": "W-02ISUF", "numPhotos": 23, "price": 650000.0, "propertyType": "chalet", "operation": "sale", "size": 304.0, "exterior": false, "rooms": 4, "bathrooms": 4, "address": "barrio Vallvidrera - El Tibidabo i les Planes", "province": "Barcelona", "municipality": "Barcelona", "district": "Sarri\u00e0-Sant Gervasi", "country": "es", "neighborhood": "Vallvidrera - El Tibidabo i les Planes", "latitude": 41.4150425, "longitude": 2.097507, "showAddress": false, "url": "https://www.idealista.com/inmueble/89913649/", "distance": "2830", "hasVideo": false, "status": "good", "newDevelopment": false, "parkingSpace": {"hasParkingSpace": true, "isParkingSpaceIncludedInPrice": true}, "priceByArea": 2138.0, "detailedType": {"typology": "chalet", "subTypology": "independantHouse"}, "suggestedTexts": {"subtitle": "Vallvidrera - El Tibidabo i les Planes, Barcelona", "title": "Casa independiente"}, "hasPlan": false, "has3DTour": false, "has360": false, "hasStaging": false, "topNewDevelopment": false}, {"propertyCode": "89047444", "thumbnail": "https://img3.idealista.com/blur/WEB_LISTING/0/id.pro.es.image.master/d8/47/67/769894591.jpg", "externalReference": "W-02GALT", "numPhotos": 26, "floor": "2", "price": 275000.0, "propertyType": "flat", "operation": "sale", "size": 73.0, "exterior": false, "rooms": 2, "bathrooms": 1, "address": "La Floresta - Les Planes", "province": "Barcelona", "municipality": "Sant Cugat del Vall\u00e8s", "district": "La Floresta - Les Planes", "country": "es", "latitude": 41.4481306, "longitude": 2.0763116, "showAddress": false, "url": "https://www.idealista.com/inmueble/89047444/", "distance": "1324", "hasVideo": false, "status": "renew", "newDevelopment": false, "hasLift": false, "priceByArea": 3767.0, "detailedType": {"typology": "flat"}, "suggestedTexts": {"subtitle": "La Floresta - Les Planes, Sant Cugat del Vall\u00e8s", "title": "Piso"}, "hasPlan": false, "has3DTour": false, "has360": false, "hasStaging": false, "topNewDevelopment": false}, {"propertyCode": "86444300", "thumbnail": "https://img3.idealista.com/blur/WEB_LISTING/0/id.pro.es.image.master/0d/54/b5/756032359.jpg", "externalReference": "W-02FXWR", "numPhotos": 36, "floor": "bj", "price": 455000.0, "propertyType": "flat", "operation": "sale", "size": 87.0, "exterior": false, "rooms": 3, "bathrooms": 2, "address": "Golf", "province": "Barcelona", "municipality": "Sant Cugat del Vall\u00e8s", "district": "Golf", "country": "es", "latitude": 41.45994, "longitude": 2.07374, "showAddress": false, "url": "https://www.idealista.com/inmueble/86444300/", "distance": "2655", "hasVideo": false, "status": "good", "newDevelopment": false, "hasLift": true, "parkingSpace": {"hasParkingSpace": true, "isParkingSpaceIncludedInPrice": true}, "priceByArea": 5230.0, "detailedType": {"typology": "flat"}, "suggestedTexts": {"subtitle": "Golf, Sant Cugat del Vall\u00e8s", "title": "Piso"}, "hasPlan": false, "has3DTour": false, "has360": false, "hasStaging": false, "topNewDevelopment": false}, {"propertyCode": "91521602", "thumbnail": "https://img3.idealista.com/blur/WEB_LISTING/0/id.pro.es.image.master/0c/e6/53/816561027.jpg", "externalReference": "VSC2008005-3", "numPhotos": 27, "price": 955000.0, "propertyType": "chalet", "operation": "sale", "size": 3330.0, "exterior": false, "rooms": 9, "bathrooms": 5, "address": "Passatge Vall d'Or", "province": "Barcelona", "municipality": "Sant Cugat del Vall\u00e8s", "district": "Valldoreix", "country": "es", "latitude": 41.4568386, "longitude": 2.0567838, "showAddress": false, "url": "https://www.idealista.com/inmueble/91521602/", "distance": "2932", "hasVideo": true, "status": "good", "newDevelopment": false, "parkingSpace": {"hasParkingSpace": true, "isParkingSpaceIncludedInPrice": true}, "priceByArea": 287.0, "detailedType": {"typology": "chalet"}, "suggestedTexts": {"subtitle": "Valldoreix, Sant Cugat del Vall\u00e8s", "title": "Chalet en Passatge Vall d'Or"}, "hasPlan": false, "has3DTour": false, "has360": false, "hasStaging": false, "topNewDevelopment": false}, {"propertyCode": "91249808", "thumbnail": "https://img3.idealista.com/blur/WEB_LISTING/0/id.pro.es.image.master/20/0e/5e/810201708.jpg", "externalReference": "VSC2001002-5", "numPhotos": 34, "price": 840000.0, "propertyType": "chalet", "operation": "sale", "size": 385.0, "exterior": false, "rooms": 5, "bathrooms": 5, "address": "Avenida de Villadelprat", "province": "Barcelona", "municipality": "Sant Cugat del Vall\u00e8s", "district": "Golf", "country": "es", "latitude": 41.4550836, "longitude": 2.0685816, "showAddress": false, "url": "https://www.idealista.com/inmueble/91249808/", "distance": "2252", "hasVideo": true, "status": "good", "newDevelopment": false, "parkingSpace": {"hasParkingSpace": true, "isParkingSpaceIncludedInPrice": true}, "priceByArea": 2182.0, "detailedType": {"typology": "chalet"}, "suggestedTexts": {"subtitle": "Golf, Sant Cugat del Vall\u00e8s", "title": "Chalet en Avenida de Villadelprat"}, "hasPlan": false, "has3DTour": false, "has360": false, "hasStaging": false, "topNewDevelopment": false}, {"propertyCode": "90346621", "thumbnail": "https://img3.idealista.com/blur/WEB_LISTING/0/id.pro.es.image.master/d3/6e/2a/788664899.jpg", "externalReference": "VSC2005010-4", "numPhotos": 28, "price": 3300000.0, "propertyType": "chalet", "operation": "sale", "size": 800.0, "exterior": false, "rooms": 5, "bathrooms": 5, "address": "Calle Oce\u00e0 Atl\u00e0ntic", "province": "Barcelona", "municipality": "Sant Cugat del Vall\u00e8s", "district": "Golf", "country": "es", "latitude": 41.4574911, "longitude": 2.0804675, "showAddress": false, "url": "https://www.idealista.com/inmueble/90346621/", "distance": "2349", "hasVideo": true, "status": "good", "newDevelopment": false, "parkingSpace": {"hasParkingSpace": true, "isParkingSpaceIncludedInPrice": true}, "priceByArea": 4125.0, "detailedType": {"typology": "chalet"}, "suggestedTexts": {"subtitle": "Golf, Sant Cugat del Vall\u00e8s", "title": "Chalet en Calle Oce\u00e0 Atl\u00e0ntic"}, "hasPlan": false, "has3DTour": false, "has360": false, "hasStaging": false, "topNewDevelopment": false}, {"propertyCode": "92666779", "thumbnail": "https://img3.idealista.com/blur/WEB_LISTING/0/id.pro.es.image.master/c2/06/b7/845208679.jpg", "externalReference": "STC27168", "numPhotos": 38, "price": 1800000.0, "propertyType": "chalet", "operation": "sale", "size": 544.0, "exterior": false, "rooms": 5, "bathrooms": 5, "address": "La Floresta - Les Planes", "province": "Barcelona", "municipality": "Sant Cugat del Vall\u00e8s", "district": "La Floresta - Les Planes", "country": "es", "latitude": 41.4470455, "longitude": 2.0823967, "showAddress": false, "url": "https://www.idealista.com/inmueble/92666779/", "distance": "1217", "hasVideo": true, "status": "good", "newDevelopment": false, "parkingSpace": {"hasParkingSpace": true, "isParkingSpaceIncludedInPrice": true}, "priceByArea": 3309.0, "detailedType": {"typology": "chalet"}, "suggestedTexts": {"subtitle": "La Floresta - Les Planes, Sant Cugat del Vall\u00e8s", "title": "Chalet"}, "hasPlan": true, "has3DTour": false, "has360": false, "hasStaging": false, "topNewDevelopment": false}, {"propertyCode": "91784789", "thumbnail": "https://img3.idealista.com/blur/WEB_LISTING/0/id.pro.es.image.master/7f/71/c2/823217922.jpg", "externalReference": "VSC2002008-5", "numPhotos": 38, "price": 1380000.0, "propertyType": "chalet", "operation": "sale", "size": 665.0, "exterior": false, "rooms": 5, "bathrooms": 6, "address": "Golf", "province": "Barcelona", "municipality": "Sant Cugat del Vall\u00e8s", "district": "Golf", "country": "es", "latitude": 41.4617043, "longitude": 2.0754676, "showAddress": false, "url": "https://www.idealista.com/inmueble/91784789/", "distance": "2830", "hasVideo": true, "status": "good", "newDevelopment": false, "parkingSpace": {"hasParkingSpace": true, "isParkingSpaceIncludedInPrice": true}, "priceByArea": 2075.0, "detailedType": {"typology": "chalet", "subTypology": "independantHouse"}, "suggestedTexts": {"subtitle": "Golf, Sant Cugat del Vall\u00e8s", "title": "Casa independiente"}, "hasPlan": false, "has3DTour": false, "has360": false, "hasStaging": false, "topNewDevelopment": false}, {"propertyCode": "91474685", "thumbnail": "https://img3.idealista.com/blur/WEB_LISTING/0/id.pro.es.image.master/3f/84/ea/815442107.jpg", "externalReference": "VSC2010002-1", "numPhotos": 20, "price": 1190000.0, "propertyType": "chalet", "operation": "sale", "size": 340.0, "exterior": false, "rooms": 5, "bathrooms": 3, "address": "Valldoreix", "province": "Barcelona", "municipality": "Sant Cugat del Vall\u00e8s", "district": "Valldoreix", "country": "es", "latitude": 41.4527814, "longitude": 2.0627563, "showAddress": false, "url": "https://www.idealista.com/inmueble/91474685/", "distance": "2270", "hasVideo": true, "status": "good", "newDevelopment": false, "priceByArea": 3500.0, "detailedType": {"typology": "chalet"}, "suggestedTexts": {"subtitle": "Valldoreix, Sant Cugat del Vall\u00e8s", "title": "Chalet"}, "hasPlan": false, "has3DTour": false, "has360": false, "hasStaging": false, "topNewDevelopment": false}, {"propertyCode": "90346465", "thumbnail": "https://img3.idealista.com/blur/WEB_LISTING/0/id.pro.es.image.master/a3/22/82/788660491.jpg", "externalReference": "VSC1602006-5", "numPhotos": 35, "price": 1090000.0, "propertyType": "chalet", "operation": "sale", "size": 436.0, "exterior": false, "rooms": 5, "bathrooms": 5, "address": "Valldoreix", "province": "Barcelona", "municipality": "Sant Cugat del Vall\u00e8s", "district": "Valldoreix", "country": "es", "latitude": 41.4513436, "longitude": 2.0539367, "showAddress": false, "url": "https://www.idealista.com/inmueble/90346465/", "distance": "2670", "hasVideo": true, "status": "good", "newDevelopment": false, "parkingSpace": {"hasParkingSpace": true, "isParkingSpaceIncludedInPrice": true}, "priceByArea": 2500.0, "detailedType": {"typology": "chalet"}, "suggestedTexts": {"subtitle": "Valldoreix, Sant Cugat del Vall\u00e8s", "title": "Chalet"}, "hasPlan": false, "has3DTour": false, "has360": false, "hasStaging": false, "topNewDevelopment": false}, {"propertyCode": "90869412", "thumbnail": "https://img3.idealista.com/blur/WEB_LISTING/0/id.pro.es.image.master/af/4d/5f/801347257.jpg", "externalReference": "27693", "numPhotos": 49, "price": 495000.0, "propertyType": "chalet", "operation": "sale", "size": 480.0, "exterior": false, "rooms": 5, "bathrooms": 3, "address": "La Floresta - Les Planes", "province": "Barcelona", "municipality": "Sant Cugat del Vall\u00e8s", "district": "La Floresta - Les Planes", "country": "es", "latitude": 41.4430246, "longitude": 2.107273, "showAddress": false, "url": "https://www.idealista.com/inmueble/90869412/", "distance": "2468", "hasVideo": false, "status": "good", "newDevelopment": false, "priceByArea": 1031.0, "detailedType": {"typology": "chalet"}, "suggestedTexts": {"subtitle": "La Floresta - Les Planes, Sant Cugat del Vall\u00e8s", "title": "Chalet"}, "hasPlan": false, "has3DTour": false, "has360": true, "hasStaging": false, "topNewDevelopment": false}, {"propertyCode": "89996625", "thumbnail": "https://img3.idealista.com/blur/WEB_LISTING/0/id.pro.es.image.master/9f/44/6f/781202531.jpg", "externalReference": "27401", "numPhotos": 33, "price": 550000.0, "propertyType": "chalet", "operation": "sale", "size": 283.0, "exterior": false, "rooms": 4, "bathrooms": 1, "address": "Valldoreix", "province": "Barcelona", "municipality": "Sant Cugat del Vall\u00e8s", "district": "Valldoreix", "country": "es", "latitude": 41.4562793, "longitude": 2.0589378, "showAddress": false, "url": "https://www.idealista.com/inmueble/89996625/", "distance": "2772", "hasVideo": true, "status": "good", "newDevelopment": false, "parkingSpace": {"hasParkingSpace": true, "isParkingSpaceIncludedInPrice": true}, "priceByArea": 1943.0, "detailedType": {"typology": "chalet"}, "suggestedTexts": {"subtitle": "Valldoreix, Sant Cugat del Vall\u00e8s", "title": "Chalet"}, "hasPlan": false, "has3DTour": false, "has360": false, "hasStaging": false, "topNewDevelopment": false}, {"propertyCode": "88884195", "thumbnail": "https://img3.idealista.com/blur/WEB_LISTING/0/id.pro.es.image.master/d0/a1/87/764059622.jpg", "externalReference": "0062-00229", "numPhotos": 37, "floor": "bj", "price": 295000.0, "propertyType": "flat", "operation": "sale", "size": 93.0, "exterior": true, "rooms": 3, "bathrooms": 1, "address": "Calle Major de la Floresta", "province": "Barcelona", "municipality": "Sant Cugat del Vall\u00e8s", "district": "La Floresta - Les Planes", "country": "es", "latitude": 41.4416018, "longitude": 2.0785517, "showAddress": false, "url": "https://www.idealista.com/inmueble/88884195/", "distance": "580", "hasVideo": false, "status": "good", "newDevelopment": false, "hasLift": false, "parkingSpace": {"hasParkingSpace": true, "isParkingSpaceIncludedInPrice": true}, "priceByArea": 3172.0, "detailedType": {"typology": "flat"}, "suggestedTexts": {"subtitle": "La Floresta - Les Planes, Sant Cugat del Vall\u00e8s", "title": "Piso en Calle Major de la Floresta"}, "hasPlan": true, "has3DTour": false, "has360": true, "hasStaging": true, "topNewDevelopment": false}, {"propertyCode": "84736513", "thumbnail": "https://img3.idealista.com/blur/WEB_LISTING/0/id.pro.es.image.master/eb/ac/73/645677831.jpg", "externalReference": "4343", "numPhotos": 65, "price": 875000.0, "propertyType": "chalet", "operation": "sale", "size": 455.0, "exterior": false, "rooms": 5, "bathrooms": 4, "address": "barrio Vallvidrera - El Tibidabo i les Planes", "province": "Barcelona", "municipality": "Barcelona", "district": "Sarri\u00e0-Sant Gervasi", "country": "es", "neighborhood": "Vallvidrera - El Tibidabo i les Planes", "latitude": 41.4175858, "longitude": 2.1074065, "showAddress": false, "url": "https://www.idealista.com/inmueble/84736513/", "distance": "3158", "hasVideo": true, "status": "good", "newDevelopment": false, "parkingSpace": {"hasParkingSpace": true, "isParkingSpaceIncludedInPrice": true}, "priceByArea": 1923.0, "detailedType": {"typology": "chalet", "subTypology": "independantHouse"}, "suggestedTexts": {"subtitle": "Vallvidrera - El Tibidabo i les Planes, Barcelona", "title": "Casa independiente"}, "hasPlan": true, "has3DTour": false, "has360": false, "hasStaging": false, "topNewDevelopment": false}, {"propertyCode": "91599983", "thumbnail": "https://img3.idealista.com/blur/WEB_LISTING/0/id.pro.es.image.master/ea/a0/94/818653050.jpg", "externalReference": "4333", "numPhotos": 74, "price": 1350000.0, "propertyType": "chalet", "operation": "sale", "size": 519.0, "exterior": false, "rooms": 6, "bathrooms": 4, "address": "barrio Vallvidrera - El Tibidabo i les Planes", "province": "Barcelona", "municipality": "Barcelona", "district": "Sarri\u00e0-Sant Gervasi", "country": "es", "neighborhood": "Vallvidrera - El Tibidabo i les Planes", "latitude": 41.4294592, "longitude": 2.0989615, "showAddress": false, "url": "https://www.idealista.com/inmueble/91599983/", "distance": "1833", "hasVideo": false, "status": "good", "newDevelopment": false, "parkingSpace": {"hasParkingSpace": true, "isParkingSpaceIncludedInPrice": true}, "priceByArea": 2601.0, "detailedType": {"typology": "chalet", "subTypology": "independantHouse"}, "suggestedTexts": {"subtitle": "Vallvidrera - El Tibidabo i les Planes, Barcelona", "title": "Casa independiente"}, "hasPlan": true, "has3DTour": false, "has360": true, "hasStaging": false, "topNewDevelopment": false}, {"propertyCode": "89059714", "thumbnail": "https://img3.idealista.com/blur/WEB_LISTING/0/id.pro.es.image.master/64/f2/4b/762238320.jpg", "externalReference": "4318", "numPhotos": 54, "price": 595000.0, "propertyType": "chalet", "operation": "sale", "size": 220.0, "exterior": false, "rooms": 5, "bathrooms": 3, "address": "barrio Vallvidrera - El Tibidabo i les Planes", "province": "Barcelona", "municipality": "Barcelona", "district": "Sarri\u00e0-Sant Gervasi", "country": "es", "neighborhood": "Vallvidrera - El Tibidabo i les Planes", "latitude": 41.4233409, "longitude": 2.0951122, "showAddress": false, "url": "https://www.idealista.com/inmueble/89059714/", "distance": "1976", "hasVideo": true, "status": "good", "newDevelopment": false, "parkingSpace": {"hasParkingSpace": true, "isParkingSpaceIncludedInPrice": true}, "priceByArea": 2705.0, "detailedType": {"typology": "chalet", "subTypology": "independantHouse"}, "suggestedTexts": {"subtitle": "Vallvidrera - El Tibidabo i les Planes, Barcelona", "title": "Casa independiente"}, "hasPlan": true, "has3DTour": false, "has360": true, "hasStaging": false, "topNewDevelopment": false}, {"propertyCode": "88740695", "thumbnail": "https://img3.idealista.com/blur/WEB_LISTING/0/id.pro.es.image.master/66/dc/a1/754059502.jpg", "externalReference": "4316", "numPhotos": 50, "price": 650000.0, "propertyType": "chalet", "operation": "sale", "size": 243.0, "exterior": false, "rooms": 4, "bathrooms": 3, "address": "barrio Vallvidrera - El Tibidabo i les Planes", "province": "Barcelona", "municipality": "Barcelona", "district": "Sarri\u00e0-Sant Gervasi", "country": "es", "neighborhood": "Vallvidrera - El Tibidabo i les Planes", "latitude": 41.4292756, "longitude": 2.0940321, "showAddress": false, "url": "https://www.idealista.com/inmueble/88740695/", "distance": "1481", "hasVideo": true, "status": "good", "newDevelopment": false, "priceByArea": 2675.0, "detailedType": {"typology": "chalet", "subTypology": "independantHouse"}, "suggestedTexts": {"subtitle": "Vallvidrera - El Tibidabo i les Planes, Barcelona", "title": "Casa independiente"}, "hasPlan": true, "has3DTour": false, "has360": true, "hasStaging": false, "topNewDevelopment": false}, {"propertyCode": "27528727", "thumbnail": "https://img3.idealista.com/blur/WEB_LISTING/0/id.pro.es.image.master/53/30/71/57017965.jpg", "externalReference": "V5160", "numPhotos": 9, "price": 1500000.0, "propertyType": "chalet", "operation": "sale", "size": 600.0, "exterior": false, "rooms": 6, "bathrooms": 7, "address": "Golf", "province": "Barcelona", "municipality": "Sant Cugat del Vall\u00e8s", "district": "Golf", "country": "es", "latitude": 41.4646271, "longitude": 2.0747311, "showAddress": false, "url": "https://www.idealista.com/inmueble/27528727/", "distance": "3159", "hasVideo": true, "status": "good", "newDevelopment": false, "parkingSpace": {"hasParkingSpace": true, "isParkingSpaceIncludedInPrice": true}, "priceByArea": 2500.0, "detailedType": {"typology": "chalet", "subTypology": "terracedHouse"}, "suggestedTexts": {"subtitle": "Golf, Sant Cugat del Vall\u00e8s", "title": "Chalet adosado"}, "hasPlan": false, "has3DTour": false, "has360": true, "hasStaging": false, "topNewDevelopment": false}, {"propertyCode": "92059302", "thumbnail": "https://img3.idealista.com/blur/WEB_LISTING/0/id.pro.es.image.master/cb/5e/6d/847339229.jpg", "externalReference": "3344", "numPhotos": 53, "price": 795000.0, "propertyType": "chalet", "operation": "sale", "size": 230.0, "exterior": false, "rooms": 5, "bathrooms": 3, "address": "Valldoreix", "province": "Barcelona", "municipality": "Sant Cugat del Vall\u00e8s", "district": "Valldoreix", "country": "es", "latitude": 41.4574107, "longitude": 2.0654102, "showAddress": false, "url": "https://www.idealista.com/inmueble/92059302/", "distance": "2597", "hasVideo": false, "status": "good", "newDevelopment": false, "parkingSpace": {"hasParkingSpace": true, "isParkingSpaceIncludedInPrice": true}, "priceByArea": 3457.0, "detailedType": {"typology": "chalet"}, "suggestedTexts": {"subtitle": "Valldoreix, Sant Cugat del Vall\u00e8s", "title": "Chalet"}, "hasPlan": false, "has3DTour": false, "has360": true, "hasStaging": false, "topNewDevelopment": false}, {"propertyCode": "93106528", "thumbnail": "https://img3.idealista.com/blur/WEB_LISTING/0/id.pro.es.image.master/fd/d1/79/854646844.jpg", "externalReference": "PLANES-21", "numPhotos": 49, "price": 500000.0, "propertyType": "chalet", "operation": "sale", "size": 160.0, "exterior": false, "rooms": 3, "bathrooms": 1, "address": "Avenida tots sants, 13", "province": "Barcelona", "municipality": "Barcelona", "district": "Sarri\u00e0-Sant Gervasi", "country": "es", "neighborhood": "Vallvidrera - El Tibidabo i les Planes", "latitude": 41.4298798, "longitude": 2.0969514, "showAddress": true, "url": "https://www.idealista.com/inmueble/93106528/", "distance": "1661", "hasVideo": false, "status": "good", "newDevelopment": false, "parkingSpace": {"hasParkingSpace": true, "isParkingSpaceIncludedInPrice": true}, "priceByArea": 3125.0, "detailedType": {"typology": "chalet", "subTypology": "independantHouse"}, "suggestedTexts": {"subtitle": "Vallvidrera - El Tibidabo i les Planes, Barcelona", "title": "Casa independiente en Avenida tots sants, 13"}, "hasPlan": true, "has3DTour": false, "has360": false, "hasStaging": false, "topNewDevelopment": false}, {"propertyCode": "93000870", "thumbnail": "https://img3.idealista.com/blur/WEB_LISTING/0/id.pro.es.image.master/8c/fc/6a/852767273.jpg", "externalReference": "VB2102060", "numPhotos": 32, "floor": "bj", "price": 1300000.0, "propertyType": "flat", "operation": "sale", "size": 278.0, "exterior": true, "rooms": 5, "bathrooms": 5, "address": "barrio Vallvidrera - El Tibidabo i les Planes", "province": "Barcelona", "municipality": "Barcelona", "district": "Sarri\u00e0-Sant Gervasi", "country": "es", "neighborhood": "Vallvidrera - El Tibidabo i les Planes", "latitude": 41.416385, "longitude": 2.1057974, "showAddress": false, "url": "https://www.idealista.com/inmueble/93000870/", "distance": "3152", "hasVideo": false, "status": "good", "newDevelopment": false, "hasLift": true, "parkingSpace": {"hasParkingSpace": true, "isParkingSpaceIncludedInPrice": true}, "priceByArea": 4676.0, "detailedType": {"typology": "flat"}, "suggestedTexts": {"subtitle": "Vallvidrera - El Tibidabo i les Planes, Barcelona", "title": "Piso"}, "hasPlan": true, "has3DTour": false, "has360": false, "hasStaging": false, "topNewDevelopment": false}, {"propertyCode": "91784836", "thumbnail": "https://img3.idealista.com/blur/WEB_LISTING/0/id.pro.es.image.master/e9/5e/56/823218826.jpg", "externalReference": "VB1611044-6", "numPhotos": 45, "price": 1750000.0, "propertyType": "chalet", "operation": "sale", "size": 546.0, "exterior": false, "rooms": 6, "bathrooms": 6, "address": "barrio Vallvidrera - El Tibidabo i les Planes", "province": "Barcelona", "municipality": "Barcelona", "district": "Sarri\u00e0-Sant Gervasi", "country": "es", "neighborhood": "Vallvidrera - El Tibidabo i les Planes", "latitude": 41.4219158, "longitude": 2.093368, "showAddress": false, "url": "https://www.idealista.com/inmueble/91784836/", "distance": "2005", "hasVideo": false, "status": "good", "newDevelopment": false, "parkingSpace": {"hasParkingSpace": true, "isParkingSpaceIncludedInPrice": true}, "priceByArea": 3205.0, "detailedType": {"typology": "chalet"}, "suggestedTexts": {"subtitle": "Vallvidrera - El Tibidabo i les Planes, Barcelona", "title": "Chalet"}, "hasPlan": true, "has3DTour": false, "has360": false, "hasStaging": false, "topNewDevelopment": false}, {"propertyCode": "91527712", "thumbnail": "https://img3.idealista.com/blur/WEB_LISTING/0/id.pro.es.image.master/8d/30/8c/816717770.jpg", "externalReference": "CASA0055", "numPhotos": 136, "floor": "bj", "price": 1380000.0, "propertyType": "chalet", "operation": "sale", "size": 566.0, "exterior": false, "rooms": 6, "bathrooms": 7, "address": "Calle de Vill\u00e0, 82 -108", "province": "Barcelona", "municipality": "Sant Cugat del Vall\u00e8s", "district": "Golf", "country": "es", "latitude": 41.4631898, "longitude": 2.0765739, "showAddress": true, "url": "https://www.idealista.com/inmueble/91527712/", "distance": "2986", "hasVideo": true, "status": "good", "newDevelopment": false, "parkingSpace": {"hasParkingSpace": true, "isParkingSpaceIncludedInPrice": true}, "priceByArea": 2438.0, "detailedType": {"typology": "chalet", "subTypology": "terracedHouse"}, "suggestedTexts": {"subtitle": "Golf, Sant Cugat del Vall\u00e8s", "title": "Chalet adosado en Calle de Vill\u00e0, 82 -108"}, "hasPlan": true, "has3DTour": false, "has360": false, "hasStaging": false, "topNewDevelopment": false}, {"propertyCode": "91500488", "thumbnail": "https://img3.idealista.com/blur/WEB_LISTING/0/id.pro.es.image.master/49/4d/80/816050745.jpg", "externalReference": "CASA0054", "numPhotos": 140, "floor": "bj", "price": 1425000.0, "propertyType": "chalet", "operation": "sale", "size": 566.0, "exterior": false, "rooms": 6, "bathrooms": 6, "address": "Calle de Vill\u00e0, 82 -108", "province": "Barcelona", "municipality": "Sant Cugat del Vall\u00e8s", "district": "Golf", "country": "es", "latitude": 41.4631898, "longitude": 2.0765739, "showAddress": true, "url": "https://www.idealista.com/inmueble/91500488/", "distance": "2986", "hasVideo": false, "status": "good", "newDevelopment": false, "parkingSpace": {"hasParkingSpace": true, "isParkingSpaceIncludedInPrice": true}, "priceByArea": 2518.0, "detailedType": {"typology": "chalet"}, "suggestedTexts": {"subtitle": "Golf, Sant Cugat del Vall\u00e8s", "title": "Chalet en Calle de Vill\u00e0, 82 -108"}, "hasPlan": true, "has3DTour": true, "has360": false, "hasStaging": false, "topNewDevelopment": false}, {"propertyCode": "91897389", "thumbnail": "https://img3.idealista.com/blur/WEB_LISTING/0/id.pro.es.image.master/f4/88/d1/825927979.jpg", "externalReference": "1c2005", "numPhotos": 54, "price": 450000.0, "propertyType": "chalet", "operation": "sale", "size": 106.0, "exterior": false, "rooms": 5, "bathrooms": 2, "address": "Golf", "province": "Barcelona", "municipality": "Sant Cugat del Vall\u00e8s", "district": "Golf", "country": "es", "latitude": 41.45519, "longitude": 2.08611, "showAddress": false, "url": "https://www.idealista.com/inmueble/91897389/", "distance": "2172", "hasVideo": true, "status": "renew", "newDevelopment": false, "priceByArea": 4245.0, "detailedType": {"typology": "chalet", "subTypology": "independantHouse"}, "suggestedTexts": {"subtitle": "Golf, Sant Cugat del Vall\u00e8s", "title": "Casa independiente"}, "hasPlan": true, "has3DTour": false, "has360": false, "hasStaging": false, "topNewDevelopment": false}, {"propertyCode": "92903689", "thumbnail": "https://img3.idealista.com/blur/WEB_LISTING/0/id.pro.es.image.master/a1/ff/39/855248310.jpg", "externalReference": "V0220", "numPhotos": 50, "price": 835000.0, "propertyType": "chalet", "operation": "sale", "size": 255.0, "exterior": false, "rooms": 5, "bathrooms": 3, "address": "Avenida Pere Planas", "province": "Barcelona", "municipality": "Sant Cugat del Vall\u00e8s", "district": "La Floresta - Les Planes", "country": "es", "latitude": 41.4402703, "longitude": 2.090618, "showAddress": false, "url": "https://www.idealista.com/inmueble/92903689/", "distance": "1059", "hasVideo": false, "status": "good", "newDevelopment": false, "parkingSpace": {"hasParkingSpace": true, "isParkingSpaceIncludedInPrice": true}, "priceByArea": 3275.0, "detailedType": {"typology": "chalet", "subTypology": "independantHouse"}, "suggestedTexts": {"subtitle": "La Floresta - Les Planes, Sant Cugat del Vall\u00e8s", "title": "Casa independiente en Avenida Pere Planas"}, "hasPlan": false, "has3DTour": false, "has360": false, "hasStaging": false, "topNewDevelopment": false}]