[{"propertyCode": "91784841", "thumbnail": "https://img3.idealista.com/blur/WEB_LISTING/0/id.pro.es.image.master/70/e1/fd/823218921.jpg", "externalReference": "VB1703044-6", "numPhotos": 39, "price": 1500000.0, "propertyType": "chalet", "operation": "sale", "size": 480.0, "exterior": false, "rooms": 5, "bathrooms": 4, "address": "La Plana - Bellsoleig", "province": "Barcelona", "municipality": "Sant Just Desvern", "district": "La Plana - Bellsoleig", "country": "es", "latitude": 41.3972758, "longitude": 2.0735675, "showAddress": false, "url": "https://www.idealista.com/inmueble/91784841/", "distance": "2768", "hasVideo": false, "status": "good", "newDevelopment": false, "parkingSpace": {"hasParkingSpace": true, "isParkingSpaceIncludedInPrice": true}, "priceByArea": 3125.0, "detailedType": {"typology": "chalet"}, "suggestedTexts": {"subtitle": "La Plana - Bellsoleig, Sant Just Desvern", "title": "Chalet"}, "hasPlan": true, "has3DTour": false, "has360": false, "hasStaging": false, "topNewDevelopment": false}, {"propertyCode": "88320610", "thumbnail": "https://img3.idealista.com/blur/WEB_LISTING/0/id.pro.es.image.master/c6/5b/b3/731624888.jpg", "externalReference": "4\u00baG", "numPhotos": 14, "floor": "4", "price": 219000.0, "propertyType": "flat", "operation": "sale", "size": 67.0, "exterior": true, "rooms": 2, "bathrooms": 2, "address": "Avenida  de la Mancomunitat, 1", "province": "Barcelona", "municipality": "Molins de Rei", "country": "es", "latitude": 41.4067889, "longitude": 2.0256349, "showAddress": true, "url": "https://www.idealista.com/obra-nueva/88320610/", "distance": "2487", "hasVideo": false, "status": "newdevelopment", "newDevelopment": true, "hasLift": true, "newDevelopmentFinished": false, "priceByArea": 3269.0, "detailedType": {"typology": "flat"}, "suggestedTexts": {"subtitle": "Molins de Rei", "title": "Piso en Avenida  de la Mancomunitat, 1"}, "hasPlan": true, "has3DTour": false, "has360": false, "hasStaging": false, "topNewDevelopment": false}, {"propertyCode": "40177072", "thumbnail": "https://img3.idealista.com/blur/WEB_LISTING/0/id.pro.es.image.master/5b/13/56/275351043.jpg", "externalReference": "BCN05229", "numPhotos": 23, "price": 4500000.0, "propertyType": "chalet", "operation": "sale", "size": 800.0, "exterior": false, "rooms": 6, "bathrooms": 6, "address": "La Plana - Bellsoleig", "province": "Barcelona", "municipality": "Sant Just Desvern", "district": "La Plana - Bellsoleig", "country": "es", "latitude": 41.39527, "longitude": 2.07322, "showAddress": false, "url": "https://www.idealista.com/inmueble/40177072/", "distance": "2926", "hasVideo": false, "status": "good", "newDevelopment": false, "parkingSpace": {"hasParkingSpace": true, "isParkingSpaceIncludedInPrice": true}, "priceByArea": 5625.0, "detailedType": {"typology": "chalet", "subTypology": "independantHouse"}, "suggestedTexts": {"subtitle": "La Plana - Bellsoleig, Sant Just Desvern", "title": "Casa independiente"}, "hasPlan": false, "has3DTour": false, "has360": false, "hasStaging": false, "topNewDevelopment": false}, {"propertyCode": "93084753", "thumbnail": "https://img3.idealista.com/blur/WEB_LISTING/0/id.pro.es.image.master/da/02/56/854109385.jpg", "externalReference": "W-00N32I", "numPhotos": 41, "price": 1269000.0, "propertyType": "chalet", "operation": "sale", "size": 417.0, "exterior": false, "rooms": 7, "bathrooms": 5, "address": "La Plana - Bellsoleig", "province": "Barcelona", "municipality": "Sant Just Desvern", "district": "La Plana - Bellsoleig", "country": "es", "latitude": 41.3958252, "longitude": 2.0722956, "showAddress": false, "url": "https://www.idealista.com/inmueble/93084753/", "distance": "2831", "hasVideo": false, "status": "good", "newDevelopment": false, "parkingSpace": {"hasParkingSpace": true, "isParkingSpaceIncludedInPrice": true}, "priceByArea": 3043.0, "detailedType": {"typology": "chalet", "subTypology": "independantHouse"}, "suggestedTexts": {"subtitle": "La Plana - Bellsoleig, Sant Just Desvern", "title": "Casa independiente"}, "hasPlan": false, "has3DTour": false, "has360": false, "hasStaging": false, "topNewDevelopment": false}, {"propertyCode": "84119209", "thumbnail": "https://img3.idealista.com/blur/WEB_LISTING/0/id.pro.es.image.master/df/5f/e0/764361063.jpg", "externalReference": "1050", "numPhotos": 25, "price": 1500000.0, "propertyType": "chalet", "operation": "sale", "size": 657.0, "exterior": false, "rooms": 5, "bathrooms": 4, "address": "Calle de les Perdius", "province": "Barcelona", "municipality": "Sant Just Desvern", "district": "La Plana - Bellsoleig", "country": "es", "latitude": 41.3969092, "longitude": 2.0766478, "showAddress": false, "url": "https://www.idealista.com/inmueble/84119209/", "distance": "2967", "hasVideo": true, "status": "good", "newDevelopment": false, "parkingSpace": {"hasParkingSpace": true, "isParkingSpaceIncludedInPrice": true}, "priceByArea": 2283.0, "detailedType": {"typology": "chalet", "subTypology": "independantHouse"}, "suggestedTexts": {"subtitle": "La Plana - Bellsoleig, Sant Just Desvern", "title": "Casa independiente en Calle de les Perdius"}, "hasPlan": false, "has3DTour": false, "has360": false, "hasStaging": false, "topNewDevelopment": false}, {"propertyCode": "90499677", "thumbnail": "https://img3.idealista.com/blur/WEB_LISTING/0/id.pro.es.image.master/5f/a7/50/791839810.jpg", "externalReference": "113312", "numPhotos": 27, "floor": "4", "price": 350000.0, "propertyType": "duplex", "operation": "sale", "size": 180.0, "exterior": true, "rooms": 4, "bathrooms": 3, "address": "Calle Amadeu Vives", "province": "Barcelona", "municipality": "Molins de Rei", "country": "es", "latitude": 41.40751, "longitude": 2.0256799, "showAddress": false, "url": "https://www.idealista.com/inmueble/90499677/", "distance": "2450", "hasVideo": false, "status": "good", "newDevelopment": false, "hasLift": true, "parkingSpace": {"hasParkingSpace": true, "isParkingSpaceIncludedInPrice": true}, "priceByArea": 1944.0, "detailedType": {"typology": "flat", "subTypology": "duplex"}, "suggestedTexts": {"subtitle": "Molins de Rei", "title": "D\u00faplex en Calle Amadeu Vives"}, "hasPlan": true, "has3DTour": false, "has360": false, "hasStaging": false, "topNewDevelopment": false}, {"propertyCode": "87248768", "thumbnail": "https://img3.idealista.com/blur/WEB_LISTING/0/id.pro.es.image.master/9e/e3/54/715819432.jpg", "externalReference": "107508", "numPhotos": 39, "floor": "bj", "price": 560000.0, "propertyType": "chalet", "operation": "sale", "size": 219.0, "exterior": false, "rooms": 4, "bathrooms": 5, "address": "Calle de Joan Salvat Papasseit", "province": "Barcelona", "municipality": "Molins de Rei", "country": "es", "latitude": 41.4134196, "longitude": 2.0268202, "showAddress": false, "url": "https://www.idealista.com/inmueble/87248768/", "distance": "2168", "hasVideo": false, "status": "good", "newDevelopment": false, "parkingSpace": {"hasParkingSpace": true, "isParkingSpaceIncludedInPrice": true}, "priceByArea": 2557.0, "detailedType": {"typology": "chalet"}, "suggestedTexts": {"subtitle": "Molins de Rei", "title": "Chalet en Calle de Joan Salvat Papasseit"}, "hasPlan": true, "has3DTour": false, "has360": false, "hasStaging": false, "topNewDevelopment": false}, {"propertyCode": "93129549", "thumbnail": "https://img3.idealista.com/blur/WEB_LISTING/0/id.pro.es.image.master/9e/51/a7/855175539.jpg", "externalReference": "330004", "numPhotos": 27, "floor": "4", "price": 390000.0, "propertyType": "duplex", "operation": "sale", "size": 166.0, "exterior": true, "rooms": 4, "bathrooms": 2, "address": "Avenida de Val\u00e8ncia s/n", "province": "Barcelona", "municipality": "Molins de Rei", "country": "es", "latitude": 41.4098824, "longitude": 2.0173297, "showAddress": true, "url": "https://www.idealista.com/inmueble/93129549/", "distance": "3023", "hasVideo": true, "status": "good", "newDevelopment": false, "hasLift": true, "priceByArea": 2349.0, "detailedType": {"typology": "flat", "subTypology": "duplex"}, "suggestedTexts": {"subtitle": "Molins de Rei", "title": "D\u00faplex en Avenida de Val\u00e8ncia s/n"}, "hasPlan": false, "has3DTour": false, "has360": false, "hasStaging": false, "topNewDevelopment": false}, {"propertyCode": "88320597", "thumbnail": "https://img3.idealista.com/blur/WEB_LISTING/0/id.pro.es.image.master/a3/b4/c4/731624886.jpg", "externalReference": "4\u00baC", "numPhotos": 14, "floor": "4", "price": 219000.0, "propertyType": "flat", "operation": "sale", "size": 67.0, "exterior": true, "rooms": 2, "bathrooms": 2, "address": "Avenida  de la Mancomunitat, 1", "province": "Barcelona", "municipality": "Molins de Rei", "country": "es", "latitude": 41.4067889, "longitude": 2.0256349, "showAddress": true, "url": "https://www.idealista.com/obra-nueva/88320597/", "distance": "2487", "hasVideo": false, "status": "newdevelopment", "newDevelopment": true, "hasLift": true, "newDevelopmentFinished": false, "priceByArea": 3269.0, "detailedType": {"typology": "flat"}, "suggestedTexts": {"subtitle": "Molins de Rei", "title": "Piso en Avenida  de la Mancomunitat, 1"}, "hasPlan": true, "has3DTour": false, "has360": false, "hasStaging": false, "topNewDevelopment": false}, {"propertyCode": "87818408", "thumbnail": "https://img3.idealista.com/blur/WEB_LISTING/0/id.pro.es.image.master/4e/b5/55/731624878.jpg", "externalReference": "4\u00baH", "numPhotos": 13, "floor": "4", "price": 229000.0, "propertyType": "flat", "operation": "sale", "size": 68.0, "exterior": true, "rooms": 2, "bathrooms": 2, "address": "Avenida  de la Mancomunitat, 1", "province": "Barcelona", "municipality": "Molins de Rei", "country": "es", "latitude": 41.4067889, "longitude": 2.0256349, "showAddress": true, "url": "https://www.idealista.com/obra-nueva/87818408/", "distance": "2487", "hasVideo": false, "status": "newdevelopment", "newDevelopment": true, "hasLift": true, "newDevelopmentFinished": false, "priceByArea": 3368.0, "detailedType": {"typology": "flat"}, "suggestedTexts": {"subtitle": "Molins de Rei", "title": "Piso en Avenida  de la Mancomunitat, 1"}, "hasPlan": true, "has3DTour": false, "has360": false, "hasStaging": false, "topNewDevelopment": false}, {"propertyCode": "88320391", "thumbnail": "https://img3.idealista.com/blur/WEB_LISTING/0/id.pro.es.image.master/a3/b4/c4/731624886.jpg", "externalReference": "2\u00baC", "numPhotos": 14, "floor": "2", "price": 206000.0, "propertyType": "flat", "operation": "sale", "size": 67.0, "exterior": true, "rooms": 2, "bathrooms": 2, "address": "Avenida  de la Mancomunitat, 1", "province": "Barcelona", "municipality": "Molins de Rei", "country": "es", "latitude": 41.4067889, "longitude": 2.0256349, "showAddress": true, "url": "https://www.idealista.com/obra-nueva/88320391/", "distance": "2487", "hasVideo": false, "status": "newdevelopment", "newDevelopment": true, "hasLift": true, "newDevelopmentFinished": false, "priceByArea": 3075.0, "detailedType": {"typology": "flat"}, "suggestedTexts": {"subtitle": "Molins de Rei", "title": "Piso en Avenida  de la Mancomunitat, 1"}, "hasPlan": true, "has3DTour": false, "has360": false, "hasStaging": false, "topNewDevelopment": false}, {"propertyCode": "87388302", "thumbnail": "https://img3.idealista.com/blur/WEB_LISTING/0/id.pro.es.image.master/73/61/e5/754552036.jpg", "externalReference": "2788", "numPhotos": 48, "price": 590000.0, "propertyType": "chalet", "operation": "sale", "size": 351.0, "exterior": false, "rooms": 7, "bathrooms": 3, "address": "Carretera de Vallvidrera", "province": "Barcelona", "municipality": "Molins de Rei", "country": "es", "latitude": 41.4255293, "longitude": 2.0394856, "showAddress": false, "url": "https://www.idealista.com/inmueble/87388302/", "distance": "1477", "hasVideo": false, "status": "good", "newDevelopment": false, "parkingSpace": {"hasParkingSpace": true, "isParkingSpaceIncludedInPrice": true}, "priceByArea": 1681.0, "detailedType": {"typology": "chalet", "subTypology": "independantHouse"}, "suggestedTexts": {"subtitle": "Molins de Rei", "title": "Casa independiente en Carretera de Vallvidrera"}, "hasPlan": false, "has3DTour": false, "has360": false, "hasStaging": false, "topNewDevelopment": false}, {"propertyCode": "92911637", "thumbnail": "https://img3.idealista.com/blur/WEB_LISTING/0/id.pro.es.image.master/52/22/76/850893037.jpg", "externalReference": "14A", "numPhotos": 17, "price": 690000.0, "propertyType": "chalet", "operation": "sale", "size": 253.0, "exterior": false, "rooms": 4, "bathrooms": 3, "address": "Calle Joan Fuster, 14", "province": "Barcelona", "municipality": "Sant Feliu de Llobregat", "district": "La Salut", "country": "es", "latitude": 41.3919117, "longitude": 2.0464113, "showAddress": true, "url": "https://www.idealista.com/obra-nueva/92911637/", "distance": "2782", "hasVideo": false, "status": "newdevelopment", "newDevelopment": true, "parkingSpace": {"hasParkingSpace": true, "isParkingSpaceIncludedInPrice": true}, "newDevelopmentFinished": false, "priceByArea": 2727.0, "detailedType": {"typology": "chalet", "subTypology": "terracedHouse"}, "suggestedTexts": {"subtitle": "La Salut, Sant Feliu de Llobregat", "title": "Chalet adosado en Calle Joan Fuster, 14"}, "hasPlan": true, "has3DTour": false, "has360": false, "hasStaging": false, "topNewDevelopment": false}, {"propertyCode": "92911560", "thumbnail": "https://img3.idealista.com/blur/WEB_LISTING/0/id.pro.es.image.master/e4/1f/13/850893028.jpg", "externalReference": "16A", "numPhotos": 16, "price": 650000.0, "propertyType": "chalet", "operation": "sale", "size": 246.0, "exterior": false, "rooms": 4, "bathrooms": 3, "address": "Calle Joan Fuster, 14", "province": "Barcelona", "municipality": "Sant Feliu de Llobregat", "district": "La Salut", "country": "es", "latitude": 41.3919117, "longitude": 2.0464113, "showAddress": true, "url": "https://www.idealista.com/obra-nueva/92911560/", "distance": "2782", "hasVideo": false, "status": "newdevelopment", "newDevelopment": true, "parkingSpace": {"hasParkingSpace": true, "isParkingSpaceIncludedInPrice": true}, "newDevelopmentFinished": false, "priceByArea": 2642.0, "detailedType": {"typology": "chalet", "subTypology": "terracedHouse"}, "suggestedTexts": {"subtitle": "La Salut, Sant Feliu de Llobregat", "title": "Chalet adosado en Calle Joan Fuster, 14"}, "hasPlan": true, "has3DTour": false, "has360": false, "hasStaging": false, "topNewDevelopment": false}, {"propertyCode": "92913052", "thumbnail": "https://img3.idealista.com/blur/WEB_LISTING/0/id.pro.es.image.master/8b/79/eb/850930982.jpg", "externalReference": "326467", "numPhotos": 30, "floor": "1", "price": 249000.0, "propertyType": "flat", "operation": "sale", "size": 108.0, "exterior": true, "rooms": 4, "bathrooms": 2, "address": "Calle de Santiago Rusi\u00f1ol, 4", "province": "Barcelona", "municipality": "Molins de Rei", "country": "es", "latitude": 41.4082509, "longitude": 2.0176272, "showAddress": true, "url": "https://www.idealista.com/inmueble/92913052/", "distance": "3049", "hasVideo": true, "status": "good", "newDevelopment": false, "hasLift": true, "priceByArea": 2306.0, "detailedType": {"typology": "flat"}, "suggestedTexts": {"subtitle": "Molins de Rei", "title": "Piso en Calle de Santiago Rusi\u00f1ol, 4"}, "hasPlan": false, "has3DTour": false, "has360": false, "hasStaging": false, "topNewDevelopment": false}, {"propertyCode": "92484581", "thumbnail": "https://img3.idealista.com/blur/WEB_LISTING/0/id.pro.es.image.master/fd/32/6a/840814973.jpg", "externalReference": "000415", "numPhotos": 34, "price": 449000.0, "propertyType": "chalet", "operation": "sale", "size": 257.0, "exterior": false, "rooms": 3, "bathrooms": 2, "address": "barcelona", "province": "Barcelona", "municipality": "Molins de Rei", "country": "es", "latitude": 41.4083152, "longitude": 2.021016, "showAddress": false, "url": "https://www.idealista.com/inmueble/92484581/", "distance": "2778", "hasVideo": false, "status": "good", "newDevelopment": false, "parkingSpace": {"hasParkingSpace": true, "isParkingSpaceIncludedInPrice": true}, "priceByArea": 1747.0, "detailedType": {"typology": "chalet", "subTypology": "terracedHouse"}, "suggestedTexts": {"subtitle": "Molins de Rei", "title": "Chalet adosado en barcelona"}, "hasPlan": true, "has3DTour": false, "has360": false, "hasStaging": false, "topNewDevelopment": false}, {"propertyCode": "92243918", "thumbnail": "https://img3.idealista.com/blur/WEB_LISTING/0/id.pro.es.image.master/6c/bb/93/834594263.jpg", "externalReference": "W-02G5GA", "numPhotos": 27, "price": 149900.0, "propertyType": "flat", "operation": "sale", "size": 100.0, "exterior": false, "rooms": 1, "bathrooms": 1, "address": "Molins de Rei", "province": "Barcelona", "municipality": "Molins de Rei", "country": "es", "latitude": 41.4169206, "longitude": 2.0193479, "showAddress": false, "url": "https://www.idealista.com/inmueble/92243918/", "distance": "2764", "hasVideo": false, "status": "renew", "newDevelopment": false, "hasLift": false, "priceByArea": 1499.0, "detailedType": {"typology": "flat"}, "suggestedTexts": {"subtitle": "Molins de Rei", "title": "Piso"}, "hasPlan": false, "has3DTour": false, "has360": false, "hasStaging": false, "topNewDevelopment": false}, {"propertyCode": "92635896", "thumbnail": "https://img3.idealista.com/blur/WEB_LISTING/0/id.pro.es.image.master/97/a2/a0/844491555.jpg", "externalReference": "322202", "numPhotos": 35, "price": 499000.0, "propertyType": "chalet", "operation": "sale", "size": 247.0, "exterior": false, "rooms": 4, "bathrooms": 4, "address": "Calle Francesc Maci\u00e0, 18", "province": "Barcelona", "municipality": "Molins de Rei", "country": "es", "latitude": 41.4108737, "longitude": 2.024486, "showAddress": true, "url": "https://www.idealista.com/inmueble/92635896/", "distance": "2418", "hasVideo": true, "status": "good", "newDevelopment": false, "parkingSpace": {"hasParkingSpace": true, "isParkingSpaceIncludedInPrice": true}, "priceByArea": 2020.0, "detailedType": {"typology": "chalet"}, "suggestedTexts": {"subtitle": "Molins de Rei", "title": "Chalet en Calle Francesc Maci\u00e0, 18"}, "hasPlan": false, "has3DTour": false, "has360": false, "hasStaging": false, "topNewDevelopment": false}, {"propertyCode": "91889137", "thumbnail": "https://img3.idealista.com/blur/WEB_LISTING/0/id.pro.es.image.master/5c/03/42/825728220.jpg", "externalReference": "SJ-0038SJ", "numPhotos": 26, "price": 755000.0, "propertyType": "chalet", "operation": "sale", "size": 205.0, "exterior": false, "rooms": 4, "bathrooms": 3, "address": "dels pins", "province": "Barcelona", "municipality": "Sant Just Desvern", "district": "La Plana - Bellsoleig", "country": "es", "latitude": 41.3929516, "longitude": 2.0730391, "showAddress": false, "url": "https://www.idealista.com/inmueble/91889137/", "distance": "3130", "hasVideo": false, "status": "good", "newDevelopment": false, "priceByArea": 3683.0, "detailedType": {"typology": "chalet", "subTypology": "independantHouse"}, "suggestedTexts": {"subtitle": "La Plana - Bellsoleig, Sant Just Desvern", "title": "Casa independiente en dels pins"}, "hasPlan": true, "has3DTour": false, "has360": false, "hasStaging": false, "topNewDevelopment": false}, {"propertyCode": "90295207", "thumbnail": "https://img3.idealista.com/blur/WEB_LISTING/0/id.pro.es.image.master/52/79/95/787429336.jpg", "externalReference": "DBF46AF5-0", "numPhotos": 22, "floor": "1", "price": 190000.0, "propertyType": "flat", "operation": "sale", "size": 79.0, "exterior": false, "rooms": 4, "bathrooms": 1, "address": "Calle d'Europa", "province": "Barcelona", "municipality": "Sant Feliu de Llobregat", "district": "La Salut", "country": "es", "latitude": 41.3880153, "longitude": 2.044228, "showAddress": false, "url": "https://www.idealista.com/inmueble/90295207/", "distance": "3242", "hasVideo": false, "status": "good", "newDevelopment": false, "hasLift": true, "priceByArea": 2405.0, "detailedType": {"typology": "flat"}, "suggestedTexts": {"subtitle": "La Salut, Sant Feliu de Llobregat", "title": "Piso en Calle d'Europa"}, "hasPlan": false, "has3DTour": false, "has360": false, "hasStaging": false, "topNewDevelopment": false}, {"propertyCode": "91156278", "thumbnail": "https://img3.idealista.com/blur/WEB_LISTING/0/id.pro.es.image.master/0e/39/a0/808063313.jpg", "externalReference": "AP00M149V", "numPhotos": 73, "price": 695000.0, "propertyType": "chalet", "operation": "sale", "size": 170.0, "exterior": false, "rooms": 3, "bathrooms": 1, "address": "barrio Vallvidrera - El Tibidabo i les Planes", "province": "Barcelona", "municipality": "Barcelona", "district": "Sarri\u00e0-Sant Gervasi", "country": "es", "neighborhood": "Vallvidrera - El Tibidabo i les Planes", "latitude": 41.4228896, "longitude": 2.083772, "showAddress": false, "url": "https://www.idealista.com/inmueble/91156278/", "distance": "2702", "hasVideo": false, "status": "renew", "newDevelopment": false, "priceByArea": 4088.0, "detailedType": {"typology": "chalet", "subTypology": "independantHouse"}, "suggestedTexts": {"subtitle": "Vallvidrera - El Tibidabo i les Planes, Barcelona", "title": "Casa independiente"}, "hasPlan": true, "has3DTour": false, "has360": false, "hasStaging": false, "topNewDevelopment": false}, {"propertyCode": "92451359", "thumbnail": "https://img3.idealista.com/blur/WEB_LISTING/0/id.pro.es.image.master/cc/e6/62/839938320.jpg", "externalReference": "980AR-OBRANUEVA", "numPhotos": 23, "price": 650000.0, "propertyType": "chalet", "operation": "sale", "size": 270.0, "exterior": false, "rooms": 4, "bathrooms": 3, "address": "La Salut", "province": "Barcelona", "municipality": "Sant Feliu de Llobregat", "district": "La Salut", "country": "es", "latitude": 41.391034, "longitude": 2.0462281, "showAddress": false, "url": "https://www.idealista.com/inmueble/92451359/", "distance": "2880", "hasVideo": true, "status": "good", "newDevelopment": false, "parkingSpace": {"hasParkingSpace": true, "isParkingSpaceIncludedInPrice": true}, "priceByArea": 2407.0, "detailedType": {"typology": "chalet", "subTypology": "terracedHouse"}, "suggestedTexts": {"subtitle": "La Salut, Sant Feliu de Llobregat", "title": "Chalet adosado"}, "hasPlan": true, "has3DTour": false, "has360": false, "hasStaging": false, "topNewDevelopment": false}, {"propertyCode": "91850132", "thumbnail": "https://img3.idealista.com/blur/WEB_LISTING/0/id.pro.es.image.master/87/1d/04/827460818.jpg", "externalReference": "V-910S", "numPhotos": 31, "floor": "5", "price": 154000.0, "propertyType": "flat", "operation": "sale", "size": 65.0, "exterior": true, "rooms": 3, "bathrooms": 1, "address": "Rambla Marquesa de Castellbell, 111", "province": "Barcelona", "municipality": "Sant Feliu de Llobregat", "district": "La Salut", "country": "es", "latitude": 41.3879895, "longitude": 2.046247, "showAddress": true, "url": "https://www.idealista.com/inmueble/91850132/", "distance": "3214", "hasVideo": false, "status": "good", "newDevelopment": false, "hasLift": true, "priceByArea": 2369.0, "detailedType": {"typology": "flat"}, "suggestedTexts": {"subtitle": "La Salut, Sant Feliu de Llobregat", "title": "Piso en Rambla Marquesa de Castellbell, 111"}, "hasPlan": false, "has3DTour": false, "has360": false, "hasStaging": false, "topNewDevelopment": false}, {"propertyCode": "90117333", "thumbnail": "https://img3.idealista.com/blur/WEB_LISTING/0/id.pro.es.image.master/8b/35/aa/783580560.jpg", "externalReference": "677", "numPhotos": 66, "price": 1250000.0, "propertyType": "chalet", "operation": "sale", "size": 407.0, "exterior": false, "rooms": 6, "bathrooms": 5, "address": "Til\u00b7lers", "province": "Barcelona", "municipality": "Sant Just Desvern", "district": "La Plana - Bellsoleig", "country": "es", "latitude": 41.3927382, "longitude": 2.0736905, "showAddress": false, "url": "https://www.idealista.com/inmueble/90117333/", "distance": "3179", "hasVideo": true, "status": "good", "newDevelopment": false, "parkingSpace": {"hasParkingSpace": true, "isParkingSpaceIncludedInPrice": true}, "priceByArea": 3071.0, "detailedType": {"typology": "chalet", "subTypology": "independantHouse"}, "suggestedTexts": {"subtitle": "La Plana - Bellsoleig, Sant Just Desvern", "title": "Casa independiente en Til\u00b7lers"}, "hasPlan": false, "has3DTour": false, "has360": false, "hasStaging": false, "topNewDevelopment": false}, {"propertyCode": "92950489", "thumbnail": "https://img3.idealista.com/blur/WEB_LISTING/0/id.pro.es.image.master/aa/17/4e/851823680.jpg", "externalReference": "G21_495350", "numPhotos": 26, "floor": "1", "price": 240000.0, "propertyType": "flat", "operation": "sale", "size": 73.0, "exterior": true, "rooms": 3, "bathrooms": 1, "address": "Can Calders", "province": "Barcelona", "municipality": "Sant Feliu de Llobregat", "district": "Can Calders", "country": "es", "latitude": 41.3881422, "longitude": 2.0490864, "showAddress": false, "url": "https://www.idealista.com/inmueble/92950489/", "distance": "3167", "hasVideo": false, "status": "good", "newDevelopment": false, "hasLift": true, "priceByArea": 3288.0, "detailedType": {"typology": "flat"}, "suggestedTexts": {"subtitle": "Can Calders, Sant Feliu de Llobregat", "title": "Piso"}, "hasPlan": false, "has3DTour": false, "has360": false, "hasStaging": false, "topNewDevelopment": false}, {"propertyCode": "91142785", "thumbnail": "https://img3.idealista.com/blur/WEB_LISTING/0/id.pro.es.image.master/d4/af/c4/807738450.jpg", "externalReference": "VJF01", "numPhotos": 50, "price": 660000.0, "propertyType": "chalet", "operation": "sale", "size": 370.0, "exterior": false, "rooms": 4, "bathrooms": 3, "address": "Mas Llu\u00ed", "province": "Barcelona", "municipality": "Sant Feliu de Llobregat", "district": "Mas Llu\u00ed", "country": "es", "latitude": 41.3905231, "longitude": 2.0556394, "showAddress": false, "url": "https://www.idealista.com/inmueble/91142785/", "distance": "2901", "hasVideo": true, "status": "good", "newDevelopment": false, "parkingSpace": {"hasParkingSpace": true, "isParkingSpaceIncludedInPrice": true}, "priceByArea": 1784.0, "detailedType": {"typology": "chalet", "subTypology": "terracedHouse"}, "suggestedTexts": {"subtitle": "Mas Llu\u00ed, Sant Feliu de Llobregat", "title": "Chalet adosado"}, "hasPlan": false, "has3DTour": true, "has360": false, "hasStaging": false, "topNewDevelopment": false}, {"propertyCode": "91336669", "thumbnail": "https://img3.idealista.com/blur/WEB_LISTING/0/id.pro.es.image.master/95/1c/aa/812248120.jpg", "externalReference": "Molins 1", "numPhotos": 11, "floor": "3", "price": 241000.0, "propertyType": "flat", "operation": "sale", "size": 135.0, "exterior": true, "rooms": 4, "bathrooms": 2, "address": "Avenida Valencia", "province": "Barcelona", "municipality": "Molins de Rei", "country": "es", "latitude": 41.4097192, "longitude": 2.017643, "showAddress": false, "url": "https://www.idealista.com/inmueble/91336669/", "distance": "3003", "hasVideo": false, "status": "good", "newDevelopment": false, "hasLift": true, "priceByArea": 1785.0, "detailedType": {"typology": "flat"}, "suggestedTexts": {"subtitle": "Molins de Rei", "title": "Piso en Avenida Valencia"}, "hasPlan": true, "has3DTour": false, "has360": false, "hasStaging": false, "topNewDevelopment": false}, {"propertyCode": "88690356", "thumbnail": "https://img3.idealista.com/blur/WEB_LISTING/0/id.pro.es.image.master/11/63/6d/763101228.jpg", "externalReference": "ALB145", "numPhotos": 44, "price": 1490000.0, "propertyType": "chalet", "operation": "sale", "size": 551.0, "exterior": false, "rooms": 5, "bathrooms": 6, "address": "Calle dels Ametllers", "province": "Barcelona", "municipality": "Sant Just Desvern", "district": "La Plana - Bellsoleig", "country": "es", "latitude": 41.3952488, "longitude": 2.0754765, "showAddress": false, "url": "https://www.idealista.com/inmueble/88690356/", "distance": "3043", "hasVideo": true, "status": "good", "newDevelopment": false, "parkingSpace": {"hasParkingSpace": true, "isParkingSpaceIncludedInPrice": true}, "priceByArea": 2704.0, "detailedType": {"typology": "chalet", "subTypology": "independantHouse"}, "suggestedTexts": {"subtitle": "La Plana - Bellsoleig, Sant Just Desvern", "title": "Casa independiente en Calle dels Ametllers"}, "hasPlan": false, "has3DTour": false, "has360": false, "hasStaging": false, "topNewDevelopment": false}, {"propertyCode": "90070450", "thumbnail": "https://img3.idealista.com/blur/WEB_LISTING/0/id.pro.es.image.master/91/73/28/782503557.jpg", "externalReference": "W-02J4CE", "numPhotos": 27, "price": 680000.0, "propertyType": "chalet", "operation": "sale", "size": 266.0, "exterior": false, "rooms": 5, "bathrooms": 3, "address": "Mas Llu\u00ed", "province": "Barcelona", "municipality": "Sant Feliu de Llobregat", "district": "Mas Llu\u00ed", "country": "es", "latitude": 41.388863, "longitude": 2.0535834, "showAddress": false, "url": "https://www.idealista.com/inmueble/90070450/", "distance": "3075", "hasVideo": false, "status": "good", "newDevelopment": false, "parkingSpace": {"hasParkingSpace": true, "isParkingSpaceIncludedInPrice": true}, "priceByArea": 2556.0, "detailedType": {"typology": "chalet", "subTypology": "terracedHouse"}, "suggestedTexts": {"subtitle": "Mas Llu\u00ed, Sant Feliu de Llobregat", "title": "Chalet adosado"}, "hasPlan": false, "has3DTour": false, "has360": false, "hasStaging": false, "topNewDevelopment": false}, {"propertyCode": "86443444", "thumbnail": "https://img3.idealista.com/blur/WEB_LISTING/0/id.pro.es.image.master/89/e2/64/695515061.jpg", "externalReference": "W-02GAMF", "numPhotos": 36, "price": 1950000.0, "propertyType": "chalet", "operation": "sale", "size": 621.0, "exterior": false, "rooms": 5, "bathrooms": 3, "address": "La Plana - Bellsoleig", "province": "Barcelona", "municipality": "Sant Just Desvern", "district": "La Plana - Bellsoleig", "country": "es", "latitude": 41.3952248, "longitude": 2.0740683, "showAddress": false, "url": "https://www.idealista.com/inmueble/86443444/", "distance": "2973", "hasVideo": false, "status": "good", "newDevelopment": false, "parkingSpace": {"hasParkingSpace": true, "isParkingSpaceIncludedInPrice": true}, "priceByArea": 3140.0, "detailedType": {"typology": "chalet", "subTypology": "independantHouse"}, "suggestedTexts": {"subtitle": "La Plana - Bellsoleig, Sant Just Desvern", "title": "Casa independiente"}, "hasPlan": false, "has3DTour": false, "has360": false, "hasStaging": false, "topNewDevelopment": false}, {"propertyCode": "81319115", "thumbnail": "https://img3.idealista.com/blur/WEB_LISTING/0/id.pro.es.image.master/f2/32/b6/574512069.jpg", "externalReference": "W-029RKB", "numPhotos": 39, "price": 4500000.0, "propertyType": "chalet", "operation": "sale", "size": 797.0, "exterior": false, "rooms": 6, "bathrooms": 8, "address": "La Plana - Bellsoleig", "province": "Barcelona", "municipality": "Sant Just Desvern", "district": "La Plana - Bellsoleig", "country": "es", "latitude": 41.39287, "longitude": 2.07072, "showAddress": false, "url": "https://www.idealista.com/inmueble/81319115/", "distance": "3036", "hasVideo": false, "status": "good", "newDevelopment": false, "parkingSpace": {"hasParkingSpace": true, "isParkingSpaceIncludedInPrice": true}, "priceByArea": 5646.0, "detailedType": {"typology": "chalet", "subTypology": "independantHouse"}, "suggestedTexts": {"subtitle": "La Plana - Bellsoleig, Sant Just Desvern", "title": "Casa independiente"}, "hasPlan": false, "has3DTour": false, "has360": false, "hasStaging": false, "topNewDevelopment": false}, {"propertyCode": "91336927", "thumbnail": "https://img3.idealista.com/blur/WEB_LISTING/0/id.pro.es.image.master/d1/ac/e1/812254854.jpg", "externalReference": "Molins de Rei 2", "numPhotos": 14, "floor": "6", "price": 145000.0, "propertyType": "flat", "operation": "sale", "size": 72.0, "exterior": true, "rooms": 3, "bathrooms": 1, "address": "BARCELONA", "province": "Barcelona", "municipality": "Molins de Rei", "country": "es", "latitude": 41.4058826, "longitude": 2.0239306, "showAddress": false, "url": "https://www.idealista.com/inmueble/91336927/", "distance": "2659", "hasVideo": false, "status": "renew", "newDevelopment": false, "hasLift": true, "priceByArea": 2014.0, "detailedType": {"typology": "flat"}, "suggestedTexts": {"subtitle": "Molins de Rei", "title": "Piso en BARCELONA"}, "hasPlan": true, "has3DTour": false, "has360": false, "hasStaging": false, "topNewDevelopment": false}, {"propertyCode": "91912200", "thumbnail": "https://img3.idealista.com/blur/WEB_LISTING/0/id.pro.es.image.master/8d/7b/0d/826284977.jpg", "externalReference": "3183", "numPhotos": 20, "floor": "bj", "price": 199000.0, "propertyType": "flat", "operation": "sale", "size": 63.0, "exterior": true, "rooms": 3, "bathrooms": 1, "address": "barrio Vallvidrera - El Tibidabo i les Planes", "province": "Barcelona", "municipality": "Barcelona", "district": "Sarri\u00e0-Sant Gervasi", "country": "es", "neighborhood": "Vallvidrera - El Tibidabo i les Planes", "latitude": 41.4289598, "longitude": 2.0812704, "showAddress": false, "url": "https://www.idealista.com/inmueble/91912200/", "distance": "2769", "hasVideo": false, "status": "good", "newDevelopment": false, "hasLift": false, "priceByArea": 3159.0, "detailedType": {"typology": "flat"}, "suggestedTexts": {"subtitle": "Vallvidrera - El Tibidabo i les Planes, Barcelona", "title": "Piso"}, "hasPlan": false, "has3DTour": false, "has360": false, "hasStaging": false, "topNewDevelopment": false}, {"propertyCode": "84119236", "thumbnail": "https://img3.idealista.com/blur/WEB_LISTING/0/id.pro.es.image.master/3c/e6/7b/762373177.jpg", "externalReference": "1000", "numPhotos": 41, "price": 2700000.0, "propertyType": "chalet", "operation": "sale", "size": 504.0, "exterior": false, "rooms": 6, "bathrooms": 5, "address": "La Plana - Bellsoleig", "province": "Barcelona", "municipality": "Sant Just Desvern", "district": "La Plana - Bellsoleig", "country": "es", "latitude": 41.3959918, "longitude": 2.0739652, "showAddress": false, "url": "https://www.idealista.com/inmueble/84119236/", "distance": "2900", "hasVideo": true, "status": "good", "newDevelopment": false, "parkingSpace": {"hasParkingSpace": true, "isParkingSpaceIncludedInPrice": true}, "priceByArea": 5357.0, "detailedType": {"typology": "chalet", "subTypology": "independantHouse"}, "suggestedTexts": {"subtitle": "La Plana - Bellsoleig, Sant Just Desvern", "title": "Casa independiente"}, "hasPlan": false, "has3DTour": false, "has360": false, "hasStaging": false, "topNewDevelopment": false}, {"propertyCode": "92506384", "thumbnail": "https://img3.idealista.com/blur/WEB_LISTING/0/id.pro.es.image.master/6e/49/5a/841313151.jpg", "externalReference": "CFF6AB79-0", "numPhotos": 11, "floor": "3", "price": 180000.0, "propertyType": "flat", "operation": "sale", "size": 71.0, "exterior": false, "rooms": 2, "bathrooms": 1, "address": "Calle del Pare Manyanet", "province": "Barcelona", "municipality": "Molins de Rei", "country": "es", "latitude": 41.4151764, "longitude": 2.0172085, "showAddress": false, "url": "https://www.idealista.com/inmueble/92506384/", "distance": "2946", "hasVideo": false, "status": "good", "newDevelopment": false, "hasLift": true, "priceByArea": 2535.0, "detailedType": {"typology": "flat"}, "suggestedTexts": {"subtitle": "Molins de Rei", "title": "Piso en Calle del Pare Manyanet"}, "hasPlan": false, "has3DTour": false, "has360": false, "hasStaging": false, "topNewDevelopment": false}, {"propertyCode": "82641425", "thumbnail": "https://img3.idealista.com/blur/WEB_LISTING/0/id.pro.es.image.master/1d/2e/1e/601849551.jpg", "externalReference": "W-02CHXR", "numPhotos": 19, "price": 1250000.0, "propertyType": "chalet", "operation": "sale", "size": 391.0, "exterior": false, "rooms": 8, "bathrooms": 5, "address": "La Plana - Bellsoleig", "province": "Barcelona", "municipality": "Sant Just Desvern", "district": "La Plana - Bellsoleig", "country": "es", "latitude": 41.3948382, "longitude": 2.0752905, "showAddress": false, "url": "https://www.idealista.com/inmueble/82641425/", "distance": "3069", "hasVideo": false, "status": "good", "newDevelopment": false, "parkingSpace": {"hasParkingSpace": true, "isParkingSpaceIncludedInPrice": true}, "priceByArea": 3197.0, "detailedType": {"typology": "chalet", "subTypology": "independantHouse"}, "suggestedTexts": {"subtitle": "La Plana - Bellsoleig, Sant Just Desvern", "title": "Casa independiente"}, "hasPlan": false, "has3DTour": false, "has360": false, "hasStaging": false, "topNewDevelopment": false}, {"propertyCode": "35484870", "thumbnail": "https://img3.idealista.com/blur/WEB_LISTING/0/id.pro.es.image.master/23/d6/67/181560709.jpg", "externalReference": "W-008P9S", "numPhotos": 16, "price": 1500000.0, "propertyType": "chalet", "operation": "sale", "size": 657.0, "exterior": false, "rooms": 6, "bathrooms": 4, "address": "La Plana - Bellsoleig", "province": "Barcelona", "municipality": "Sant Just Desvern", "district": "La Plana - Bellsoleig", "country": "es", "latitude": 41.3965092, "longitude": 2.0775478, "showAddress": false, "url": "https://www.idealista.com/inmueble/35484870/", "distance": "3051", "hasVideo": false, "status": "good", "newDevelopment": false, "parkingSpace": {"hasParkingSpace": true, "isParkingSpaceIncludedInPrice": true}, "priceByArea": 2283.0, "detailedType": {"typology": "chalet", "subTypology": "independantHouse"}, "suggestedTexts": {"subtitle": "La Plana - Bellsoleig, Sant Just Desvern", "title": "Casa independiente"}, "hasPlan": false, "has3DTour": false, "has360": false, "hasStaging": false, "topNewDevelopment": false}, {"propertyCode": "33974459", "thumbnail": "https://img3.idealista.com/blur/WEB_LISTING/0/id.pro.es.image.master/6b/35/35/602570739.jpg", "externalReference": "LFS4002", "numPhotos": 35, "price": 995000.0, "propertyType": "chalet", "operation": "sale", "size": 860.0, "exterior": false, "rooms": 11, "bathrooms": 3, "address": "Molins de Rei", "province": "Barcelona", "municipality": "Molins de Rei", "country": "es", "latitude": 41.4262495, "longitude": 2.0350747, "showAddress": false, "url": "https://www.idealista.com/inmueble/33974459/", "distance": "1811", "hasVideo": false, "status": "renew", "newDevelopment": false, "parkingSpace": {"hasParkingSpace": true, "isParkingSpaceIncludedInPrice": true}, "priceByArea": 1157.0, "detailedType": {"typology": "chalet"}, "suggestedTexts": {"subtitle": "Molins de Rei", "title": "Chalet"}, "hasPlan": false, "has3DTour": false, "has360": false, "hasStaging": false, "topNewDevelopment": false}, {"propertyCode": "93030397", "thumbnail": "https://img3.idealista.com/blur/WEB_LISTING/0/id.pro.es.image.master/31/08/ed/853016760.jpg", "externalReference": "v2078", "numPhotos": 20, "floor": "1", "price": 285000.0, "propertyType": "flat", "operation": "sale", "size": 114.0, "exterior": false, "rooms": 4, "bathrooms": 2, "address": "Molins de Rei", "province": "Barcelona", "municipality": "Molins de Rei", "country": "es", "latitude": 41.4419328, "longitude": 2.0585354, "showAddress": false, "url": "https://www.idealista.com/inmueble/93030397/", "distance": "2870", "hasVideo": false, "status": "good", "newDevelopment": false, "hasLift": true, "priceByArea": 2500.0, "detailedType": {"typology": "flat"}, "suggestedTexts": {"subtitle": "Molins de Rei", "title": "Piso"}, "hasPlan": false, "has3DTour": false, "has360": false, "hasStaging": false, "topNewDevelopment": false}, {"propertyCode": "92061735", "thumbnail": "https://img3.idealista.com/blur/WEB_LISTING/0/id.pro.es.image.master/0b/1b/9b/832098836.jpg", "externalReference": "0536", "numPhotos": 12, "floor": "6", "price": 156000.0, "propertyType": "flat", "operation": "sale", "size": 68.0, "exterior": true, "rooms": 3, "bathrooms": 1, "address": "Can Calders", "province": "Barcelona", "municipality": "Sant Feliu de Llobregat", "district": "Can Calders", "country": "es", "latitude": 41.3887009, "longitude": 2.049035, "showAddress": false, "url": "https://www.idealista.com/inmueble/92061735/", "distance": "3105", "hasVideo": false, "status": "good", "newDevelopment": false, "hasLift": true, "priceByArea": 2294.0, "detailedType": {"typology": "flat"}, "suggestedTexts": {"subtitle": "Can Calders, Sant Feliu de Llobregat", "title": "Piso"}, "hasPlan": false, "has3DTour": false, "has360": false, "hasStaging": false, "topNewDevelopment": false}, {"propertyCode": "93174327", "thumbnail": "https://img3.idealista.com/blur/WEB_LISTING/0/id.pro.es.image.master/4d/ce/ea/856163047.jpg", "externalReference": "v2148", "numPhotos": 20, "floor": "1", "price": 137000.0, "propertyType": "penthouse", "operation": "sale", "size": 74.0, "exterior": false, "rooms": 3, "bathrooms": 1, "address": "Molins de Rei", "province": "Barcelona", "municipality": "Molins de Rei", "country": "es", "latitude": 41.4125075, "longitude": 2.0231372, "showAddress": false, "url": "https://www.idealista.com/inmueble/93174327/", "distance": "2488", "hasVideo": false, "status": "renew", "newDevelopment": false, "hasLift": false, "priceByArea": 1851.0, "detailedType": {"typology": "flat", "subTypology": "penthouse"}, "suggestedTexts": {"subtitle": "Molins de Rei", "title": "\u00c1tico"}, "hasPlan": false, "has3DTour": false, "has360": false, "hasStaging": false, "topNewDevelopment": false}, {"propertyCode": "93121438", "thumbnail": "https://img3.idealista.com/blur/WEB_LISTING/0/id.pro.es.image.master/d5/ba/c4/854991527.jpg", "externalReference": "v2086", "numPhotos": 15, "floor": "bj", "price": 250000.0, "propertyType": "flat", "operation": "sale", "size": 200.0, "exterior": false, "rooms": 3, "bathrooms": 2, "address": "Molins de Rei", "province": "Barcelona", "municipality": "Molins de Rei", "country": "es", "latitude": 41.4090912, "longitude": 2.018177, "showAddress": false, "url": "https://www.idealista.com/inmueble/93121438/", "distance": "2978", "hasVideo": false, "status": "good", "newDevelopment": false, "hasLift": false, "priceByArea": 1250.0, "detailedType": {"typology": "flat"}, "suggestedTexts": {"subtitle": "Molins de Rei", "title": "Piso"}, "hasPlan": false, "has3DTour": false, "has360": false, "hasStaging": false, "topNewDevelopment": false}, {"propertyCode": "93046024", "thumbnail": "https://img3.idealista.com/blur/WEB_LISTING/0/id.pro.es.image.master/d5/b2/f4/853352361.jpg", "externalReference": "v2145", "numPhotos": 36, "floor": "2", "price": 330000.0, "propertyType": "flat", "operation": "sale", "size": 165.0, "exterior": false, "rooms": 3, "bathrooms": 2, "address": "Molins de Rei", "province": "Barcelona", "municipality": "Molins de Rei", "country": "es", "latitude": 41.4117104, "longitude": 2.019867, "showAddress": false, "url": "https://www.idealista.com/inmueble/93046024/", "distance": "2772", "hasVideo": false, "status": "good", "newDevelopment": false, "hasLift": true, "priceByArea": 2000.0, "detailedType": {"typology": "flat"}, "suggestedTexts": {"subtitle": "Molins de Rei", "title": "Piso"}, "hasPlan": false, "has3DTour": false, "has360": false, "hasStaging": false, "topNewDevelopment": false}, {"propertyCode": "93030380", "thumbnail": "https://img3.idealista.com/blur/WEB_LISTING/0/id.pro.es.image.master/2f/71/a3/853016884.jpg", "externalReference": "V2118", "numPhotos": 27, "floor": "bj", "price": 560000.0, "propertyType": "chalet", "operation": "sale", "size": 208.0, "exterior": false, "rooms": 4, "bathrooms": 3, "address": "Molins de Rei", "province": "Barcelona", "municipality": "Molins de Rei", "country": "es", "latitude": 41.4129868, "longitude": 2.0287851, "showAddress": false, "url": "https://www.idealista.com/inmueble/93030380/", "distance": "2015", "hasVideo": false, "status": "good", "newDevelopment": false, "priceByArea": 2692.0, "detailedType": {"typology": "chalet"}, "suggestedTexts": {"subtitle": "Molins de Rei", "title": "Chalet"}, "hasPlan": false, "has3DTour": false, "has360": false, "hasStaging": false, "topNewDevelopment": false}, {"propertyCode": "87573701", "thumbnail": "https://img3.idealista.com/blur/WEB_LISTING/0/id.pro.es.image.master/e9/94/29/725209682.jpg", "externalReference": "01688", "numPhotos": 46, "price": 550000.0, "propertyType": "chalet", "operation": "sale", "size": 178.0, "exterior": false, "rooms": 4, "bathrooms": 2, "address": "Major de la Floresta", "province": "Barcelona", "municipality": "Sant Cugat del Vall\u00e8s", "district": "La Floresta - Les Planes", "country": "es", "latitude": 41.4405904, "longitude": 2.0742392, "showAddress": false, "url": "https://www.idealista.com/inmueble/87573701/", "distance": "3233", "hasVideo": false, "status": "good", "newDevelopment": false, "parkingSpace": {"hasParkingSpace": true, "isParkingSpaceIncludedInPrice": true}, "priceByArea": 3090.0, "detailedType": {"typology": "chalet", "subTypology": "independantHouse"}, "suggestedTexts": {"subtitle": "La Floresta - Les Planes, Sant Cugat del Vall\u00e8s", "title": "Casa independiente en Major de la Floresta"}, "hasPlan": false, "has3DTour": true, "has360": false, "hasStaging": false, "topNewDevelopment": false}, {"propertyCode": "93171771", "thumbnail": "https://img3.idealista.com/blur/WEB_LISTING/0/id.pro.es.image.master/40/b0/71/856097697.jpg", "externalReference": "W-02LCGS", "numPhotos": 34, "floor": "3", "price": 175000.0, "propertyType": "flat", "operation": "sale", "size": 71.0, "exterior": false, "rooms": 3, "bathrooms": 1, "address": "Molins de Rei", "province": "Barcelona", "municipality": "Molins de Rei", "country": "es", "latitude": 41.4031507, "longitude": 2.0293574, "showAddress": false, "url": "https://www.idealista.com/inmueble/93171771/", "distance": "2435", "hasVideo": false, "status": "good", "newDevelopment": false, "hasLift": false, "priceByArea": 2465.0, "detailedType": {"typology": "flat"}, "suggestedTexts": {"subtitle": "Molins de Rei", "title": "Piso"}, "hasPlan": true, "has3DTour": false, "has360": false, "hasStaging": false, "topNewDevelopment": false}, {"propertyCode": "91965101", "thumbnail": "https://img3.idealista.com/blur/WEB_LISTING/0/id.pro.es.image.master/08/8c/d6/827534194.jpg", "externalReference": "M2639", "numPhotos": 20, "floor": "1", "price": 225000.0, "propertyType": "flat", "operation": "sale", "size": 108.0, "exterior": true, "rooms": 4, "bathrooms": 2, "address": "Molins s/n", "province": "Barcelona", "municipality": "Molins de Rei", "country": "es", "latitude": 41.4088914, "longitude": 2.0169981, "showAddress": true, "url": "https://www.idealista.com/inmueble/91965101/", "distance": "3079", "hasVideo": true, "status": "good", "newDevelopment": false, "hasLift": true, "priceByArea": 2083.0, "detailedType": {"typology": "flat"}, "suggestedTexts": {"subtitle": "Molins de Rei", "title": "Piso en Molins s/n"}, "hasPlan": true, "has3DTour": false, "has360": false, "hasStaging": false, "topNewDevelopment": false}, {"propertyCode": "90081308", "thumbnail": "https://img3.idealista.com/blur/WEB_LISTING/0/id.pro.es.image.master/6f/15/0e/782748654.jpg", "externalReference": "BCN23782", "numPhotos": 55, "price": 1975000.0, "propertyType": "chalet", "operation": "sale", "size": 409.0, "exterior": false, "rooms": 6, "bathrooms": 6, "address": "La Floresta - Les Planes", "province": "Barcelona", "municipality": "Sant Cugat del Vall\u00e8s", "district": "La Floresta - Les Planes", "country": "es", "latitude": 41.4174005, "longitude": 2.0744517, "showAddress": false, "url": "https://www.idealista.com/inmueble/90081308/", "distance": "1833", "hasVideo": false, "status": "good", "newDevelopment": false, "parkingSpace": {"hasParkingSpace": true, "isParkingSpaceIncludedInPrice": true}, "priceByArea": 4829.0, "detailedType": {"typology": "chalet"}, "suggestedTexts": {"subtitle": "La Floresta - Les Planes, Sant Cugat del Vall\u00e8s", "title": "Chalet"}, "hasPlan": true, "has3DTour": false, "has360": false, "hasStaging": false, "topNewDevelopment": false}, {"propertyCode": "92056419", "thumbnail": "https://img3.idealista.com/blur/WEB_LISTING/0/id.pro.es.image.master/5e/2e/ba/829753366.jpg", "externalReference": "W-02KLEO", "numPhotos": 31, "floor": "2", "price": 278000.0, "propertyType": "flat", "operation": "sale", "size": 120.0, "exterior": false, "rooms": 4, "bathrooms": 2, "address": "Molins de Rei", "province": "Barcelona", "municipality": "Molins de Rei", "country": "es", "latitude": 41.4067455, "longitude": 2.0270196, "showAddress": false, "url": "https://www.idealista.com/inmueble/92056419/", "distance": "2386", "hasVideo": false, "status": "good", "newDevelopment": false, "hasLift": true, "parkingSpace": {"hasParkingSpace": true, "isParkingSpaceIncludedInPrice": true}, "priceByArea": 2317.0, "detailedType": {"typology": "flat"}, "suggestedTexts": {"subtitle": "Molins de Rei", "title": "Piso"}, "hasPlan": true, "has3DTour": true, "has360": false, "hasStaging": false, "topNewDevelopment": false}, {"propertyCode": "91113493", "thumbnail": "https://img3.idealista.com/blur/WEB_LISTING/0/id.pro.es.image.master/b1/45/f3/807059156.jpg", "externalReference": "W-02G5VJ", "numPhotos": 51, "floor": "1", "price": 428000.0, "propertyType": "flat", "operation": "sale", "size": 128.0, "exterior": false, "rooms": 4, "bathrooms": 2, "address": "Molins de Rei", "province": "Barcelona", "municipality": "Molins de Rei", "country": "es", "latitude": 41.4182769, "longitude": 2.0236272, "showAddress": false, "url": "https://www.idealista.com/inmueble/91113493/", "distance": "2415", "hasVideo": false, "status": "good", "newDevelopment": false, "hasLift": true, "parkingSpace": {"hasParkingSpace": true, "isParkingSpaceIncludedInPrice": true}, "priceByArea": 3344.0, "detailedType": {"typology": "flat"}, "suggestedTexts": {"subtitle": "Molins de Rei", "title": "Piso"}, "hasPlan": true, "has3DTour": false, "has360": false, "hasStaging": false, "topNewDevelopment": false}]