[{"propertyCode": "92244109", "thumbnail": "https://img3.idealista.com/blur/WEB_LISTING/0/id.pro.es.image.master/83/af/ac/834597976.jpg", "externalReference": "E1 PARALEL", "numPhotos": 20, "floor": "bj", "price": 160000.0, "propertyType": "flat", "operation": "sale", "size": 65.0, "exterior": true, "rooms": 2, "bathrooms": 1, "address": "Paseo Josep Carner, 47", "province": "Barcelona", "municipality": "Barcelona", "district": "Sants-Montju\u00efc", "country": "es", "neighborhood": "El Poble Sec - Parc de Montju\u00efc", "latitude": 41.3705261, "longitude": 2.1740048, "showAddress": true, "url": "https://www.idealista.com/inmueble/92244109/", "distance": "498", "hasVideo": true, "status": "good", "newDevelopment": false, "hasLift": false, "parkingSpace": {"hasParkingSpace": true, "isParkingSpaceIncludedInPrice": true}, "priceByArea": 2462.0, "detailedType": {"typology": "flat"}, "suggestedTexts": {"subtitle": "El Poble Sec - Parc de Montju\u00efc, Barcelona", "title": "Piso en Paseo Josep Carner, 47"}, "hasPlan": true, "has3DTour": false, "has360": false, "hasStaging": false, "topNewDevelopment": false}, {"propertyCode": "91369073", "thumbnail": "https://img3.idealista.com/blur/WEB_LISTING/0/id.pro.es.image.master/e8/40/4f/812958078.jpg", "externalReference": "IV-5", "numPhotos": 12, "floor": "3", "price": 152000.0, "propertyType": "flat", "operation": "sale", "size": 68.0, "exterior": true, "rooms": 3, "bathrooms": 1, "address": "barrio El Poble Sec - Parc de Montju\u00efc", "province": "Barcelona", "municipality": "Barcelona", "district": "Sants-Montju\u00efc", "country": "es", "neighborhood": "El Poble Sec - Parc de Montju\u00efc", "latitude": 41.3700354, "longitude": 2.1740408, "showAddress": false, "url": "https://www.idealista.com/inmueble/91369073/", "distance": "452", "hasVideo": true, "status": "renew", "newDevelopment": false, "hasLift": false, "priceByArea": 2235.0, "detailedType": {"typology": "flat"}, "suggestedTexts": {"subtitle": "El Poble Sec - Parc de Montju\u00efc, Barcelona", "title": "Piso"}, "hasPlan": false, "has3DTour": false, "has360": false, "hasStaging": false, "topNewDevelopment": false}, {"propertyCode": "91099454", "thumbnail": "https://img3.idealista.com/blur/WEB_LISTING/0/id.pro.es.image.master/1f/dd/cd/824953289.jpg", "externalReference": "242039", "numPhotos": 25, "floor": "1", "price": 169000.0, "propertyType": "flat", "operation": "sale", "size": 65.0, "exterior": true, "rooms": 3, "bathrooms": 1, "address": "barrio El Poble Sec - Parc de Montju\u00efc", "province": "Barcelona", "municipality": "Barcelona", "district": "Sants-Montju\u00efc", "country": "es", "neighborhood": "El Poble Sec - Parc de Montju\u00efc", "latitude": 41.3684971, "longitude": 2.1754346, "showAddress": false, "url": "https://www.idealista.com/inmueble/91099454/", "distance": "245", "hasVideo": false, "status": "good", "newDevelopment": false, "hasLift": false, "priceByArea": 2600.0, "detailedType": {"typology": "flat"}, "suggestedTexts": {"subtitle": "El Poble Sec - Parc de Montju\u00efc, Barcelona", "title": "Piso"}, "hasPlan": true, "has3DTour": false, "has360": true, "hasStaging": false, "topNewDevelopment": false}]