[{"propertyCode": "88841013", "thumbnail": "https://img3.idealista.com/blur/WEB_LISTING/0/id.pro.es.image.master/f6/3f/d7/756735619.jpg", "externalReference": "W-02I842", "numPhotos": 22, "floor": "8", "price": 293000.0, "propertyType": "flat", "operation": "sale", "size": 80.0, "exterior": false, "rooms": 2, "bathrooms": 1, "address": "barrio La Vall d'Hebron - La Clota", "province": "Barcelona", "municipality": "Barcelona", "district": "Horta Guinard\u00f3", "country": "es", "neighborhood": "La Vall d'Hebron - La Clota", "latitude": 41.4357512, "longitude": 2.1517783, "showAddress": false, "url": "https://www.idealista.com/inmueble/88841013/", "distance": "2349", "hasVideo": false, "status": "good", "newDevelopment": false, "hasLift": true, "priceByArea": 3663.0, "detailedType": {"typology": "flat"}, "suggestedTexts": {"subtitle": "La Vall d'Hebron - La Clota, Barcelona", "title": "Piso"}, "hasPlan": true, "has3DTour": false, "has360": true, "hasStaging": false, "topNewDevelopment": false}, {"propertyCode": "93199277", "thumbnail": "https://img3.idealista.com/blur/WEB_LISTING/0/id.pro.es.image.master/12/d2/53/856807328.jpg", "numPhotos": 24, "floor": "2", "price": 166000.0, "propertyType": "flat", "operation": "sale", "size": 63.0, "exterior": true, "rooms": 3, "bathrooms": 1, "address": "Mol\u00ed", "province": "Barcelona", "municipality": "Barcelona", "district": "Nou Barris", "country": "es", "neighborhood": "La Prosperitat", "latitude": 41.442935, "longitude": 2.1795681, "showAddress": false, "url": "https://www.idealista.com/inmueble/93199277/", "distance": "2295", "hasVideo": false, "status": "good", "newDevelopment": false, "hasLift": false, "priceByArea": 2635.0, "detailedType": {"typology": "flat"}, "suggestedTexts": {"subtitle": "La Prosperitat, Barcelona", "title": "Piso en Mol\u00ed"}, "hasPlan": true, "has3DTour": false, "has360": false, "hasStaging": false, "topNewDevelopment": false}, {"propertyCode": "93198927", "thumbnail": "https://img3.idealista.com/blur/WEB_LISTING/0/id.pro.es.image.master/5d/80/75/856799905.jpg", "numPhotos": 5, "floor": "st", "price": 39000.0, "propertyType": "flat", "operation": "sale", "size": 50.0, "exterior": false, "rooms": 1, "bathrooms": 1, "address": "Calle Ausona", "province": "Barcelona", "municipality": "Barcelona", "district": "Sant Andreu", "country": "es", "neighborhood": "La Trinitat Vella", "latitude": 41.4522755, "longitude": 2.1934683, "showAddress": false, "url": "https://www.idealista.com/inmueble/93198927/", "distance": "2944", "hasVideo": false, "status": "renew", "newDevelopment": false, "hasLift": false, "priceByArea": 780.0, "detailedType": {"typology": "flat"}, "suggestedTexts": {"subtitle": "La Trinitat Vella, Barcelona", "title": "Piso en Calle Ausona"}, "hasPlan": true, "has3DTour": false, "has360": false, "hasStaging": false, "topNewDevelopment": false}, {"propertyCode": "93155700", "thumbnail": "https://img3.idealista.com/blur/WEB_LISTING/0/id.pro.es.image.master/89/9b/f2/855691565.jpg", "externalReference": "D-40702", "numPhotos": 27, "floor": "4", "price": 190000.0, "propertyType": "flat", "operation": "sale", "size": 82.0, "exterior": true, "rooms": 4, "bathrooms": 1, "address": "Calle de Travau", "province": "Barcelona", "municipality": "Barcelona", "district": "Nou Barris", "country": "es", "neighborhood": "Can Peguera - El Tur\u00f3 de la Peira", "latitude": 41.4306786, "longitude": 2.1633246, "showAddress": false, "url": "https://www.idealista.com/inmueble/93155700/", "distance": "2872", "hasVideo": true, "status": "good", "newDevelopment": false, "hasLift": true, "priceByArea": 2317.0, "detailedType": {"typology": "flat"}, "suggestedTexts": {"subtitle": "Can Peguera - El Tur\u00f3 de la Peira, Barcelona", "title": "Piso en Calle de Travau"}, "hasPlan": true, "has3DTour": false, "has360": false, "hasStaging": false, "topNewDevelopment": false}, {"propertyCode": "92704898", "thumbnail": "https://img3.idealista.com/blur/WEB_LISTING/0/id.pro.es.image.master/d9/f5/2a/846075815.jpg", "externalReference": "3786", "numPhotos": 37, "floor": "1", "price": 199000.0, "propertyType": "flat", "operation": "sale", "size": 71.0, "exterior": true, "rooms": 2, "bathrooms": 1, "address": "Calle del Doctor Pi i Molist", "province": "Barcelona", "municipality": "Barcelona", "district": "Nou Barris", "country": "es", "neighborhood": "Porta", "latitude": 41.4307302, "longitude": 2.1744089, "showAddress": false, "url": "https://www.idealista.com/inmueble/92704898/", "distance": "3131", "hasVideo": true, "status": "good", "newDevelopment": false, "hasLift": false, "priceByArea": 2803.0, "detailedType": {"typology": "flat"}, "suggestedTexts": {"subtitle": "Porta, Barcelona", "title": "Piso en Calle del Doctor Pi i Molist"}, "hasPlan": true, "has3DTour": false, "has360": false, "hasStaging": false, "topNewDevelopment": false}, {"propertyCode": "88470131", "thumbnail": "https://img3.idealista.com/blur/WEB_LISTING/0/id.pro.es.image.master/a9/ec/ec/856402860.jpg", "externalReference": "190140", "numPhotos": 18, "floor": "8", "price": 293000.0, "propertyType": "flat", "operation": "sale", "size": 80.0, "exterior": true, "rooms": 2, "bathrooms": 1, "address": "barrio La Vall d'Hebron - La Clota", "province": "Barcelona", "municipality": "Barcelona", "district": "Horta Guinard\u00f3", "country": "es", "neighborhood": "La Vall d'Hebron - La Clota", "latitude": 41.433883, "longitude": 2.147915, "showAddress": false, "url": "https://www.idealista.com/inmueble/88470131/", "distance": "2641", "hasVideo": false, "status": "good", "newDevelopment": false, "hasLift": true, "priceByArea": 3663.0, "detailedType": {"typology": "flat"}, "suggestedTexts": {"subtitle": "La Vall d'Hebron - La Clota, Barcelona", "title": "Piso"}, "hasPlan": false, "has3DTour": false, "has360": true, "hasStaging": false, "topNewDevelopment": false}, {"propertyCode": "92175668", "thumbnail": "https://img3.idealista.com/blur/WEB_LISTING/0/id.pro.es.image.master/68/33/03/838949883.jpg", "externalReference": "238866", "numPhotos": 23, "floor": "1", "price": 149000.0, "propertyType": "flat", "operation": "sale", "size": 53.0, "exterior": true, "rooms": 3, "bathrooms": 1, "address": "barrio El Carmel", "province": "Barcelona", "municipality": "Barcelona", "district": "Horta Guinard\u00f3", "country": "es", "neighborhood": "El Carmel", "latitude": 41.4283216, "longitude": 2.157278, "showAddress": false, "url": "https://www.idealista.com/inmueble/92175668/", "distance": "3108", "hasVideo": false, "status": "good", "newDevelopment": false, "hasLift": true, "priceByArea": 2811.0, "detailedType": {"typology": "flat"}, "suggestedTexts": {"subtitle": "El Carmel, Barcelona", "title": "Piso"}, "hasPlan": true, "has3DTour": false, "has360": false, "hasStaging": false, "topNewDevelopment": false}, {"propertyCode": "91955139", "thumbnail": "https://img3.idealista.com/blur/WEB_LISTING/0/id.pro.es.image.master/f2/b3/4c/827279994.jpg", "externalReference": "243848", "numPhotos": 24, "floor": "bj", "price": 170000.0, "propertyType": "flat", "operation": "sale", "size": 89.0, "exterior": true, "rooms": 2, "bathrooms": 1, "address": "barrio Les Roquetes", "province": "Barcelona", "municipality": "Barcelona", "district": "Nou Barris", "country": "es", "neighborhood": "Les Roquetes", "latitude": 41.4493846, "longitude": 2.1738333, "showAddress": false, "url": "https://www.idealista.com/inmueble/91955139/", "distance": "1486", "hasVideo": false, "status": "good", "newDevelopment": false, "hasLift": true, "priceByArea": 1910.0, "detailedType": {"typology": "flat"}, "suggestedTexts": {"subtitle": "Les Roquetes, Barcelona", "title": "Piso"}, "hasPlan": true, "has3DTour": false, "has360": false, "hasStaging": false, "topNewDevelopment": false}, {"propertyCode": "88407548", "thumbnail": "https://img3.idealista.com/blur/WEB_LISTING/0/id.pro.es.image.master/26/8e/26/776434917.jpg", "externalReference": "234075", "numPhotos": 25, "floor": "3", "price": 176000.0, "propertyType": "flat", "operation": "sale", "size": 104.0, "exterior": true, "rooms": 3, "bathrooms": 1, "address": "barrio La Trinitat Vella", "province": "Barcelona", "municipality": "Barcelona", "district": "Sant Andreu", "country": "es", "neighborhood": "La Trinitat Vella", "latitude": 41.4505644, "longitude": 2.188824, "showAddress": false, "url": "https://www.idealista.com/inmueble/88407548/", "distance": "2602", "hasVideo": false, "status": "good", "newDevelopment": false, "hasLift": false, "priceByArea": 1692.0, "detailedType": {"typology": "flat"}, "suggestedTexts": {"subtitle": "La Trinitat Vella, Barcelona", "title": "Piso"}, "hasPlan": true, "has3DTour": false, "has360": false, "hasStaging": false, "topNewDevelopment": false}, {"propertyCode": "84655700", "thumbnail": "https://img3.idealista.com/blur/WEB_LISTING/0/id.pro.es.image.master/dc/72/b8/776427954.jpg", "externalReference": "222379", "numPhotos": 25, "floor": "3", "price": 190000.0, "propertyType": "flat", "operation": "sale", "size": 59.0, "exterior": true, "rooms": 3, "bathrooms": 1, "address": "barrio Porta", "province": "Barcelona", "municipality": "Barcelona", "district": "Nou Barris", "country": "es", "neighborhood": "Porta", "latitude": 41.4336264, "longitude": 2.1772405, "showAddress": false, "url": "https://www.idealista.com/inmueble/84655700/", "distance": "2960", "hasVideo": false, "status": "good", "newDevelopment": false, "hasLift": true, "priceByArea": 3220.0, "detailedType": {"typology": "flat"}, "suggestedTexts": {"subtitle": "Porta, Barcelona", "title": "Piso"}, "hasPlan": true, "has3DTour": false, "has360": false, "hasStaging": false, "topNewDevelopment": false}, {"propertyCode": "90249097", "thumbnail": "https://img3.idealista.com/blur/WEB_LISTING/0/id.pro.es.image.master/9d/23/6a/786308584.jpg", "externalReference": "W-02J2XJ", "numPhotos": 32, "floor": "3", "price": 280000.0, "propertyType": "flat", "operation": "sale", "size": 80.0, "exterior": false, "rooms": 4, "bathrooms": 2, "address": "barrio Can Peguera - El Tur\u00f3 de la Peira", "province": "Barcelona", "municipality": "Barcelona", "district": "Nou Barris", "country": "es", "neighborhood": "Can Peguera - El Tur\u00f3 de la Peira", "latitude": 41.4320954, "longitude": 2.1684083, "showAddress": false, "url": "https://www.idealista.com/inmueble/90249097/", "distance": "2810", "hasVideo": false, "status": "good", "newDevelopment": false, "hasLift": true, "priceByArea": 3500.0, "detailedType": {"typology": "flat"}, "suggestedTexts": {"subtitle": "Can Peguera - El Tur\u00f3 de la Peira, Barcelona", "title": "Piso"}, "hasPlan": true, "has3DTour": false, "has360": false, "hasStaging": false, "topNewDevelopment": false}, {"propertyCode": "87734205", "thumbnail": "https://img3.idealista.com/blur/WEB_LISTING/0/id.pro.es.image.master/04/e8/6c/755947803.jpg", "externalReference": "W-02H828", "numPhotos": 28, "floor": "5", "price": 440000.0, "propertyType": "penthouse", "operation": "sale", "size": 125.0, "exterior": false, "rooms": 3, "bathrooms": 2, "address": "barrio Vilapicina i la Torre Llobeta", "province": "Barcelona", "municipality": "Barcelona", "district": "Nou Barris", "country": "es", "neighborhood": "Vilapicina i la Torre Llobeta", "latitude": 41.428547, "longitude": 2.1682547, "showAddress": false, "url": "https://www.idealista.com/inmueble/87734205/", "distance": "3186", "hasVideo": false, "status": "good", "newDevelopment": false, "hasLift": true, "priceByArea": 3520.0, "detailedType": {"typology": "flat", "subTypology": "penthouse"}, "suggestedTexts": {"subtitle": "Vilapicina i la Torre Llobeta, Barcelona", "title": "\u00c1tico"}, "hasPlan": true, "has3DTour": false, "has360": false, "hasStaging": false, "topNewDevelopment": false}, {"propertyCode": "92434923", "thumbnail": "https://img3.idealista.com/blur/WEB_LISTING/0/id.pro.es.image.master/26/b4/ca/839470707.jpg", "externalReference": "VerdunNicolas", "numPhotos": 23, "floor": "3", "price": 216500.0, "propertyType": "flat", "operation": "sale", "size": 84.0, "exterior": true, "rooms": 3, "bathrooms": 1, "address": "Artesania", "province": "Barcelona", "municipality": "Barcelona", "district": "Nou Barris", "country": "es", "neighborhood": "Verdun", "latitude": 41.4447814, "longitude": 2.1704343, "showAddress": false, "url": "https://www.idealista.com/inmueble/92434923/", "distance": "1616", "hasVideo": false, "status": "good", "newDevelopment": false, "hasLift": true, "priceByArea": 2577.0, "detailedType": {"typology": "flat"}, "suggestedTexts": {"subtitle": "Verdun, Barcelona", "title": "Piso en Artesania"}, "hasPlan": true, "has3DTour": false, "has360": false, "hasStaging": false, "topNewDevelopment": false}, {"propertyCode": "92562806", "thumbnail": "https://img3.idealista.com/blur/WEB_LISTING/0/id.pro.es.image.master/e9/33/93/842745850.jpg", "externalReference": "121536", "numPhotos": 21, "floor": "1", "price": 160000.0, "propertyType": "flat", "operation": "sale", "size": 60.0, "exterior": true, "rooms": 2, "bathrooms": 1, "address": "Calle de Roig i Sol\u00e9", "province": "Barcelona", "municipality": "Barcelona", "district": "Horta Guinard\u00f3", "country": "es", "neighborhood": "Sant Gen\u00eds Dels Agudells - Montbau", "latitude": 41.4320445, "longitude": 2.1425834, "showAddress": false, "url": "https://www.idealista.com/inmueble/92562806/", "distance": "3003", "hasVideo": true, "status": "good", "newDevelopment": false, "hasLift": false, "priceByArea": 2667.0, "detailedType": {"typology": "flat"}, "suggestedTexts": {"subtitle": "Sant Gen\u00eds Dels Agudells - Montbau, Barcelona", "title": "Piso en Calle de Roig i Sol\u00e9"}, "hasPlan": true, "has3DTour": false, "has360": false, "hasStaging": false, "topNewDevelopment": false}, {"propertyCode": "92940249", "thumbnail": "https://img3.idealista.com/blur/WEB_LISTING/0/id.pro.es.image.master/f0/f3/ea/851578830.jpg", "numPhotos": 24, "floor": "2", "price": 166000.0, "propertyType": "flat", "operation": "sale", "size": 63.0, "exterior": true, "rooms": 3, "bathrooms": 1, "address": "Mol\u00ed", "province": "Barcelona", "municipality": "Barcelona", "district": "Nou Barris", "country": "es", "neighborhood": "La Prosperitat", "latitude": 41.4416512, "longitude": 2.1811924, "showAddress": false, "url": "https://www.idealista.com/inmueble/92940249/", "distance": "2490", "hasVideo": false, "status": "good", "newDevelopment": false, "hasLift": false, "priceByArea": 2635.0, "detailedType": {"typology": "flat"}, "suggestedTexts": {"subtitle": "La Prosperitat, Barcelona", "title": "Piso en Mol\u00ed"}, "hasPlan": false, "has3DTour": false, "has360": false, "hasStaging": false, "topNewDevelopment": false}, {"propertyCode": "87520253", "thumbnail": "https://img3.idealista.com/blur/WEB_LISTING/0/id.pro.es.image.master/c9/43/5a/856208561.jpg", "numPhotos": 59, "floor": "3", "price": 194900.0, "propertyType": "flat", "operation": "sale", "size": 50.0, "exterior": true, "rooms": 2, "bathrooms": 1, "address": "Calle de Joaquim Valls", "province": "Barcelona", "municipality": "Barcelona", "district": "Nou Barris", "country": "es", "neighborhood": "La Prosperitat", "latitude": 41.4426145, "longitude": 2.180246, "showAddress": false, "url": "https://www.idealista.com/inmueble/87520253/", "distance": "2361", "hasVideo": false, "status": "good", "newDevelopment": false, "hasLift": true, "priceByArea": 3898.0, "detailedType": {"typology": "flat"}, "suggestedTexts": {"subtitle": "La Prosperitat, Barcelona", "title": "Piso en Calle de Joaquim Valls"}, "hasPlan": true, "has3DTour": false, "has360": false, "hasStaging": false, "topNewDevelopment": false}, {"propertyCode": "92888429", "thumbnail": "https://img3.idealista.com/blur/WEB_LISTING/0/id.pro.es.image.master/a3/d5/19/850289120.jpg", "externalReference": "v7340", "numPhotos": 27, "floor": "3", "price": 135000.0, "propertyType": "flat", "operation": "sale", "size": 66.0, "exterior": true, "rooms": 3, "bathrooms": 1, "address": "barrio Verdun", "province": "Barcelona", "municipality": "Barcelona", "district": "Nou Barris", "country": "es", "neighborhood": "Verdun", "latitude": 41.4415491, "longitude": 2.1745457, "showAddress": false, "url": "https://www.idealista.com/inmueble/92888429/", "distance": "2110", "hasVideo": true, "status": "good", "newDevelopment": false, "hasLift": false, "priceByArea": 2045.0, "detailedType": {"typology": "flat"}, "suggestedTexts": {"subtitle": "Verdun, Barcelona", "title": "Piso"}, "hasPlan": false, "has3DTour": false, "has360": false, "hasStaging": false, "topNewDevelopment": false}, {"propertyCode": "93147794", "thumbnail": "https://img3.idealista.com/blur/WEB_LISTING/0/id.pro.es.image.master/c0/db/57/855550169.jpg", "externalReference": "PBE149", "numPhotos": 23, "floor": "bj", "price": 149000.0, "propertyType": "flat", "operation": "sale", "size": 57.0, "exterior": true, "rooms": 3, "bathrooms": 1, "address": "Calle de l'Estudiant", "province": "Barcelona", "municipality": "Barcelona", "district": "Nou Barris", "country": "es", "neighborhood": "Porta", "latitude": 41.4334352, "longitude": 2.1759897, "showAddress": false, "url": "https://www.idealista.com/inmueble/93147794/", "distance": "2925", "hasVideo": false, "status": "good", "newDevelopment": false, "hasLift": true, "priceByArea": 2614.0, "detailedType": {"typology": "flat"}, "suggestedTexts": {"subtitle": "Porta, Barcelona", "title": "Piso en Calle de l'Estudiant"}, "hasPlan": false, "has3DTour": false, "has360": false, "hasStaging": false, "topNewDevelopment": false}, {"propertyCode": "93125923", "thumbnail": "https://img3.idealista.com/blur/WEB_LISTING/0/id.pro.es.image.master/28/70/66/855091323.jpg", "externalReference": "PCE149", "numPhotos": 23, "floor": "bj", "price": 149000.0, "propertyType": "flat", "operation": "sale", "size": 57.0, "exterior": true, "rooms": 3, "bathrooms": 1, "address": "Calle de l'Estudiant", "province": "Barcelona", "municipality": "Barcelona", "district": "Nou Barris", "country": "es", "neighborhood": "Porta", "latitude": 41.4354643, "longitude": 2.1783977, "showAddress": false, "url": "https://www.idealista.com/inmueble/93125923/", "distance": "2843", "hasVideo": false, "status": "good", "newDevelopment": false, "hasLift": true, "priceByArea": 2614.0, "detailedType": {"typology": "flat"}, "suggestedTexts": {"subtitle": "Porta, Barcelona", "title": "Piso en Calle de l'Estudiant"}, "hasPlan": false, "has3DTour": false, "has360": false, "hasStaging": false, "topNewDevelopment": false}, {"propertyCode": "92646299", "thumbnail": "https://img3.idealista.com/blur/WEB_LISTING/0/id.pro.es.image.master/5a/b2/ed/845165248.jpg", "externalReference": "100155", "numPhotos": 26, "floor": "2", "price": 149000.0, "propertyType": "flat", "operation": "sale", "size": 85.0, "exterior": true, "rooms": 3, "bathrooms": 1, "address": "Calle Moss\u00e8n Epifani Lorda", "province": "Barcelona", "municipality": "Barcelona", "district": "Sant Andreu", "country": "es", "neighborhood": "La Trinitat Vella", "latitude": 41.4549532, "longitude": 2.1949138, "showAddress": false, "url": "https://www.idealista.com/inmueble/92646299/", "distance": "3034", "hasVideo": true, "status": "good", "newDevelopment": false, "hasLift": false, "priceByArea": 1753.0, "detailedType": {"typology": "flat"}, "suggestedTexts": {"subtitle": "La Trinitat Vella, Barcelona", "title": "Piso en Calle Moss\u00e8n Epifani Lorda"}, "hasPlan": true, "has3DTour": false, "has360": false, "hasStaging": false, "topNewDevelopment": false}, {"propertyCode": "92044393", "thumbnail": "https://img3.idealista.com/blur/WEB_LISTING/0/id.pro.es.image.master/ba/48/0d/829430044.jpg", "numPhotos": 31, "floor": "bj", "price": 195000.0, "propertyType": "flat", "operation": "sale", "size": 63.0, "exterior": true, "rooms": 3, "bathrooms": 1, "address": "del vent", "province": "Barcelona", "municipality": "Barcelona", "district": "Horta Guinard\u00f3", "country": "es", "neighborhood": "Horta", "latitude": 41.4319037, "longitude": 2.1633903, "showAddress": false, "url": "https://www.idealista.com/inmueble/92044393/", "distance": "2738", "hasVideo": false, "status": "good", "newDevelopment": false, "hasLift": true, "priceByArea": 3095.0, "detailedType": {"typology": "flat"}, "suggestedTexts": {"subtitle": "Horta, Barcelona", "title": "Piso en del vent"}, "hasPlan": false, "has3DTour": false, "has360": false, "hasStaging": false, "topNewDevelopment": false}, {"propertyCode": "38601752", "thumbnail": "https://img3.idealista.com/blur/WEB_LISTING/0/id.pro.es.image.master/10/01/87/839467492.jpg", "externalReference": "CA-000-030-679-997", "numPhotos": 27, "price": 110000.0, "propertyType": "chalet", "operation": "sale", "size": 132.0, "exterior": false, "rooms": 3, "bathrooms": 1, "address": "barrio Ciutat Meridiana - Torre Bar\u00f3 - Vallbona", "province": "Barcelona", "municipality": "Barcelona", "district": "Nou Barris", "country": "es", "neighborhood": "Ciutat Meridiana - Torre Bar\u00f3 - Vallbona", "latitude": 41.456459, "longitude": 2.1863035, "showAddress": false, "url": "https://www.idealista.com/inmueble/38601752/", "distance": "2313", "hasVideo": false, "status": "good", "newDevelopment": false, "priceByArea": 833.0, "detailedType": {"typology": "chalet"}, "suggestedTexts": {"subtitle": "Ciutat Meridiana - Torre Bar\u00f3 - Vallbona, Barcelona", "title": "Chalet"}, "hasPlan": true, "has3DTour": false, "has360": false, "hasStaging": false, "topNewDevelopment": false}, {"propertyCode": "92636746", "thumbnail": "https://img3.idealista.com/blur/WEB_LISTING/0/id.pro.es.image.master/4b/72/0a/844514760.jpg", "externalReference": "LNI-BSMR", "numPhotos": 12, "floor": "5", "price": 139500.0, "propertyType": "penthouse", "operation": "sale", "size": 90.0, "exterior": true, "rooms": 4, "bathrooms": 1, "address": "Mare de D\u00e9u de Lorda", "province": "Barcelona", "municipality": "Barcelona", "district": "Sant Andreu", "country": "es", "neighborhood": "La Trinitat Vella", "latitude": 41.4537792, "longitude": 2.1917715, "showAddress": false, "url": "https://www.idealista.com/inmueble/92636746/", "distance": "2783", "hasVideo": false, "status": "renew", "newDevelopment": false, "hasLift": false, "priceByArea": 1550.0, "detailedType": {"typology": "flat", "subTypology": "penthouse"}, "suggestedTexts": {"subtitle": "La Trinitat Vella, Barcelona", "title": "\u00c1tico en Mare de D\u00e9u de Lorda"}, "hasPlan": false, "has3DTour": false, "has360": false, "hasStaging": false, "topNewDevelopment": false}, {"propertyCode": "91776376", "thumbnail": "https://img3.idealista.com/blur/WEB_LISTING/0/id.pro.es.image.master/2f/87/14/823011862.jpg", "externalReference": "RomiVerdunSanti", "numPhotos": 19, "floor": "2", "price": 145000.0, "propertyType": "flat", "operation": "sale", "size": 60.0, "exterior": false, "rooms": 3, "bathrooms": 1, "address": "Verdun", "province": "Barcelona", "municipality": "Barcelona", "district": "Nou Barris", "country": "es", "neighborhood": "Verdun", "latitude": 41.4420536, "longitude": 2.1758135, "showAddress": false, "url": "https://www.idealista.com/inmueble/91776376/", "distance": "2137", "hasVideo": true, "status": "good", "newDevelopment": false, "hasLift": true, "priceByArea": 2417.0, "detailedType": {"typology": "flat"}, "suggestedTexts": {"subtitle": "Verdun, Barcelona", "title": "Piso en Verdun"}, "hasPlan": false, "has3DTour": false, "has360": false, "hasStaging": false, "topNewDevelopment": false}, {"propertyCode": "91786391", "thumbnail": "https://img3.idealista.com/blur/WEB_LISTING/0/id.pro.es.image.master/e7/c1/3a/823498262.jpg", "numPhotos": 18, "floor": "2", "price": 170000.0, "propertyType": "flat", "operation": "sale", "size": 65.0, "exterior": true, "rooms": 3, "bathrooms": 1, "address": "LLORET DE MAR", "province": "Barcelona", "municipality": "Barcelona", "district": "Horta Guinard\u00f3", "country": "es", "neighborhood": "Horta", "latitude": 41.4355498, "longitude": 2.156679, "showAddress": false, "url": "https://www.idealista.com/inmueble/91786391/", "distance": "2308", "hasVideo": false, "status": "good", "newDevelopment": false, "hasLift": false, "priceByArea": 2615.0, "detailedType": {"typology": "flat"}, "suggestedTexts": {"subtitle": "Horta, Barcelona", "title": "Piso en LLORET DE MAR"}, "hasPlan": false, "has3DTour": false, "has360": false, "hasStaging": false, "topNewDevelopment": false}, {"propertyCode": "92565257", "thumbnail": "https://img3.idealista.com/blur/WEB_LISTING/0/id.pro.es.image.master/e5/f5/ec/842806202.jpg", "externalReference": "Alcudia-Josep", "numPhotos": 19, "floor": "1", "price": 139500.0, "propertyType": "flat", "operation": "sale", "size": 56.0, "exterior": false, "rooms": 3, "bathrooms": 1, "address": "Calle d'Alc\u00fadia", "province": "Barcelona", "municipality": "Barcelona", "district": "Nou Barris", "country": "es", "neighborhood": "Porta", "latitude": 41.4379993, "longitude": 2.1760727, "showAddress": false, "url": "https://www.idealista.com/inmueble/92565257/", "distance": "2501", "hasVideo": true, "status": "good", "newDevelopment": false, "hasLift": true, "priceByArea": 2491.0, "detailedType": {"typology": "flat"}, "suggestedTexts": {"subtitle": "Porta, Barcelona", "title": "Piso en Calle d'Alc\u00fadia"}, "hasPlan": false, "has3DTour": false, "has360": false, "hasStaging": false, "topNewDevelopment": false}, {"propertyCode": "93070647", "thumbnail": "https://img3.idealista.com/blur/WEB_LISTING/0/id.pro.es.image.master/59/88/94/853766210.jpg", "numPhotos": 11, "floor": "6", "price": 129000.0, "propertyType": "flat", "operation": "sale", "size": 63.0, "exterior": true, "rooms": 3, "bathrooms": 1, "address": "barrio Ciutat Meridiana - Torre Bar\u00f3 - Vallbona", "province": "Barcelona", "municipality": "Barcelona", "district": "Nou Barris", "country": "es", "neighborhood": "Ciutat Meridiana - Torre Bar\u00f3 - Vallbona", "latitude": 41.4642098, "longitude": 2.175942, "showAddress": false, "url": "https://www.idealista.com/inmueble/93070647/", "distance": "1698", "hasVideo": true, "status": "good", "newDevelopment": false, "hasLift": true, "priceByArea": 2048.0, "detailedType": {"typology": "flat"}, "suggestedTexts": {"subtitle": "Ciutat Meridiana - Torre Bar\u00f3 - Vallbona, Barcelona", "title": "Piso"}, "hasPlan": false, "has3DTour": false, "has360": false, "hasStaging": false, "topNewDevelopment": false}, {"propertyCode": "92692647", "thumbnail": "https://img3.idealista.com/blur/WEB_LISTING/0/id.pro.es.image.master/03/6e/c8/845828112.jpg", "externalReference": "NICO-PARQUE", "numPhotos": 18, "floor": "1", "price": 132500.0, "propertyType": "flat", "operation": "sale", "size": 55.0, "exterior": true, "rooms": 2, "bathrooms": 1, "address": "barrio Verdun", "province": "Barcelona", "municipality": "Barcelona", "district": "Nou Barris", "country": "es", "neighborhood": "Verdun", "latitude": 41.4400514, "longitude": 2.1754347, "showAddress": false, "url": "https://www.idealista.com/inmueble/92692647/", "distance": "2287", "hasVideo": true, "status": "good", "newDevelopment": false, "hasLift": true, "priceByArea": 2409.0, "detailedType": {"typology": "flat"}, "suggestedTexts": {"subtitle": "Verdun, Barcelona", "title": "Piso"}, "hasPlan": false, "has3DTour": false, "has360": false, "hasStaging": false, "topNewDevelopment": false}, {"propertyCode": "92798644", "thumbnail": "https://img3.idealista.com/blur/WEB_LISTING/0/id.pro.es.image.master/77/29/6d/848428262.jpg", "externalReference": "ViGrego", "numPhotos": 16, "floor": "4", "price": 190000.0, "propertyType": "flat", "operation": "sale", "size": 55.0, "exterior": true, "rooms": 3, "bathrooms": 1, "address": "Passatge de Porta", "province": "Barcelona", "municipality": "Barcelona", "district": "Nou Barris", "country": "es", "neighborhood": "Porta", "latitude": 41.4317733, "longitude": 2.1725582, "showAddress": false, "url": "https://www.idealista.com/inmueble/92798644/", "distance": "2962", "hasVideo": true, "status": "good", "newDevelopment": false, "hasLift": true, "priceByArea": 3455.0, "detailedType": {"typology": "flat"}, "suggestedTexts": {"subtitle": "Porta, Barcelona", "title": "Piso en Passatge de Porta"}, "hasPlan": false, "has3DTour": false, "has360": false, "hasStaging": false, "topNewDevelopment": false}, {"propertyCode": "89227166", "thumbnail": "https://img3.idealista.com/blur/WEB_LISTING/0/id.pro.es.image.master/3f/29/cc/767560479.jpg", "externalReference": "PAS190", "numPhotos": 25, "floor": "4", "price": 185000.0, "propertyType": "flat", "operation": "sale", "size": 55.0, "exterior": true, "rooms": 3, "bathrooms": 1, "address": "Passatge de Porta s/n", "province": "Barcelona", "municipality": "Barcelona", "district": "Nou Barris", "country": "es", "neighborhood": "Porta", "latitude": 41.4324755, "longitude": 2.1746303, "showAddress": true, "url": "https://www.idealista.com/inmueble/89227166/", "distance": "2965", "hasVideo": true, "status": "good", "newDevelopment": false, "hasLift": true, "priceByArea": 3364.0, "detailedType": {"typology": "flat"}, "suggestedTexts": {"subtitle": "Porta, Barcelona", "title": "Piso en Passatge de Porta s/n"}, "hasPlan": true, "has3DTour": false, "has360": true, "hasStaging": false, "topNewDevelopment": false}, {"propertyCode": "91944091", "thumbnail": "https://img3.idealista.com/blur/WEB_LISTING/0/id.pro.es.image.master/83/9a/7d/828842235.jpg", "externalReference": "LNI-JMFO90", "numPhotos": 28, "floor": "2", "price": 215000.0, "propertyType": "flat", "operation": "sale", "size": 103.0, "exterior": true, "rooms": 4, "bathrooms": 2, "address": "Foradada", "province": "Barcelona", "municipality": "Barcelona", "district": "Sant Andreu", "country": "es", "neighborhood": "La Trinitat Vella", "latitude": 41.4495664, "longitude": 2.1914827, "showAddress": false, "url": "https://www.idealista.com/inmueble/91944091/", "distance": "2844", "hasVideo": false, "status": "good", "newDevelopment": false, "hasLift": false, "parkingSpace": {"hasParkingSpace": true, "isParkingSpaceIncludedInPrice": true}, "priceByArea": 2087.0, "detailedType": {"typology": "flat"}, "suggestedTexts": {"subtitle": "La Trinitat Vella, Barcelona", "title": "Piso en Foradada"}, "hasPlan": true, "has3DTour": false, "has360": true, "hasStaging": false, "topNewDevelopment": false}, {"propertyCode": "92472272", "thumbnail": "https://img3.idealista.com/blur/WEB_LISTING/0/id.pro.es.image.master/18/0c/4a/855497882.jpg", "externalReference": "LNI-JMFE1", "numPhotos": 17, "floor": "en", "price": 90000.0, "propertyType": "flat", "operation": "sale", "size": 60.0, "exterior": true, "rooms": 3, "bathrooms": 1, "address": "Finestrelles", "province": "Barcelona", "municipality": "Barcelona", "district": "Sant Andreu", "country": "es", "neighborhood": "La Trinitat Vella", "latitude": 41.4522017, "longitude": 2.1897072, "showAddress": false, "url": "https://www.idealista.com/inmueble/92472272/", "distance": "2636", "hasVideo": false, "status": "good", "newDevelopment": false, "hasLift": false, "priceByArea": 1500.0, "detailedType": {"typology": "flat"}, "suggestedTexts": {"subtitle": "La Trinitat Vella, Barcelona", "title": "Piso en Finestrelles"}, "hasPlan": true, "has3DTour": false, "has360": true, "hasStaging": false, "topNewDevelopment": false}, {"propertyCode": "92679982", "thumbnail": "https://img3.idealista.com/blur/WEB_LISTING/0/id.pro.es.image.master/03/e0/cd/845513347.jpg", "externalReference": "ARN165", "numPhotos": 27, "floor": "6", "price": 165000.0, "propertyType": "flat", "operation": "sale", "size": 55.0, "exterior": false, "rooms": 2, "bathrooms": 1, "address": "Calle d'Arnau d'Oms s/n", "province": "Barcelona", "municipality": "Barcelona", "district": "Nou Barris", "country": "es", "neighborhood": "Porta", "latitude": 41.4312991, "longitude": 2.1774385, "showAddress": true, "url": "https://www.idealista.com/inmueble/92679982/", "distance": "3191", "hasVideo": true, "status": "good", "newDevelopment": false, "hasLift": true, "priceByArea": 3000.0, "detailedType": {"typology": "flat"}, "suggestedTexts": {"subtitle": "Porta, Barcelona", "title": "Piso en Calle d'Arnau d'Oms s/n"}, "hasPlan": true, "has3DTour": false, "has360": true, "hasStaging": false, "topNewDevelopment": false}, {"propertyCode": "92129103", "thumbnail": "https://img3.idealista.com/blur/WEB_LISTING/0/id.pro.es.image.master/1a/a7/6d/831708808.jpg", "externalReference": "SANT260", "numPhotos": 27, "floor": "5", "price": 260000.0, "propertyType": "flat", "operation": "sale", "size": 90.0, "exterior": true, "rooms": 4, "bathrooms": 1, "address": "Calle de Sant Iscle s/n", "province": "Barcelona", "municipality": "Barcelona", "district": "Nou Barris", "country": "es", "neighborhood": "Can Peguera - El Tur\u00f3 de la Peira", "latitude": 41.4314065, "longitude": 2.1734677, "showAddress": true, "url": "https://www.idealista.com/inmueble/92129103/", "distance": "3030", "hasVideo": true, "status": "good", "newDevelopment": false, "hasLift": true, "priceByArea": 2889.0, "detailedType": {"typology": "flat"}, "suggestedTexts": {"subtitle": "Can Peguera - El Tur\u00f3 de la Peira, Barcelona", "title": "Piso en Calle de Sant Iscle s/n"}, "hasPlan": true, "has3DTour": false, "has360": true, "hasStaging": false, "topNewDevelopment": false}, {"propertyCode": "89111976", "thumbnail": "https://img3.idealista.com/blur/WEB_LISTING/0/id.pro.es.image.master/5c/65/12/763565337.jpg", "externalReference": "ALE250", "numPhotos": 19, "floor": "3", "price": 240000.0, "propertyType": "flat", "operation": "sale", "size": 80.0, "exterior": true, "rooms": 4, "bathrooms": 1, "address": "Calle d'Alella, 51", "province": "Barcelona", "municipality": "Barcelona", "district": "Nou Barris", "country": "es", "neighborhood": "Porta", "latitude": 41.4314661, "longitude": 2.1767837, "showAddress": true, "url": "https://www.idealista.com/inmueble/89111976/", "distance": "3148", "hasVideo": true, "status": "good", "newDevelopment": false, "hasLift": true, "priceByArea": 3000.0, "detailedType": {"typology": "flat"}, "suggestedTexts": {"subtitle": "Porta, Barcelona", "title": "Piso en Calle d'Alella, 51"}, "hasPlan": true, "has3DTour": false, "has360": true, "hasStaging": false, "topNewDevelopment": false}, {"propertyCode": "92406916", "thumbnail": "https://img3.idealista.com/blur/WEB_LISTING/0/id.pro.es.image.master/0a/a1/d9/839023209.jpg", "externalReference": "3585", "numPhotos": 29, "floor": "2", "price": 198000.0, "propertyType": "flat", "operation": "sale", "size": 84.0, "exterior": true, "rooms": 3, "bathrooms": 1, "address": "MIGUEL HERNANDEZ", "province": "Barcelona", "municipality": "Barcelona", "district": "Nou Barris", "country": "es", "neighborhood": "Canyelles", "latitude": 41.4441121, "longitude": 2.1638515, "showAddress": false, "url": "https://www.idealista.com/inmueble/92406916/", "distance": "1421", "hasVideo": false, "status": "good", "newDevelopment": false, "hasLift": true, "priceByArea": 2357.0, "detailedType": {"typology": "flat"}, "suggestedTexts": {"subtitle": "Canyelles, Barcelona", "title": "Piso en MIGUEL HERNANDEZ"}, "hasPlan": true, "has3DTour": false, "has360": true, "hasStaging": false, "topNewDevelopment": false}, {"propertyCode": "93164116", "thumbnail": "https://img3.idealista.com/blur/WEB_LISTING/0/id.pro.es.image.master/7a/56/b3/855910367.jpg", "externalReference": "BAR-5912450", "numPhotos": 27, "floor": "4", "price": 138000.0, "propertyType": "flat", "operation": "sale", "size": 57.0, "exterior": true, "rooms": 3, "bathrooms": 1, "address": "Calle d'Argull\u00f3s", "province": "Barcelona", "municipality": "Barcelona", "district": "Nou Barris", "country": "es", "neighborhood": "La Prosperitat", "latitude": 41.441252, "longitude": 2.1819125, "showAddress": false, "url": "https://www.idealista.com/inmueble/93164116/", "distance": "2565", "hasVideo": false, "status": "good", "newDevelopment": false, "hasLift": false, "priceByArea": 2421.0, "detailedType": {"typology": "flat"}, "suggestedTexts": {"subtitle": "La Prosperitat, Barcelona", "title": "Piso en Calle d'Argull\u00f3s"}, "hasPlan": true, "has3DTour": false, "has360": false, "hasStaging": false, "topNewDevelopment": false}, {"propertyCode": "89138806", "thumbnail": "https://img3.idealista.com/blur/WEB_LISTING/0/id.pro.es.image.master/55/10/94/764368642.jpg", "externalReference": "111937", "numPhotos": 65, "floor": "1", "price": 175000.0, "propertyType": "flat", "operation": "sale", "size": 53.0, "exterior": true, "rooms": 3, "bathrooms": 1, "address": "Calle del Congr\u00e9s", "province": "Barcelona", "municipality": "Barcelona", "district": "Horta Guinard\u00f3", "country": "es", "neighborhood": "Horta", "latitude": 41.4343766, "longitude": 2.1635252, "showAddress": false, "url": "https://www.idealista.com/inmueble/89138806/", "distance": "2468", "hasVideo": false, "status": "good", "newDevelopment": false, "hasLift": true, "priceByArea": 3302.0, "detailedType": {"typology": "flat"}, "suggestedTexts": {"subtitle": "Horta, Barcelona", "title": "Piso en Calle del Congr\u00e9s"}, "hasPlan": true, "has3DTour": false, "has360": false, "hasStaging": false, "topNewDevelopment": false}, {"propertyCode": "91904683", "thumbnail": "https://img3.idealista.com/blur/WEB_LISTING/0/id.pro.es.image.master/f4/ce/1b/826118963.jpg", "externalReference": "1822", "numPhotos": 20, "floor": "1", "price": 235000.0, "propertyType": "flat", "operation": "sale", "size": 105.0, "exterior": true, "rooms": 3, "bathrooms": 2, "address": "Calle de Rodrigo Caro", "province": "Barcelona", "municipality": "Barcelona", "district": "Nou Barris", "country": "es", "neighborhood": "Les Roquetes", "latitude": 41.4464294, "longitude": 2.1759906, "showAddress": false, "url": "https://www.idealista.com/inmueble/91904683/", "distance": "1819", "hasVideo": true, "status": "good", "newDevelopment": false, "hasLift": false, "priceByArea": 2238.0, "detailedType": {"typology": "flat"}, "suggestedTexts": {"subtitle": "Les Roquetes, Barcelona", "title": "Piso en Calle de Rodrigo Caro"}, "hasPlan": true, "has3DTour": false, "has360": false, "hasStaging": false, "topNewDevelopment": false}, {"propertyCode": "92576707", "thumbnail": "https://img3.idealista.com/blur/WEB_LISTING/0/id.pro.es.image.master/fe/48/68/843090263.jpg", "externalReference": "323184", "numPhotos": 23, "floor": "4", "price": 159000.0, "propertyType": "flat", "operation": "sale", "size": 77.0, "exterior": true, "rooms": 3, "bathrooms": 1, "address": "Calle de Palam\u00f3s, 38", "province": "Barcelona", "municipality": "Barcelona", "district": "Nou Barris", "country": "es", "neighborhood": "La Trinitat Nova", "latitude": 41.4477777, "longitude": 2.1852601, "showAddress": true, "url": "https://www.idealista.com/inmueble/92576707/", "distance": "2418", "hasVideo": true, "status": "good", "newDevelopment": false, "hasLift": true, "priceByArea": 2065.0, "detailedType": {"typology": "flat"}, "suggestedTexts": {"subtitle": "La Trinitat Nova, Barcelona", "title": "Piso en Calle de Palam\u00f3s, 38"}, "hasPlan": true, "has3DTour": false, "has360": false, "hasStaging": false, "topNewDevelopment": false}, {"propertyCode": "93091657", "thumbnail": "https://img3.idealista.com/blur/WEB_LISTING/0/id.pro.es.image.master/7a/eb/93/854300108.jpg", "externalReference": "BAR-5415265", "numPhotos": 37, "floor": "5", "price": 193000.0, "propertyType": "flat", "operation": "sale", "size": 67.0, "exterior": true, "rooms": 3, "bathrooms": 1, "address": "Calle de Vayreda", "province": "Barcelona", "municipality": "Barcelona", "district": "Horta Guinard\u00f3", "country": "es", "neighborhood": "Sant Gen\u00eds Dels Agudells - Montbau", "latitude": 41.4325689, "longitude": 2.1423284, "showAddress": false, "url": "https://www.idealista.com/inmueble/93091657/", "distance": "2960", "hasVideo": false, "status": "good", "newDevelopment": false, "hasLift": false, "priceByArea": 2881.0, "detailedType": {"typology": "flat"}, "suggestedTexts": {"subtitle": "Sant Gen\u00eds Dels Agudells - Montbau, Barcelona", "title": "Piso en Calle de Vayreda"}, "hasPlan": true, "has3DTour": false, "has360": false, "hasStaging": false, "topNewDevelopment": false}, {"propertyCode": "90412708", "thumbnail": "https://img3.idealista.com/blur/WEB_LISTING/0/id.pro.es.image.master/e0/16/b0/790238725.jpg", "externalReference": "SM-40", "numPhotos": 59, "floor": "9", "price": 359900.0, "propertyType": "penthouse", "operation": "sale", "size": 159.0, "exterior": true, "rooms": 2, "bathrooms": 2, "address": "Avenida Meridiana, 550", "province": "Barcelona", "municipality": "Barcelona", "district": "Sant Andreu", "country": "es", "neighborhood": "Sant Andreu", "latitude": 41.4408568, "longitude": 2.1862175, "showAddress": true, "url": "https://www.idealista.com/inmueble/90412708/", "distance": "2873", "hasVideo": true, "status": "good", "newDevelopment": false, "hasLift": true, "priceByArea": 2264.0, "detailedType": {"typology": "flat", "subTypology": "penthouse"}, "suggestedTexts": {"subtitle": "Sant Andreu, Barcelona", "title": "\u00c1tico en Avenida Meridiana, 550"}, "hasPlan": true, "has3DTour": false, "has360": false, "hasStaging": false, "topNewDevelopment": false}, {"propertyCode": "89905655", "thumbnail": "https://img3.idealista.com/blur/WEB_LISTING/0/id.pro.es.image.master/81/d8/92/779015291.jpg", "externalReference": "112492", "numPhotos": 25, "floor": "1", "price": 139000.0, "propertyType": "flat", "operation": "sale", "size": 62.0, "exterior": true, "rooms": 3, "bathrooms": 1, "address": "Calle de la Florida", "province": "Barcelona", "municipality": "Barcelona", "district": "Nou Barris", "country": "es", "neighborhood": "La Prosperitat", "latitude": 41.4451376, "longitude": 2.1862508, "showAddress": false, "url": "https://www.idealista.com/inmueble/89905655/", "distance": "2619", "hasVideo": false, "status": "good", "newDevelopment": false, "hasLift": false, "priceByArea": 2242.0, "detailedType": {"typology": "flat"}, "suggestedTexts": {"subtitle": "La Prosperitat, Barcelona", "title": "Piso en Calle de la Florida"}, "hasPlan": true, "has3DTour": false, "has360": false, "hasStaging": false, "topNewDevelopment": false}, {"propertyCode": "92726949", "thumbnail": "https://img3.idealista.com/blur/WEB_LISTING/0/id.pro.es.image.master/c5/04/85/855760705.jpg", "externalReference": "KE-0120", "numPhotos": 24, "floor": "4", "price": 139000.0, "propertyType": "flat", "operation": "sale", "size": 51.0, "exterior": true, "rooms": 2, "bathrooms": 1, "address": "Calle de Joaquim Puig i Pidemunt", "province": "Barcelona", "municipality": "Barcelona", "district": "Nou Barris", "country": "es", "neighborhood": "Les Roquetes", "latitude": 41.4430707, "longitude": 2.1748509, "showAddress": false, "url": "https://www.idealista.com/inmueble/92726949/", "distance": "1999", "hasVideo": false, "status": "good", "newDevelopment": false, "hasLift": false, "priceByArea": 2725.0, "detailedType": {"typology": "flat"}, "suggestedTexts": {"subtitle": "Les Roquetes, Barcelona", "title": "Piso en Calle de Joaquim Puig i Pidemunt"}, "hasPlan": true, "has3DTour": true, "has360": false, "hasStaging": false, "topNewDevelopment": false}, {"propertyCode": "90639061", "thumbnail": "https://img3.idealista.com/blur/WEB_LISTING/0/id.pro.es.image.master/d5/b3/07/795005377.jpg", "externalReference": "285160", "numPhotos": 21, "floor": "4", "price": 95000.0, "propertyType": "flat", "operation": "sale", "size": 54.0, "exterior": true, "rooms": 3, "bathrooms": 1, "address": "Calle Mina, 2 -18", "province": "Barcelona", "municipality": "Montcada i Reixac", "district": "Can Sant Joan", "country": "es", "latitude": 41.4720225, "longitude": 2.1840648, "showAddress": true, "url": "https://www.idealista.com/inmueble/90639061/", "distance": "2756", "hasVideo": true, "status": "good", "newDevelopment": false, "hasLift": true, "priceByArea": 1759.0, "detailedType": {"typology": "flat"}, "suggestedTexts": {"subtitle": "Can Sant Joan, Montcada i Reixac", "title": "Piso en Calle Mina, 2 -18"}, "hasPlan": true, "has3DTour": false, "has360": false, "hasStaging": false, "topNewDevelopment": false}, {"propertyCode": "93087653", "thumbnail": "https://img3.idealista.com/blur/WEB_LISTING/0/id.pro.es.image.master/10/e9/f8/854191242.jpg", "externalReference": "328917", "numPhotos": 22, "floor": "4", "price": 199000.0, "propertyType": "flat", "operation": "sale", "size": 70.0, "exterior": true, "rooms": 3, "bathrooms": 1, "address": "Calle de Palam\u00f3s s/n", "province": "Barcelona", "municipality": "Barcelona", "district": "Nou Barris", "country": "es", "neighborhood": "La Prosperitat", "latitude": 41.4458913, "longitude": 2.1846761, "showAddress": true, "url": "https://www.idealista.com/inmueble/93087653/", "distance": "2464", "hasVideo": true, "status": "good", "newDevelopment": false, "hasLift": true, "priceByArea": 2843.0, "detailedType": {"typology": "flat"}, "suggestedTexts": {"subtitle": "La Prosperitat, Barcelona", "title": "Piso en Calle de Palam\u00f3s s/n"}, "hasPlan": true, "has3DTour": false, "has360": false, "hasStaging": false, "topNewDevelopment": false}, {"propertyCode": "93072936", "thumbnail": "https://img3.idealista.com/blur/WEB_LISTING/0/id.pro.es.image.master/db/5f/e6/853840842.jpg", "externalReference": "329306", "numPhotos": 25, "floor": "1", "price": 472500.0, "propertyType": "flat", "operation": "sale", "size": 87.0, "exterior": true, "rooms": 3, "bathrooms": 2, "address": "Calle de Salses, 23", "province": "Barcelona", "municipality": "Barcelona", "district": "Horta Guinard\u00f3", "country": "es", "neighborhood": "Horta", "latitude": 41.4329885, "longitude": 2.1595063, "showAddress": true, "url": "https://www.idealista.com/inmueble/93072936/", "distance": "2588", "hasVideo": true, "status": "good", "newDevelopment": false, "hasLift": true, "parkingSpace": {"hasParkingSpace": true, "isParkingSpaceIncludedInPrice": false, "parkingSpacePrice": 30000.0}, "priceByArea": 5431.0, "detailedType": {"typology": "flat"}, "suggestedTexts": {"subtitle": "Horta, Barcelona", "title": "Piso en Calle de Salses, 23"}, "hasPlan": true, "has3DTour": false, "has360": false, "hasStaging": false, "topNewDevelopment": false}, {"propertyCode": "93072929", "thumbnail": "https://img3.idealista.com/blur/WEB_LISTING/0/id.pro.es.image.master/fa/5e/3a/853840805.jpg", "externalReference": "329303", "numPhotos": 24, "floor": "bj", "price": 500000.0, "propertyType": "flat", "operation": "sale", "size": 97.0, "exterior": true, "rooms": 3, "bathrooms": 2, "address": "Calle de Salses, 23", "province": "Barcelona", "municipality": "Barcelona", "district": "Horta Guinard\u00f3", "country": "es", "neighborhood": "Horta", "latitude": 41.4329885, "longitude": 2.1595063, "showAddress": true, "url": "https://www.idealista.com/inmueble/93072929/", "distance": "2588", "hasVideo": true, "status": "good", "newDevelopment": false, "hasLift": true, "parkingSpace": {"hasParkingSpace": true, "isParkingSpaceIncludedInPrice": false, "parkingSpacePrice": 30000.0}, "priceByArea": 5155.0, "detailedType": {"typology": "flat"}, "suggestedTexts": {"subtitle": "Horta, Barcelona", "title": "Piso en Calle de Salses, 23"}, "hasPlan": true, "has3DTour": false, "has360": false, "hasStaging": false, "topNewDevelopment": false}, {"propertyCode": "93072928", "thumbnail": "https://img3.idealista.com/blur/WEB_LISTING/0/id.pro.es.image.master/c9/16/f5/853840757.jpg", "externalReference": "329300", "numPhotos": 28, "floor": "bj", "price": 402500.0, "propertyType": "flat", "operation": "sale", "size": 88.0, "exterior": true, "rooms": 3, "bathrooms": 2, "address": "Calle de Salses, 20", "province": "Barcelona", "municipality": "Barcelona", "district": "Horta Guinard\u00f3", "country": "es", "neighborhood": "Horta", "latitude": 41.4331388, "longitude": 2.159529, "showAddress": true, "url": "https://www.idealista.com/inmueble/93072928/", "distance": "2572", "hasVideo": true, "status": "good", "newDevelopment": false, "hasLift": true, "parkingSpace": {"hasParkingSpace": true, "isParkingSpaceIncludedInPrice": false, "parkingSpacePrice": 30000.0}, "priceByArea": 4574.0, "detailedType": {"typology": "flat"}, "suggestedTexts": {"subtitle": "Horta, Barcelona", "title": "Piso en Calle de Salses, 20"}, "hasPlan": true, "has3DTour": false, "has360": false, "hasStaging": false, "topNewDevelopment": false}, {"propertyCode": "93071626", "thumbnail": "https://img3.idealista.com/blur/WEB_LISTING/0/id.pro.es.image.master/93/8a/63/853800101.jpg", "externalReference": "329312", "numPhotos": 27, "floor": "1", "price": 496500.0, "propertyType": "flat", "operation": "sale", "size": 92.0, "exterior": true, "rooms": 3, "bathrooms": 2, "address": "Calle de Salses, 23", "province": "Barcelona", "municipality": "Barcelona", "district": "Horta Guinard\u00f3", "country": "es", "neighborhood": "Horta", "latitude": 41.4329885, "longitude": 2.1595063, "showAddress": true, "url": "https://www.idealista.com/inmueble/93071626/", "distance": "2588", "hasVideo": true, "status": "good", "newDevelopment": false, "hasLift": true, "parkingSpace": {"hasParkingSpace": true, "isParkingSpaceIncludedInPrice": false, "parkingSpacePrice": 30000.0}, "priceByArea": 5397.0, "detailedType": {"typology": "flat"}, "suggestedTexts": {"subtitle": "Horta, Barcelona", "title": "Piso en Calle de Salses, 23"}, "hasPlan": true, "has3DTour": false, "has360": false, "hasStaging": false, "topNewDevelopment": false}]