[{"propertyCode": "90495287", "thumbnail": "https://img3.idealista.com/blur/WEB_LISTING/0/id.pro.es.image.master/94/5f/9f/795875929.jpg", "externalReference": "B07298BA", "numPhotos": 40, "floor": "bj", "price": 1750000.0, "propertyType": "chalet", "operation": "sale", "size": 380.0, "exterior": false, "rooms": 5, "bathrooms": 5, "address": "barrio Sarri\u00e0", "province": "Barcelona", "municipality": "Barcelona", "district": "Sarri\u00e0-Sant Gervasi", "country": "es", "neighborhood": "Sarri\u00e0", "latitude": 41.4012851, "longitude": 2.108661, "showAddress": false, "url": "https://www.idealista.com/inmueble/90495287/", "distance": "2526", "hasVideo": true, "status": "good", "newDevelopment": false, "parkingSpace": {"hasParkingSpace": true, "isParkingSpaceIncludedInPrice": true}, "priceByArea": 4605.0, "detailedType": {"typology": "chalet"}, "suggestedTexts": {"subtitle": "Sarri\u00e0, Barcelona", "title": "Chalet"}, "hasPlan": true, "has3DTour": false, "has360": true, "hasStaging": false, "topNewDevelopment": false}, {"propertyCode": "92505303", "thumbnail": "https://img3.idealista.com/blur/WEB_LISTING/0/id.pro.es.image.master/8c/0f/9d/841263464.jpg", "externalReference": "VB2101017", "numPhotos": 34, "floor": "11", "price": 1250000.0, "propertyType": "flat", "operation": "sale", "size": 206.0, "exterior": true, "rooms": 5, "bathrooms": 2, "address": "barrio Pedralbes", "province": "Barcelona", "municipality": "Barcelona", "district": "Les Corts", "country": "es", "neighborhood": "Pedralbes", "latitude": 41.3873665, "longitude": 2.1076946, "showAddress": false, "url": "https://www.idealista.com/inmueble/92505303/", "distance": "2605", "hasVideo": true, "status": "good", "newDevelopment": false, "hasLift": true, "parkingSpace": {"hasParkingSpace": true, "isParkingSpaceIncludedInPrice": true}, "priceByArea": 6068.0, "detailedType": {"typology": "flat"}, "suggestedTexts": {"subtitle": "Pedralbes, Barcelona", "title": "Piso"}, "hasPlan": true, "has3DTour": false, "has360": false, "hasStaging": false, "topNewDevelopment": false}, {"propertyCode": "87817365", "thumbnail": "https://img3.idealista.com/blur/WEB_LISTING/0/id.pro.es.image.master/36/b1/c9/732768562.jpg", "externalReference": "4307", "numPhotos": 53, "price": 650000.0, "propertyType": "chalet", "operation": "sale", "size": 304.0, "exterior": false, "rooms": 4, "bathrooms": 4, "address": "barrio Vallvidrera - El Tibidabo i les Planes", "province": "Barcelona", "municipality": "Barcelona", "district": "Sarri\u00e0-Sant Gervasi", "country": "es", "neighborhood": "Vallvidrera - El Tibidabo i les Planes", "latitude": 41.4148924, "longitude": 2.0946575, "showAddress": false, "url": "https://www.idealista.com/inmueble/87817365/", "distance": "2413", "hasVideo": true, "status": "good", "newDevelopment": false, "parkingSpace": {"hasParkingSpace": true, "isParkingSpaceIncludedInPrice": true}, "priceByArea": 2138.0, "detailedType": {"typology": "chalet", "subTypology": "independantHouse"}, "suggestedTexts": {"subtitle": "Vallvidrera - El Tibidabo i les Planes, Barcelona", "title": "Casa independiente"}, "hasPlan": true, "has3DTour": false, "has360": true, "hasStaging": true, "topNewDevelopment": false}, {"propertyCode": "91577811", "thumbnail": "https://img3.idealista.com/blur/WEB_LISTING/0/id.pro.es.image.master/94/20/31/855823725.jpg", "externalReference": "GV601", "numPhotos": 48, "floor": "1", "price": 499000.0, "propertyType": "flat", "operation": "sale", "size": 103.0, "exterior": true, "rooms": 3, "bathrooms": 2, "address": "Carretera Reial", "province": "Barcelona", "municipality": "Sant Just Desvern", "district": "Mas Llu\u00ed - Els Miralls", "country": "es", "latitude": 41.3801734, "longitude": 2.0594804, "showAddress": false, "url": "https://www.idealista.com/inmueble/91577811/", "distance": "2449", "hasVideo": true, "status": "good", "newDevelopment": false, "hasLift": true, "parkingSpace": {"hasParkingSpace": true, "isParkingSpaceIncludedInPrice": true}, "priceByArea": 4845.0, "detailedType": {"typology": "flat"}, "suggestedTexts": {"subtitle": "Mas Llu\u00ed - Els Miralls, Sant Just Desvern", "title": "Piso en Carretera Reial"}, "hasPlan": true, "has3DTour": false, "has360": true, "hasStaging": false, "topNewDevelopment": false}, {"propertyCode": "90517159", "thumbnail": "https://img3.idealista.com/blur/WEB_LISTING/0/id.pro.es.image.master/c4/a6/1f/792177705.jpg", "externalReference": "B07332BA", "numPhotos": 38, "floor": "2", "price": 1660000.0, "propertyType": "flat", "operation": "sale", "size": 232.0, "exterior": true, "rooms": 5, "bathrooms": 3, "address": "barrio Pedralbes", "province": "Barcelona", "municipality": "Barcelona", "district": "Les Corts", "country": "es", "neighborhood": "Pedralbes", "latitude": 41.3938708, "longitude": 2.1163417, "showAddress": false, "url": "https://www.idealista.com/inmueble/90517159/", "distance": "3129", "hasVideo": true, "status": "good", "newDevelopment": false, "hasLift": true, "parkingSpace": {"hasParkingSpace": true, "isParkingSpaceIncludedInPrice": true}, "priceByArea": 7155.0, "detailedType": {"typology": "flat"}, "suggestedTexts": {"subtitle": "Pedralbes, Barcelona", "title": "Piso"}, "hasPlan": true, "has3DTour": false, "has360": true, "hasStaging": false, "topNewDevelopment": false}, {"propertyCode": "35492296", "thumbnail": "https://img3.idealista.com/blur/WEB_LISTING/0/id.pro.es.image.master/03/cd/d2/709998753.jpg", "externalReference": "3413c", "numPhotos": 48, "price": 830000.0, "propertyType": "chalet", "operation": "sale", "size": 380.0, "exterior": false, "rooms": 5, "bathrooms": 5, "address": "Calle de Can Basseda", "province": "Barcelona", "municipality": "Barcelona", "district": "Sarri\u00e0-Sant Gervasi", "country": "es", "neighborhood": "Vallvidrera - El Tibidabo i les Planes", "latitude": 41.4143264, "longitude": 2.108542, "showAddress": false, "url": "https://www.idealista.com/inmueble/35492296/", "distance": "3152", "hasVideo": true, "status": "good", "newDevelopment": false, "parkingSpace": {"hasParkingSpace": true, "isParkingSpaceIncludedInPrice": true}, "priceByArea": 2184.0, "detailedType": {"typology": "chalet", "subTypology": "independantHouse"}, "suggestedTexts": {"subtitle": "Vallvidrera - El Tibidabo i les Planes, Barcelona", "title": "Casa independiente en Calle de Can Basseda"}, "hasPlan": true, "has3DTour": false, "has360": true, "hasStaging": false, "topNewDevelopment": false}, {"propertyCode": "91784581", "thumbnail": "https://img3.idealista.com/blur/WEB_LISTING/0/id.pro.es.image.master/a7/42/76/823215284.jpg", "externalReference": "VB2011020-1", "numPhotos": 34, "floor": "1", "price": 725000.0, "propertyType": "flat", "operation": "sale", "size": 128.0, "exterior": true, "rooms": 3, "bathrooms": 2, "address": "Centre", "province": "Barcelona", "municipality": "Sant Just Desvern", "district": "Centre", "country": "es", "latitude": 41.381215, "longitude": 2.0778565, "showAddress": false, "url": "https://www.idealista.com/inmueble/91784581/", "distance": "1716", "hasVideo": true, "status": "good", "newDevelopment": false, "hasLift": true, "parkingSpace": {"hasParkingSpace": true, "isParkingSpaceIncludedInPrice": true}, "priceByArea": 5664.0, "detailedType": {"typology": "flat"}, "suggestedTexts": {"subtitle": "Centre, Sant Just Desvern", "title": "Piso"}, "hasPlan": true, "has3DTour": false, "has360": false, "hasStaging": false, "topNewDevelopment": false}, {"propertyCode": "92706675", "thumbnail": "https://img3.idealista.com/blur/WEB_LISTING/0/id.pro.es.image.master/77/87/94/846113429.jpg", "externalReference": "VB2102007", "numPhotos": 30, "floor": "4", "price": 1100000.0, "propertyType": "flat", "operation": "sale", "size": 178.0, "exterior": true, "rooms": 5, "bathrooms": 3, "address": "Avenida Diagonal", "province": "Barcelona", "municipality": "Barcelona", "district": "Les Corts", "country": "es", "neighborhood": "Pedralbes", "latitude": 41.3847942, "longitude": 2.1117112, "showAddress": false, "url": "https://www.idealista.com/inmueble/92706675/", "distance": "3028", "hasVideo": true, "status": "good", "newDevelopment": false, "hasLift": true, "parkingSpace": {"hasParkingSpace": true, "isParkingSpaceIncludedInPrice": true}, "priceByArea": 6180.0, "detailedType": {"typology": "flat"}, "suggestedTexts": {"subtitle": "Pedralbes, Barcelona", "title": "Piso en Avenida Diagonal"}, "hasPlan": true, "has3DTour": false, "has360": false, "hasStaging": false, "topNewDevelopment": false}, {"propertyCode": "90522537", "thumbnail": "https://img3.idealista.com/blur/WEB_LISTING/0/id.pro.es.image.master/58/16/94/792260594.jpg", "externalReference": "BCN18417", "numPhotos": 44, "price": 3125000.0, "propertyType": "chalet", "operation": "sale", "size": 620.0, "exterior": false, "rooms": 5, "bathrooms": 9, "address": "La Miranda - Ciutat Diagonal", "province": "Barcelona", "municipality": "Esplugues de Llobregat", "district": "La Miranda - Ciutat Diagonal", "country": "es", "latitude": 41.3844807, "longitude": 2.0881974, "showAddress": false, "url": "https://www.idealista.com/inmueble/90522537/", "distance": "1553", "hasVideo": false, "status": "good", "newDevelopment": false, "parkingSpace": {"hasParkingSpace": true, "isParkingSpaceIncludedInPrice": true}, "priceByArea": 5040.0, "detailedType": {"typology": "chalet"}, "suggestedTexts": {"subtitle": "La Miranda - Ciutat Diagonal, Esplugues de Llobregat", "title": "Chalet"}, "hasPlan": true, "has3DTour": false, "has360": false, "hasStaging": false, "topNewDevelopment": false}, {"propertyCode": "92296704", "thumbnail": "https://img3.idealista.com/blur/WEB_LISTING/0/id.pro.es.image.master/f1/e4/2e/836090468.jpg", "externalReference": "BCN26829", "numPhotos": 45, "price": 1750000.0, "propertyType": "chalet", "operation": "sale", "size": 320.0, "exterior": false, "rooms": 5, "bathrooms": 4, "address": "barrio Sarri\u00e0", "province": "Barcelona", "municipality": "Barcelona", "district": "Sarri\u00e0-Sant Gervasi", "country": "es", "neighborhood": "Sarri\u00e0", "latitude": 41.4015851, "longitude": 2.110361, "showAddress": false, "url": "https://www.idealista.com/inmueble/92296704/", "distance": "2672", "hasVideo": false, "status": "good", "newDevelopment": false, "parkingSpace": {"hasParkingSpace": true, "isParkingSpaceIncludedInPrice": true}, "priceByArea": 5469.0, "detailedType": {"typology": "chalet"}, "suggestedTexts": {"subtitle": "Sarri\u00e0, Barcelona", "title": "Chalet"}, "hasPlan": true, "has3DTour": false, "has360": false, "hasStaging": false, "topNewDevelopment": false}, {"propertyCode": "34591620", "thumbnail": "https://img3.idealista.com/blur/WEB_LISTING/0/id.pro.es.image.master/56/6b/7a/264812548.jpg", "externalReference": "BCN2354", "numPhotos": 38, "price": 3000000.0, "propertyType": "chalet", "operation": "sale", "size": 672.0, "exterior": false, "rooms": 5, "bathrooms": 8, "address": "barrio Sarri\u00e0", "province": "Barcelona", "municipality": "Barcelona", "district": "Sarri\u00e0-Sant Gervasi", "country": "es", "neighborhood": "Sarri\u00e0", "latitude": 41.4007566, "longitude": 2.1081092, "showAddress": false, "url": "https://www.idealista.com/inmueble/34591620/", "distance": "2470", "hasVideo": false, "status": "good", "newDevelopment": false, "parkingSpace": {"hasParkingSpace": true, "isParkingSpaceIncludedInPrice": true}, "priceByArea": 4464.0, "detailedType": {"typology": "chalet"}, "suggestedTexts": {"subtitle": "Sarri\u00e0, Barcelona", "title": "Chalet"}, "hasPlan": true, "has3DTour": false, "has360": false, "hasStaging": false, "topNewDevelopment": false}, {"propertyCode": "81247994", "thumbnail": "https://img3.idealista.com/blur/WEB_LISTING/0/id.pro.es.image.master/80/49/2e/573090384.jpg", "externalReference": "BCN9752", "numPhotos": 32, "price": 10000000.0, "propertyType": "chalet", "operation": "sale", "size": 900.0, "exterior": false, "rooms": 7, "bathrooms": 8, "address": "barrio Pedralbes", "province": "Barcelona", "municipality": "Barcelona", "district": "Les Corts", "country": "es", "neighborhood": "Pedralbes", "latitude": 41.394633, "longitude": 2.1104312, "showAddress": false, "url": "https://www.idealista.com/inmueble/81247994/", "distance": "2630", "hasVideo": false, "status": "good", "newDevelopment": false, "parkingSpace": {"hasParkingSpace": true, "isParkingSpaceIncludedInPrice": true}, "priceByArea": 11111.0, "detailedType": {"typology": "chalet"}, "suggestedTexts": {"subtitle": "Pedralbes, Barcelona", "title": "Chalet"}, "hasPlan": true, "has3DTour": false, "has360": false, "hasStaging": false, "topNewDevelopment": false}, {"propertyCode": "84342098", "thumbnail": "https://img3.idealista.com/blur/WEB_LISTING/0/id.pro.es.image.master/48/48/b4/636989540.jpg", "externalReference": "BCN16287", "numPhotos": 50, "price": 4600000.0, "propertyType": "chalet", "operation": "sale", "size": 790.0, "exterior": false, "rooms": 10, "bathrooms": 8, "address": "barrio Pedralbes", "province": "Barcelona", "municipality": "Barcelona", "district": "Les Corts", "country": "es", "neighborhood": "Pedralbes", "latitude": 41.3915139, "longitude": 2.1111807, "showAddress": false, "url": "https://www.idealista.com/inmueble/84342098/", "distance": "2743", "hasVideo": false, "status": "renew", "newDevelopment": false, "parkingSpace": {"hasParkingSpace": true, "isParkingSpaceIncludedInPrice": true}, "priceByArea": 5823.0, "detailedType": {"typology": "chalet"}, "suggestedTexts": {"subtitle": "Pedralbes, Barcelona", "title": "Chalet"}, "hasPlan": true, "has3DTour": false, "has360": false, "hasStaging": false, "topNewDevelopment": false}, {"propertyCode": "90536761", "thumbnail": "https://img3.idealista.com/blur/WEB_LISTING/0/id.pro.es.image.master/d5/61/43/792579416.jpg", "externalReference": "LFS2992", "numPhotos": 45, "price": 2060000.0, "propertyType": "chalet", "operation": "sale", "size": 340.0, "exterior": false, "rooms": 5, "bathrooms": 5, "address": "barrio Pedralbes", "province": "Barcelona", "municipality": "Barcelona", "district": "Les Corts", "country": "es", "neighborhood": "Pedralbes", "latitude": 41.3916201, "longitude": 2.1066476, "showAddress": false, "url": "https://www.idealista.com/inmueble/90536761/", "distance": "2371", "hasVideo": false, "status": "good", "newDevelopment": false, "parkingSpace": {"hasParkingSpace": true, "isParkingSpaceIncludedInPrice": true}, "priceByArea": 6059.0, "detailedType": {"typology": "chalet"}, "suggestedTexts": {"subtitle": "Pedralbes, Barcelona", "title": "Chalet"}, "hasPlan": true, "has3DTour": false, "has360": false, "hasStaging": false, "topNewDevelopment": false}, {"propertyCode": "39357864", "thumbnail": "https://img3.idealista.com/blur/WEB_LISTING/0/id.pro.es.image.master/c2/b3/3e/258452219.jpg", "externalReference": "BCN9231", "numPhotos": 33, "price": 2400000.0, "propertyType": "flat", "operation": "sale", "size": 367.0, "exterior": true, "rooms": 5, "bathrooms": 5, "address": "barrio Pedralbes", "province": "Barcelona", "municipality": "Barcelona", "district": "Les Corts", "country": "es", "neighborhood": "Pedralbes", "latitude": 41.3909236, "longitude": 2.1141478, "showAddress": false, "url": "https://www.idealista.com/inmueble/39357864/", "distance": "2998", "hasVideo": false, "status": "renew", "newDevelopment": false, "hasLift": true, "parkingSpace": {"hasParkingSpace": true, "isParkingSpaceIncludedInPrice": true}, "priceByArea": 6540.0, "detailedType": {"typology": "flat"}, "suggestedTexts": {"subtitle": "Pedralbes, Barcelona", "title": "Piso"}, "hasPlan": true, "has3DTour": false, "has360": false, "hasStaging": false, "topNewDevelopment": false}, {"propertyCode": "87904761", "thumbnail": "https://img3.idealista.com/blur/WEB_LISTING/0/id.pro.es.image.master/86/8b/f6/733941500.jpg", "externalReference": "BCN10815", "numPhotos": 48, "price": 860000.0, "propertyType": "chalet", "operation": "sale", "size": 185.0, "exterior": false, "rooms": 4, "bathrooms": 3, "address": "barrio Pedralbes", "province": "Barcelona", "municipality": "Barcelona", "district": "Les Corts", "country": "es", "neighborhood": "Pedralbes", "latitude": 41.3893849, "longitude": 2.103972, "showAddress": false, "url": "https://www.idealista.com/inmueble/87904761/", "distance": "2232", "hasVideo": false, "status": "renew", "newDevelopment": false, "priceByArea": 4649.0, "detailedType": {"typology": "chalet"}, "suggestedTexts": {"subtitle": "Pedralbes, Barcelona", "title": "Chalet"}, "hasPlan": true, "has3DTour": false, "has360": false, "hasStaging": false, "topNewDevelopment": false}, {"propertyCode": "85198866", "thumbnail": "https://img3.idealista.com/blur/WEB_LISTING/0/id.pro.es.image.master/cf/81/02/656815866.jpg", "externalReference": "BCN15936", "numPhotos": 35, "price": 1950000.0, "propertyType": "chalet", "operation": "sale", "size": 391.0, "exterior": false, "rooms": 4, "bathrooms": 5, "address": "La Miranda - Ciutat Diagonal", "province": "Barcelona", "municipality": "Esplugues de Llobregat", "district": "La Miranda - Ciutat Diagonal", "country": "es", "latitude": 41.3877974, "longitude": 2.0850112, "showAddress": false, "url": "https://www.idealista.com/inmueble/85198866/", "distance": "1102", "hasVideo": false, "status": "good", "newDevelopment": false, "parkingSpace": {"hasParkingSpace": true, "isParkingSpaceIncludedInPrice": true}, "priceByArea": 4987.0, "detailedType": {"typology": "chalet"}, "suggestedTexts": {"subtitle": "La Miranda - Ciutat Diagonal, Esplugues de Llobregat", "title": "Chalet"}, "hasPlan": true, "has3DTour": false, "has360": false, "hasStaging": false, "topNewDevelopment": false}, {"propertyCode": "92055187", "thumbnail": "https://img3.idealista.com/blur/WEB_LISTING/0/id.pro.es.image.master/34/16/cd/829727265.jpg", "externalReference": "VB2012012", "numPhotos": 62, "price": 3990000.0, "propertyType": "chalet", "operation": "sale", "size": 600.0, "exterior": false, "rooms": 5, "bathrooms": 7, "address": "barrio Pedralbes", "province": "Barcelona", "municipality": "Barcelona", "district": "Les Corts", "country": "es", "neighborhood": "Pedralbes", "latitude": 41.38674, "longitude": 2.1036399, "showAddress": false, "url": "https://www.idealista.com/inmueble/92055187/", "distance": "2330", "hasVideo": true, "status": "good", "newDevelopment": false, "parkingSpace": {"hasParkingSpace": true, "isParkingSpaceIncludedInPrice": true}, "priceByArea": 6650.0, "detailedType": {"typology": "chalet"}, "suggestedTexts": {"subtitle": "Pedralbes, Barcelona", "title": "Chalet"}, "hasPlan": true, "has3DTour": false, "has360": false, "hasStaging": false, "topNewDevelopment": false}, {"propertyCode": "91784841", "thumbnail": "https://img3.idealista.com/blur/WEB_LISTING/0/id.pro.es.image.master/70/e1/fd/823218921.jpg", "externalReference": "VB1703044-6", "numPhotos": 39, "price": 1500000.0, "propertyType": "chalet", "operation": "sale", "size": 480.0, "exterior": false, "rooms": 5, "bathrooms": 4, "address": "La Plana - Bellsoleig", "province": "Barcelona", "municipality": "Sant Just Desvern", "district": "La Plana - Bellsoleig", "country": "es", "latitude": 41.3972758, "longitude": 2.0735675, "showAddress": false, "url": "https://www.idealista.com/inmueble/91784841/", "distance": "459", "hasVideo": false, "status": "good", "newDevelopment": false, "parkingSpace": {"hasParkingSpace": true, "isParkingSpaceIncludedInPrice": true}, "priceByArea": 3125.0, "detailedType": {"typology": "chalet"}, "suggestedTexts": {"subtitle": "La Plana - Bellsoleig, Sant Just Desvern", "title": "Chalet"}, "hasPlan": true, "has3DTour": false, "has360": false, "hasStaging": false, "topNewDevelopment": false}, {"propertyCode": "91700511", "thumbnail": "https://img3.idealista.com/blur/WEB_LISTING/0/id.pro.es.image.master/8f/91/e7/821141812.jpg", "externalReference": "VB2006035-5", "numPhotos": 29, "floor": "3", "price": 1100000.0, "propertyType": "flat", "operation": "sale", "size": 139.0, "exterior": true, "rooms": 4, "bathrooms": 3, "address": "barrio Sarri\u00e0", "province": "Barcelona", "municipality": "Barcelona", "district": "Sarri\u00e0-Sant Gervasi", "country": "es", "neighborhood": "Sarri\u00e0", "latitude": 41.3922361, "longitude": 2.1173333, "showAddress": false, "url": "https://www.idealista.com/inmueble/91700511/", "distance": "3233", "hasVideo": true, "status": "good", "newDevelopment": false, "hasLift": true, "parkingSpace": {"hasParkingSpace": true, "isParkingSpaceIncludedInPrice": true}, "priceByArea": 7914.0, "detailedType": {"typology": "flat"}, "suggestedTexts": {"subtitle": "Sarri\u00e0, Barcelona", "title": "Piso"}, "hasPlan": true, "has3DTour": false, "has360": false, "hasStaging": false, "topNewDevelopment": false}, {"propertyCode": "91521219", "thumbnail": "https://img3.idealista.com/blur/WEB_LISTING/0/id.pro.es.image.master/49/b2/fd/816554023.jpg", "externalReference": "VB2002024-5", "numPhotos": 26, "price": 750000.0, "propertyType": "chalet", "operation": "sale", "size": 264.0, "exterior": false, "rooms": 4, "bathrooms": 2, "address": "Centre", "province": "Barcelona", "municipality": "Esplugues de Llobregat", "district": "Centre", "country": "es", "latitude": 41.37691, "longitude": 2.08678, "showAddress": false, "url": "https://www.idealista.com/inmueble/91521219/", "distance": "2286", "hasVideo": false, "status": "good", "newDevelopment": false, "parkingSpace": {"hasParkingSpace": true, "isParkingSpaceIncludedInPrice": true}, "priceByArea": 2841.0, "detailedType": {"typology": "chalet"}, "suggestedTexts": {"subtitle": "Centre, Esplugues de Llobregat", "title": "Chalet"}, "hasPlan": true, "has3DTour": false, "has360": false, "hasStaging": false, "topNewDevelopment": false}, {"propertyCode": "92894983", "thumbnail": "https://img3.idealista.com/blur/WEB_LISTING/0/id.pro.es.image.master/b7/f2/ed/850754760.jpg", "numPhotos": 53, "floor": "5", "price": 2500000.0, "propertyType": "duplex", "operation": "sale", "size": 447.0, "exterior": true, "rooms": 8, "bathrooms": 6, "address": "Avenida de Pedralbes, 48", "province": "Barcelona", "municipality": "Barcelona", "district": "Les Corts", "country": "es", "neighborhood": "Pedralbes", "latitude": 41.3925064, "longitude": 2.116072, "showAddress": true, "url": "https://www.idealista.com/inmueble/92894983/", "distance": "3125", "hasVideo": true, "status": "renew", "newDevelopment": false, "hasLift": true, "parkingSpace": {"hasParkingSpace": true, "isParkingSpaceIncludedInPrice": true}, "priceByArea": 5593.0, "detailedType": {"typology": "flat", "subTypology": "duplex"}, "suggestedTexts": {"subtitle": "Pedralbes, Barcelona", "title": "D\u00faplex en Avenida de Pedralbes, 48"}, "hasPlan": true, "has3DTour": true, "has360": false, "hasStaging": false, "topNewDevelopment": false}, {"propertyCode": "92748377", "thumbnail": "https://img3.idealista.com/blur/WEB_LISTING/0/id.pro.es.image.master/6a/07/65/847162819.jpg", "externalReference": "10300", "numPhotos": 79, "price": 3990000.0, "propertyType": "chalet", "operation": "sale", "size": 600.0, "exterior": false, "rooms": 5, "bathrooms": 8, "address": "Calle del Torrent de les Roses", "province": "Barcelona", "municipality": "Barcelona", "district": "Les Corts", "country": "es", "neighborhood": "Pedralbes", "latitude": 41.38944, "longitude": 2.1039399, "showAddress": false, "url": "https://www.idealista.com/inmueble/92748377/", "distance": "2227", "hasVideo": false, "status": "good", "newDevelopment": false, "parkingSpace": {"hasParkingSpace": true, "isParkingSpaceIncludedInPrice": true}, "priceByArea": 6650.0, "detailedType": {"typology": "chalet"}, "suggestedTexts": {"subtitle": "Pedralbes, Barcelona", "title": "Chalet en Calle del Torrent de les Roses"}, "hasPlan": true, "has3DTour": true, "has360": false, "hasStaging": false, "topNewDevelopment": false}, {"propertyCode": "91576613", "thumbnail": "https://img3.idealista.com/blur/WEB_LISTING/0/id.pro.es.image.master/b7/00/c1/818001735.jpg", "externalReference": "GVVFCV6", "numPhotos": 39, "floor": "bj", "price": 487000.0, "propertyType": "flat", "operation": "sale", "size": 115.0, "exterior": true, "rooms": 4, "bathrooms": 2, "address": "Calle de Francesca Cort\u00e8s i Vives", "province": "Barcelona", "municipality": "Sant Just Desvern", "district": "Mas Llu\u00ed - Els Miralls", "country": "es", "latitude": 41.3848637, "longitude": 2.0616631, "showAddress": false, "url": "https://www.idealista.com/inmueble/91576613/", "distance": "1950", "hasVideo": true, "status": "good", "newDevelopment": false, "hasLift": true, "parkingSpace": {"hasParkingSpace": true, "isParkingSpaceIncludedInPrice": true}, "priceByArea": 4235.0, "detailedType": {"typology": "flat"}, "suggestedTexts": {"subtitle": "Mas Llu\u00ed - Els Miralls, Sant Just Desvern", "title": "Piso en Calle de Francesca Cort\u00e8s i Vives"}, "hasPlan": true, "has3DTour": false, "has360": false, "hasStaging": false, "topNewDevelopment": false}, {"propertyCode": "84591188", "thumbnail": "https://img3.idealista.com/blur/WEB_LISTING/0/id.pro.es.image.master/aa/21/a2/782165535.jpg", "externalReference": "5960", "numPhotos": 45, "floor": "1", "price": 1790000.0, "propertyType": "flat", "operation": "sale", "size": 400.0, "exterior": true, "rooms": 4, "bathrooms": 4, "address": "Calle de l'Abadessa Olzet", "province": "Barcelona", "municipality": "Barcelona", "district": "Les Corts", "country": "es", "neighborhood": "Pedralbes", "latitude": 41.3901978, "longitude": 2.1126738, "showAddress": false, "url": "https://www.idealista.com/inmueble/84591188/", "distance": "2897", "hasVideo": true, "status": "good", "newDevelopment": false, "hasLift": true, "parkingSpace": {"hasParkingSpace": true, "isParkingSpaceIncludedInPrice": true}, "priceByArea": 4475.0, "detailedType": {"typology": "flat"}, "suggestedTexts": {"subtitle": "Pedralbes, Barcelona", "title": "Piso en Calle de l'Abadessa Olzet"}, "hasPlan": true, "has3DTour": true, "has360": false, "hasStaging": false, "topNewDevelopment": false}, {"propertyCode": "92857025", "thumbnail": "https://img3.idealista.com/blur/WEB_LISTING/0/id.pro.es.image.master/75/39/5a/849872389.jpg", "externalReference": "PVL19", "numPhotos": 39, "floor": "7", "price": 485000.0, "propertyType": "flat", "operation": "sale", "size": 104.0, "exterior": true, "rooms": 3, "bathrooms": 2, "address": "Carretera Reial", "province": "Barcelona", "municipality": "Sant Just Desvern", "district": "Mas Llu\u00ed - Els Miralls", "country": "es", "latitude": 41.3815734, "longitude": 2.0602804, "showAddress": false, "url": "https://www.idealista.com/inmueble/92857025/", "distance": "2289", "hasVideo": true, "status": "good", "newDevelopment": false, "hasLift": true, "parkingSpace": {"hasParkingSpace": true, "isParkingSpaceIncludedInPrice": true}, "priceByArea": 4663.0, "detailedType": {"typology": "flat"}, "suggestedTexts": {"subtitle": "Mas Llu\u00ed - Els Miralls, Sant Just Desvern", "title": "Piso en Carretera Reial"}, "hasPlan": true, "has3DTour": false, "has360": true, "hasStaging": false, "topNewDevelopment": false}, {"propertyCode": "84065852", "thumbnail": "https://img3.idealista.com/blur/WEB_LISTING/0/id.pro.es.image.master/b4/1f/8a/631112922.jpg", "externalReference": "BCN16348", "numPhotos": 35, "price": 6900000.0, "propertyType": "chalet", "operation": "sale", "size": 660.0, "exterior": false, "rooms": 5, "bathrooms": 7, "address": "barrio Pedralbes", "province": "Barcelona", "municipality": "Barcelona", "district": "Les Corts", "country": "es", "neighborhood": "Pedralbes", "latitude": 41.3899364, "longitude": 2.1057568, "showAddress": false, "url": "https://www.idealista.com/inmueble/84065852/", "distance": "2352", "hasVideo": false, "status": "renew", "newDevelopment": false, "parkingSpace": {"hasParkingSpace": true, "isParkingSpaceIncludedInPrice": true}, "priceByArea": 10455.0, "detailedType": {"typology": "chalet"}, "suggestedTexts": {"subtitle": "Pedralbes, Barcelona", "title": "Chalet"}, "hasPlan": false, "has3DTour": false, "has360": false, "hasStaging": false, "topNewDevelopment": false}, {"propertyCode": "86164011", "thumbnail": "https://img3.idealista.com/blur/WEB_LISTING/0/id.pro.es.image.master/56/a7/2b/685249598.jpg", "externalReference": "BCN19123", "numPhotos": 38, "price": 1590000.0, "propertyType": "chalet", "operation": "sale", "size": 310.0, "exterior": false, "rooms": 5, "bathrooms": 5, "address": "barrio Sarri\u00e0", "province": "Barcelona", "municipality": "Barcelona", "district": "Sarri\u00e0-Sant Gervasi", "country": "es", "neighborhood": "Sarri\u00e0", "latitude": 41.4033455, "longitude": 2.1089046, "showAddress": false, "url": "https://www.idealista.com/inmueble/86164011/", "distance": "2602", "hasVideo": false, "status": "good", "newDevelopment": false, "parkingSpace": {"hasParkingSpace": true, "isParkingSpaceIncludedInPrice": true}, "priceByArea": 5129.0, "detailedType": {"typology": "chalet"}, "suggestedTexts": {"subtitle": "Sarri\u00e0, Barcelona", "title": "Chalet"}, "hasPlan": false, "has3DTour": false, "has360": false, "hasStaging": false, "topNewDevelopment": false}, {"propertyCode": "89015276", "thumbnail": "https://img3.idealista.com/blur/WEB_LISTING/0/id.pro.es.image.master/d9/3c/ff/761056931.jpg", "externalReference": "BCN23253", "numPhotos": 32, "price": 1850000.0, "propertyType": "flat", "operation": "sale", "size": 234.0, "exterior": true, "rooms": 5, "bathrooms": 4, "address": "barrio Pedralbes", "province": "Barcelona", "municipality": "Barcelona", "district": "Les Corts", "country": "es", "neighborhood": "Pedralbes", "latitude": 41.3942535, "longitude": 2.1143584, "showAddress": false, "url": "https://www.idealista.com/inmueble/89015276/", "distance": "2960", "hasVideo": false, "status": "renew", "newDevelopment": false, "hasLift": true, "priceByArea": 7906.0, "detailedType": {"typology": "flat"}, "suggestedTexts": {"subtitle": "Pedralbes, Barcelona", "title": "Piso"}, "hasPlan": false, "has3DTour": false, "has360": false, "hasStaging": false, "topNewDevelopment": false}, {"propertyCode": "91211684", "thumbnail": "https://img3.idealista.com/blur/WEB_LISTING/0/id.pro.es.image.master/5c/10/e4/809242560.jpg", "externalReference": "D-40637", "numPhotos": 54, "floor": "5", "price": 3500000.0, "propertyType": "duplex", "operation": "sale", "size": 496.0, "exterior": true, "rooms": 6, "bathrooms": 6, "address": "Calle dels Cavallers", "province": "Barcelona", "municipality": "Barcelona", "district": "Les Corts", "country": "es", "neighborhood": "Pedralbes", "latitude": 41.393521, "longitude": 2.116681, "showAddress": false, "url": "https://www.idealista.com/inmueble/91211684/", "distance": "3161", "hasVideo": true, "status": "good", "newDevelopment": false, "hasLift": true, "parkingSpace": {"hasParkingSpace": true, "isParkingSpaceIncludedInPrice": true}, "priceByArea": 7056.0, "detailedType": {"typology": "flat", "subTypology": "duplex"}, "suggestedTexts": {"subtitle": "Pedralbes, Barcelona", "title": "D\u00faplex en Calle dels Cavallers"}, "hasPlan": false, "has3DTour": false, "has360": false, "hasStaging": false, "topNewDevelopment": false}, {"propertyCode": "93179938", "thumbnail": "https://img3.idealista.com/blur/WEB_LISTING/0/id.pro.es.image.master/5d/7a/38/856303230.jpg", "externalReference": "W-02LAMZ", "numPhotos": 25, "floor": "bj", "price": 648000.0, "propertyType": "flat", "operation": "sale", "size": 160.0, "exterior": true, "rooms": 4, "bathrooms": 3, "address": "Centre", "province": "Barcelona", "municipality": "Sant Just Desvern", "district": "Centre", "country": "es", "latitude": 41.3852071, "longitude": 2.0757533, "showAddress": false, "url": "https://www.idealista.com/inmueble/93179938/", "distance": "1298", "hasVideo": false, "status": "good", "newDevelopment": false, "hasLift": true, "parkingSpace": {"hasParkingSpace": true, "isParkingSpaceIncludedInPrice": true}, "priceByArea": 4050.0, "detailedType": {"typology": "flat"}, "suggestedTexts": {"subtitle": "Centre, Sant Just Desvern", "title": "Piso"}, "hasPlan": false, "has3DTour": false, "has360": false, "hasStaging": false, "topNewDevelopment": false}, {"propertyCode": "93157259", "thumbnail": "https://img3.idealista.com/blur/WEB_LISTING/0/id.pro.es.image.master/71/a0/cb/855734281.jpg", "externalReference": "W-02JZQW", "numPhotos": 27, "price": 1300000.0, "propertyType": "chalet", "operation": "sale", "size": 466.0, "exterior": false, "rooms": 4, "bathrooms": 4, "address": "La Miranda - Can Candeler", "province": "Barcelona", "municipality": "Sant Just Desvern", "district": "La Miranda - Can Candeler", "country": "es", "latitude": 41.389146, "longitude": 2.0827594, "showAddress": false, "url": "https://www.idealista.com/inmueble/93157259/", "distance": "888", "hasVideo": false, "status": "good", "newDevelopment": false, "parkingSpace": {"hasParkingSpace": true, "isParkingSpaceIncludedInPrice": true}, "priceByArea": 2790.0, "detailedType": {"typology": "chalet", "subTypology": "independantHouse"}, "suggestedTexts": {"subtitle": "La Miranda - Can Candeler, Sant Just Desvern", "title": "Casa independiente"}, "hasPlan": false, "has3DTour": false, "has360": false, "hasStaging": false, "topNewDevelopment": false}, {"propertyCode": "93116274", "thumbnail": "https://img3.idealista.com/blur/WEB_LISTING/0/id.pro.es.image.master/a1/d3/c7/854869840.jpg", "externalReference": "VPV21", "numPhotos": 53, "floor": "2", "price": 1670000.0, "propertyType": "flat", "operation": "sale", "size": 210.0, "exterior": true, "rooms": 3, "bathrooms": 3, "address": "barrio Pedralbes", "province": "Barcelona", "municipality": "Barcelona", "district": "Les Corts", "country": "es", "neighborhood": "Pedralbes", "latitude": 41.390932, "longitude": 2.1088187, "showAddress": false, "url": "https://www.idealista.com/inmueble/93116274/", "distance": "2566", "hasVideo": false, "status": "good", "newDevelopment": false, "hasLift": true, "parkingSpace": {"hasParkingSpace": true, "isParkingSpaceIncludedInPrice": true}, "priceByArea": 7952.0, "detailedType": {"typology": "flat"}, "suggestedTexts": {"subtitle": "Pedralbes, Barcelona", "title": "Piso"}, "hasPlan": false, "has3DTour": false, "has360": false, "hasStaging": false, "topNewDevelopment": false}, {"propertyCode": "89913649", "thumbnail": "https://img3.idealista.com/blur/WEB_LISTING/0/id.pro.es.image.master/cc/ed/e1/779196776.jpg", "externalReference": "W-02ISUF", "numPhotos": 23, "price": 650000.0, "propertyType": "chalet", "operation": "sale", "size": 304.0, "exterior": false, "rooms": 4, "bathrooms": 4, "address": "barrio Vallvidrera - El Tibidabo i les Planes", "province": "Barcelona", "municipality": "Barcelona", "district": "Sarri\u00e0-Sant Gervasi", "country": "es", "neighborhood": "Vallvidrera - El Tibidabo i les Planes", "latitude": 41.4150425, "longitude": 2.097507, "showAddress": false, "url": "https://www.idealista.com/inmueble/89913649/", "distance": "2563", "hasVideo": false, "status": "good", "newDevelopment": false, "parkingSpace": {"hasParkingSpace": true, "isParkingSpaceIncludedInPrice": true}, "priceByArea": 2138.0, "detailedType": {"typology": "chalet", "subTypology": "independantHouse"}, "suggestedTexts": {"subtitle": "Vallvidrera - El Tibidabo i les Planes, Barcelona", "title": "Casa independiente"}, "hasPlan": false, "has3DTour": false, "has360": false, "hasStaging": false, "topNewDevelopment": false}, {"propertyCode": "92777759", "thumbnail": "https://img3.idealista.com/blur/WEB_LISTING/0/id.pro.es.image.master/5d/68/75/833126904.jpg", "externalReference": "1455", "numPhotos": 65, "floor": "1", "price": 750000.0, "propertyType": "flat", "operation": "sale", "size": 166.0, "exterior": true, "rooms": 3, "bathrooms": 3, "address": "Calle de Trias i Gir\u00f3", "province": "Barcelona", "municipality": "Barcelona", "district": "Les Corts", "country": "es", "neighborhood": "Pedralbes", "latitude": 41.3880947, "longitude": 2.1143648, "showAddress": false, "url": "https://www.idealista.com/inmueble/92777759/", "distance": "3098", "hasVideo": true, "status": "good", "newDevelopment": false, "hasLift": true, "priceByArea": 4518.0, "detailedType": {"typology": "flat"}, "suggestedTexts": {"subtitle": "Pedralbes, Barcelona", "title": "Piso en Calle de Trias i Gir\u00f3"}, "hasPlan": false, "has3DTour": false, "has360": false, "hasStaging": false, "topNewDevelopment": false}, {"propertyCode": "92766156", "thumbnail": "https://img3.idealista.com/blur/WEB_LISTING/0/id.pro.es.image.master/96/39/b0/847639387.jpg", "externalReference": "246902", "numPhotos": 34, "floor": "2", "price": 750000.0, "propertyType": "flat", "operation": "sale", "size": 149.0, "exterior": true, "rooms": 3, "bathrooms": 3, "address": "barrio Pedralbes", "province": "Barcelona", "municipality": "Barcelona", "district": "Les Corts", "country": "es", "neighborhood": "Pedralbes", "latitude": 41.3859947, "longitude": 2.1118648, "showAddress": false, "url": "https://www.idealista.com/inmueble/92766156/", "distance": "2984", "hasVideo": false, "status": "good", "newDevelopment": false, "hasLift": true, "parkingSpace": {"hasParkingSpace": true, "isParkingSpaceIncludedInPrice": true}, "priceByArea": 5034.0, "detailedType": {"typology": "flat"}, "suggestedTexts": {"subtitle": "Pedralbes, Barcelona", "title": "Piso"}, "hasPlan": false, "has3DTour": false, "has360": false, "hasStaging": false, "topNewDevelopment": false}, {"propertyCode": "93083161", "thumbnail": "https://img3.idealista.com/blur/WEB_LISTING/0/id.pro.es.image.master/89/b8/90/854058028.jpg", "externalReference": "Orsa", "numPhotos": 23, "floor": "5", "price": 835000.0, "propertyType": "penthouse", "operation": "sale", "size": 187.0, "exterior": true, "rooms": 3, "bathrooms": 2, "address": "Calle del Mont d'Ors\u00e0", "province": "Barcelona", "municipality": "Barcelona", "district": "Sarri\u00e0-Sant Gervasi", "country": "es", "neighborhood": "Vallvidrera - El Tibidabo i les Planes", "latitude": 41.4127093, "longitude": 2.1050867, "showAddress": false, "url": "https://www.idealista.com/inmueble/93083161/", "distance": "2815", "hasVideo": false, "status": "good", "newDevelopment": false, "hasLift": true, "parkingSpace": {"hasParkingSpace": true, "isParkingSpaceIncludedInPrice": true}, "priceByArea": 4465.0, "detailedType": {"typology": "flat", "subTypology": "penthouse"}, "suggestedTexts": {"subtitle": "Vallvidrera - El Tibidabo i les Planes, Barcelona", "title": "\u00c1tico en Calle del Mont d'Ors\u00e0"}, "hasPlan": false, "has3DTour": false, "has360": false, "hasStaging": false, "topNewDevelopment": false}, {"propertyCode": "91439193", "thumbnail": "https://img3.idealista.com/blur/WEB_LISTING/0/id.pro.es.image.master/f1/71/d3/833138941.jpg", "externalReference": "90912690", "numPhotos": 45, "floor": "bj", "price": 1300000.0, "propertyType": "flat", "operation": "sale", "size": 350.0, "exterior": false, "rooms": 4, "bathrooms": 3, "address": "N-340", "province": "Barcelona", "municipality": "Sant Just Desvern", "district": "Centre", "country": "es", "latitude": 41.3781551, "longitude": 2.0748847, "showAddress": false, "url": "https://www.idealista.com/inmueble/91439193/", "distance": "2082", "hasVideo": false, "status": "good", "newDevelopment": false, "hasLift": true, "parkingSpace": {"hasParkingSpace": true, "isParkingSpaceIncludedInPrice": true}, "priceByArea": 3714.0, "detailedType": {"typology": "flat"}, "suggestedTexts": {"subtitle": "Centre, Sant Just Desvern", "title": "Piso en N-340"}, "hasPlan": false, "has3DTour": false, "has360": false, "hasStaging": false, "topNewDevelopment": false}, {"propertyCode": "88554505", "thumbnail": "https://img3.idealista.com/blur/WEB_LISTING/0/id.pro.es.image.master/89/07/95/749493587.jpg", "externalReference": "11046", "numPhotos": 22, "floor": "2", "price": 330000.0, "propertyType": "flat", "operation": "sale", "size": 83.0, "exterior": true, "rooms": 4, "bathrooms": 1, "address": "Avenida Cornella", "province": "Barcelona", "municipality": "Esplugues de Llobregat", "district": "La Plana - Montesa", "country": "es", "latitude": 41.3692445, "longitude": 2.080695, "showAddress": false, "url": "https://www.idealista.com/inmueble/88554505/", "distance": "3048", "hasVideo": false, "status": "good", "newDevelopment": false, "hasLift": true, "priceByArea": 3976.0, "detailedType": {"typology": "flat"}, "suggestedTexts": {"subtitle": "La Plana - Montesa, Esplugues de Llobregat", "title": "Piso en Avenida Cornella"}, "hasPlan": false, "has3DTour": false, "has360": false, "hasStaging": false, "topNewDevelopment": false}, {"propertyCode": "92568316", "thumbnail": "https://img3.idealista.com/blur/WEB_LISTING/0/id.pro.es.image.master/6c/cb/82/842878219.jpg", "externalReference": "AVP-66", "numPhotos": 27, "floor": "6", "price": 2900000.0, "propertyType": "penthouse", "operation": "sale", "size": 554.0, "exterior": true, "rooms": 5, "bathrooms": 6, "address": "barrio Pedralbes", "province": "Barcelona", "municipality": "Barcelona", "district": "Les Corts", "country": "es", "neighborhood": "Pedralbes", "latitude": 41.3963077, "longitude": 2.1130438, "showAddress": false, "url": "https://www.idealista.com/inmueble/92568316/", "distance": "2839", "hasVideo": true, "status": "good", "newDevelopment": false, "hasLift": true, "parkingSpace": {"hasParkingSpace": true, "isParkingSpaceIncludedInPrice": true}, "priceByArea": 5235.0, "detailedType": {"typology": "flat", "subTypology": "penthouse"}, "suggestedTexts": {"subtitle": "Pedralbes, Barcelona", "title": "\u00c1tico"}, "hasPlan": false, "has3DTour": false, "has360": false, "hasStaging": false, "topNewDevelopment": false}, {"propertyCode": "88600432", "thumbnail": "https://img3.idealista.com/blur/WEB_LISTING/0/id.pro.es.image.master/da/2b/b0/750629908.jpg", "externalReference": "0793", "numPhotos": 32, "floor": "7", "price": 2000000.0, "propertyType": "penthouse", "operation": "sale", "size": 277.0, "exterior": true, "rooms": 5, "bathrooms": 4, "address": "barrio Pedralbes", "province": "Barcelona", "municipality": "Barcelona", "district": "Les Corts", "country": "es", "neighborhood": "Pedralbes", "latitude": 41.3856508, "longitude": 2.107674, "showAddress": false, "url": "https://www.idealista.com/inmueble/88600432/", "distance": "2684", "hasVideo": true, "status": "good", "newDevelopment": false, "hasLift": true, "priceByArea": 7220.0, "detailedType": {"typology": "flat", "subTypology": "penthouse"}, "suggestedTexts": {"subtitle": "Pedralbes, Barcelona", "title": "\u00c1tico"}, "hasPlan": false, "has3DTour": false, "has360": false, "hasStaging": false, "topNewDevelopment": false}, {"propertyCode": "81822436", "thumbnail": "https://img3.idealista.com/blur/WEB_LISTING/0/id.pro.es.image.master/83/66/40/730933695.jpg", "externalReference": "24217", "numPhotos": 23, "floor": "1", "price": 460000.0, "propertyType": "flat", "operation": "sale", "size": 111.0, "exterior": true, "rooms": 4, "bathrooms": 2, "address": "Centre", "province": "Barcelona", "municipality": "Sant Just Desvern", "district": "Centre", "country": "es", "latitude": 41.379824, "longitude": 2.0786795, "showAddress": false, "url": "https://www.idealista.com/inmueble/81822436/", "distance": "1868", "hasVideo": true, "status": "good", "newDevelopment": false, "hasLift": true, "priceByArea": 4144.0, "detailedType": {"typology": "flat"}, "suggestedTexts": {"subtitle": "Centre, Sant Just Desvern", "title": "Piso"}, "hasPlan": true, "has3DTour": false, "has360": false, "hasStaging": false, "topNewDevelopment": false}, {"propertyCode": "40177072", "thumbnail": "https://img3.idealista.com/blur/WEB_LISTING/0/id.pro.es.image.master/5b/13/56/275351043.jpg", "externalReference": "BCN05229", "numPhotos": 23, "price": 4500000.0, "propertyType": "chalet", "operation": "sale", "size": 800.0, "exterior": false, "rooms": 6, "bathrooms": 6, "address": "La Plana - Bellsoleig", "province": "Barcelona", "municipality": "Sant Just Desvern", "district": "La Plana - Bellsoleig", "country": "es", "latitude": 41.39527, "longitude": 2.07322, "showAddress": false, "url": "https://www.idealista.com/inmueble/40177072/", "distance": "505", "hasVideo": false, "status": "good", "newDevelopment": false, "parkingSpace": {"hasParkingSpace": true, "isParkingSpaceIncludedInPrice": true}, "priceByArea": 5625.0, "detailedType": {"typology": "chalet", "subTypology": "independantHouse"}, "suggestedTexts": {"subtitle": "La Plana - Bellsoleig, Sant Just Desvern", "title": "Casa independiente"}, "hasPlan": false, "has3DTour": false, "has360": false, "hasStaging": false, "topNewDevelopment": false}, {"propertyCode": "88686072", "thumbnail": "https://img3.idealista.com/blur/WEB_LISTING/0/id.pro.es.image.master/9e/c0/4a/752829453.jpg", "externalReference": "960AR196A", "numPhotos": 30, "floor": "2", "price": 479000.0, "propertyType": "flat", "operation": "sale", "size": 143.0, "exterior": true, "rooms": 4, "bathrooms": 2, "address": "paissos catalans", "province": "Barcelona", "municipality": "Sant Just Desvern", "district": "Centre", "country": "es", "latitude": 41.3788065, "longitude": 2.0810444, "showAddress": false, "url": "https://www.idealista.com/inmueble/88686072/", "distance": "1988", "hasVideo": true, "status": "good", "newDevelopment": false, "hasLift": true, "parkingSpace": {"hasParkingSpace": true, "isParkingSpaceIncludedInPrice": true}, "priceByArea": 3350.0, "detailedType": {"typology": "flat"}, "suggestedTexts": {"subtitle": "Centre, Sant Just Desvern", "title": "Piso en paissos catalans"}, "hasPlan": false, "has3DTour": false, "has360": false, "hasStaging": false, "topNewDevelopment": false}, {"propertyCode": "92643887", "thumbnail": "https://img3.idealista.com/blur/WEB_LISTING/0/id.pro.es.image.master/de/61/cc/847535170.jpg", "externalReference": "S-30967", "numPhotos": 18, "floor": "1", "price": 1390000.0, "propertyType": "flat", "operation": "sale", "size": 297.0, "exterior": true, "rooms": 4, "bathrooms": 5, "address": "Jard\u00ed de T\u00f2quio", "province": "Barcelona", "municipality": "Barcelona", "district": "Les Corts", "country": "es", "neighborhood": "Pedralbes", "latitude": 41.3944628, "longitude": 2.1139243, "showAddress": false, "url": "https://www.idealista.com/inmueble/92643887/", "distance": "2922", "hasVideo": false, "status": "good", "newDevelopment": false, "hasLift": true, "parkingSpace": {"hasParkingSpace": true, "isParkingSpaceIncludedInPrice": true}, "priceByArea": 4680.0, "detailedType": {"typology": "flat"}, "suggestedTexts": {"subtitle": "Pedralbes, Barcelona", "title": "Piso en Jard\u00ed de T\u00f2quio"}, "hasPlan": true, "has3DTour": false, "has360": false, "hasStaging": false, "topNewDevelopment": false}, {"propertyCode": "88652979", "thumbnail": "https://img3.idealista.com/blur/WEB_LISTING/0/id.pro.es.image.master/d2/dc/ec/855995513.jpg", "externalReference": "1173", "numPhotos": 15, "price": 2100000.0, "propertyType": "chalet", "operation": "sale", "size": 325.0, "exterior": false, "rooms": 5, "bathrooms": 3, "address": "Calle de Ramon Llull", "province": "Barcelona", "municipality": "Esplugues de Llobregat", "district": "La Miranda - Ciutat Diagonal", "country": "es", "latitude": 41.3847869, "longitude": 2.0890265, "showAddress": false, "url": "https://www.idealista.com/inmueble/88652979/", "distance": "1559", "hasVideo": true, "status": "renew", "newDevelopment": false, "priceByArea": 6462.0, "detailedType": {"typology": "chalet"}, "suggestedTexts": {"subtitle": "La Miranda - Ciutat Diagonal, Esplugues de Llobregat", "title": "Chalet en Calle de Ramon Llull"}, "hasPlan": true, "has3DTour": false, "has360": false, "hasStaging": false, "topNewDevelopment": false}, {"propertyCode": "93130558", "thumbnail": "https://img3.idealista.com/blur/WEB_LISTING/0/id.pro.es.image.master/59/a1/82/855202178.jpg", "externalReference": "W-02L2VH", "numPhotos": 17, "price": 1995000.0, "propertyType": "chalet", "operation": "sale", "size": 563.0, "exterior": false, "rooms": 6, "bathrooms": 6, "address": "La Miranda - Ciutat Diagonal", "province": "Barcelona", "municipality": "Esplugues de Llobregat", "district": "La Miranda - Ciutat Diagonal", "country": "es", "latitude": 41.3854591, "longitude": 2.0877879, "showAddress": false, "url": "https://www.idealista.com/inmueble/93130558/", "distance": "1441", "hasVideo": false, "status": "good", "newDevelopment": false, "parkingSpace": {"hasParkingSpace": true, "isParkingSpaceIncludedInPrice": true}, "priceByArea": 3544.0, "detailedType": {"typology": "chalet", "subTypology": "independantHouse"}, "suggestedTexts": {"subtitle": "La Miranda - Ciutat Diagonal, Esplugues de Llobregat", "title": "Casa independiente"}, "hasPlan": false, "has3DTour": false, "has360": false, "hasStaging": false, "topNewDevelopment": false}, {"propertyCode": "93084753", "thumbnail": "https://img3.idealista.com/blur/WEB_LISTING/0/id.pro.es.image.master/da/02/56/854109385.jpg", "externalReference": "W-00N32I", "numPhotos": 41, "price": 1269000.0, "propertyType": "chalet", "operation": "sale", "size": 417.0, "exterior": false, "rooms": 7, "bathrooms": 5, "address": "La Plana - Bellsoleig", "province": "Barcelona", "municipality": "Sant Just Desvern", "district": "La Plana - Bellsoleig", "country": "es", "latitude": 41.3958252, "longitude": 2.0722956, "showAddress": false, "url": "https://www.idealista.com/inmueble/93084753/", "distance": "566", "hasVideo": false, "status": "good", "newDevelopment": false, "parkingSpace": {"hasParkingSpace": true, "isParkingSpaceIncludedInPrice": true}, "priceByArea": 3043.0, "detailedType": {"typology": "chalet", "subTypology": "independantHouse"}, "suggestedTexts": {"subtitle": "La Plana - Bellsoleig, Sant Just Desvern", "title": "Casa independiente"}, "hasPlan": false, "has3DTour": false, "has360": false, "hasStaging": false, "topNewDevelopment": false}, {"propertyCode": "93032028", "thumbnail": "https://img3.idealista.com/blur/WEB_LISTING/0/id.pro.es.image.master/e1/d9/67/853055299.jpg", "externalReference": "W-02L1DR", "numPhotos": 22, "floor": "1", "price": 315000.0, "propertyType": "flat", "operation": "sale", "size": 95.0, "exterior": true, "rooms": 3, "bathrooms": 1, "address": "La Plana - Montesa", "province": "Barcelona", "municipality": "Esplugues de Llobregat", "district": "La Plana - Montesa", "country": "es", "latitude": 41.3730756, "longitude": 2.0849796, "showAddress": false, "url": "https://www.idealista.com/inmueble/93032028/", "distance": "2665", "hasVideo": false, "status": "good", "newDevelopment": false, "hasLift": true, "priceByArea": 3316.0, "detailedType": {"typology": "flat"}, "suggestedTexts": {"subtitle": "La Plana - Montesa, Esplugues de Llobregat", "title": "Piso"}, "hasPlan": false, "has3DTour": false, "has360": false, "hasStaging": false, "topNewDevelopment": false}, {"propertyCode": "91329575", "thumbnail": "https://img3.idealista.com/blur/WEB_LISTING/0/id.pro.es.image.master/84/19/19/812090814.jpg", "numPhotos": 60, "price": 920000.0, "propertyType": "chalet", "operation": "sale", "size": 230.0, "exterior": false, "rooms": 4, "bathrooms": 3, "address": "diaz de la fuente", "province": "Barcelona", "municipality": "Esplugues de Llobregat", "district": "Finestrelles", "country": "es", "latitude": 41.3838385, "longitude": 2.0971256, "showAddress": false, "url": "https://www.idealista.com/inmueble/91329575/", "distance": "2075", "hasVideo": false, "status": "good", "newDevelopment": false, "parkingSpace": {"hasParkingSpace": true, "isParkingSpaceIncludedInPrice": true}, "priceByArea": 4000.0, "detailedType": {"typology": "chalet", "subTypology": "terracedHouse"}, "suggestedTexts": {"subtitle": "Finestrelles, Esplugues de Llobregat", "title": "Chalet adosado en diaz de la fuente"}, "hasPlan": false, "has3DTour": false, "has360": false, "hasStaging": false, "topNewDevelopment": false}]