[{"propertyCode": "91658993", "thumbnail": "https://img3.idealista.com/blur/WEB_LISTING/0/id.pro.es.image.master/c0/2a/b5/820119045.jpg", "externalReference": "019280", "numPhotos": 27, "floor": "en", "price": 845000.0, "propertyType": "flat", "operation": "sale", "size": 116.0, "exterior": true, "rooms": 3, "bathrooms": 2, "address": "barrio Sant Gervasi - La Bonanova", "province": "Barcelona", "municipality": "Barcelona", "district": "Sarri\u00e0-Sant Gervasi", "country": "es", "neighborhood": "Sant Gervasi - La Bonanova", "latitude": 41.4022298, "longitude": 2.1322432, "showAddress": false, "url": "https://www.idealista.com/inmueble/91658993/", "distance": "859", "hasVideo": false, "status": "good", "newDevelopment": false, "hasLift": true, "priceByArea": 7284.0, "detailedType": {"typology": "flat"}, "suggestedTexts": {"subtitle": "Sant Gervasi - La Bonanova, Barcelona", "title": "Piso"}, "hasPlan": true, "has3DTour": true, "has360": true, "hasStaging": false, "topNewDevelopment": false}, {"propertyCode": "89784716", "thumbnail": "https://img3.idealista.com/blur/WEB_LISTING/0/id.pro.es.image.master/41/1e/b7/776472593.jpg", "externalReference": "019271", "numPhotos": 28, "floor": "1", "price": 864000.0, "propertyType": "flat", "operation": "sale", "size": 155.0, "exterior": false, "rooms": 5, "bathrooms": 2, "address": "Calle de Calatrava", "province": "Barcelona", "municipality": "Barcelona", "district": "Sarri\u00e0-Sant Gervasi", "country": "es", "neighborhood": "Les Tres Torres", "latitude": 41.4023503, "longitude": 2.1295338, "showAddress": false, "url": "https://www.idealista.com/inmueble/89784716/", "distance": "768", "hasVideo": true, "status": "good", "newDevelopment": false, "hasLift": true, "parkingSpace": {"hasParkingSpace": true, "isParkingSpaceIncludedInPrice": true}, "priceByArea": 5574.0, "detailedType": {"typology": "flat"}, "suggestedTexts": {"subtitle": "Les Tres Torres, Barcelona", "title": "Piso en Calle de Calatrava"}, "hasPlan": true, "has3DTour": false, "has360": false, "hasStaging": false, "topNewDevelopment": false}, {"propertyCode": "92446224", "thumbnail": "https://img3.idealista.com/blur/WEB_LISTING/0/id.pro.es.image.master/c8/68/88/839831002.jpg", "externalReference": "BCN26821", "numPhotos": 32, "price": 1150000.0, "propertyType": "flat", "operation": "sale", "size": 178.0, "exterior": true, "rooms": 4, "bathrooms": 3, "address": "barrio Pedralbes", "province": "Barcelona", "municipality": "Barcelona", "district": "Les Corts", "country": "es", "neighborhood": "Pedralbes", "latitude": 41.3901975, "longitude": 2.1227699, "showAddress": false, "url": "https://www.idealista.com/inmueble/92446224/", "distance": "698", "hasVideo": false, "status": "renew", "newDevelopment": false, "hasLift": true, "parkingSpace": {"hasParkingSpace": true, "isParkingSpaceIncludedInPrice": true}, "priceByArea": 6461.0, "detailedType": {"typology": "flat"}, "suggestedTexts": {"subtitle": "Pedralbes, Barcelona", "title": "Piso"}, "hasPlan": true, "has3DTour": false, "has360": true, "hasStaging": false, "topNewDevelopment": false}, {"propertyCode": "93082183", "thumbnail": "https://img3.idealista.com/blur/WEB_LISTING/0/id.pro.es.image.master/31/d5/cb/854034303.jpg", "externalReference": "VB2102073", "numPhotos": 38, "floor": "5", "price": 840000.0, "propertyType": "flat", "operation": "sale", "size": 138.0, "exterior": true, "rooms": 3, "bathrooms": 2, "address": "Calle de Num\u00e0ncia", "province": "Barcelona", "municipality": "Barcelona", "district": "Les Corts", "country": "es", "neighborhood": "Les Corts", "latitude": 41.3931779, "longitude": 2.1284422, "showAddress": false, "url": "https://www.idealista.com/inmueble/93082183/", "distance": "338", "hasVideo": true, "status": "good", "newDevelopment": false, "hasLift": true, "parkingSpace": {"hasParkingSpace": true, "isParkingSpaceIncludedInPrice": true}, "priceByArea": 6087.0, "detailedType": {"typology": "flat"}, "suggestedTexts": {"subtitle": "Les Corts, Barcelona", "title": "Piso en Calle de Num\u00e0ncia"}, "hasPlan": true, "has3DTour": false, "has360": true, "hasStaging": false, "topNewDevelopment": false}, {"propertyCode": "92984814", "thumbnail": "https://img3.idealista.com/blur/WEB_LISTING/0/id.pro.es.image.master/c6/a1/ec/852507567.jpg", "externalReference": "VB2102046-1", "numPhotos": 39, "floor": "5", "price": 990000.0, "propertyType": "flat", "operation": "sale", "size": 177.0, "exterior": true, "rooms": 5, "bathrooms": 3, "address": "Paseo de Manuel Girona", "province": "Barcelona", "municipality": "Barcelona", "district": "Sarri\u00e0-Sant Gervasi", "country": "es", "neighborhood": "Sarri\u00e0", "latitude": 41.3908184, "longitude": 2.1268549, "showAddress": false, "url": "https://www.idealista.com/inmueble/92984814/", "distance": "558", "hasVideo": true, "status": "good", "newDevelopment": false, "hasLift": true, "parkingSpace": {"hasParkingSpace": true, "isParkingSpaceIncludedInPrice": true}, "priceByArea": 5593.0, "detailedType": {"typology": "flat"}, "suggestedTexts": {"subtitle": "Sarri\u00e0, Barcelona", "title": "Piso en Paseo de Manuel Girona"}, "hasPlan": true, "has3DTour": false, "has360": true, "hasStaging": false, "topNewDevelopment": false}, {"propertyCode": "90384893", "thumbnail": "https://img3.idealista.com/blur/WEB_LISTING/0/id.pro.es.image.master/88/53/6a/843810011.jpg", "externalReference": "01840", "numPhotos": 36, "floor": "2", "price": 1080000.0, "propertyType": "flat", "operation": "sale", "size": 162.0, "exterior": true, "rooms": 5, "bathrooms": 3, "address": "Calle de Ganduxer", "province": "Barcelona", "municipality": "Barcelona", "district": "Sarri\u00e0-Sant Gervasi", "country": "es", "neighborhood": "Les Tres Torres", "latitude": 41.4021385, "longitude": 2.1308518, "showAddress": false, "url": "https://www.idealista.com/inmueble/90384893/", "distance": "790", "hasVideo": true, "status": "good", "newDevelopment": false, "hasLift": true, "parkingSpace": {"hasParkingSpace": true, "isParkingSpaceIncludedInPrice": true}, "priceByArea": 6667.0, "detailedType": {"typology": "flat"}, "suggestedTexts": {"subtitle": "Les Tres Torres, Barcelona", "title": "Piso en Calle de Ganduxer"}, "hasPlan": true, "has3DTour": true, "has360": true, "hasStaging": false, "topNewDevelopment": false}, {"propertyCode": "92942545", "thumbnail": "https://img3.idealista.com/blur/WEB_LISTING/0/id.pro.es.image.master/99/13/fb/853544822.jpg", "externalReference": "00068", "numPhotos": 34, "floor": "5", "price": 990000.0, "propertyType": "flat", "operation": "sale", "size": 175.0, "exterior": true, "rooms": 5, "bathrooms": 3, "address": "Paseo de Manuel Girona", "province": "Barcelona", "municipality": "Barcelona", "district": "Sarri\u00e0-Sant Gervasi", "country": "es", "neighborhood": "Sarri\u00e0", "latitude": 41.3911835, "longitude": 2.1264877, "showAddress": false, "url": "https://www.idealista.com/inmueble/92942545/", "distance": "517", "hasVideo": false, "status": "renew", "newDevelopment": false, "hasLift": true, "parkingSpace": {"hasParkingSpace": true, "isParkingSpaceIncludedInPrice": true}, "priceByArea": 5657.0, "detailedType": {"typology": "flat"}, "suggestedTexts": {"subtitle": "Sarri\u00e0, Barcelona", "title": "Piso en Paseo de Manuel Girona"}, "hasPlan": true, "has3DTour": false, "has360": true, "hasStaging": false, "topNewDevelopment": false}, {"propertyCode": "92867335", "thumbnail": "https://img3.idealista.com/blur/WEB_LISTING/0/id.pro.es.image.master/e1/cf/ae/855823943.jpg", "externalReference": "GV622", "numPhotos": 27, "floor": "5", "price": 990000.0, "propertyType": "flat", "operation": "sale", "size": 165.0, "exterior": true, "rooms": 5, "bathrooms": 3, "address": "Paseo de Manuel Girona", "province": "Barcelona", "municipality": "Barcelona", "district": "Les Corts", "country": "es", "neighborhood": "Pedralbes", "latitude": 41.3934623, "longitude": 2.127285, "showAddress": false, "url": "https://www.idealista.com/inmueble/92867335/", "distance": "272", "hasVideo": true, "status": "good", "newDevelopment": false, "hasLift": true, "priceByArea": 6000.0, "detailedType": {"typology": "flat"}, "suggestedTexts": {"subtitle": "Pedralbes, Barcelona", "title": "Piso en Paseo de Manuel Girona"}, "hasPlan": true, "has3DTour": false, "has360": true, "hasStaging": false, "topNewDevelopment": false}, {"propertyCode": "91474299", "thumbnail": "https://img3.idealista.com/blur/WEB_LISTING/0/id.pro.es.image.master/fc/f9/63/815432805.jpg", "externalReference": "2546", "numPhotos": 31, "floor": "4", "price": 990000.0, "propertyType": "flat", "operation": "sale", "size": 180.0, "exterior": true, "rooms": 4, "bathrooms": 2, "address": "Paseo de Manuel Girona", "province": "Barcelona", "municipality": "Barcelona", "district": "Les Corts", "country": "es", "neighborhood": "Pedralbes", "latitude": 41.3899426, "longitude": 2.1249908, "showAddress": false, "url": "https://www.idealista.com/inmueble/91474299/", "distance": "666", "hasVideo": false, "status": "good", "newDevelopment": false, "hasLift": true, "parkingSpace": {"hasParkingSpace": true, "isParkingSpaceIncludedInPrice": true}, "priceByArea": 5500.0, "detailedType": {"typology": "flat"}, "suggestedTexts": {"subtitle": "Pedralbes, Barcelona", "title": "Piso en Paseo de Manuel Girona"}, "hasPlan": true, "has3DTour": false, "has360": true, "hasStaging": false, "topNewDevelopment": false}, {"propertyCode": "93207901", "thumbnail": "https://img3.idealista.com/blur/WEB_LISTING/0/id.pro.es.image.master/6b/50/25/857010737.jpg", "externalReference": "9510", "numPhotos": 34, "price": 830000.0, "propertyType": "flat", "operation": "sale", "size": 166.0, "exterior": false, "rooms": 5, "bathrooms": 3, "address": "Calle del Capit\u00e0 Arenas", "province": "Barcelona", "municipality": "Barcelona", "district": "Les Corts", "country": "es", "neighborhood": "Pedralbes", "latitude": 41.3886633, "longitude": 2.1272273, "showAddress": false, "url": "https://www.idealista.com/inmueble/93207901/", "distance": "800", "hasVideo": false, "status": "good", "newDevelopment": false, "hasLift": true, "priceByArea": 5000.0, "detailedType": {"typology": "flat"}, "suggestedTexts": {"subtitle": "Pedralbes, Barcelona", "title": "Piso en Calle del Capit\u00e0 Arenas"}, "hasPlan": true, "has3DTour": true, "has360": false, "hasStaging": false, "topNewDevelopment": false}, {"propertyCode": "91903169", "thumbnail": "https://img3.idealista.com/blur/WEB_LISTING/0/id.pro.es.image.master/73/63/51/826089004.jpg", "externalReference": "2441", "numPhotos": 19, "floor": "2", "price": 770000.0, "propertyType": "flat", "operation": "sale", "size": 160.0, "exterior": true, "rooms": 5, "bathrooms": 2, "address": "barrio Sarri\u00e0", "province": "Barcelona", "municipality": "Barcelona", "district": "Sarri\u00e0-Sant Gervasi", "country": "es", "neighborhood": "Sarri\u00e0", "latitude": 41.3938308, "longitude": 2.1279846, "showAddress": false, "url": "https://www.idealista.com/inmueble/91903169/", "distance": "256", "hasVideo": false, "status": "good", "newDevelopment": false, "hasLift": true, "priceByArea": 4813.0, "detailedType": {"typology": "flat"}, "suggestedTexts": {"subtitle": "Sarri\u00e0, Barcelona", "title": "Piso"}, "hasPlan": true, "has3DTour": false, "has360": true, "hasStaging": false, "topNewDevelopment": false}, {"propertyCode": "90072619", "thumbnail": "https://img3.idealista.com/blur/WEB_LISTING/0/id.pro.es.image.master/f1/80/20/782550589.jpg", "externalReference": "019273", "numPhotos": 30, "floor": "4", "price": 1095000.0, "propertyType": "flat", "operation": "sale", "size": 217.0, "exterior": true, "rooms": 4, "bathrooms": 4, "address": "Paseo de Manuel Girona", "province": "Barcelona", "municipality": "Barcelona", "district": "Sarri\u00e0-Sant Gervasi", "country": "es", "neighborhood": "Sarri\u00e0", "latitude": 41.3913301, "longitude": 2.1285839, "showAddress": false, "url": "https://www.idealista.com/inmueble/90072619/", "distance": "531", "hasVideo": false, "status": "good", "newDevelopment": false, "hasLift": true, "parkingSpace": {"hasParkingSpace": true, "isParkingSpaceIncludedInPrice": true}, "priceByArea": 5046.0, "detailedType": {"typology": "flat"}, "suggestedTexts": {"subtitle": "Sarri\u00e0, Barcelona", "title": "Piso en Paseo de Manuel Girona"}, "hasPlan": true, "has3DTour": false, "has360": false, "hasStaging": false, "topNewDevelopment": false}, {"propertyCode": "87920816", "thumbnail": "https://img3.idealista.com/blur/WEB_LISTING/0/id.pro.es.image.master/90/1f/b4/734296870.jpg", "externalReference": "019245", "numPhotos": 27, "floor": "8", "price": 430000.0, "propertyType": "flat", "operation": "sale", "size": 73.0, "exterior": true, "rooms": 3, "bathrooms": 1, "address": "Calle del Capit\u00e0 Arenas", "province": "Barcelona", "municipality": "Barcelona", "district": "Les Corts", "country": "es", "neighborhood": "Pedralbes", "latitude": 41.3904641, "longitude": 2.1246005, "showAddress": false, "url": "https://www.idealista.com/inmueble/87920816/", "distance": "617", "hasVideo": false, "status": "renew", "newDevelopment": false, "hasLift": true, "priceByArea": 5890.0, "detailedType": {"typology": "flat"}, "suggestedTexts": {"subtitle": "Pedralbes, Barcelona", "title": "Piso en Calle del Capit\u00e0 Arenas"}, "hasPlan": true, "has3DTour": false, "has360": false, "hasStaging": false, "topNewDevelopment": false}, {"propertyCode": "92176342", "thumbnail": "https://img3.idealista.com/blur/WEB_LISTING/0/id.pro.es.image.master/8f/5d/89/832827696.jpg", "externalReference": "BCN26015", "numPhotos": 59, "price": 3500000.0, "propertyType": "penthouse", "operation": "sale", "size": 406.0, "exterior": true, "rooms": 5, "bathrooms": 6, "address": "barrio Pedralbes", "province": "Barcelona", "municipality": "Barcelona", "district": "Les Corts", "country": "es", "neighborhood": "Pedralbes", "latitude": 41.394721, "longitude": 2.118681, "showAddress": false, "url": "https://www.idealista.com/inmueble/92176342/", "distance": "660", "hasVideo": false, "status": "good", "newDevelopment": false, "hasLift": true, "parkingSpace": {"hasParkingSpace": true, "isParkingSpaceIncludedInPrice": true}, "priceByArea": 8621.0, "detailedType": {"typology": "flat", "subTypology": "penthouse"}, "suggestedTexts": {"subtitle": "Pedralbes, Barcelona", "title": "\u00c1tico"}, "hasPlan": true, "has3DTour": false, "has360": false, "hasStaging": false, "topNewDevelopment": false}, {"propertyCode": "81345140", "thumbnail": "https://img3.idealista.com/blur/WEB_LISTING/0/id.pro.es.image.master/a1/59/83/575091742.jpg", "externalReference": "BCN11347", "numPhotos": 45, "price": 2750000.0, "propertyType": "chalet", "operation": "sale", "size": 224.0, "exterior": false, "rooms": 2, "bathrooms": 3, "address": "barrio Les Tres Torres", "province": "Barcelona", "municipality": "Barcelona", "district": "Sarri\u00e0-Sant Gervasi", "country": "es", "neighborhood": "Les Tres Torres", "latitude": 41.396468, "longitude": 2.1333346, "showAddress": false, "url": "https://www.idealista.com/inmueble/81345140/", "distance": "577", "hasVideo": false, "status": "good", "newDevelopment": false, "parkingSpace": {"hasParkingSpace": true, "isParkingSpaceIncludedInPrice": true}, "priceByArea": 12277.0, "detailedType": {"typology": "chalet"}, "suggestedTexts": {"subtitle": "Les Tres Torres, Barcelona", "title": "Chalet"}, "hasPlan": true, "has3DTour": false, "has360": false, "hasStaging": false, "topNewDevelopment": false}, {"propertyCode": "90571031", "thumbnail": "https://img3.idealista.com/blur/WEB_LISTING/0/id.pro.es.image.master/e7/bb/d9/793414034.jpg", "externalReference": "BCN24619", "numPhotos": 43, "price": 2300000.0, "propertyType": "flat", "operation": "sale", "size": 351.0, "exterior": true, "rooms": 6, "bathrooms": 5, "address": "barrio Les Tres Torres", "province": "Barcelona", "municipality": "Barcelona", "district": "Sarri\u00e0-Sant Gervasi", "country": "es", "neighborhood": "Les Tres Torres", "latitude": 41.401307, "longitude": 2.1291549, "showAddress": false, "url": "https://www.idealista.com/inmueble/90571031/", "distance": "648", "hasVideo": false, "status": "renew", "newDevelopment": false, "hasLift": true, "parkingSpace": {"hasParkingSpace": true, "isParkingSpaceIncludedInPrice": true}, "priceByArea": 6553.0, "detailedType": {"typology": "flat"}, "suggestedTexts": {"subtitle": "Les Tres Torres, Barcelona", "title": "Piso"}, "hasPlan": true, "has3DTour": false, "has360": false, "hasStaging": false, "topNewDevelopment": false}, {"propertyCode": "92890890", "thumbnail": "https://img3.idealista.com/blur/WEB_LISTING/0/id.pro.es.image.master/94/8c/99/850347791.jpg", "externalReference": "10650", "numPhotos": 62, "price": 1690000.0, "propertyType": "penthouse", "operation": "sale", "size": 290.0, "exterior": true, "rooms": 4, "bathrooms": 4, "address": "Via Augusta", "province": "Barcelona", "municipality": "Barcelona", "district": "Sarri\u00e0-Sant Gervasi", "country": "es", "neighborhood": "Sant Gervasi - Galvany", "latitude": 41.3989684, "longitude": 2.1350011, "showAddress": false, "url": "https://www.idealista.com/inmueble/92890890/", "distance": "792", "hasVideo": false, "status": "good", "newDevelopment": false, "hasLift": true, "parkingSpace": {"hasParkingSpace": true, "isParkingSpaceIncludedInPrice": true}, "priceByArea": 5828.0, "detailedType": {"typology": "flat", "subTypology": "penthouse"}, "suggestedTexts": {"subtitle": "Sant Gervasi - Galvany, Barcelona", "title": "\u00c1tico en Via Augusta"}, "hasPlan": true, "has3DTour": true, "has360": false, "hasStaging": false, "topNewDevelopment": false}, {"propertyCode": "93180492", "thumbnail": "https://img3.idealista.com/blur/WEB_LISTING/0/id.pro.es.image.master/0e/fa/5f/856319596.jpg", "externalReference": "VB2103012", "numPhotos": 42, "floor": "en", "price": 1150000.0, "propertyType": "flat", "operation": "sale", "size": 164.0, "exterior": true, "rooms": 3, "bathrooms": 3, "address": "barrio Les Tres Torres", "province": "Barcelona", "municipality": "Barcelona", "district": "Sarri\u00e0-Sant Gervasi", "country": "es", "neighborhood": "Les Tres Torres", "latitude": 41.4035056, "longitude": 2.1278735, "showAddress": false, "url": "https://www.idealista.com/inmueble/93180492/", "distance": "860", "hasVideo": true, "status": "good", "newDevelopment": false, "hasLift": true, "parkingSpace": {"hasParkingSpace": true, "isParkingSpaceIncludedInPrice": true}, "priceByArea": 7012.0, "detailedType": {"typology": "flat"}, "suggestedTexts": {"subtitle": "Les Tres Torres, Barcelona", "title": "Piso"}, "hasPlan": false, "has3DTour": false, "has360": false, "hasStaging": false, "topNewDevelopment": false}, {"propertyCode": "91626719", "thumbnail": "https://img3.idealista.com/blur/WEB_LISTING/0/id.pro.es.image.master/ae/2c/a4/819372712.jpg", "externalReference": "VB2003023-5", "numPhotos": 30, "floor": "1", "price": 790000.0, "propertyType": "flat", "operation": "sale", "size": 126.0, "exterior": true, "rooms": 3, "bathrooms": 2, "address": "barrio Sarri\u00e0", "province": "Barcelona", "municipality": "Barcelona", "district": "Sarri\u00e0-Sant Gervasi", "country": "es", "neighborhood": "Sarri\u00e0", "latitude": 41.3960794, "longitude": 2.1222336, "showAddress": false, "url": "https://www.idealista.com/inmueble/91626719/", "distance": "353", "hasVideo": false, "status": "good", "newDevelopment": false, "hasLift": true, "parkingSpace": {"hasParkingSpace": true, "isParkingSpaceIncludedInPrice": true}, "priceByArea": 6270.0, "detailedType": {"typology": "flat"}, "suggestedTexts": {"subtitle": "Sarri\u00e0, Barcelona", "title": "Piso"}, "hasPlan": true, "has3DTour": false, "has360": false, "hasStaging": false, "topNewDevelopment": false}, {"propertyCode": "91213761", "thumbnail": "https://img3.idealista.com/blur/WEB_LISTING/0/id.pro.es.image.master/df/39/10/809287139.jpg", "externalReference": "W-02JDHD", "numPhotos": 44, "floor": "3", "price": 1140000.0, "propertyType": "flat", "operation": "sale", "size": 160.0, "exterior": false, "rooms": 4, "bathrooms": 3, "address": "barrio Sarri\u00e0", "province": "Barcelona", "municipality": "Barcelona", "district": "Sarri\u00e0-Sant Gervasi", "country": "es", "neighborhood": "Sarri\u00e0", "latitude": 41.4020774, "longitude": 2.1245468, "showAddress": false, "url": "https://www.idealista.com/inmueble/91213761/", "distance": "712", "hasVideo": false, "status": "good", "newDevelopment": false, "hasLift": true, "parkingSpace": {"hasParkingSpace": true, "isParkingSpaceIncludedInPrice": true}, "priceByArea": 7125.0, "detailedType": {"typology": "flat"}, "suggestedTexts": {"subtitle": "Sarri\u00e0, Barcelona", "title": "Piso"}, "hasPlan": true, "has3DTour": false, "has360": false, "hasStaging": false, "topNewDevelopment": false}, {"propertyCode": "88036349", "thumbnail": "https://img3.idealista.com/blur/WEB_LISTING/0/id.pro.es.image.master/8d/bc/9e/755970610.jpg", "externalReference": "W-02AAZ4", "numPhotos": 29, "floor": "1", "price": 899000.0, "propertyType": "flat", "operation": "sale", "size": 185.0, "exterior": false, "rooms": 6, "bathrooms": 3, "address": "barrio Les Tres Torres", "province": "Barcelona", "municipality": "Barcelona", "district": "Sarri\u00e0-Sant Gervasi", "country": "es", "neighborhood": "Les Tres Torres", "latitude": 41.4033289, "longitude": 2.1289823, "showAddress": false, "url": "https://www.idealista.com/inmueble/88036349/", "distance": "859", "hasVideo": false, "status": "good", "newDevelopment": false, "hasLift": false, "priceByArea": 4859.0, "detailedType": {"typology": "flat"}, "suggestedTexts": {"subtitle": "Les Tres Torres, Barcelona", "title": "Piso"}, "hasPlan": true, "has3DTour": false, "has360": false, "hasStaging": false, "topNewDevelopment": false}, {"propertyCode": "86370052", "thumbnail": "https://img3.idealista.com/blur/WEB_LISTING/0/id.pro.es.image.master/fa/a3/41/754619008.jpg", "externalReference": "6805", "numPhotos": 32, "price": 739000.0, "propertyType": "flat", "operation": "sale", "size": 105.0, "exterior": true, "rooms": 3, "bathrooms": 2, "address": "Calle de Castellnou", "province": "Barcelona", "municipality": "Barcelona", "district": "Sarri\u00e0-Sant Gervasi", "country": "es", "neighborhood": "Les Tres Torres", "latitude": 41.3953605, "longitude": 2.1287565, "showAddress": false, "url": "https://www.idealista.com/inmueble/86370052/", "distance": "198", "hasVideo": true, "status": "good", "newDevelopment": false, "hasLift": false, "parkingSpace": {"hasParkingSpace": true, "isParkingSpaceIncludedInPrice": true}, "priceByArea": 7038.0, "detailedType": {"typology": "flat"}, "suggestedTexts": {"subtitle": "Les Tres Torres, Barcelona", "title": "Piso en Calle de Castellnou"}, "hasPlan": true, "has3DTour": false, "has360": false, "hasStaging": false, "topNewDevelopment": false}, {"propertyCode": "84485092", "thumbnail": "https://img3.idealista.com/blur/WEB_LISTING/0/id.pro.es.image.master/05/3c/54/754624274.jpg", "externalReference": "5702", "numPhotos": 29, "floor": "3", "price": 990000.0, "propertyType": "flat", "operation": "sale", "size": 185.0, "exterior": true, "rooms": 3, "bathrooms": 2, "address": "Calle de Calatrava", "province": "Barcelona", "municipality": "Barcelona", "district": "Sarri\u00e0-Sant Gervasi", "country": "es", "neighborhood": "Les Tres Torres", "latitude": 41.4002267, "longitude": 2.1295305, "showAddress": false, "url": "https://www.idealista.com/inmueble/84485092/", "distance": "551", "hasVideo": true, "status": "good", "newDevelopment": false, "hasLift": true, "parkingSpace": {"hasParkingSpace": true, "isParkingSpaceIncludedInPrice": true}, "priceByArea": 5351.0, "detailedType": {"typology": "flat"}, "suggestedTexts": {"subtitle": "Les Tres Torres, Barcelona", "title": "Piso en Calle de Calatrava"}, "hasPlan": true, "has3DTour": false, "has360": false, "hasStaging": false, "topNewDevelopment": false}, {"propertyCode": "93086874", "thumbnail": "https://img3.idealista.com/blur/WEB_LISTING/0/id.pro.es.image.master/be/dd/07/854169056.jpg", "externalReference": "C.A.G.", "numPhotos": 39, "price": 2490000.0, "propertyType": "chalet", "operation": "sale", "size": 340.0, "exterior": false, "rooms": 5, "bathrooms": 5, "address": "Angel Guimer\u00e1", "province": "Barcelona", "municipality": "Barcelona", "district": "Sarri\u00e0-Sant Gervasi", "country": "es", "neighborhood": "Les Tres Torres", "latitude": 41.3971669, "longitude": 2.1341217, "showAddress": false, "url": "https://www.idealista.com/inmueble/93086874/", "distance": "655", "hasVideo": true, "status": "good", "newDevelopment": false, "priceByArea": 7324.0, "detailedType": {"typology": "chalet", "subTypology": "independantHouse"}, "suggestedTexts": {"subtitle": "Les Tres Torres, Barcelona", "title": "Casa independiente en Angel Guimer\u00e1"}, "hasPlan": true, "has3DTour": false, "has360": false, "hasStaging": false, "topNewDevelopment": false}, {"propertyCode": "91631473", "thumbnail": "https://img3.idealista.com/blur/WEB_LISTING/0/id.pro.es.image.master/ab/2a/9e/819490881.jpg", "externalReference": "BCN25766", "numPhotos": 20, "price": 950000.0, "propertyType": "flat", "operation": "sale", "size": 162.0, "exterior": true, "rooms": 4, "bathrooms": 3, "address": "barrio Les Tres Torres", "province": "Barcelona", "municipality": "Barcelona", "district": "Sarri\u00e0-Sant Gervasi", "country": "es", "neighborhood": "Les Tres Torres", "latitude": 41.3950864, "longitude": 2.1311527, "showAddress": false, "url": "https://www.idealista.com/inmueble/91631473/", "distance": "400", "hasVideo": false, "status": "renew", "newDevelopment": false, "hasLift": true, "parkingSpace": {"hasParkingSpace": true, "isParkingSpaceIncludedInPrice": true}, "priceByArea": 5864.0, "detailedType": {"typology": "flat"}, "suggestedTexts": {"subtitle": "Les Tres Torres, Barcelona", "title": "Piso"}, "hasPlan": true, "has3DTour": false, "has360": false, "hasStaging": false, "topNewDevelopment": false}, {"propertyCode": "91299611", "thumbnail": "https://img3.idealista.com/blur/WEB_LISTING/0/id.pro.es.image.master/c7/a9/28/847039686.jpg", "externalReference": "PRI-SOLIPADRIS001", "numPhotos": 54, "floor": "1", "price": 1180000.0, "propertyType": "flat", "operation": "sale", "size": 331.0, "exterior": true, "rooms": 5, "bathrooms": 3, "address": "Calle de Sol i Padr\u00eds", "province": "Barcelona", "municipality": "Barcelona", "district": "Sarri\u00e0-Sant Gervasi", "country": "es", "neighborhood": "Sarri\u00e0", "latitude": 41.4004686, "longitude": 2.120838, "showAddress": false, "url": "https://www.idealista.com/inmueble/91299611/", "distance": "696", "hasVideo": true, "status": "good", "newDevelopment": false, "hasLift": true, "parkingSpace": {"hasParkingSpace": true, "isParkingSpaceIncludedInPrice": true}, "priceByArea": 3565.0, "detailedType": {"typology": "flat"}, "suggestedTexts": {"subtitle": "Sarri\u00e0, Barcelona", "title": "Piso en Calle de Sol i Padr\u00eds"}, "hasPlan": true, "has3DTour": true, "has360": false, "hasStaging": false, "topNewDevelopment": false}, {"propertyCode": "92682023", "thumbnail": "https://img3.idealista.com/blur/WEB_LISTING/0/id.pro.es.image.master/a1/2d/b0/845572287.jpg", "externalReference": "FG02-43", "numPhotos": 20, "floor": "4", "price": 848000.0, "propertyType": "flat", "operation": "sale", "size": 166.0, "exterior": true, "rooms": 5, "bathrooms": 3, "address": "Calle de Pau Alcover", "province": "Barcelona", "municipality": "Barcelona", "district": "Sarri\u00e0-Sant Gervasi", "country": "es", "neighborhood": "Les Tres Torres", "latitude": 41.3979638, "longitude": 2.125009, "showAddress": false, "url": "https://www.idealista.com/inmueble/92682023/", "distance": "265", "hasVideo": false, "status": "good", "newDevelopment": false, "hasLift": true, "parkingSpace": {"hasParkingSpace": true, "isParkingSpaceIncludedInPrice": true}, "priceByArea": 5108.0, "detailedType": {"typology": "flat"}, "suggestedTexts": {"subtitle": "Les Tres Torres, Barcelona", "title": "Piso en Calle de Pau Alcover"}, "hasPlan": true, "has3DTour": false, "has360": false, "hasStaging": false, "topNewDevelopment": false}, {"propertyCode": "92811766", "thumbnail": "https://img3.idealista.com/blur/WEB_LISTING/0/id.pro.es.image.master/32/be/a5/848698746.jpg", "externalReference": "619v", "numPhotos": 33, "floor": "1", "price": 1260000.0, "propertyType": "flat", "operation": "sale", "size": 281.0, "exterior": true, "rooms": 5, "bathrooms": 4, "address": "barrio Les Tres Torres", "province": "Barcelona", "municipality": "Barcelona", "district": "Sarri\u00e0-Sant Gervasi", "country": "es", "neighborhood": "Les Tres Torres", "latitude": 41.3960258, "longitude": 2.131756, "showAddress": false, "url": "https://www.idealista.com/inmueble/92811766/", "distance": "442", "hasVideo": true, "status": "good", "newDevelopment": false, "hasLift": true, "parkingSpace": {"hasParkingSpace": true, "isParkingSpaceIncludedInPrice": true}, "priceByArea": 4484.0, "detailedType": {"typology": "flat"}, "suggestedTexts": {"subtitle": "Les Tres Torres, Barcelona", "title": "Piso"}, "hasPlan": true, "has3DTour": false, "has360": false, "hasStaging": false, "topNewDevelopment": false}, {"propertyCode": "92647696", "thumbnail": "https://img3.idealista.com/blur/WEB_LISTING/0/id.pro.es.image.master/bd/ed/15/844798426.jpg", "externalReference": "BCN27268", "numPhotos": 31, "price": 1252000.0, "propertyType": "flat", "operation": "sale", "size": 130.0, "exterior": true, "rooms": 3, "bathrooms": 2, "address": "barrio Les Corts", "province": "Barcelona", "municipality": "Barcelona", "district": "Les Corts", "country": "es", "neighborhood": "Les Corts", "latitude": 41.38907, "longitude": 2.1307946, "showAddress": false, "url": "https://www.idealista.com/inmueble/92647696/", "distance": "834", "hasVideo": false, "status": "good", "newDevelopment": false, "hasLift": true, "priceByArea": 9631.0, "detailedType": {"typology": "flat"}, "suggestedTexts": {"subtitle": "Les Corts, Barcelona", "title": "Piso"}, "hasPlan": false, "has3DTour": false, "has360": false, "hasStaging": false, "topNewDevelopment": false}, {"propertyCode": "92647691", "thumbnail": "https://img3.idealista.com/blur/WEB_LISTING/0/id.pro.es.image.master/c8/fb/2b/844798254.jpg", "externalReference": "BCN27267", "numPhotos": 29, "price": 1076500.0, "propertyType": "flat", "operation": "sale", "size": 130.0, "exterior": true, "rooms": 3, "bathrooms": 2, "address": "barrio Les Corts", "province": "Barcelona", "municipality": "Barcelona", "district": "Les Corts", "country": "es", "neighborhood": "Les Corts", "latitude": 41.38927, "longitude": 2.1294946, "showAddress": false, "url": "https://www.idealista.com/inmueble/92647691/", "distance": "772", "hasVideo": false, "status": "good", "newDevelopment": false, "hasLift": true, "priceByArea": 8281.0, "detailedType": {"typology": "flat"}, "suggestedTexts": {"subtitle": "Les Corts, Barcelona", "title": "Piso"}, "hasPlan": false, "has3DTour": false, "has360": false, "hasStaging": false, "topNewDevelopment": false}, {"propertyCode": "89237439", "thumbnail": "https://img3.idealista.com/blur/WEB_LISTING/0/id.pro.es.image.master/5a/a9/3b/766728448.jpg", "externalReference": "BCN23066", "numPhotos": 35, "price": 2200000.0, "propertyType": "flat", "operation": "sale", "size": 330.0, "exterior": true, "rooms": 5, "bathrooms": 5, "address": "barrio Sant Gervasi - Galvany", "province": "Barcelona", "municipality": "Barcelona", "district": "Sarri\u00e0-Sant Gervasi", "country": "es", "neighborhood": "Sant Gervasi - Galvany", "latitude": 41.3964254, "longitude": 2.1366062, "showAddress": false, "url": "https://www.idealista.com/inmueble/89237439/", "distance": "848", "hasVideo": false, "status": "good", "newDevelopment": false, "hasLift": true, "parkingSpace": {"hasParkingSpace": true, "isParkingSpaceIncludedInPrice": true}, "priceByArea": 6667.0, "detailedType": {"typology": "flat"}, "suggestedTexts": {"subtitle": "Sant Gervasi - Galvany, Barcelona", "title": "Piso"}, "hasPlan": false, "has3DTour": false, "has360": false, "hasStaging": false, "topNewDevelopment": false}, {"propertyCode": "88376448", "thumbnail": "https://img3.idealista.com/blur/WEB_LISTING/0/id.pro.es.image.master/b2/4a/43/745294357.jpg", "externalReference": "BCN14958", "numPhotos": 35, "price": 3900000.0, "propertyType": "chalet", "operation": "sale", "size": 512.0, "exterior": false, "rooms": 6, "bathrooms": 6, "address": "barrio Sarri\u00e0", "province": "Barcelona", "municipality": "Barcelona", "district": "Sarri\u00e0-Sant Gervasi", "country": "es", "neighborhood": "Sarri\u00e0", "latitude": 41.4005037, "longitude": 2.1224093, "showAddress": false, "url": "https://www.idealista.com/inmueble/88376448/", "distance": "619", "hasVideo": false, "status": "renew", "newDevelopment": false, "parkingSpace": {"hasParkingSpace": true, "isParkingSpaceIncludedInPrice": true}, "priceByArea": 7617.0, "detailedType": {"typology": "chalet"}, "suggestedTexts": {"subtitle": "Sarri\u00e0, Barcelona", "title": "Chalet"}, "hasPlan": false, "has3DTour": false, "has360": false, "hasStaging": false, "topNewDevelopment": false}, {"propertyCode": "91610311", "thumbnail": "https://img3.idealista.com/blur/WEB_LISTING/0/id.pro.es.image.master/8f/b2/63/818949007.jpg", "externalReference": "4291", "numPhotos": 35, "floor": "6", "price": 450000.0, "propertyType": "flat", "operation": "sale", "size": 63.0, "exterior": true, "rooms": 2, "bathrooms": 2, "address": "Calle del Capit\u00e0 Arenas", "province": "Barcelona", "municipality": "Barcelona", "district": "Les Corts", "country": "es", "neighborhood": "Pedralbes", "latitude": 41.3890641, "longitude": 2.1253005, "showAddress": false, "url": "https://www.idealista.com/inmueble/91610311/", "distance": "759", "hasVideo": true, "status": "good", "newDevelopment": false, "hasLift": true, "priceByArea": 7143.0, "detailedType": {"typology": "flat"}, "suggestedTexts": {"subtitle": "Pedralbes, Barcelona", "title": "Piso en Calle del Capit\u00e0 Arenas"}, "hasPlan": true, "has3DTour": false, "has360": false, "hasStaging": false, "topNewDevelopment": false}, {"propertyCode": "91211684", "thumbnail": "https://img3.idealista.com/blur/WEB_LISTING/0/id.pro.es.image.master/5c/10/e4/809242560.jpg", "externalReference": "D-40637", "numPhotos": 54, "floor": "5", "price": 3500000.0, "propertyType": "duplex", "operation": "sale", "size": 496.0, "exterior": true, "rooms": 6, "bathrooms": 6, "address": "Calle dels Cavallers", "province": "Barcelona", "municipality": "Barcelona", "district": "Les Corts", "country": "es", "neighborhood": "Pedralbes", "latitude": 41.393521, "longitude": 2.116681, "showAddress": false, "url": "https://www.idealista.com/inmueble/91211684/", "distance": "855", "hasVideo": true, "status": "good", "newDevelopment": false, "hasLift": true, "parkingSpace": {"hasParkingSpace": true, "isParkingSpaceIncludedInPrice": true}, "priceByArea": 7056.0, "detailedType": {"typology": "flat", "subTypology": "duplex"}, "suggestedTexts": {"subtitle": "Pedralbes, Barcelona", "title": "D\u00faplex en Calle dels Cavallers"}, "hasPlan": false, "has3DTour": false, "has360": false, "hasStaging": false, "topNewDevelopment": false}, {"propertyCode": "91775838", "thumbnail": "https://img3.idealista.com/blur/WEB_LISTING/0/id.pro.es.image.master/2d/03/dd/822995320.jpg", "externalReference": "W-02JYZ5", "numPhotos": 45, "floor": "3", "price": 799000.0, "propertyType": "flat", "operation": "sale", "size": 120.0, "exterior": false, "rooms": 4, "bathrooms": 2, "address": "barrio Pedralbes", "province": "Barcelona", "municipality": "Barcelona", "district": "Les Corts", "country": "es", "neighborhood": "Pedralbes", "latitude": 41.3910548, "longitude": 2.1255879, "showAddress": false, "url": "https://www.idealista.com/inmueble/91775838/", "distance": "536", "hasVideo": false, "status": "good", "newDevelopment": false, "hasLift": true, "parkingSpace": {"hasParkingSpace": true, "isParkingSpaceIncludedInPrice": true}, "priceByArea": 6658.0, "detailedType": {"typology": "flat"}, "suggestedTexts": {"subtitle": "Pedralbes, Barcelona", "title": "Piso"}, "hasPlan": false, "has3DTour": false, "has360": false, "hasStaging": false, "topNewDevelopment": false}, {"propertyCode": "90159205", "thumbnail": "https://img3.idealista.com/blur/WEB_LISTING/0/id.pro.es.image.master/00/35/c1/784568369.jpg", "externalReference": "W-02F78G", "numPhotos": 32, "floor": "4", "price": 1350000.0, "propertyType": "flat", "operation": "sale", "size": 166.0, "exterior": false, "rooms": 3, "bathrooms": 3, "address": "barrio Les Tres Torres", "province": "Barcelona", "municipality": "Barcelona", "district": "Sarri\u00e0-Sant Gervasi", "country": "es", "neighborhood": "Les Tres Torres", "latitude": 41.4025358, "longitude": 2.1295021, "showAddress": false, "url": "https://www.idealista.com/inmueble/90159205/", "distance": "786", "hasVideo": false, "status": "good", "newDevelopment": false, "hasLift": true, "parkingSpace": {"hasParkingSpace": true, "isParkingSpaceIncludedInPrice": true}, "priceByArea": 8133.0, "detailedType": {"typology": "flat"}, "suggestedTexts": {"subtitle": "Les Tres Torres, Barcelona", "title": "Piso"}, "hasPlan": false, "has3DTour": false, "has360": false, "hasStaging": false, "topNewDevelopment": false}, {"propertyCode": "92504550", "thumbnail": "https://img3.idealista.com/blur/WEB_LISTING/0/id.pro.es.image.master/fa/de/9e/841243240.jpg", "externalReference": "8648", "numPhotos": 23, "floor": "3", "price": 865000.0, "propertyType": "flat", "operation": "sale", "size": 178.0, "exterior": true, "rooms": 4, "bathrooms": 3, "address": "Calle de Cop\u00e9rnico", "province": "Barcelona", "municipality": "Barcelona", "district": "Sarri\u00e0-Sant Gervasi", "country": "es", "neighborhood": "Sant Gervasi - Galvany", "latitude": 41.3981283, "longitude": 2.1337119, "showAddress": false, "url": "https://www.idealista.com/inmueble/92504550/", "distance": "656", "hasVideo": false, "status": "good", "newDevelopment": false, "hasLift": true, "priceByArea": 4860.0, "detailedType": {"typology": "flat"}, "suggestedTexts": {"subtitle": "Sant Gervasi - Galvany, Barcelona", "title": "Piso en Calle de Cop\u00e9rnico"}, "hasPlan": false, "has3DTour": false, "has360": false, "hasStaging": false, "topNewDevelopment": false}, {"propertyCode": "91503420", "thumbnail": "https://img3.idealista.com/blur/WEB_LISTING/0/id.pro.es.image.master/d0/da/dd/816131187.jpg", "externalReference": "VA1492", "numPhotos": 18, "floor": "4", "price": 1095000.0, "propertyType": "flat", "operation": "sale", "size": 196.0, "exterior": true, "rooms": 4, "bathrooms": 4, "address": "Paseo de Manuel Girona", "province": "Barcelona", "municipality": "Barcelona", "district": "Sarri\u00e0-Sant Gervasi", "country": "es", "neighborhood": "Sarri\u00e0", "latitude": 41.3945301, "longitude": 2.1286839, "showAddress": false, "url": "https://www.idealista.com/inmueble/91503420/", "distance": "235", "hasVideo": false, "status": "good", "newDevelopment": false, "hasLift": true, "parkingSpace": {"hasParkingSpace": true, "isParkingSpaceIncludedInPrice": true}, "priceByArea": 5587.0, "detailedType": {"typology": "flat"}, "suggestedTexts": {"subtitle": "Sarri\u00e0, Barcelona", "title": "Piso en Paseo de Manuel Girona"}, "hasPlan": true, "has3DTour": false, "has360": false, "hasStaging": false, "topNewDevelopment": false}, {"propertyCode": "92859836", "thumbnail": "https://img3.idealista.com/blur/WEB_LISTING/0/id.pro.es.image.master/c5/e9/d8/849699488.jpg", "externalReference": "231413", "numPhotos": 14, "floor": "7", "price": 450000.0, "propertyType": "flat", "operation": "sale", "size": 69.0, "exterior": true, "rooms": 2, "bathrooms": 1, "address": "barrio Pedralbes", "province": "Barcelona", "municipality": "Barcelona", "district": "Les Corts", "country": "es", "neighborhood": "Pedralbes", "latitude": 41.3893641, "longitude": 2.1240005, "showAddress": false, "url": "https://www.idealista.com/inmueble/92859836/", "distance": "748", "hasVideo": false, "status": "good", "newDevelopment": false, "hasLift": true, "priceByArea": 6522.0, "detailedType": {"typology": "flat"}, "suggestedTexts": {"subtitle": "Pedralbes, Barcelona", "title": "Piso"}, "hasPlan": false, "has3DTour": false, "has360": false, "hasStaging": false, "topNewDevelopment": false}, {"propertyCode": "92613077", "thumbnail": "https://img3.idealista.com/blur/WEB_LISTING/0/id.pro.es.image.master/8e/b2/96/851437721.jpg", "externalReference": "246420", "numPhotos": 7, "floor": "9", "price": 435000.0, "propertyType": "flat", "operation": "sale", "size": 73.0, "exterior": true, "rooms": 3, "bathrooms": 1, "address": "barrio Pedralbes", "province": "Barcelona", "municipality": "Barcelona", "district": "Les Corts", "country": "es", "neighborhood": "Pedralbes", "latitude": 41.3898641, "longitude": 2.1259005, "showAddress": false, "url": "https://www.idealista.com/inmueble/92613077/", "distance": "665", "hasVideo": false, "status": "renew", "newDevelopment": false, "hasLift": true, "priceByArea": 5959.0, "detailedType": {"typology": "flat"}, "suggestedTexts": {"subtitle": "Pedralbes, Barcelona", "title": "Piso"}, "hasPlan": false, "has3DTour": false, "has360": false, "hasStaging": false, "topNewDevelopment": false}, {"propertyCode": "92535136", "thumbnail": "https://img3.idealista.com/blur/WEB_LISTING/0/id.pro.es.image.master/30/a5/01/842014649.jpg", "externalReference": "_capit\u00e1narenas", "numPhotos": 24, "floor": "9", "price": 435000.0, "propertyType": "flat", "operation": "sale", "size": 73.0, "exterior": true, "rooms": 3, "bathrooms": 1, "address": "Calle del Capit\u00e0 Arenas", "province": "Barcelona", "municipality": "Barcelona", "district": "Les Corts", "country": "es", "neighborhood": "Pedralbes", "latitude": 41.3905641, "longitude": 2.1244005, "showAddress": false, "url": "https://www.idealista.com/inmueble/92535136/", "distance": "610", "hasVideo": false, "status": "renew", "newDevelopment": false, "hasLift": true, "priceByArea": 5959.0, "detailedType": {"typology": "flat"}, "suggestedTexts": {"subtitle": "Pedralbes, Barcelona", "title": "Piso en Calle del Capit\u00e0 Arenas"}, "hasPlan": false, "has3DTour": false, "has360": false, "hasStaging": false, "topNewDevelopment": false}, {"propertyCode": "90378655", "thumbnail": "https://img3.idealista.com/blur/WEB_LISTING/0/id.pro.es.image.master/cf/6e/7d/855749693.jpg", "externalReference": "P-014040", "numPhotos": 49, "floor": "5", "price": 1150000.0, "propertyType": "flat", "operation": "sale", "size": 178.0, "exterior": false, "rooms": 4, "bathrooms": 3, "address": "barrio Pedralbes", "province": "Barcelona", "municipality": "Barcelona", "district": "Les Corts", "country": "es", "neighborhood": "Pedralbes", "latitude": 41.3911975, "longitude": 2.1224699, "showAddress": false, "url": "https://www.idealista.com/inmueble/90378655/", "distance": "613", "hasVideo": false, "status": "good", "newDevelopment": false, "hasLift": true, "parkingSpace": {"hasParkingSpace": true, "isParkingSpaceIncludedInPrice": true}, "priceByArea": 6461.0, "detailedType": {"typology": "flat"}, "suggestedTexts": {"subtitle": "Pedralbes, Barcelona", "title": "Piso"}, "hasPlan": false, "has3DTour": false, "has360": false, "hasStaging": false, "topNewDevelopment": false}, {"propertyCode": "92629448", "thumbnail": "https://img3.idealista.com/blur/WEB_LISTING/0/id.pro.es.image.master/1a/70/26/855711799.jpg", "externalReference": "MV0536", "numPhotos": 39, "floor": "2", "price": 1285000.0, "propertyType": "flat", "operation": "sale", "size": 246.0, "exterior": true, "rooms": 6, "bathrooms": 4, "address": "barrio Les Tres Torres", "province": "Barcelona", "municipality": "Barcelona", "district": "Sarri\u00e0-Sant Gervasi", "country": "es", "neighborhood": "Les Tres Torres", "latitude": 41.3960854, "longitude": 2.1295023, "showAddress": false, "url": "https://www.idealista.com/inmueble/92629448/", "distance": "255", "hasVideo": false, "status": "renew", "newDevelopment": false, "hasLift": true, "parkingSpace": {"hasParkingSpace": true, "isParkingSpaceIncludedInPrice": true}, "priceByArea": 5224.0, "detailedType": {"typology": "flat"}, "suggestedTexts": {"subtitle": "Les Tres Torres, Barcelona", "title": "Piso"}, "hasPlan": false, "has3DTour": false, "has360": false, "hasStaging": false, "topNewDevelopment": false}, {"propertyCode": "92666194", "thumbnail": "https://img3.idealista.com/blur/WEB_LISTING/0/id.pro.es.image.master/c4/dc/ec/855823975.jpg", "externalReference": "GVRM", "numPhotos": 17, "floor": "2", "price": 325000.0, "propertyType": "flat", "operation": "sale", "size": 60.0, "exterior": true, "rooms": 2, "bathrooms": 1, "address": "barrio Sarri\u00e0", "province": "Barcelona", "municipality": "Barcelona", "district": "Sarri\u00e0-Sant Gervasi", "country": "es", "neighborhood": "Sarri\u00e0", "latitude": 41.4011036, "longitude": 2.1204111, "showAddress": false, "url": "https://www.idealista.com/inmueble/92666194/", "distance": "773", "hasVideo": true, "status": "good", "newDevelopment": false, "hasLift": true, "priceByArea": 5417.0, "detailedType": {"typology": "flat"}, "suggestedTexts": {"subtitle": "Sarri\u00e0, Barcelona", "title": "Piso"}, "hasPlan": true, "has3DTour": false, "has360": false, "hasStaging": false, "topNewDevelopment": false}, {"propertyCode": "86563923", "thumbnail": "https://img3.idealista.com/blur/WEB_LISTING/0/id.pro.es.image.master/2a/3b/bb/696830761.jpg", "externalReference": "VA1163", "numPhotos": 19, "price": 2280000.0, "propertyType": "chalet", "operation": "sale", "size": 270.0, "exterior": false, "rooms": 6, "bathrooms": 4, "address": "Pasaje claudio g\u00fcell", "province": "Barcelona", "municipality": "Barcelona", "district": "Sarri\u00e0-Sant Gervasi", "country": "es", "neighborhood": "Sarri\u00e0", "latitude": 41.3927514, "longitude": 2.1234886, "showAddress": false, "url": "https://www.idealista.com/inmueble/86563923/", "distance": "423", "hasVideo": false, "status": "good", "newDevelopment": false, "parkingSpace": {"hasParkingSpace": true, "isParkingSpaceIncludedInPrice": true}, "priceByArea": 8444.0, "detailedType": {"typology": "chalet", "subTypology": "semidetachedHouse"}, "suggestedTexts": {"subtitle": "Sarri\u00e0, Barcelona", "title": "Chalet pareado en Pasaje claudio g\u00fcell"}, "hasPlan": true, "has3DTour": false, "has360": false, "hasStaging": false, "topNewDevelopment": false}, {"propertyCode": "92132103", "thumbnail": "https://img3.idealista.com/blur/WEB_LISTING/0/id.pro.es.image.master/8a/49/99/855823884.jpg", "externalReference": "GV615", "numPhotos": 16, "floor": "4", "price": 862000.0, "propertyType": "flat", "operation": "sale", "size": 82.0, "exterior": false, "rooms": 2, "bathrooms": 2, "address": "barrio Les Corts", "province": "Barcelona", "municipality": "Barcelona", "district": "Les Corts", "country": "es", "neighborhood": "Les Corts", "latitude": 41.39007, "longitude": 2.1314946, "showAddress": false, "url": "https://www.idealista.com/inmueble/92132103/", "distance": "766", "hasVideo": true, "status": "good", "newDevelopment": false, "hasLift": true, "priceByArea": 10512.0, "detailedType": {"typology": "flat"}, "suggestedTexts": {"subtitle": "Les Corts, Barcelona", "title": "Piso"}, "hasPlan": true, "has3DTour": false, "has360": false, "hasStaging": false, "topNewDevelopment": false}, {"propertyCode": "89245653", "thumbnail": "https://img3.idealista.com/blur/WEB_LISTING/0/id.pro.es.image.master/18/69/d0/849507143.jpg", "externalReference": "VPV07", "numPhotos": 19, "floor": "4", "price": 800000.0, "propertyType": "penthouse", "operation": "sale", "size": 120.0, "exterior": true, "rooms": 3, "bathrooms": 2, "address": "major de sarria", "province": "Barcelona", "municipality": "Barcelona", "district": "Sarri\u00e0-Sant Gervasi", "country": "es", "neighborhood": "Sarri\u00e0", "latitude": 41.4010277, "longitude": 2.1198422, "showAddress": false, "url": "https://www.idealista.com/inmueble/89245653/", "distance": "798", "hasVideo": false, "status": "good", "newDevelopment": false, "hasLift": false, "priceByArea": 6667.0, "detailedType": {"typology": "flat", "subTypology": "penthouse"}, "suggestedTexts": {"subtitle": "Sarri\u00e0, Barcelona", "title": "\u00c1tico en major de sarria"}, "hasPlan": false, "has3DTour": false, "has360": false, "hasStaging": false, "topNewDevelopment": false}, {"propertyCode": "91965832", "thumbnail": "https://img3.idealista.com/blur/WEB_LISTING/0/id.pro.es.image.master/54/22/94/827580869.jpg", "externalReference": "VPV06", "numPhotos": 30, "price": 2750000.0, "propertyType": "chalet", "operation": "sale", "size": 280.0, "exterior": false, "rooms": 3, "bathrooms": 3, "address": "barrio Les Tres Torres", "province": "Barcelona", "municipality": "Barcelona", "district": "Sarri\u00e0-Sant Gervasi", "country": "es", "neighborhood": "Les Tres Torres", "latitude": 41.3970757, "longitude": 2.1344179, "showAddress": false, "url": "https://www.idealista.com/inmueble/91965832/", "distance": "677", "hasVideo": false, "status": "good", "newDevelopment": false, "parkingSpace": {"hasParkingSpace": true, "isParkingSpaceIncludedInPrice": true}, "priceByArea": 9821.0, "detailedType": {"typology": "chalet", "subTypology": "terracedHouse"}, "suggestedTexts": {"subtitle": "Les Tres Torres, Barcelona", "title": "Chalet adosado"}, "hasPlan": false, "has3DTour": false, "has360": false, "hasStaging": false, "topNewDevelopment": false}, {"propertyCode": "93164066", "thumbnail": "https://img3.idealista.com/blur/WEB_LISTING/0/id.pro.es.image.master/0b/62/f1/855908940.jpg", "externalReference": "MV0539", "numPhotos": 20, "floor": "2", "price": 335000.0, "propertyType": "flat", "operation": "sale", "size": 55.0, "exterior": true, "rooms": 3, "bathrooms": 1, "address": "barrio Sarri\u00e0", "province": "Barcelona", "municipality": "Barcelona", "district": "Sarri\u00e0-Sant Gervasi", "country": "es", "neighborhood": "Sarri\u00e0", "latitude": 41.3985483, "longitude": 2.1236281, "showAddress": false, "url": "https://www.idealista.com/inmueble/93164066/", "distance": "383", "hasVideo": false, "status": "good", "newDevelopment": false, "hasLift": true, "priceByArea": 6091.0, "detailedType": {"typology": "flat"}, "suggestedTexts": {"subtitle": "Sarri\u00e0, Barcelona", "title": "Piso"}, "hasPlan": false, "has3DTour": false, "has360": false, "hasStaging": false, "topNewDevelopment": false}, {"propertyCode": "91807519", "thumbnail": "https://img3.idealista.com/blur/WEB_LISTING/0/id.pro.es.image.master/79/79/b0/823782192.jpg", "externalReference": "00014", "numPhotos": 33, "floor": "5", "price": 450000.0, "propertyType": "flat", "operation": "sale", "size": 72.0, "exterior": false, "rooms": 2, "bathrooms": 1, "address": "Calle del Capit\u00e0 Arenas", "province": "Barcelona", "municipality": "Barcelona", "district": "Les Corts", "country": "es", "neighborhood": "Pedralbes", "latitude": 41.3929641, "longitude": 2.1274005, "showAddress": false, "url": "https://www.idealista.com/inmueble/91807519/", "distance": "328", "hasVideo": false, "status": "good", "newDevelopment": false, "hasLift": true, "priceByArea": 6250.0, "detailedType": {"typology": "flat"}, "suggestedTexts": {"subtitle": "Pedralbes, Barcelona", "title": "Piso en Calle del Capit\u00e0 Arenas"}, "hasPlan": false, "has3DTour": false, "has360": false, "hasStaging": false, "topNewDevelopment": false}]