[{"propertyCode": "93190579", "thumbnail": "https://img3.idealista.com/blur/WEB_LISTING/0/id.pro.es.image.master/db/aa/03/856600538.jpg", "externalReference": "DA CAST", "numPhotos": 20, "floor": "bj", "price": 210000.0, "propertyType": "flat", "operation": "sale", "size": 65.0, "exterior": true, "rooms": 3, "bathrooms": 1, "address": "palamos", "province": "Barcelona", "municipality": "El Prat de Llobregat", "district": "Eixample", "country": "es", "latitude": 41.3231727, "longitude": 2.0979198, "showAddress": false, "url": "https://www.idealista.com/inmueble/93190579/", "distance": "2928", "hasVideo": true, "status": "good", "newDevelopment": false, "hasLift": true, "priceByArea": 3231.0, "detailedType": {"typology": "flat"}, "suggestedTexts": {"subtitle": "Eixample, El Prat de Llobregat", "title": "Piso en palamos"}, "hasPlan": true, "has3DTour": false, "has360": false, "hasStaging": false, "topNewDevelopment": false}, {"propertyCode": "92995400", "thumbnail": "https://img3.idealista.com/blur/WEB_LISTING/0/id.pro.es.image.master/bb/8a/8e/852683351.jpg", "externalReference": "PRAT210", "numPhotos": 25, "floor": "bj", "price": 210000.0, "propertyType": "flat", "operation": "sale", "size": 65.0, "exterior": true, "rooms": 3, "bathrooms": 1, "address": "eixample s/n", "province": "Barcelona", "municipality": "El Prat de Llobregat", "district": "Eixample", "country": "es", "latitude": 41.3224037, "longitude": 2.0995842, "showAddress": true, "url": "https://www.idealista.com/inmueble/92995400/", "distance": "2774", "hasVideo": true, "status": "good", "newDevelopment": false, "hasLift": true, "priceByArea": 3231.0, "detailedType": {"typology": "flat"}, "suggestedTexts": {"subtitle": "Eixample, El Prat de Llobregat", "title": "Piso en eixample s/n"}, "hasPlan": true, "has3DTour": false, "has360": false, "hasStaging": false, "topNewDevelopment": false}, {"propertyCode": "92760398", "thumbnail": "https://img3.idealista.com/blur/WEB_LISTING/0/id.pro.es.image.master/a1/e5/37/847488623.jpg", "externalReference": "3893", "numPhotos": 20, "price": 170000.0, "propertyType": "flat", "operation": "sale", "size": 67.0, "exterior": true, "rooms": 1, "bathrooms": 1, "address": "Calle girona, 118", "province": "Barcelona", "municipality": "El Prat de Llobregat", "district": "Eixample", "country": "es", "latitude": 41.3235747, "longitude": 2.1010447, "showAddress": true, "url": "https://www.idealista.com/obra-nueva/92760398/", "distance": "2687", "hasVideo": false, "status": "newdevelopment", "newDevelopment": true, "hasLift": true, "newDevelopmentFinished": false, "priceByArea": 2537.0, "detailedType": {"typology": "flat"}, "suggestedTexts": {"subtitle": "Eixample, El Prat de Llobregat", "title": "Piso en Calle girona, 118"}, "hasPlan": true, "has3DTour": false, "has360": false, "hasStaging": false, "topNewDevelopment": false}, {"propertyCode": "92760377", "thumbnail": "https://img3.idealista.com/blur/WEB_LISTING/0/id.pro.es.image.master/7b/d6/60/847488602.jpg", "externalReference": "3891", "numPhotos": 20, "price": 255000.0, "propertyType": "flat", "operation": "sale", "size": 97.0, "exterior": true, "rooms": 2, "bathrooms": 2, "address": "Calle girona, 118", "province": "Barcelona", "municipality": "El Prat de Llobregat", "district": "Eixample", "country": "es", "latitude": 41.3235747, "longitude": 2.1010447, "showAddress": true, "url": "https://www.idealista.com/obra-nueva/92760377/", "distance": "2687", "hasVideo": false, "status": "newdevelopment", "newDevelopment": true, "hasLift": true, "newDevelopmentFinished": false, "priceByArea": 2629.0, "detailedType": {"typology": "flat"}, "suggestedTexts": {"subtitle": "Eixample, El Prat de Llobregat", "title": "Piso en Calle girona, 118"}, "hasPlan": true, "has3DTour": false, "has360": false, "hasStaging": false, "topNewDevelopment": false}, {"propertyCode": "92760361", "thumbnail": "https://img3.idealista.com/blur/WEB_LISTING/0/id.pro.es.image.master/20/8a/cc/847488621.jpg", "externalReference": "3899", "numPhotos": 20, "price": 370000.0, "propertyType": "duplex", "operation": "sale", "size": 137.0, "exterior": true, "rooms": 2, "bathrooms": 2, "address": "Calle girona, 118", "province": "Barcelona", "municipality": "El Prat de Llobregat", "district": "Eixample", "country": "es", "latitude": 41.3235747, "longitude": 2.1010447, "showAddress": true, "url": "https://www.idealista.com/obra-nueva/92760361/", "distance": "2687", "hasVideo": false, "status": "newdevelopment", "newDevelopment": true, "hasLift": true, "newDevelopmentFinished": false, "priceByArea": 2701.0, "detailedType": {"typology": "flat", "subTypology": "duplex"}, "suggestedTexts": {"subtitle": "Eixample, El Prat de Llobregat", "title": "D\u00faplex en Calle girona, 118"}, "hasPlan": true, "has3DTour": false, "has360": false, "hasStaging": false, "topNewDevelopment": false}, {"propertyCode": "93079898", "thumbnail": "https://img3.idealista.com/blur/WEB_LISTING/0/id.pro.es.image.master/f7/1b/cf/855454498.jpg", "externalReference": "G9_319527", "numPhotos": 15, "floor": "2", "price": 190000.0, "propertyType": "flat", "operation": "sale", "size": 70.0, "exterior": true, "rooms": 3, "bathrooms": 1, "address": "Eixample", "province": "Barcelona", "municipality": "El Prat de Llobregat", "district": "Eixample", "country": "es", "latitude": 41.3253846, "longitude": 2.1012358, "showAddress": false, "url": "https://www.idealista.com/inmueble/93079898/", "distance": "2733", "hasVideo": false, "status": "good", "newDevelopment": false, "hasLift": true, "priceByArea": 2714.0, "detailedType": {"typology": "flat"}, "suggestedTexts": {"subtitle": "Eixample, El Prat de Llobregat", "title": "Piso"}, "hasPlan": false, "has3DTour": false, "has360": false, "hasStaging": false, "topNewDevelopment": false}, {"propertyCode": "85714343", "thumbnail": "https://img3.idealista.com/blur/WEB_LISTING/0/id.pro.es.image.master/27/3f/6b/851292736.jpg", "externalReference": "Pintor", "numPhotos": 46, "price": 545000.0, "propertyType": "chalet", "operation": "sale", "size": 215.0, "exterior": false, "rooms": 4, "bathrooms": 4, "address": "Pintor Isidre Nonell", "province": "Barcelona", "municipality": "El Prat de Llobregat", "district": "Centre", "country": "es", "latitude": 41.329868, "longitude": 2.0997681, "showAddress": false, "url": "https://www.idealista.com/inmueble/85714343/", "distance": "3048", "hasVideo": false, "status": "good", "newDevelopment": false, "parkingSpace": {"hasParkingSpace": true, "isParkingSpaceIncludedInPrice": true}, "priceByArea": 2535.0, "detailedType": {"typology": "chalet", "subTypology": "terracedHouse"}, "suggestedTexts": {"subtitle": "Centre, El Prat de Llobregat", "title": "Chalet adosado en Pintor Isidre Nonell"}, "hasPlan": false, "has3DTour": false, "has360": false, "hasStaging": false, "topNewDevelopment": false}, {"propertyCode": "91801916", "thumbnail": "https://img3.idealista.com/blur/WEB_LISTING/0/id.pro.es.image.master/b0/00/98/823643200.jpg", "externalReference": "BA - 0079", "numPhotos": 21, "floor": "3", "price": 354000.0, "propertyType": "penthouse", "operation": "sale", "size": 99.0, "exterior": true, "rooms": 3, "bathrooms": 2, "address": "Margarida Xirgu", "province": "Barcelona", "municipality": "El Prat de Llobregat", "district": "Once de Septiembre - Sant Jordi", "country": "es", "latitude": 41.3209109, "longitude": 2.0950981, "showAddress": false, "url": "https://www.idealista.com/inmueble/91801916/", "distance": "3113", "hasVideo": false, "status": "good", "newDevelopment": false, "hasLift": true, "parkingSpace": {"hasParkingSpace": true, "isParkingSpaceIncludedInPrice": true}, "priceByArea": 3576.0, "detailedType": {"typology": "flat", "subTypology": "penthouse"}, "suggestedTexts": {"subtitle": "Once de Septiembre - Sant Jordi, El Prat de Llobregat", "title": "\u00c1tico en Margarida Xirgu"}, "hasPlan": false, "has3DTour": false, "has360": false, "hasStaging": false, "topNewDevelopment": false}, {"propertyCode": "92864981", "thumbnail": "https://img3.idealista.com/blur/WEB_LISTING/0/id.pro.es.image.master/03/5b/79/852382360.jpg", "externalReference": "G9_322119", "numPhotos": 25, "floor": "1", "price": 195000.0, "propertyType": "flat", "operation": "sale", "size": 70.0, "exterior": true, "rooms": 3, "bathrooms": 1, "address": "Centre", "province": "Barcelona", "municipality": "El Prat de Llobregat", "district": "Centre", "country": "es", "latitude": 41.3292465, "longitude": 2.0984189, "showAddress": false, "url": "https://www.idealista.com/inmueble/92864981/", "distance": "3117", "hasVideo": false, "status": "good", "newDevelopment": false, "hasLift": true, "priceByArea": 2786.0, "detailedType": {"typology": "flat"}, "suggestedTexts": {"subtitle": "Centre, El Prat de Llobregat", "title": "Piso"}, "hasPlan": false, "has3DTour": false, "has360": false, "hasStaging": false, "topNewDevelopment": false}, {"propertyCode": "92754191", "thumbnail": "https://img3.idealista.com/blur/WEB_LISTING/0/id.pro.es.image.master/73/7f/de/847334711.jpg", "externalReference": "G9_327255", "numPhotos": 21, "price": 364000.0, "propertyType": "chalet", "operation": "sale", "size": 96.0, "exterior": false, "rooms": 3, "bathrooms": 1, "address": "Once de Septiembre - Sant Jordi", "province": "Barcelona", "municipality": "El Prat de Llobregat", "district": "Once de Septiembre - Sant Jordi", "country": "es", "latitude": 41.318952, "longitude": 2.1019078, "showAddress": false, "url": "https://www.idealista.com/inmueble/92754191/", "distance": "2524", "hasVideo": false, "status": "good", "newDevelopment": false, "priceByArea": 3792.0, "detailedType": {"typology": "chalet"}, "suggestedTexts": {"subtitle": "Once de Septiembre - Sant Jordi, El Prat de Llobregat", "title": "Chalet"}, "hasPlan": false, "has3DTour": false, "has360": false, "hasStaging": false, "topNewDevelopment": false}, {"propertyCode": "92193142", "thumbnail": "https://img3.idealista.com/blur/WEB_LISTING/0/id.pro.es.image.master/7e/02/c2/833216472.jpg", "externalReference": "G9_320098", "numPhotos": 20, "floor": "1", "price": 157000.0, "propertyType": "flat", "operation": "sale", "size": 71.0, "exterior": true, "rooms": 3, "bathrooms": 1, "address": "Pla\u00e7a de Catalunya", "province": "Barcelona", "municipality": "El Prat de Llobregat", "district": "Pla\u00e7a de Catalunya", "country": "es", "latitude": 41.3234823, "longitude": 2.0947718, "showAddress": false, "url": "https://www.idealista.com/inmueble/92193142/", "distance": "3192", "hasVideo": false, "status": "good", "newDevelopment": false, "hasLift": true, "priceByArea": 2211.0, "detailedType": {"typology": "flat"}, "suggestedTexts": {"subtitle": "Pla\u00e7a de Catalunya, El Prat de Llobregat", "title": "Piso"}, "hasPlan": false, "has3DTour": false, "has360": false, "hasStaging": false, "topNewDevelopment": false}, {"propertyCode": "91657938", "thumbnail": "https://img3.idealista.com/blur/WEB_LISTING/0/id.pro.es.image.master/2b/b6/d1/820095407.jpg", "externalReference": "BA - 0070", "numPhotos": 16, "floor": "2", "price": 160000.0, "propertyType": "flat", "operation": "sale", "size": 52.0, "exterior": true, "rooms": 3, "bathrooms": 1, "address": "Enric Borras", "province": "Barcelona", "municipality": "El Prat de Llobregat", "district": "Centre", "country": "es", "latitude": 41.330218, "longitude": 2.098998, "showAddress": false, "url": "https://www.idealista.com/inmueble/91657938/", "distance": "3123", "hasVideo": false, "status": "good", "newDevelopment": false, "hasLift": false, "priceByArea": 3077.0, "detailedType": {"typology": "flat"}, "suggestedTexts": {"subtitle": "Centre, El Prat de Llobregat", "title": "Piso en Enric Borras"}, "hasPlan": false, "has3DTour": false, "has360": false, "hasStaging": false, "topNewDevelopment": false}, {"propertyCode": "86379524", "thumbnail": "https://img3.idealista.com/blur/WEB_LISTING/0/id.pro.es.image.master/d6/b3/a1/695321589.jpg", "externalReference": "208", "numPhotos": 15, "floor": "1", "price": 199000.0, "propertyType": "flat", "operation": "sale", "size": 85.0, "exterior": true, "rooms": 3, "bathrooms": 1, "address": "Carretera de la Marina s/n", "province": "Barcelona", "municipality": "El Prat de Llobregat", "district": "Centre", "country": "es", "latitude": 41.3278673, "longitude": 2.0993327, "showAddress": true, "url": "https://www.idealista.com/inmueble/86379524/", "distance": "2983", "hasVideo": false, "status": "good", "newDevelopment": false, "hasLift": true, "priceByArea": 2341.0, "detailedType": {"typology": "flat"}, "suggestedTexts": {"subtitle": "Centre, El Prat de Llobregat", "title": "Piso en Carretera de la Marina s/n"}, "hasPlan": false, "has3DTour": false, "has360": false, "hasStaging": false, "topNewDevelopment": false}, {"propertyCode": "92580550", "thumbnail": "https://img3.idealista.com/blur/WEB_LISTING/0/id.pro.es.image.master/9a/00/19/843190023.jpg", "externalReference": "BA - 0103", "numPhotos": 9, "floor": "1", "price": 260000.0, "propertyType": "flat", "operation": "sale", "size": 100.0, "exterior": true, "rooms": 4, "bathrooms": 2, "address": "Plaza Pablo neruda", "province": "Barcelona", "municipality": "El Prat de Llobregat", "district": "Eixample", "country": "es", "latitude": 41.3253814, "longitude": 2.1023603, "showAddress": false, "url": "https://www.idealista.com/inmueble/92580550/", "distance": "2645", "hasVideo": false, "status": "good", "newDevelopment": false, "hasLift": true, "priceByArea": 2600.0, "detailedType": {"typology": "flat"}, "suggestedTexts": {"subtitle": "Eixample, El Prat de Llobregat", "title": "Piso en Plaza Pablo neruda"}, "hasPlan": false, "has3DTour": false, "has360": false, "hasStaging": false, "topNewDevelopment": false}, {"propertyCode": "92985085", "thumbnail": "https://img3.idealista.com/blur/WEB_LISTING/0/id.pro.es.image.master/bf/f1/e2/852514365.jpg", "externalReference": "Castell pueblo", "numPhotos": 19, "floor": "bj", "price": 210000.0, "propertyType": "flat", "operation": "sale", "size": 65.0, "exterior": false, "rooms": 3, "bathrooms": 1, "address": "Eixample", "province": "Barcelona", "municipality": "El Prat de Llobregat", "district": "Eixample", "country": "es", "latitude": 41.3240799, "longitude": 2.0979746, "showAddress": false, "url": "https://www.idealista.com/inmueble/92985085/", "distance": "2949", "hasVideo": true, "status": "good", "newDevelopment": false, "hasLift": true, "priceByArea": 3231.0, "detailedType": {"typology": "flat"}, "suggestedTexts": {"subtitle": "Eixample, El Prat de Llobregat", "title": "Piso"}, "hasPlan": false, "has3DTour": false, "has360": false, "hasStaging": false, "topNewDevelopment": false}, {"propertyCode": "92403413", "thumbnail": "https://img3.idealista.com/blur/WEB_LISTING/0/id.pro.es.image.master/8d/42/89/838955199.jpg", "externalReference": "G9_327448", "numPhotos": 20, "floor": "4", "price": 143000.0, "propertyType": "flat", "operation": "sale", "size": 60.0, "exterior": false, "rooms": 3, "bathrooms": 1, "address": "Pla\u00e7a de Catalunya", "province": "Barcelona", "municipality": "El Prat de Llobregat", "district": "Pla\u00e7a de Catalunya", "country": "es", "latitude": 41.321474, "longitude": 2.0971908, "showAddress": false, "url": "https://www.idealista.com/inmueble/92403413/", "distance": "2950", "hasVideo": false, "status": "good", "newDevelopment": false, "hasLift": false, "priceByArea": 2383.0, "detailedType": {"typology": "flat"}, "suggestedTexts": {"subtitle": "Pla\u00e7a de Catalunya, El Prat de Llobregat", "title": "Piso"}, "hasPlan": false, "has3DTour": false, "has360": false, "hasStaging": false, "topNewDevelopment": false}, {"propertyCode": "91662827", "thumbnail": "https://img3.idealista.com/blur/WEB_LISTING/0/id.pro.es.image.master/b6/a8/a9/835444758.jpg", "externalReference": "V0584", "numPhotos": 20, "floor": "2", "price": 265000.0, "propertyType": "flat", "operation": "sale", "size": 113.0, "exterior": false, "rooms": 2, "bathrooms": 2, "address": "Pla\u00e7a de Catalunya", "province": "Barcelona", "municipality": "El Prat de Llobregat", "district": "Pla\u00e7a de Catalunya", "country": "es", "latitude": 41.321315, "longitude": 2.0977139, "showAddress": false, "url": "https://www.idealista.com/inmueble/91662827/", "distance": "2904", "hasVideo": false, "status": "good", "newDevelopment": false, "hasLift": true, "priceByArea": 2345.0, "detailedType": {"typology": "flat"}, "suggestedTexts": {"subtitle": "Pla\u00e7a de Catalunya, El Prat de Llobregat", "title": "Piso"}, "hasPlan": false, "has3DTour": false, "has360": false, "hasStaging": false, "topNewDevelopment": false}, {"propertyCode": "90838294", "thumbnail": "https://img3.idealista.com/blur/WEB_LISTING/0/id.pro.es.image.master/cc/b5/05/799765997.jpg", "externalReference": "3889", "numPhotos": 26, "price": 330000.0, "propertyType": "flat", "operation": "sale", "size": 119.0, "exterior": false, "rooms": 3, "bathrooms": 2, "address": "Calle de Reus", "province": "Barcelona", "municipality": "El Prat de Llobregat", "district": "Eixample", "country": "es", "latitude": 41.3231034, "longitude": 2.1003045, "showAddress": false, "url": "https://www.idealista.com/inmueble/90838294/", "distance": "2733", "hasVideo": false, "status": "good", "newDevelopment": false, "hasLift": false, "priceByArea": 2773.0, "detailedType": {"typology": "flat"}, "suggestedTexts": {"subtitle": "Eixample, El Prat de Llobregat", "title": "Piso en Calle de Reus"}, "hasPlan": true, "has3DTour": false, "has360": false, "hasStaging": false, "topNewDevelopment": false}, {"propertyCode": "90838271", "thumbnail": "https://img3.idealista.com/blur/WEB_LISTING/0/id.pro.es.image.master/99/6c/7e/799765456.jpg", "externalReference": "3899", "numPhotos": 23, "price": 370000.0, "propertyType": "duplex", "operation": "sale", "size": 136.0, "exterior": false, "rooms": 2, "bathrooms": 2, "address": "Calle de Reus", "province": "Barcelona", "municipality": "El Prat de Llobregat", "district": "Eixample", "country": "es", "latitude": 41.3230034, "longitude": 2.1029045, "showAddress": false, "url": "https://www.idealista.com/inmueble/90838271/", "distance": "2520", "hasVideo": false, "status": "good", "newDevelopment": false, "hasLift": true, "priceByArea": 2721.0, "detailedType": {"typology": "flat", "subTypology": "duplex"}, "suggestedTexts": {"subtitle": "Eixample, El Prat de Llobregat", "title": "D\u00faplex en Calle de Reus"}, "hasPlan": true, "has3DTour": false, "has360": false, "hasStaging": false, "topNewDevelopment": false}, {"propertyCode": "92760393", "thumbnail": "https://img3.idealista.com/blur/WEB_LISTING/0/id.pro.es.image.master/dc/39/97/847488622.jpg", "externalReference": "3900", "numPhotos": 20, "price": 390000.0, "propertyType": "duplex", "operation": "sale", "size": 111.0, "exterior": true, "rooms": 2, "bathrooms": 2, "address": "Calle girona, 118", "province": "Barcelona", "municipality": "El Prat de Llobregat", "district": "Eixample", "country": "es", "latitude": 41.3235747, "longitude": 2.1010447, "showAddress": true, "url": "https://www.idealista.com/obra-nueva/92760393/", "distance": "2687", "hasVideo": false, "status": "newdevelopment", "newDevelopment": true, "hasLift": true, "newDevelopmentFinished": false, "priceByArea": 3514.0, "detailedType": {"typology": "flat", "subTypology": "duplex"}, "suggestedTexts": {"subtitle": "Eixample, El Prat de Llobregat", "title": "D\u00faplex en Calle girona, 118"}, "hasPlan": true, "has3DTour": false, "has360": false, "hasStaging": false, "topNewDevelopment": false}, {"propertyCode": "92760397", "thumbnail": "https://img3.idealista.com/blur/WEB_LISTING/0/id.pro.es.image.master/3c/0c/56/847488604.jpg", "externalReference": "3892", "numPhotos": 20, "price": 185000.0, "propertyType": "flat", "operation": "sale", "size": 72.0, "exterior": true, "rooms": 1, "bathrooms": 1, "address": "Calle girona, 118", "province": "Barcelona", "municipality": "El Prat de Llobregat", "district": "Eixample", "country": "es", "latitude": 41.3235747, "longitude": 2.1010447, "showAddress": true, "url": "https://www.idealista.com/obra-nueva/92760397/", "distance": "2687", "hasVideo": false, "status": "newdevelopment", "newDevelopment": true, "hasLift": true, "newDevelopmentFinished": false, "priceByArea": 2569.0, "detailedType": {"typology": "flat"}, "suggestedTexts": {"subtitle": "Eixample, El Prat de Llobregat", "title": "Piso en Calle girona, 118"}, "hasPlan": true, "has3DTour": false, "has360": false, "hasStaging": false, "topNewDevelopment": false}, {"propertyCode": "92760395", "thumbnail": "https://img3.idealista.com/blur/WEB_LISTING/0/id.pro.es.image.master/5c/8f/b1/847488603.jpg", "externalReference": "3895", "numPhotos": 20, "price": 370000.0, "propertyType": "duplex", "operation": "sale", "size": 103.0, "exterior": true, "rooms": 1, "bathrooms": 1, "address": "Calle girona, 118", "province": "Barcelona", "municipality": "El Prat de Llobregat", "district": "Eixample", "country": "es", "latitude": 41.3235747, "longitude": 2.1010447, "showAddress": true, "url": "https://www.idealista.com/obra-nueva/92760395/", "distance": "2687", "hasVideo": false, "status": "newdevelopment", "newDevelopment": true, "hasLift": true, "newDevelopmentFinished": false, "priceByArea": 3592.0, "detailedType": {"typology": "flat", "subTypology": "duplex"}, "suggestedTexts": {"subtitle": "Eixample, El Prat de Llobregat", "title": "D\u00faplex en Calle girona, 118"}, "hasPlan": true, "has3DTour": false, "has360": false, "hasStaging": false, "topNewDevelopment": false}, {"propertyCode": "92760378", "thumbnail": "https://img3.idealista.com/blur/WEB_LISTING/0/id.pro.es.image.master/82/03/24/847488578.jpg", "externalReference": "3894", "numPhotos": 20, "price": 360000.0, "propertyType": "duplex", "operation": "sale", "size": 128.0, "exterior": true, "rooms": 1, "bathrooms": 1, "address": "Calle girona, 118", "province": "Barcelona", "municipality": "El Prat de Llobregat", "district": "Eixample", "country": "es", "latitude": 41.3235747, "longitude": 2.1010447, "showAddress": true, "url": "https://www.idealista.com/obra-nueva/92760378/", "distance": "2687", "hasVideo": false, "status": "newdevelopment", "newDevelopment": true, "hasLift": true, "newDevelopmentFinished": false, "priceByArea": 2813.0, "detailedType": {"typology": "flat", "subTypology": "duplex"}, "suggestedTexts": {"subtitle": "Eixample, El Prat de Llobregat", "title": "D\u00faplex en Calle girona, 118"}, "hasPlan": true, "has3DTour": false, "has360": false, "hasStaging": false, "topNewDevelopment": false}, {"propertyCode": "92760358", "thumbnail": "https://img3.idealista.com/blur/WEB_LISTING/0/id.pro.es.image.master/7b/d6/60/847488602.jpg", "externalReference": "3898", "numPhotos": 20, "price": 325000.0, "propertyType": "flat", "operation": "sale", "size": 123.0, "exterior": true, "rooms": 3, "bathrooms": 2, "address": "Calle girona, 118", "province": "Barcelona", "municipality": "El Prat de Llobregat", "district": "Eixample", "country": "es", "latitude": 41.3235747, "longitude": 2.1010447, "showAddress": true, "url": "https://www.idealista.com/obra-nueva/92760358/", "distance": "2687", "hasVideo": false, "status": "newdevelopment", "newDevelopment": true, "hasLift": true, "newDevelopmentFinished": false, "priceByArea": 2642.0, "detailedType": {"typology": "flat"}, "suggestedTexts": {"subtitle": "Eixample, El Prat de Llobregat", "title": "Piso en Calle girona, 118"}, "hasPlan": true, "has3DTour": false, "has360": false, "hasStaging": false, "topNewDevelopment": false}, {"propertyCode": "93032725", "thumbnail": "https://img3.idealista.com/blur/WEB_LISTING/0/id.pro.es.image.master/1d/85/aa/853069406.jpg", "numPhotos": 18, "floor": "2", "price": 179000.0, "propertyType": "flat", "operation": "sale", "size": 85.0, "exterior": true, "rooms": 3, "bathrooms": 1, "address": "C/Pau Casals, 128", "province": "Barcelona", "municipality": "El Prat de Llobregat", "district": "Centre", "country": "es", "latitude": 41.3281205, "longitude": 2.0988748, "showAddress": true, "url": "https://www.idealista.com/inmueble/93032725/", "distance": "3030", "hasVideo": true, "status": "renew", "newDevelopment": false, "hasLift": false, "priceByArea": 2106.0, "detailedType": {"typology": "flat"}, "suggestedTexts": {"subtitle": "Centre, El Prat de Llobregat", "title": "Piso en C/Pau Casals, 128"}, "hasPlan": true, "has3DTour": false, "has360": false, "hasStaging": false, "topNewDevelopment": false}, {"propertyCode": "93154833", "thumbnail": "https://img3.idealista.com/blur/WEB_LISTING/0/id.pro.es.image.master/e9/87/9b/855667004.jpg", "externalReference": "01820", "numPhotos": 20, "floor": "2", "price": 206000.0, "propertyType": "flat", "operation": "sale", "size": 75.0, "exterior": false, "rooms": 3, "bathrooms": 1, "address": "Pla\u00e7a de Catalunya", "province": "Barcelona", "municipality": "El Prat de Llobregat", "district": "Pla\u00e7a de Catalunya", "country": "es", "latitude": 41.3226799, "longitude": 2.0954792, "showAddress": false, "url": "https://www.idealista.com/inmueble/93154833/", "distance": "3115", "hasVideo": false, "status": "good", "newDevelopment": false, "hasLift": true, "priceByArea": 2747.0, "detailedType": {"typology": "flat"}, "suggestedTexts": {"subtitle": "Pla\u00e7a de Catalunya, El Prat de Llobregat", "title": "Piso"}, "hasPlan": true, "has3DTour": false, "has360": false, "hasStaging": false, "topNewDevelopment": false}, {"propertyCode": "93145941", "thumbnail": "https://img3.idealista.com/blur/WEB_LISTING/0/id.pro.es.image.master/8d/9f/28/855525853.jpg", "numPhotos": 29, "floor": "2", "price": 445000.0, "propertyType": "duplex", "operation": "sale", "size": 160.0, "exterior": true, "rooms": 3, "bathrooms": 2, "address": "manuel bertrand", "province": "Barcelona", "municipality": "El Prat de Llobregat", "district": "Centre", "country": "es", "latitude": 41.3289021, "longitude": 2.0966634, "showAddress": false, "url": "https://www.idealista.com/inmueble/93145941/", "distance": "3234", "hasVideo": false, "status": "good", "newDevelopment": false, "hasLift": true, "parkingSpace": {"hasParkingSpace": true, "isParkingSpaceIncludedInPrice": true}, "priceByArea": 2781.0, "detailedType": {"typology": "flat", "subTypology": "duplex"}, "suggestedTexts": {"subtitle": "Centre, El Prat de Llobregat", "title": "D\u00faplex en manuel bertrand"}, "hasPlan": false, "has3DTour": false, "has360": false, "hasStaging": false, "topNewDevelopment": false}, {"propertyCode": "92668787", "thumbnail": "https://img3.idealista.com/blur/WEB_LISTING/0/id.pro.es.image.master/b2/00/c2/845256078.jpg", "externalReference": "VI-000-030-690-372", "numPhotos": 15, "price": 206000.0, "propertyType": "flat", "operation": "sale", "size": 64.0, "exterior": false, "rooms": 3, "bathrooms": 1, "address": "Pla\u00e7a de Catalunya", "province": "Barcelona", "municipality": "El Prat de Llobregat", "district": "Pla\u00e7a de Catalunya", "country": "es", "latitude": 41.3200799, "longitude": 2.0949792, "showAddress": false, "url": "https://www.idealista.com/inmueble/92668787/", "distance": "3112", "hasVideo": false, "status": "good", "newDevelopment": false, "priceByArea": 3219.0, "detailedType": {"typology": "flat"}, "suggestedTexts": {"subtitle": "Pla\u00e7a de Catalunya, El Prat de Llobregat", "title": "Piso"}, "hasPlan": true, "has3DTour": false, "has360": false, "hasStaging": false, "topNewDevelopment": false}, {"propertyCode": "92939637", "thumbnail": "https://img3.idealista.com/blur/WEB_LISTING/0/id.pro.es.image.master/58/72/9b/851564975.jpg", "externalReference": "VI-000-030-688-582", "numPhotos": 14, "price": 184000.0, "propertyType": "flat", "operation": "sale", "size": 70.0, "exterior": false, "rooms": 3, "bathrooms": 1, "address": "Pla\u00e7a de Catalunya", "province": "Barcelona", "municipality": "El Prat de Llobregat", "district": "Pla\u00e7a de Catalunya", "country": "es", "latitude": 41.3219936, "longitude": 2.0948556, "showAddress": false, "url": "https://www.idealista.com/inmueble/92939637/", "distance": "3152", "hasVideo": false, "status": "good", "newDevelopment": false, "priceByArea": 2629.0, "detailedType": {"typology": "flat"}, "suggestedTexts": {"subtitle": "Pla\u00e7a de Catalunya, El Prat de Llobregat", "title": "Piso"}, "hasPlan": true, "has3DTour": false, "has360": false, "hasStaging": false, "topNewDevelopment": false}, {"propertyCode": "91565305", "thumbnail": "https://img3.idealista.com/blur/WEB_LISTING/0/id.pro.es.image.master/68/e2/02/839594086.jpg", "externalReference": "VI-000-020-717-264", "numPhotos": 15, "price": 175500.0, "propertyType": "flat", "operation": "sale", "size": 71.0, "exterior": false, "rooms": 3, "bathrooms": 1, "address": "Eixample", "province": "Barcelona", "municipality": "El Prat de Llobregat", "district": "Eixample", "country": "es", "latitude": 41.3255731, "longitude": 2.1021332, "showAddress": false, "url": "https://www.idealista.com/inmueble/91565305/", "distance": "2670", "hasVideo": false, "status": "good", "newDevelopment": false, "priceByArea": 2472.0, "detailedType": {"typology": "flat"}, "suggestedTexts": {"subtitle": "Eixample, El Prat de Llobregat", "title": "Piso"}, "hasPlan": true, "has3DTour": false, "has360": false, "hasStaging": false, "topNewDevelopment": false}, {"propertyCode": "93179921", "thumbnail": "https://img3.idealista.com/blur/WEB_LISTING/0/id.pro.es.image.master/9d/18/56/856303123.jpg", "externalReference": "v0614", "numPhotos": 27, "floor": "4", "price": 283000.0, "propertyType": "flat", "operation": "sale", "size": 90.0, "exterior": true, "rooms": 4, "bathrooms": 2, "address": "Eixample", "province": "Barcelona", "municipality": "El Prat de Llobregat", "district": "Eixample", "country": "es", "latitude": 41.3263695, "longitude": 2.1032838, "showAddress": false, "url": "https://www.idealista.com/inmueble/93179921/", "distance": "2614", "hasVideo": false, "status": "good", "newDevelopment": false, "hasLift": true, "priceByArea": 3144.0, "detailedType": {"typology": "flat"}, "suggestedTexts": {"subtitle": "Eixample, El Prat de Llobregat", "title": "Piso"}, "hasPlan": false, "has3DTour": false, "has360": false, "hasStaging": false, "topNewDevelopment": false}, {"propertyCode": "86668303", "thumbnail": "https://img3.idealista.com/blur/WEB_LISTING/0/id.pro.es.image.master/6b/df/4b/848594851.jpg", "externalReference": "VI-000-030-688-597", "numPhotos": 27, "price": 283000.0, "propertyType": "flat", "operation": "sale", "size": 90.0, "exterior": false, "rooms": 4, "bathrooms": 2, "address": "Eixample", "province": "Barcelona", "municipality": "El Prat de Llobregat", "district": "Eixample", "country": "es", "latitude": 41.3263569, "longitude": 2.0991471, "showAddress": false, "url": "https://www.idealista.com/inmueble/86668303/", "distance": "2934", "hasVideo": false, "status": "good", "newDevelopment": false, "priceByArea": 3144.0, "detailedType": {"typology": "flat"}, "suggestedTexts": {"subtitle": "Eixample, El Prat de Llobregat", "title": "Piso"}, "hasPlan": true, "has3DTour": false, "has360": false, "hasStaging": false, "topNewDevelopment": false}, {"propertyCode": "88770975", "thumbnail": "https://img3.idealista.com/blur/WEB_LISTING/0/id.pro.es.image.master/21/e2/ea/754964111.jpg", "externalReference": "CONSUEGRA", "numPhotos": 21, "floor": "4", "price": 175000.0, "propertyType": "flat", "operation": "sale", "size": 81.0, "exterior": true, "rooms": 3, "bathrooms": 1, "address": "Ciutat Consuegra", "province": "Barcelona", "municipality": "El Prat de Llobregat", "district": "Eixample", "country": "es", "latitude": 41.3229718, "longitude": 2.0975732, "showAddress": false, "url": "https://www.idealista.com/inmueble/88770975/", "distance": "2951", "hasVideo": false, "status": "good", "newDevelopment": false, "hasLift": false, "priceByArea": 2160.0, "detailedType": {"typology": "flat"}, "suggestedTexts": {"subtitle": "Eixample, El Prat de Llobregat", "title": "Piso en Ciutat Consuegra"}, "hasPlan": false, "has3DTour": false, "has360": false, "hasStaging": false, "topNewDevelopment": false}, {"propertyCode": "92805845", "thumbnail": "https://img3.idealista.com/blur/WEB_LISTING/0/id.pro.es.image.master/84/7e/09/848566942.jpg", "externalReference": "G9_317270", "numPhotos": 11, "floor": "2", "price": 199000.0, "propertyType": "flat", "operation": "sale", "size": 70.0, "exterior": true, "rooms": 3, "bathrooms": 1, "address": "Centre", "province": "Barcelona", "municipality": "El Prat de Llobregat", "district": "Centre", "country": "es", "latitude": 41.3280125, "longitude": 2.0970182, "showAddress": false, "url": "https://www.idealista.com/inmueble/92805845/", "distance": "3167", "hasVideo": false, "status": "good", "newDevelopment": false, "hasLift": true, "priceByArea": 2843.0, "detailedType": {"typology": "flat"}, "suggestedTexts": {"subtitle": "Centre, El Prat de Llobregat", "title": "Piso"}, "hasPlan": false, "has3DTour": false, "has360": false, "hasStaging": false, "topNewDevelopment": false}, {"propertyCode": "93069723", "thumbnail": "https://img3.idealista.com/blur/WEB_LISTING/0/id.pro.es.image.master/58/04/23/853748329.jpg", "externalReference": "EL PRAT PLAZA CATALU\u00d1A PALZA MESTRE ESTALELLA", "numPhotos": 28, "floor": "1", "price": 266000.0, "propertyType": "flat", "operation": "sale", "size": 95.0, "exterior": true, "rooms": 4, "bathrooms": 2, "address": "Plaza Mestre Estalella", "province": "Barcelona", "municipality": "El Prat de Llobregat", "district": "Pla\u00e7a de Catalunya", "country": "es", "latitude": 41.3216629, "longitude": 2.0942555, "showAddress": false, "url": "https://www.idealista.com/inmueble/93069723/", "distance": "3195", "hasVideo": false, "status": "good", "newDevelopment": false, "hasLift": true, "priceByArea": 2800.0, "detailedType": {"typology": "flat"}, "suggestedTexts": {"subtitle": "Pla\u00e7a de Catalunya, El Prat de Llobregat", "title": "Piso en Plaza Mestre Estalella"}, "hasPlan": true, "has3DTour": false, "has360": false, "hasStaging": false, "topNewDevelopment": false}, {"propertyCode": "91827774", "thumbnail": "https://img3.idealista.com/blur/WEB_LISTING/0/id.pro.es.image.master/a8/01/05/824265086.jpg", "externalReference": "01755", "numPhotos": 19, "floor": "3", "price": 200000.0, "propertyType": "flat", "operation": "sale", "size": 70.0, "exterior": false, "rooms": 3, "bathrooms": 1, "address": "Centre", "province": "Barcelona", "municipality": "El Prat de Llobregat", "district": "Centre", "country": "es", "latitude": 41.3284647, "longitude": 2.0963747, "showAddress": false, "url": "https://www.idealista.com/inmueble/91827774/", "distance": "3237", "hasVideo": false, "status": "good", "newDevelopment": false, "hasLift": true, "priceByArea": 2857.0, "detailedType": {"typology": "flat"}, "suggestedTexts": {"subtitle": "Centre, El Prat de Llobregat", "title": "Piso"}, "hasPlan": true, "has3DTour": false, "has360": false, "hasStaging": false, "topNewDevelopment": false}, {"propertyCode": "91767054", "thumbnail": "https://img3.idealista.com/blur/WEB_LISTING/0/id.pro.es.image.master/ac/55/6c/822784803.jpg", "externalReference": "G9_320903", "numPhotos": 28, "floor": "2", "price": 193000.0, "propertyType": "flat", "operation": "sale", "size": 61.0, "exterior": true, "rooms": 3, "bathrooms": 1, "address": "Centre", "province": "Barcelona", "municipality": "El Prat de Llobregat", "district": "Centre", "country": "es", "latitude": 41.3305985, "longitude": 2.0995866, "showAddress": false, "url": "https://www.idealista.com/inmueble/91767054/", "distance": "3100", "hasVideo": false, "status": "good", "newDevelopment": false, "hasLift": true, "priceByArea": 3164.0, "detailedType": {"typology": "flat"}, "suggestedTexts": {"subtitle": "Centre, El Prat de Llobregat", "title": "Piso"}, "hasPlan": false, "has3DTour": false, "has360": false, "hasStaging": false, "topNewDevelopment": false}, {"propertyCode": "85949272", "thumbnail": "https://img3.idealista.com/blur/WEB_LISTING/0/id.pro.es.image.master/76/9a/d0/849329780.jpg", "externalReference": "BORE-0891", "numPhotos": 11, "floor": "5", "price": 162000.0, "propertyType": "flat", "operation": "sale", "size": 65.0, "exterior": true, "rooms": 3, "bathrooms": 1, "address": "Avenida de la Verge de Montserrat", "province": "Barcelona", "municipality": "El Prat de Llobregat", "district": "Centre", "country": "es", "latitude": 41.3266241, "longitude": 2.0967365, "showAddress": false, "url": "https://www.idealista.com/inmueble/85949272/", "distance": "3133", "hasVideo": false, "status": "renew", "newDevelopment": false, "hasLift": false, "priceByArea": 2492.0, "detailedType": {"typology": "flat"}, "suggestedTexts": {"subtitle": "Centre, El Prat de Llobregat", "title": "Piso en Avenida de la Verge de Montserrat"}, "hasPlan": false, "has3DTour": false, "has360": false, "hasStaging": false, "topNewDevelopment": false}, {"propertyCode": "92929236", "thumbnail": "https://img3.idealista.com/blur/WEB_LISTING/0/id.pro.es.image.master/27/9a/b7/851337644.jpg", "externalReference": "FON-HG-0891F--", "numPhotos": 17, "floor": "5", "price": 140000.0, "propertyType": "flat", "operation": "sale", "size": 75.0, "exterior": true, "rooms": 3, "bathrooms": 1, "address": "Avenida de la Verge de Montserrat", "province": "Barcelona", "municipality": "El Prat de Llobregat", "district": "Centre", "country": "es", "latitude": 41.3289928, "longitude": 2.0972173, "showAddress": false, "url": "https://www.idealista.com/inmueble/92929236/", "distance": "3196", "hasVideo": true, "status": "renew", "newDevelopment": false, "hasLift": true, "priceByArea": 1867.0, "detailedType": {"typology": "flat"}, "suggestedTexts": {"subtitle": "Centre, El Prat de Llobregat", "title": "Piso en Avenida de la Verge de Montserrat"}, "hasPlan": true, "has3DTour": false, "has360": false, "hasStaging": false, "topNewDevelopment": false}, {"propertyCode": "92763478", "thumbnail": "https://img3.idealista.com/blur/WEB_LISTING/0/id.pro.es.image.master/93/38/a0/847565536.jpg", "numPhotos": 26, "floor": "4", "price": 260000.0, "propertyType": "penthouse", "operation": "sale", "size": 115.0, "exterior": true, "rooms": 2, "bathrooms": 1, "address": "barcelona", "province": "Barcelona", "municipality": "El Prat de Llobregat", "district": "Eixample", "country": "es", "latitude": 41.3234419, "longitude": 2.0984163, "showAddress": false, "url": "https://www.idealista.com/inmueble/92763478/", "distance": "2895", "hasVideo": false, "status": "good", "newDevelopment": false, "hasLift": true, "priceByArea": 2261.0, "detailedType": {"typology": "flat", "subTypology": "penthouse"}, "suggestedTexts": {"subtitle": "Eixample, El Prat de Llobregat", "title": "\u00c1tico en barcelona"}, "hasPlan": false, "has3DTour": false, "has360": false, "hasStaging": false, "topNewDevelopment": false}, {"propertyCode": "92908413", "thumbnail": "https://img3.idealista.com/blur/WEB_LISTING/0/id.pro.es.image.master/78/3c/11/850806657.jpg", "externalReference": "G19_567263", "numPhotos": 29, "price": 295000.0, "propertyType": "flat", "operation": "sale", "size": 80.0, "exterior": true, "rooms": 4, "bathrooms": 1, "address": "Pla\u00e7a de Catalunya", "province": "Barcelona", "municipality": "El Prat de Llobregat", "district": "Pla\u00e7a de Catalunya", "country": "es", "latitude": 41.3216798, "longitude": 2.0947452, "showAddress": false, "url": "https://www.idealista.com/inmueble/92908413/", "distance": "3155", "hasVideo": false, "status": "good", "newDevelopment": false, "hasLift": true, "priceByArea": 3688.0, "detailedType": {"typology": "flat"}, "suggestedTexts": {"subtitle": "Pla\u00e7a de Catalunya, El Prat de Llobregat", "title": "Piso"}, "hasPlan": false, "has3DTour": false, "has360": false, "hasStaging": false, "topNewDevelopment": false}, {"propertyCode": "92798020", "thumbnail": "https://img3.idealista.com/blur/WEB_LISTING/0/id.pro.es.image.master/81/4e/39/848412780.jpg", "externalReference": "V0607", "numPhotos": 27, "floor": "1", "price": 195000.0, "propertyType": "flat", "operation": "sale", "size": 80.0, "exterior": false, "rooms": 4, "bathrooms": 1, "address": "Centre", "province": "Barcelona", "municipality": "El Prat de Llobregat", "district": "Centre", "country": "es", "latitude": 41.3310769, "longitude": 2.1003473, "showAddress": false, "url": "https://www.idealista.com/inmueble/92798020/", "distance": "3071", "hasVideo": false, "status": "good", "newDevelopment": false, "hasLift": true, "priceByArea": 2438.0, "detailedType": {"typology": "flat"}, "suggestedTexts": {"subtitle": "Centre, El Prat de Llobregat", "title": "Piso"}, "hasPlan": true, "has3DTour": false, "has360": false, "hasStaging": false, "topNewDevelopment": false}, {"propertyCode": "91189354", "thumbnail": "https://img3.idealista.com/blur/WEB_LISTING/0/id.pro.es.image.master/1b/09/03/808822041.jpg", "externalReference": "6033", "numPhotos": 9, "floor": "bj", "price": 295000.0, "propertyType": "flat", "operation": "sale", "size": 95.0, "exterior": true, "rooms": 3, "bathrooms": 2, "address": "Calle barcelona", "province": "Barcelona", "municipality": "El Prat de Llobregat", "district": "Eixample", "country": "es", "latitude": 41.3234338, "longitude": 2.0950369, "showAddress": false, "url": "https://www.idealista.com/inmueble/91189354/", "distance": "3169", "hasVideo": false, "status": "good", "newDevelopment": false, "hasLift": true, "priceByArea": 3105.0, "detailedType": {"typology": "flat"}, "suggestedTexts": {"subtitle": "Eixample, El Prat de Llobregat", "title": "Piso en Calle barcelona"}, "hasPlan": true, "has3DTour": false, "has360": false, "hasStaging": false, "topNewDevelopment": false}, {"propertyCode": "92056686", "thumbnail": "https://img3.idealista.com/blur/WEB_LISTING/0/id.pro.es.image.master/cb/22/17/829763069.jpg", "externalReference": "C/ Cerdanyola", "numPhotos": 32, "floor": "2", "price": 198000.0, "propertyType": "flat", "operation": "sale", "size": 78.0, "exterior": true, "rooms": 4, "bathrooms": 1, "address": "Cerdanyola", "province": "Barcelona", "municipality": "El Prat de Llobregat", "district": "Centre", "country": "es", "latitude": 41.331033, "longitude": 2.0988889, "showAddress": false, "url": "https://www.idealista.com/inmueble/92056686/", "distance": "3174", "hasVideo": true, "status": "good", "newDevelopment": false, "hasLift": true, "priceByArea": 2538.0, "detailedType": {"typology": "flat"}, "suggestedTexts": {"subtitle": "Centre, El Prat de Llobregat", "title": "Piso en Cerdanyola"}, "hasPlan": false, "has3DTour": false, "has360": false, "hasStaging": false, "topNewDevelopment": false}, {"propertyCode": "91827753", "thumbnail": "https://img3.idealista.com/blur/WEB_LISTING/0/id.pro.es.image.master/55/dc/12/824265242.jpg", "externalReference": "01756", "numPhotos": 12, "floor": "3", "price": 175500.0, "propertyType": "flat", "operation": "sale", "size": 71.0, "exterior": false, "rooms": 3, "bathrooms": 1, "address": "Eixample", "province": "Barcelona", "municipality": "El Prat de Llobregat", "district": "Eixample", "country": "es", "latitude": 41.3231731, "longitude": 2.1001332, "showAddress": false, "url": "https://www.idealista.com/inmueble/91827753/", "distance": "2749", "hasVideo": false, "status": "good", "newDevelopment": false, "hasLift": false, "priceByArea": 2472.0, "detailedType": {"typology": "flat"}, "suggestedTexts": {"subtitle": "Eixample, El Prat de Llobregat", "title": "Piso"}, "hasPlan": false, "has3DTour": false, "has360": false, "hasStaging": false, "topNewDevelopment": false}, {"propertyCode": "90996178", "thumbnail": "https://img3.idealista.com/blur/WEB_LISTING/0/id.pro.es.image.master/d6/59/d7/804401647.jpg", "externalReference": "G9_316348", "numPhotos": 27, "floor": "3", "price": 159000.0, "propertyType": "flat", "operation": "sale", "size": 61.0, "exterior": false, "rooms": 3, "bathrooms": 1, "address": "Eixample", "province": "Barcelona", "municipality": "El Prat de Llobregat", "district": "Eixample", "country": "es", "latitude": 41.3217021, "longitude": 2.097789, "showAddress": false, "url": "https://www.idealista.com/inmueble/90996178/", "distance": "2905", "hasVideo": false, "status": "good", "newDevelopment": false, "hasLift": false, "priceByArea": 2607.0, "detailedType": {"typology": "flat"}, "suggestedTexts": {"subtitle": "Eixample, El Prat de Llobregat", "title": "Piso"}, "hasPlan": false, "has3DTour": false, "has360": false, "hasStaging": false, "topNewDevelopment": false}, {"propertyCode": "89833353", "thumbnail": "https://img3.idealista.com/blur/WEB_LISTING/0/id.pro.es.image.master/c4/5f/68/777627895.jpg", "externalReference": "G19_324036", "numPhotos": 36, "floor": "1", "price": 240000.0, "propertyType": "flat", "operation": "sale", "size": 80.0, "exterior": true, "rooms": 4, "bathrooms": 2, "address": "Pla\u00e7a de Catalunya", "province": "Barcelona", "municipality": "El Prat de Llobregat", "district": "Pla\u00e7a de Catalunya", "country": "es", "latitude": 41.3209507, "longitude": 2.0949411, "showAddress": false, "url": "https://www.idealista.com/inmueble/89833353/", "distance": "3127", "hasVideo": false, "status": "good", "newDevelopment": false, "hasLift": true, "priceByArea": 3000.0, "detailedType": {"typology": "flat"}, "suggestedTexts": {"subtitle": "Pla\u00e7a de Catalunya, El Prat de Llobregat", "title": "Piso"}, "hasPlan": false, "has3DTour": false, "has360": false, "hasStaging": false, "topNewDevelopment": false}, {"propertyCode": "92872033", "thumbnail": "https://img3.idealista.com/blur/WEB_LISTING/0/id.pro.es.image.master/c7/50/a9/849975245.jpg", "externalReference": "205", "numPhotos": 8, "floor": "2", "price": 197000.0, "propertyType": "flat", "operation": "sale", "size": 72.0, "exterior": true, "rooms": 3, "bathrooms": 1, "address": "zona correos s/n", "province": "Barcelona", "municipality": "El Prat de Llobregat", "district": "Centre", "country": "es", "latitude": 41.3286169, "longitude": 2.097346, "showAddress": true, "url": "https://www.idealista.com/inmueble/92872033/", "distance": "3169", "hasVideo": false, "status": "good", "newDevelopment": false, "hasLift": true, "priceByArea": 2736.0, "detailedType": {"typology": "flat"}, "suggestedTexts": {"subtitle": "Centre, El Prat de Llobregat", "title": "Piso en zona correos s/n"}, "hasPlan": false, "has3DTour": false, "has360": false, "hasStaging": false, "topNewDevelopment": false}, {"propertyCode": "92870101", "thumbnail": "https://img3.idealista.com/blur/WEB_LISTING/0/id.pro.es.image.master/fa/ce/d7/849943402.jpg", "externalReference": "7309374", "numPhotos": 19, "price": 1620800.0, "propertyType": "flat", "operation": "sale", "size": 982.0, "exterior": false, "rooms": 4, "bathrooms": 2, "address": "Avenida Onze de Setembre", "province": "Barcelona", "municipality": "El Prat de Llobregat", "district": "Once de Septiembre - Sant Jordi", "country": "es", "latitude": 41.3193455, "longitude": 2.1007105, "showAddress": false, "url": "https://www.idealista.com/inmueble/92870101/", "distance": "2627", "hasVideo": false, "status": "good", "newDevelopment": false, "hasLift": false, "priceByArea": 1651.0, "detailedType": {"typology": "flat"}, "suggestedTexts": {"subtitle": "Once de Septiembre - Sant Jordi, El Prat de Llobregat", "title": "Piso en Avenida Onze de Setembre"}, "hasPlan": false, "has3DTour": false, "has360": false, "hasStaging": false, "topNewDevelopment": false}, {"propertyCode": "92716643", "thumbnail": "https://img3.idealista.com/blur/WEB_LISTING/0/id.pro.es.image.master/12/13/78/846343198.jpg", "externalReference": "BN5-479", "numPhotos": 6, "floor": "1", "price": 250000.0, "propertyType": "flat", "operation": "sale", "size": 88.0, "exterior": true, "rooms": 3, "bathrooms": 1, "address": "Calle PRIMER DE MAIG", "province": "Barcelona", "municipality": "El Prat de Llobregat", "district": "Centre", "country": "es", "latitude": 41.3289647, "longitude": 2.0971747, "showAddress": false, "url": "https://www.idealista.com/inmueble/92716643/", "distance": "3198", "hasVideo": false, "status": "good", "newDevelopment": false, "hasLift": true, "priceByArea": 2841.0, "detailedType": {"typology": "flat"}, "suggestedTexts": {"subtitle": "Centre, El Prat de Llobregat", "title": "Piso en Calle PRIMER DE MAIG"}, "hasPlan": false, "has3DTour": false, "has360": false, "hasStaging": false, "topNewDevelopment": false}]