[{"propertyCode": "92443531", "thumbnail": "https://img3.idealista.com/blur/WEB_LISTING/0/id.pro.es.image.master/53/1b/ae/839744035.jpg", "externalReference": "IMM0264", "numPhotos": 32, "floor": "2", "price": 355000.0, "propertyType": "flat", "operation": "sale", "size": 97.0, "exterior": false, "rooms": 4, "bathrooms": 1, "address": "Calle de la Fran\u00e7a Xica", "province": "Barcelona", "municipality": "Barcelona", "district": "Sants-Montju\u00efc", "country": "es", "neighborhood": "El Poble Sec - Parc de Montju\u00efc", "latitude": 41.3704493, "longitude": 2.1602787, "showAddress": false, "url": "https://www.idealista.com/inmueble/92443531/", "distance": "415", "hasVideo": true, "status": "good", "newDevelopment": false, "hasLift": true, "priceByArea": 3660.0, "detailedType": {"typology": "flat"}, "suggestedTexts": {"subtitle": "El Poble Sec - Parc de Montju\u00efc, Barcelona", "title": "Piso en Calle de la Fran\u00e7a Xica"}, "hasPlan": true, "has3DTour": false, "has360": false, "hasStaging": false, "topNewDevelopment": false}, {"propertyCode": "92598014", "thumbnail": "https://img3.idealista.com/blur/WEB_LISTING/0/id.pro.es.image.master/cf/ef/cb/843627656.jpg", "externalReference": "PB-MT175K", "numPhotos": 22, "floor": "5", "price": 175000.0, "propertyType": "flat", "operation": "sale", "size": 65.0, "exterior": true, "rooms": 3, "bathrooms": 1, "address": "Calle de Margarit", "province": "Barcelona", "municipality": "Barcelona", "district": "Sants-Montju\u00efc", "country": "es", "neighborhood": "El Poble Sec - Parc de Montju\u00efc", "latitude": 41.3708404, "longitude": 2.161641, "showAddress": false, "url": "https://www.idealista.com/inmueble/92598014/", "distance": "455", "hasVideo": true, "status": "good", "newDevelopment": false, "hasLift": false, "priceByArea": 2692.0, "detailedType": {"typology": "flat"}, "suggestedTexts": {"subtitle": "El Poble Sec - Parc de Montju\u00efc, Barcelona", "title": "Piso en Calle de Margarit"}, "hasPlan": false, "has3DTour": false, "has360": false, "hasStaging": false, "topNewDevelopment": false}, {"propertyCode": "87156456", "thumbnail": "https://img3.idealista.com/blur/WEB_LISTING/0/id.pro.es.image.master/2d/38/45/713160086.jpg", "externalReference": "VPI5-0319", "numPhotos": 21, "floor": "3", "price": 176000.0, "propertyType": "flat", "operation": "sale", "size": 59.0, "exterior": true, "rooms": 3, "bathrooms": 1, "address": "barrio El Poble Sec - Parc de Montju\u00efc", "province": "Barcelona", "municipality": "Barcelona", "district": "Sants-Montju\u00efc", "country": "es", "neighborhood": "El Poble Sec - Parc de Montju\u00efc", "latitude": 41.3696443, "longitude": 2.163452, "showAddress": false, "url": "https://www.idealista.com/inmueble/87156456/", "distance": "375", "hasVideo": false, "status": "renew", "newDevelopment": false, "hasLift": false, "priceByArea": 2983.0, "detailedType": {"typology": "flat"}, "suggestedTexts": {"subtitle": "El Poble Sec - Parc de Montju\u00efc, Barcelona", "title": "Piso"}, "hasPlan": false, "has3DTour": false, "has360": false, "hasStaging": false, "topNewDevelopment": false}, {"propertyCode": "92516054", "thumbnail": "https://img3.idealista.com/blur/WEB_LISTING/0/id.pro.es.image.master/e6/09/4c/841542761.jpg", "externalReference": "3216V", "numPhotos": 16, "floor": "en", "price": 360000.0, "propertyType": "flat", "operation": "sale", "size": 66.0, "exterior": true, "rooms": 2, "bathrooms": 1, "address": "Poblesec, cerca de Pla\u00e7a del Sortidor", "province": "Barcelona", "municipality": "Barcelona", "district": "Sants-Montju\u00efc", "country": "es", "neighborhood": "El Poble Sec - Parc de Montju\u00efc", "latitude": 41.3705987, "longitude": 2.16127, "showAddress": false, "url": "https://www.idealista.com/inmueble/92516054/", "distance": "426", "hasVideo": true, "status": "good", "newDevelopment": false, "hasLift": true, "priceByArea": 5455.0, "detailedType": {"typology": "flat"}, "suggestedTexts": {"subtitle": "El Poble Sec - Parc de Montju\u00efc, Barcelona", "title": "Piso en Poblesec, cerca de Pla\u00e7a del Sortidor"}, "hasPlan": false, "has3DTour": false, "has360": false, "hasStaging": false, "topNewDevelopment": false}, {"propertyCode": "92451086", "thumbnail": "https://img3.idealista.com/blur/WEB_LISTING/0/id.pro.es.image.master/25/9d/39/839928602.jpg", "externalReference": "FMV0099", "numPhotos": 25, "floor": "3", "price": 330000.0, "propertyType": "penthouse", "operation": "sale", "size": 79.0, "exterior": true, "rooms": 2, "bathrooms": 1, "address": "Purissima Concepci\u00f3n", "province": "Barcelona", "municipality": "Barcelona", "district": "Sants-Montju\u00efc", "country": "es", "neighborhood": "El Poble Sec - Parc de Montju\u00efc", "latitude": 41.3697905, "longitude": 2.157831, "showAddress": false, "url": "https://www.idealista.com/inmueble/92451086/", "distance": "433", "hasVideo": false, "status": "good", "newDevelopment": false, "hasLift": false, "priceByArea": 4177.0, "detailedType": {"typology": "flat", "subTypology": "penthouse"}, "suggestedTexts": {"subtitle": "El Poble Sec - Parc de Montju\u00efc, Barcelona", "title": "\u00c1tico en Purissima Concepci\u00f3n"}, "hasPlan": true, "has3DTour": false, "has360": true, "hasStaging": false, "topNewDevelopment": false}, {"propertyCode": "92606493", "thumbnail": "https://img3.idealista.com/blur/WEB_LISTING/0/id.pro.es.image.master/27/73/f4/843848701.jpg", "numPhotos": 32, "floor": "bj", "price": 745000.0, "propertyType": "flat", "operation": "sale", "size": 175.0, "exterior": false, "rooms": 2, "bathrooms": 2, "address": "Calle de Margarit", "province": "Barcelona", "municipality": "Barcelona", "district": "Sants-Montju\u00efc", "country": "es", "neighborhood": "El Poble Sec - Parc de Montju\u00efc", "latitude": 41.3701716, "longitude": 2.1624042, "showAddress": false, "url": "https://www.idealista.com/inmueble/92606493/", "distance": "394", "hasVideo": false, "status": "good", "newDevelopment": false, "hasLift": true, "priceByArea": 4257.0, "detailedType": {"typology": "flat"}, "suggestedTexts": {"subtitle": "El Poble Sec - Parc de Montju\u00efc, Barcelona", "title": "Piso en Calle de Margarit"}, "hasPlan": true, "has3DTour": false, "has360": false, "hasStaging": false, "topNewDevelopment": false}, {"propertyCode": "90918422", "thumbnail": "https://img3.idealista.com/blur/WEB_LISTING/0/id.pro.es.image.master/0e/75/2f/802108527.jpg", "externalReference": "W-02J5ZG", "numPhotos": 50, "price": 870000.0, "propertyType": "flat", "operation": "sale", "size": 222.0, "exterior": false, "rooms": 5, "bathrooms": 3, "address": "barrio El Poble Sec - Parc de Montju\u00efc", "province": "Barcelona", "municipality": "Barcelona", "district": "Sants-Montju\u00efc", "country": "es", "neighborhood": "El Poble Sec - Parc de Montju\u00efc", "latitude": 41.370106, "longitude": 2.1591463, "showAddress": false, "url": "https://www.idealista.com/inmueble/90918422/", "distance": "405", "hasVideo": false, "status": "good", "newDevelopment": false, "hasLift": false, "priceByArea": 3919.0, "detailedType": {"typology": "flat"}, "suggestedTexts": {"subtitle": "El Poble Sec - Parc de Montju\u00efc, Barcelona", "title": "Piso"}, "hasPlan": false, "has3DTour": false, "has360": false, "hasStaging": false, "topNewDevelopment": false}, {"propertyCode": "91325824", "thumbnail": "https://img3.idealista.com/blur/WEB_LISTING/0/id.pro.es.image.master/0a/55/ce/839481787.jpg", "externalReference": "VI-000-030-681-023", "numPhotos": 30, "price": 233500.0, "propertyType": "flat", "operation": "sale", "size": 53.0, "exterior": false, "rooms": 3, "bathrooms": 1, "address": "barrio El Poble Sec - Parc de Montju\u00efc", "province": "Barcelona", "municipality": "Barcelona", "district": "Sants-Montju\u00efc", "country": "es", "neighborhood": "El Poble Sec - Parc de Montju\u00efc", "latitude": 41.3709026, "longitude": 2.1618431, "showAddress": false, "url": "https://www.idealista.com/inmueble/91325824/", "distance": "464", "hasVideo": false, "status": "good", "newDevelopment": false, "priceByArea": 4406.0, "detailedType": {"typology": "flat"}, "suggestedTexts": {"subtitle": "El Poble Sec - Parc de Montju\u00efc, Barcelona", "title": "Piso"}, "hasPlan": true, "has3DTour": false, "has360": false, "hasStaging": false, "topNewDevelopment": false}, {"propertyCode": "91446250", "thumbnail": "https://img3.idealista.com/blur/WEB_LISTING/0/id.pro.es.image.master/6e/26/a0/814796009.jpg", "externalReference": "BN2-220", "numPhotos": 11, "floor": "1", "price": 190000.0, "propertyType": "flat", "operation": "sale", "size": 80.0, "exterior": true, "rooms": 2, "bathrooms": 1, "address": "PUR\u00cdSSIMA CONCEPCI\u00d3", "province": "Barcelona", "municipality": "Barcelona", "district": "Sants-Montju\u00efc", "country": "es", "neighborhood": "El Poble Sec - Parc de Montju\u00efc", "latitude": 41.3696905, "longitude": 2.159631, "showAddress": false, "url": "https://www.idealista.com/inmueble/91446250/", "distance": "347", "hasVideo": false, "status": "renew", "newDevelopment": false, "hasLift": false, "priceByArea": 2375.0, "detailedType": {"typology": "flat"}, "suggestedTexts": {"subtitle": "El Poble Sec - Parc de Montju\u00efc, Barcelona", "title": "Piso en PUR\u00cdSSIMA CONCEPCI\u00d3"}, "hasPlan": false, "has3DTour": false, "has360": false, "hasStaging": false, "topNewDevelopment": false}, {"propertyCode": "92599247", "thumbnail": "https://img3.idealista.com/blur/WEB_LISTING/0/id.pro.es.image.master/bd/ca/fe/843660407.jpg", "externalReference": "POBLSEC-SALVA", "numPhotos": 29, "floor": "1", "price": 219000.0, "propertyType": "flat", "operation": "sale", "size": 70.0, "exterior": true, "rooms": 2, "bathrooms": 1, "address": "salva", "province": "Barcelona", "municipality": "Barcelona", "district": "Sants-Montju\u00efc", "country": "es", "neighborhood": "El Poble Sec - Parc de Montju\u00efc", "latitude": 41.3703565, "longitude": 2.1635215, "showAddress": false, "url": "https://www.idealista.com/inmueble/92599247/", "distance": "447", "hasVideo": true, "status": "good", "newDevelopment": false, "hasLift": true, "priceByArea": 3129.0, "detailedType": {"typology": "flat"}, "suggestedTexts": {"subtitle": "El Poble Sec - Parc de Montju\u00efc, Barcelona", "title": "Piso en salva"}, "hasPlan": false, "has3DTour": false, "has360": false, "hasStaging": false, "topNewDevelopment": false}, {"propertyCode": "84745785", "thumbnail": "https://img3.idealista.com/blur/WEB_LISTING/0/id.pro.es.image.master/1e/de/33/839454879.jpg", "externalReference": "OI-000-030-680-754", "numPhotos": 17, "price": 85500.0, "propertyType": "flat", "operation": "sale", "size": 13.0, "exterior": false, "rooms": 1, "bathrooms": 1, "address": "barrio El Poble Sec - Parc de Montju\u00efc", "province": "Barcelona", "municipality": "Barcelona", "district": "Sants-Montju\u00efc", "country": "es", "neighborhood": "El Poble Sec - Parc de Montju\u00efc", "latitude": 41.3707798, "longitude": 2.1624982, "showAddress": false, "url": "https://www.idealista.com/inmueble/84745785/", "distance": "461", "hasVideo": false, "status": "good", "newDevelopment": false, "hasLift": false, "priceByArea": 6577.0, "detailedType": {"typology": "flat"}, "suggestedTexts": {"subtitle": "El Poble Sec - Parc de Montju\u00efc, Barcelona", "title": "Piso"}, "hasPlan": true, "has3DTour": false, "has360": false, "hasStaging": false, "topNewDevelopment": false}, {"propertyCode": "92580744", "thumbnail": "https://img3.idealista.com/blur/WEB_LISTING/0/id.pro.es.image.master/34/13/56/843192032.jpg", "externalReference": "3667", "numPhotos": 15, "price": 230000.0, "propertyType": "flat", "operation": "sale", "size": 63.0, "exterior": false, "rooms": 3, "bathrooms": 1, "address": "Calle de les Pedreres", "province": "Barcelona", "municipality": "Barcelona", "district": "Sants-Montju\u00efc", "country": "es", "neighborhood": "El Poble Sec - Parc de Montju\u00efc", "latitude": 41.3709594, "longitude": 2.1605987, "showAddress": false, "url": "https://www.idealista.com/inmueble/92580744/", "distance": "468", "hasVideo": false, "status": "good", "newDevelopment": false, "hasLift": false, "priceByArea": 3651.0, "detailedType": {"typology": "flat"}, "suggestedTexts": {"subtitle": "El Poble Sec - Parc de Montju\u00efc, Barcelona", "title": "Piso en Calle de les Pedreres"}, "hasPlan": false, "has3DTour": false, "has360": false, "hasStaging": false, "topNewDevelopment": false}, {"propertyCode": "84674883", "thumbnail": "https://img3.idealista.com/blur/WEB_LISTING/0/id.pro.es.image.master/22/88/b3/644391546.jpg", "externalReference": "01161", "numPhotos": 12, "floor": "1", "price": 185000.0, "propertyType": "flat", "operation": "sale", "size": 56.0, "exterior": true, "rooms": 3, "bathrooms": 1, "address": "Calle del Poeta Cabanyes, Barcelona", "province": "Barcelona", "municipality": "Barcelona", "district": "Sants-Montju\u00efc", "country": "es", "neighborhood": "El Poble Sec - Parc de Montju\u00efc", "latitude": 41.3706601, "longitude": 2.1632709, "showAddress": false, "url": "https://www.idealista.com/inmueble/84674883/", "distance": "469", "hasVideo": false, "status": "good", "newDevelopment": false, "hasLift": false, "priceByArea": 3304.0, "detailedType": {"typology": "flat"}, "suggestedTexts": {"subtitle": "El Poble Sec - Parc de Montju\u00efc, Barcelona", "title": "Piso en Calle del Poeta Cabanyes, Barcelona"}, "hasPlan": false, "has3DTour": false, "has360": false, "hasStaging": false, "topNewDevelopment": false}, {"propertyCode": "91605743", "thumbnail": "https://img3.idealista.com/blur/WEB_LISTING/0/id.pro.es.image.master/7f/68/f7/818810099.jpg", "externalReference": "C363-XJG", "numPhotos": 11, "floor": "bj", "price": 330000.0, "propertyType": "flat", "operation": "sale", "size": 67.0, "exterior": true, "rooms": 2, "bathrooms": 1, "address": "Calle de la Palma", "province": "Barcelona", "municipality": "Barcelona", "district": "Sants-Montju\u00efc", "country": "es", "neighborhood": "El Poble Sec - Parc de Montju\u00efc", "latitude": 41.3710566, "longitude": 2.1601167, "showAddress": false, "url": "https://www.idealista.com/inmueble/91605743/", "distance": "484", "hasVideo": false, "status": "good", "newDevelopment": false, "priceByArea": 4925.0, "detailedType": {"typology": "flat"}, "suggestedTexts": {"subtitle": "El Poble Sec - Parc de Montju\u00efc, Barcelona", "title": "Piso en Calle de la Palma"}, "hasPlan": false, "has3DTour": false, "has360": false, "hasStaging": false, "topNewDevelopment": false}, {"propertyCode": "88329910", "thumbnail": "https://img3.idealista.com/blur/WEB_LISTING/0/id.pro.es.image.master/8e/43/27/765990209.jpg", "externalReference": "C269-XMR", "numPhotos": 16, "price": 225000.0, "propertyType": "flat", "operation": "sale", "size": 57.0, "exterior": false, "rooms": 1, "bathrooms": 1, "address": "Avenida Miramar", "province": "Barcelona", "municipality": "Barcelona", "district": "Sants-Montju\u00efc", "country": "es", "neighborhood": "El Poble Sec - Parc de Montju\u00efc", "latitude": 41.3673226, "longitude": 2.1605534, "showAddress": false, "url": "https://www.idealista.com/inmueble/88329910/", "distance": "77", "hasVideo": false, "status": "good", "newDevelopment": false, "priceByArea": 3947.0, "detailedType": {"typology": "flat"}, "suggestedTexts": {"subtitle": "El Poble Sec - Parc de Montju\u00efc, Barcelona", "title": "Piso en Avenida Miramar"}, "hasPlan": false, "has3DTour": false, "has360": false, "hasStaging": false, "topNewDevelopment": false}, {"propertyCode": "91798497", "thumbnail": "https://img3.idealista.com/blur/WEB_LISTING/0/id.pro.es.image.master/26/d5/34/823547265.jpg", "externalReference": "SALVMONS", "numPhotos": 18, "floor": "1", "price": 230000.0, "propertyType": "flat", "operation": "sale", "size": 66.0, "exterior": true, "rooms": 2, "bathrooms": 1, "address": "Calle de Salv\u00e0", "province": "Barcelona", "municipality": "Barcelona", "district": "Sants-Montju\u00efc", "country": "es", "neighborhood": "El Poble Sec - Parc de Montju\u00efc", "latitude": 41.370384, "longitude": 2.1630447, "showAddress": false, "url": "https://www.idealista.com/inmueble/91798497/", "distance": "434", "hasVideo": true, "status": "good", "newDevelopment": false, "hasLift": true, "priceByArea": 3485.0, "detailedType": {"typology": "flat"}, "suggestedTexts": {"subtitle": "El Poble Sec - Parc de Montju\u00efc, Barcelona", "title": "Piso en Calle de Salv\u00e0"}, "hasPlan": false, "has3DTour": false, "has360": false, "hasStaging": false, "topNewDevelopment": false}, {"propertyCode": "89824521", "thumbnail": "https://img3.idealista.com/blur/WEB_LISTING/0/id.pro.es.image.master/63/be/b8/777411710.jpg", "externalReference": "Pla\u00e7a Sortidors", "numPhotos": 14, "floor": "4", "price": 300000.0, "propertyType": "flat", "operation": "sale", "size": 75.0, "exterior": false, "rooms": 1, "bathrooms": 1, "address": "Plaza del Sortidor", "province": "Barcelona", "municipality": "Barcelona", "district": "Sants-Montju\u00efc", "country": "es", "neighborhood": "El Poble Sec - Parc de Montju\u00efc", "latitude": 41.3704758, "longitude": 2.1620354, "showAddress": false, "url": "https://www.idealista.com/inmueble/89824521/", "distance": "420", "hasVideo": false, "status": "good", "newDevelopment": false, "hasLift": true, "priceByArea": 4000.0, "detailedType": {"typology": "flat"}, "suggestedTexts": {"subtitle": "El Poble Sec - Parc de Montju\u00efc, Barcelona", "title": "Piso en Plaza del Sortidor"}, "hasPlan": false, "has3DTour": false, "has360": false, "hasStaging": false, "topNewDevelopment": false}]