[{"propertyCode": "93169921", "thumbnail": "https://img3.idealista.com/blur/WEB_LISTING/0/id.pro.es.image.master/b7/29/7c/856054786.jpg", "externalReference": "V7347", "numPhotos": 94, "price": 980000.0, "propertyType": "chalet", "operation": "sale", "size": 452.0, "exterior": false, "rooms": 5, "bathrooms": 4, "address": "La Floresta - Les Planes", "province": "Barcelona", "municipality": "Sant Cugat del Vall\u00e8s", "district": "La Floresta - Les Planes", "country": "es", "latitude": 41.44627, "longitude": 2.07569, "showAddress": false, "url": "https://www.idealista.com/inmueble/93169921/", "distance": "2718", "hasVideo": true, "status": "good", "newDevelopment": false, "parkingSpace": {"hasParkingSpace": true, "isParkingSpaceIncludedInPrice": true}, "priceByArea": 2168.0, "detailedType": {"typology": "chalet", "subTypology": "independantHouse"}, "suggestedTexts": {"subtitle": "La Floresta - Les Planes, Sant Cugat del Vall\u00e8s", "title": "Casa independiente"}, "hasPlan": true, "has3DTour": true, "has360": false, "hasStaging": false, "topNewDevelopment": false}, {"propertyCode": "87717416", "thumbnail": "https://img3.idealista.com/blur/WEB_LISTING/0/id.pro.es.image.master/aa/fc/7d/755936767.jpg", "externalReference": "W-02GJDC", "numPhotos": 36, "floor": "bj", "price": 1295000.0, "propertyType": "flat", "operation": "sale", "size": 256.0, "exterior": false, "rooms": 4, "bathrooms": 3, "address": "barrio Sant Gervasi - La Bonanova", "province": "Barcelona", "municipality": "Barcelona", "district": "Sarri\u00e0-Sant Gervasi", "country": "es", "neighborhood": "Sant Gervasi - La Bonanova", "latitude": 41.4158985, "longitude": 2.1311214, "showAddress": false, "url": "https://www.idealista.com/inmueble/87717416/", "distance": "3122", "hasVideo": false, "status": "good", "newDevelopment": false, "hasLift": true, "parkingSpace": {"hasParkingSpace": true, "isParkingSpaceIncludedInPrice": true}, "priceByArea": 5059.0, "detailedType": {"typology": "flat"}, "suggestedTexts": {"subtitle": "Sant Gervasi - La Bonanova, Barcelona", "title": "Piso"}, "hasPlan": true, "has3DTour": true, "has360": false, "hasStaging": false, "topNewDevelopment": false}, {"propertyCode": "87817365", "thumbnail": "https://img3.idealista.com/blur/WEB_LISTING/0/id.pro.es.image.master/36/b1/c9/732768562.jpg", "externalReference": "4307", "numPhotos": 53, "price": 650000.0, "propertyType": "chalet", "operation": "sale", "size": 304.0, "exterior": false, "rooms": 4, "bathrooms": 4, "address": "barrio Vallvidrera - El Tibidabo i les Planes", "province": "Barcelona", "municipality": "Barcelona", "district": "Sarri\u00e0-Sant Gervasi", "country": "es", "neighborhood": "Vallvidrera - El Tibidabo i les Planes", "latitude": 41.4148924, "longitude": 2.0946575, "showAddress": false, "url": "https://www.idealista.com/inmueble/87817365/", "distance": "2556", "hasVideo": true, "status": "good", "newDevelopment": false, "parkingSpace": {"hasParkingSpace": true, "isParkingSpaceIncludedInPrice": true}, "priceByArea": 2138.0, "detailedType": {"typology": "chalet", "subTypology": "independantHouse"}, "suggestedTexts": {"subtitle": "Vallvidrera - El Tibidabo i les Planes, Barcelona", "title": "Casa independiente"}, "hasPlan": true, "has3DTour": false, "has360": true, "hasStaging": true, "topNewDevelopment": false}, {"propertyCode": "85771895", "thumbnail": "https://img3.idealista.com/blur/WEB_LISTING/0/id.pro.es.image.master/1d/84/66/674739220.jpg", "externalReference": "4338", "numPhotos": 58, "price": 1295000.0, "propertyType": "chalet", "operation": "sale", "size": 300.0, "exterior": false, "rooms": 3, "bathrooms": 3, "address": "barrio Vallvidrera - El Tibidabo i les Planes", "province": "Barcelona", "municipality": "Barcelona", "district": "Sarri\u00e0-Sant Gervasi", "country": "es", "neighborhood": "Vallvidrera - El Tibidabo i les Planes", "latitude": 41.4171709, "longitude": 2.1113274, "showAddress": false, "url": "https://www.idealista.com/inmueble/85771895/", "distance": "2191", "hasVideo": true, "status": "good", "newDevelopment": false, "parkingSpace": {"hasParkingSpace": true, "isParkingSpaceIncludedInPrice": true}, "priceByArea": 4317.0, "detailedType": {"typology": "chalet", "subTypology": "independantHouse"}, "suggestedTexts": {"subtitle": "Vallvidrera - El Tibidabo i les Planes, Barcelona", "title": "Casa independiente"}, "hasPlan": true, "has3DTour": false, "has360": true, "hasStaging": false, "topNewDevelopment": false}, {"propertyCode": "88513665", "thumbnail": "https://img3.idealista.com/blur/WEB_LISTING/0/id.pro.es.image.master/ff/53/ed/748584425.jpg", "externalReference": "BCN21995", "numPhotos": 37, "price": 1950000.0, "propertyType": "chalet", "operation": "sale", "size": 284.0, "exterior": false, "rooms": 4, "bathrooms": 4, "address": "barrio Sant Gervasi - La Bonanova", "province": "Barcelona", "municipality": "Barcelona", "district": "Sarri\u00e0-Sant Gervasi", "country": "es", "neighborhood": "Sant Gervasi - La Bonanova", "latitude": 41.4100349, "longitude": 2.1221368, "showAddress": false, "url": "https://www.idealista.com/inmueble/88513665/", "distance": "3241", "hasVideo": false, "status": "good", "newDevelopment": false, "parkingSpace": {"hasParkingSpace": true, "isParkingSpaceIncludedInPrice": true}, "priceByArea": 6866.0, "detailedType": {"typology": "chalet"}, "suggestedTexts": {"subtitle": "Sant Gervasi - La Bonanova, Barcelona", "title": "Chalet"}, "hasPlan": false, "has3DTour": false, "has360": true, "hasStaging": false, "topNewDevelopment": false}, {"propertyCode": "35492296", "thumbnail": "https://img3.idealista.com/blur/WEB_LISTING/0/id.pro.es.image.master/03/cd/d2/709998753.jpg", "externalReference": "3413c", "numPhotos": 48, "price": 830000.0, "propertyType": "chalet", "operation": "sale", "size": 380.0, "exterior": false, "rooms": 5, "bathrooms": 5, "address": "Calle de Can Basseda", "province": "Barcelona", "municipality": "Barcelona", "district": "Sarri\u00e0-Sant Gervasi", "country": "es", "neighborhood": "Vallvidrera - El Tibidabo i les Planes", "latitude": 41.4143264, "longitude": 2.108542, "showAddress": false, "url": "https://www.idealista.com/inmueble/35492296/", "distance": "2466", "hasVideo": true, "status": "good", "newDevelopment": false, "parkingSpace": {"hasParkingSpace": true, "isParkingSpaceIncludedInPrice": true}, "priceByArea": 2184.0, "detailedType": {"typology": "chalet", "subTypology": "independantHouse"}, "suggestedTexts": {"subtitle": "Vallvidrera - El Tibidabo i les Planes, Barcelona", "title": "Casa independiente en Calle de Can Basseda"}, "hasPlan": true, "has3DTour": false, "has360": true, "hasStaging": false, "topNewDevelopment": false}, {"propertyCode": "85122263", "thumbnail": "https://img3.idealista.com/blur/WEB_LISTING/0/id.pro.es.image.master/78/66/9c/755940168.jpg", "externalReference": "W-02FD4V", "numPhotos": 31, "price": 570000.0, "propertyType": "chalet", "operation": "sale", "size": 265.0, "exterior": false, "rooms": 3, "bathrooms": 3, "address": "La Floresta - Les Planes", "province": "Barcelona", "municipality": "Sant Cugat del Vall\u00e8s", "district": "La Floresta - Les Planes", "country": "es", "latitude": 41.4392438, "longitude": 2.0845078, "showAddress": false, "url": "https://www.idealista.com/inmueble/85122263/", "distance": "1779", "hasVideo": false, "status": "good", "newDevelopment": false, "parkingSpace": {"hasParkingSpace": true, "isParkingSpaceIncludedInPrice": true}, "priceByArea": 2151.0, "detailedType": {"typology": "chalet", "subTypology": "independantHouse"}, "suggestedTexts": {"subtitle": "La Floresta - Les Planes, Sant Cugat del Vall\u00e8s", "title": "Casa independiente"}, "hasPlan": false, "has3DTour": false, "has360": true, "hasStaging": false, "topNewDevelopment": false}, {"propertyCode": "92813886", "thumbnail": "https://img3.idealista.com/blur/WEB_LISTING/0/id.pro.es.image.master/c8/d2/25/848755666.jpg", "externalReference": "v7338", "numPhotos": 55, "price": 449000.0, "propertyType": "chalet", "operation": "sale", "size": 125.0, "exterior": false, "rooms": 3, "bathrooms": 2, "address": "La Floresta - Les Planes", "province": "Barcelona", "municipality": "Sant Cugat del Vall\u00e8s", "district": "La Floresta - Les Planes", "country": "es", "latitude": 41.44726, "longitude": 2.07853, "showAddress": false, "url": "https://www.idealista.com/inmueble/92813886/", "distance": "2553", "hasVideo": true, "status": "good", "newDevelopment": false, "parkingSpace": {"hasParkingSpace": true, "isParkingSpaceIncludedInPrice": true}, "priceByArea": 3592.0, "detailedType": {"typology": "chalet", "subTypology": "semidetachedHouse"}, "suggestedTexts": {"subtitle": "La Floresta - Les Planes, Sant Cugat del Vall\u00e8s", "title": "Chalet pareado"}, "hasPlan": true, "has3DTour": true, "has360": false, "hasStaging": false, "topNewDevelopment": false}, {"propertyCode": "93182566", "thumbnail": "https://img3.idealista.com/blur/WEB_LISTING/0/id.pro.es.image.master/99/cb/cb/856373357.jpg", "externalReference": "v7348", "numPhotos": 60, "price": 698000.0, "propertyType": "chalet", "operation": "sale", "size": 126.0, "exterior": false, "rooms": 3, "bathrooms": 2, "address": "Golf", "province": "Barcelona", "municipality": "Sant Cugat del Vall\u00e8s", "district": "Golf", "country": "es", "latitude": 41.4538018, "longitude": 2.0850001, "showAddress": false, "url": "https://www.idealista.com/inmueble/93182566/", "distance": "2583", "hasVideo": true, "status": "good", "newDevelopment": false, "parkingSpace": {"hasParkingSpace": true, "isParkingSpaceIncludedInPrice": true}, "priceByArea": 5540.0, "detailedType": {"typology": "chalet", "subTypology": "independantHouse"}, "suggestedTexts": {"subtitle": "Golf, Sant Cugat del Vall\u00e8s", "title": "Casa independiente"}, "hasPlan": false, "has3DTour": true, "has360": false, "hasStaging": false, "topNewDevelopment": false}, {"propertyCode": "92812735", "thumbnail": "https://img3.idealista.com/blur/WEB_LISTING/0/id.pro.es.image.master/e9/a6/ff/848725691.jpg", "externalReference": "VB2102026", "numPhotos": 25, "floor": "2", "price": 785000.0, "propertyType": "flat", "operation": "sale", "size": 109.0, "exterior": true, "rooms": 3, "bathrooms": 2, "address": "barrio Sant Gervasi - La Bonanova", "province": "Barcelona", "municipality": "Barcelona", "district": "Sarri\u00e0-Sant Gervasi", "country": "es", "neighborhood": "Sant Gervasi - La Bonanova", "latitude": 41.4166408, "longitude": 2.1273696, "showAddress": false, "url": "https://www.idealista.com/inmueble/92812735/", "distance": "2853", "hasVideo": true, "status": "good", "newDevelopment": false, "hasLift": true, "parkingSpace": {"hasParkingSpace": true, "isParkingSpaceIncludedInPrice": true}, "priceByArea": 7202.0, "detailedType": {"typology": "flat"}, "suggestedTexts": {"subtitle": "Sant Gervasi - La Bonanova, Barcelona", "title": "Piso"}, "hasPlan": false, "has3DTour": false, "has360": false, "hasStaging": false, "topNewDevelopment": false}, {"propertyCode": "88028329", "thumbnail": "https://img3.idealista.com/blur/WEB_LISTING/0/id.pro.es.image.master/a8/3a/1f/736805906.jpg", "externalReference": "v7046", "numPhotos": 19, "price": 599000.0, "propertyType": "chalet", "operation": "sale", "size": 275.0, "exterior": false, "rooms": 4, "bathrooms": 3, "address": "La Floresta - Les Planes", "province": "Barcelona", "municipality": "Sant Cugat del Vall\u00e8s", "district": "La Floresta - Les Planes", "country": "es", "latitude": 41.44042, "longitude": 2.08671, "showAddress": false, "url": "https://www.idealista.com/inmueble/88028329/", "distance": "1630", "hasVideo": true, "status": "good", "newDevelopment": false, "parkingSpace": {"hasParkingSpace": true, "isParkingSpaceIncludedInPrice": true}, "priceByArea": 2178.0, "detailedType": {"typology": "chalet", "subTypology": "independantHouse"}, "suggestedTexts": {"subtitle": "La Floresta - Les Planes, Sant Cugat del Vall\u00e8s", "title": "Casa independiente"}, "hasPlan": true, "has3DTour": false, "has360": false, "hasStaging": false, "topNewDevelopment": false}, {"propertyCode": "91836842", "thumbnail": "https://img3.idealista.com/blur/WEB_LISTING/0/id.pro.es.image.master/79/63/98/824701639.jpg", "externalReference": "VSC2011005", "numPhotos": 40, "price": 1380000.0, "propertyType": "chalet", "operation": "sale", "size": 342.0, "exterior": false, "rooms": 4, "bathrooms": 3, "address": "Calle de Sant Josep", "province": "Barcelona", "municipality": "Sant Cugat del Vall\u00e8s", "district": "Eixample", "country": "es", "latitude": 41.4627405, "longitude": 2.0893883, "showAddress": false, "url": "https://www.idealista.com/inmueble/91836842/", "distance": "3223", "hasVideo": true, "status": "good", "newDevelopment": false, "parkingSpace": {"hasParkingSpace": true, "isParkingSpaceIncludedInPrice": true}, "priceByArea": 4035.0, "detailedType": {"typology": "chalet"}, "suggestedTexts": {"subtitle": "Eixample, Sant Cugat del Vall\u00e8s", "title": "Chalet en Calle de Sant Josep"}, "hasPlan": true, "has3DTour": false, "has360": false, "hasStaging": false, "topNewDevelopment": false}, {"propertyCode": "91613068", "thumbnail": "https://img3.idealista.com/blur/WEB_LISTING/0/id.pro.es.image.master/80/91/e9/819021095.jpg", "externalReference": "VSC2008009-2", "numPhotos": 34, "price": 1350000.0, "propertyType": "chalet", "operation": "sale", "size": 519.0, "exterior": false, "rooms": 6, "bathrooms": 4, "address": "Avenida d'Antoni Griera", "province": "Barcelona", "municipality": "Sant Cugat del Vall\u00e8s", "district": "La Floresta - Les Planes", "country": "es", "latitude": 41.42985, "longitude": 2.10415, "showAddress": false, "url": "https://www.idealista.com/inmueble/91613068/", "distance": "736", "hasVideo": true, "status": "good", "newDevelopment": false, "parkingSpace": {"hasParkingSpace": true, "isParkingSpaceIncludedInPrice": true}, "priceByArea": 2601.0, "detailedType": {"typology": "chalet"}, "suggestedTexts": {"subtitle": "La Floresta - Les Planes, Sant Cugat del Vall\u00e8s", "title": "Chalet en Avenida d'Antoni Griera"}, "hasPlan": true, "has3DTour": false, "has360": false, "hasStaging": false, "topNewDevelopment": false}, {"propertyCode": "91152704", "thumbnail": "https://img3.idealista.com/blur/WEB_LISTING/0/id.pro.es.image.master/24/ae/90/820013264.jpg", "externalReference": "VSC2001006-5", "numPhotos": 58, "price": 1800000.0, "propertyType": "chalet", "operation": "sale", "size": 635.0, "exterior": false, "rooms": 6, "bathrooms": 4, "address": "Calle del Tur\u00f3", "province": "Barcelona", "municipality": "Sant Cugat del Vall\u00e8s", "district": "La Floresta - Les Planes", "country": "es", "latitude": 41.4492269, "longitude": 2.0832857, "showAddress": false, "url": "https://www.idealista.com/inmueble/91152704/", "distance": "2338", "hasVideo": true, "status": "good", "newDevelopment": false, "parkingSpace": {"hasParkingSpace": true, "isParkingSpaceIncludedInPrice": true}, "priceByArea": 2835.0, "detailedType": {"typology": "chalet"}, "suggestedTexts": {"subtitle": "La Floresta - Les Planes, Sant Cugat del Vall\u00e8s", "title": "Chalet en Calle del Tur\u00f3"}, "hasPlan": true, "has3DTour": false, "has360": false, "hasStaging": false, "topNewDevelopment": false}, {"propertyCode": "89034383", "thumbnail": "https://img3.idealista.com/blur/WEB_LISTING/0/id.pro.es.image.master/0f/0d/e9/761571169.jpg", "externalReference": "CASA00035", "numPhotos": 124, "price": 975000.0, "propertyType": "chalet", "operation": "sale", "size": 468.0, "exterior": false, "rooms": 6, "bathrooms": 4, "address": "Calle de les Ones, 39 -15", "province": "Barcelona", "municipality": "Sant Cugat del Vall\u00e8s", "district": "Golf", "country": "es", "latitude": 41.4550834, "longitude": 2.0853114, "showAddress": true, "url": "https://www.idealista.com/inmueble/89034383/", "distance": "2675", "hasVideo": true, "status": "good", "newDevelopment": false, "parkingSpace": {"hasParkingSpace": true, "isParkingSpaceIncludedInPrice": true}, "priceByArea": 2083.0, "detailedType": {"typology": "chalet", "subTypology": "independantHouse"}, "suggestedTexts": {"subtitle": "Golf, Sant Cugat del Vall\u00e8s", "title": "Casa independiente en Calle de les Ones, 39 -15"}, "hasPlan": true, "has3DTour": true, "has360": false, "hasStaging": false, "topNewDevelopment": false}, {"propertyCode": "88509850", "thumbnail": "https://img3.idealista.com/blur/WEB_LISTING/0/id.pro.es.image.master/79/ff/3c/748474452.jpg", "externalReference": "V7097", "numPhotos": 31, "price": 1350000.0, "propertyType": "chalet", "operation": "sale", "size": 519.0, "exterior": false, "rooms": 6, "bathrooms": 5, "address": "La Floresta - Les Planes", "province": "Barcelona", "municipality": "Sant Cugat del Vall\u00e8s", "district": "La Floresta - Les Planes", "country": "es", "latitude": 41.42905, "longitude": 2.10655, "showAddress": false, "url": "https://www.idealista.com/inmueble/88509850/", "distance": "820", "hasVideo": true, "status": "good", "newDevelopment": false, "parkingSpace": {"hasParkingSpace": true, "isParkingSpaceIncludedInPrice": true}, "priceByArea": 2601.0, "detailedType": {"typology": "chalet", "subTypology": "independantHouse"}, "suggestedTexts": {"subtitle": "La Floresta - Les Planes, Sant Cugat del Vall\u00e8s", "title": "Casa independiente"}, "hasPlan": true, "has3DTour": false, "has360": false, "hasStaging": false, "topNewDevelopment": false}, {"propertyCode": "92562806", "thumbnail": "https://img3.idealista.com/blur/WEB_LISTING/0/id.pro.es.image.master/e9/33/93/842745850.jpg", "externalReference": "121536", "numPhotos": 21, "floor": "1", "price": 160000.0, "propertyType": "flat", "operation": "sale", "size": 60.0, "exterior": true, "rooms": 2, "bathrooms": 1, "address": "Calle de Roig i Sol\u00e9", "province": "Barcelona", "municipality": "Barcelona", "district": "Horta Guinard\u00f3", "country": "es", "neighborhood": "Sant Gen\u00eds Dels Agudells - Montbau", "latitude": 41.4320445, "longitude": 2.1425834, "showAddress": false, "url": "https://www.idealista.com/inmueble/92562806/", "distance": "3127", "hasVideo": true, "status": "good", "newDevelopment": false, "hasLift": false, "priceByArea": 2667.0, "detailedType": {"typology": "flat"}, "suggestedTexts": {"subtitle": "Sant Gen\u00eds Dels Agudells - Montbau, Barcelona", "title": "Piso en Calle de Roig i Sol\u00e9"}, "hasPlan": true, "has3DTour": false, "has360": false, "hasStaging": false, "topNewDevelopment": false}, {"propertyCode": "92606986", "thumbnail": "https://img3.idealista.com/blur/WEB_LISTING/0/id.pro.es.image.master/d7/84/c0/843857561.jpg", "externalReference": "VSC2101002", "numPhotos": 50, "price": 2565000.0, "propertyType": "chalet", "operation": "sale", "size": 540.0, "exterior": false, "rooms": 7, "bathrooms": 6, "address": "Golf", "province": "Barcelona", "municipality": "Sant Cugat del Vall\u00e8s", "district": "Golf", "country": "es", "latitude": 41.4597204, "longitude": 2.0854806, "showAddress": false, "url": "https://www.idealista.com/inmueble/92606986/", "distance": "3085", "hasVideo": true, "status": "good", "newDevelopment": false, "parkingSpace": {"hasParkingSpace": true, "isParkingSpaceIncludedInPrice": true}, "priceByArea": 4750.0, "detailedType": {"typology": "chalet"}, "suggestedTexts": {"subtitle": "Golf, Sant Cugat del Vall\u00e8s", "title": "Chalet"}, "hasPlan": true, "has3DTour": false, "has360": false, "hasStaging": false, "topNewDevelopment": false}, {"propertyCode": "91835727", "thumbnail": "https://img3.idealista.com/blur/WEB_LISTING/0/id.pro.es.image.master/13/07/d4/824427352.jpg", "externalReference": "VSC2011003", "numPhotos": 49, "price": 1375000.0, "propertyType": "chalet", "operation": "sale", "size": 445.0, "exterior": false, "rooms": 4, "bathrooms": 4, "address": "La Floresta - Les Planes", "province": "Barcelona", "municipality": "Sant Cugat del Vall\u00e8s", "district": "La Floresta - Les Planes", "country": "es", "latitude": 41.442387, "longitude": 2.0800514, "showAddress": false, "url": "https://www.idealista.com/inmueble/91835727/", "distance": "2224", "hasVideo": true, "status": "good", "newDevelopment": false, "parkingSpace": {"hasParkingSpace": true, "isParkingSpaceIncludedInPrice": true}, "priceByArea": 3090.0, "detailedType": {"typology": "chalet"}, "suggestedTexts": {"subtitle": "La Floresta - Les Planes, Sant Cugat del Vall\u00e8s", "title": "Chalet"}, "hasPlan": true, "has3DTour": false, "has360": false, "hasStaging": false, "topNewDevelopment": false}, {"propertyCode": "90310446", "thumbnail": "https://img3.idealista.com/blur/WEB_LISTING/0/id.pro.es.image.master/4c/a1/f2/787809844.jpg", "externalReference": "9061", "numPhotos": 45, "price": 450000.0, "propertyType": "chalet", "operation": "sale", "size": 130.0, "exterior": false, "rooms": 5, "bathrooms": 2, "address": "Golf", "province": "Barcelona", "municipality": "Sant Cugat del Vall\u00e8s", "district": "Golf", "country": "es", "latitude": 41.45649, "longitude": 2.08721, "showAddress": false, "url": "https://www.idealista.com/inmueble/90310446/", "distance": "2706", "hasVideo": true, "status": "good", "newDevelopment": false, "priceByArea": 3462.0, "detailedType": {"typology": "chalet"}, "suggestedTexts": {"subtitle": "Golf, Sant Cugat del Vall\u00e8s", "title": "Chalet"}, "hasPlan": true, "has3DTour": false, "has360": false, "hasStaging": false, "topNewDevelopment": false}, {"propertyCode": "88969840", "thumbnail": "https://img3.idealista.com/blur/WEB_LISTING/0/id.pro.es.image.master/2b/35/3c/759997569.jpg", "externalReference": "BCN22967", "numPhotos": 33, "price": 1290000.0, "propertyType": "flat", "operation": "sale", "size": 129.0, "exterior": true, "rooms": 3, "bathrooms": 2, "address": "barrio Sant Gervasi - La Bonanova", "province": "Barcelona", "municipality": "Barcelona", "district": "Sarri\u00e0-Sant Gervasi", "country": "es", "neighborhood": "Sant Gervasi - La Bonanova", "latitude": 41.41358, "longitude": 2.12297, "showAddress": false, "url": "https://www.idealista.com/inmueble/88969840/", "distance": "2924", "hasVideo": false, "status": "renew", "newDevelopment": false, "hasLift": true, "parkingSpace": {"hasParkingSpace": true, "isParkingSpaceIncludedInPrice": true}, "priceByArea": 10000.0, "detailedType": {"typology": "flat"}, "suggestedTexts": {"subtitle": "Sant Gervasi - La Bonanova, Barcelona", "title": "Piso"}, "hasPlan": false, "has3DTour": false, "has360": false, "hasStaging": false, "topNewDevelopment": false}, {"propertyCode": "89913649", "thumbnail": "https://img3.idealista.com/blur/WEB_LISTING/0/id.pro.es.image.master/cc/ed/e1/779196776.jpg", "externalReference": "W-02ISUF", "numPhotos": 23, "price": 650000.0, "propertyType": "chalet", "operation": "sale", "size": 304.0, "exterior": false, "rooms": 4, "bathrooms": 4, "address": "barrio Vallvidrera - El Tibidabo i les Planes", "province": "Barcelona", "municipality": "Barcelona", "district": "Sarri\u00e0-Sant Gervasi", "country": "es", "neighborhood": "Vallvidrera - El Tibidabo i les Planes", "latitude": 41.4150425, "longitude": 2.097507, "showAddress": false, "url": "https://www.idealista.com/inmueble/89913649/", "distance": "2465", "hasVideo": false, "status": "good", "newDevelopment": false, "parkingSpace": {"hasParkingSpace": true, "isParkingSpaceIncludedInPrice": true}, "priceByArea": 2138.0, "detailedType": {"typology": "chalet", "subTypology": "independantHouse"}, "suggestedTexts": {"subtitle": "Vallvidrera - El Tibidabo i les Planes, Barcelona", "title": "Casa independiente"}, "hasPlan": false, "has3DTour": false, "has360": false, "hasStaging": false, "topNewDevelopment": false}, {"propertyCode": "89047444", "thumbnail": "https://img3.idealista.com/blur/WEB_LISTING/0/id.pro.es.image.master/d8/47/67/769894591.jpg", "externalReference": "W-02GALT", "numPhotos": 26, "floor": "2", "price": 275000.0, "propertyType": "flat", "operation": "sale", "size": 73.0, "exterior": false, "rooms": 2, "bathrooms": 1, "address": "La Floresta - Les Planes", "province": "Barcelona", "municipality": "Sant Cugat del Vall\u00e8s", "district": "La Floresta - Les Planes", "country": "es", "latitude": 41.4481306, "longitude": 2.0763116, "showAddress": false, "url": "https://www.idealista.com/inmueble/89047444/", "distance": "2762", "hasVideo": false, "status": "renew", "newDevelopment": false, "hasLift": false, "priceByArea": 3767.0, "detailedType": {"typology": "flat"}, "suggestedTexts": {"subtitle": "La Floresta - Les Planes, Sant Cugat del Vall\u00e8s", "title": "Piso"}, "hasPlan": false, "has3DTour": false, "has360": false, "hasStaging": false, "topNewDevelopment": false}, {"propertyCode": "90346621", "thumbnail": "https://img3.idealista.com/blur/WEB_LISTING/0/id.pro.es.image.master/d3/6e/2a/788664899.jpg", "externalReference": "VSC2005010-4", "numPhotos": 28, "price": 3300000.0, "propertyType": "chalet", "operation": "sale", "size": 800.0, "exterior": false, "rooms": 5, "bathrooms": 5, "address": "Calle Oce\u00e0 Atl\u00e0ntic", "province": "Barcelona", "municipality": "Sant Cugat del Vall\u00e8s", "district": "Golf", "country": "es", "latitude": 41.4574911, "longitude": 2.0804675, "showAddress": false, "url": "https://www.idealista.com/inmueble/90346621/", "distance": "3140", "hasVideo": true, "status": "good", "newDevelopment": false, "parkingSpace": {"hasParkingSpace": true, "isParkingSpaceIncludedInPrice": true}, "priceByArea": 4125.0, "detailedType": {"typology": "chalet"}, "suggestedTexts": {"subtitle": "Golf, Sant Cugat del Vall\u00e8s", "title": "Chalet en Calle Oce\u00e0 Atl\u00e0ntic"}, "hasPlan": false, "has3DTour": false, "has360": false, "hasStaging": false, "topNewDevelopment": false}, {"propertyCode": "93083161", "thumbnail": "https://img3.idealista.com/blur/WEB_LISTING/0/id.pro.es.image.master/89/b8/90/854058028.jpg", "externalReference": "Orsa", "numPhotos": 23, "floor": "5", "price": 835000.0, "propertyType": "penthouse", "operation": "sale", "size": 187.0, "exterior": true, "rooms": 3, "bathrooms": 2, "address": "Calle del Mont d'Ors\u00e0", "province": "Barcelona", "municipality": "Barcelona", "district": "Sarri\u00e0-Sant Gervasi", "country": "es", "neighborhood": "Vallvidrera - El Tibidabo i les Planes", "latitude": 41.4127093, "longitude": 2.1050867, "showAddress": false, "url": "https://www.idealista.com/inmueble/93083161/", "distance": "2633", "hasVideo": false, "status": "good", "newDevelopment": false, "hasLift": true, "parkingSpace": {"hasParkingSpace": true, "isParkingSpaceIncludedInPrice": true}, "priceByArea": 4465.0, "detailedType": {"typology": "flat", "subTypology": "penthouse"}, "suggestedTexts": {"subtitle": "Vallvidrera - El Tibidabo i les Planes, Barcelona", "title": "\u00c1tico en Calle del Mont d'Ors\u00e0"}, "hasPlan": false, "has3DTour": false, "has360": false, "hasStaging": false, "topNewDevelopment": false}, {"propertyCode": "92666779", "thumbnail": "https://img3.idealista.com/blur/WEB_LISTING/0/id.pro.es.image.master/c2/06/b7/845208679.jpg", "externalReference": "STC27168", "numPhotos": 38, "price": 1800000.0, "propertyType": "chalet", "operation": "sale", "size": 544.0, "exterior": false, "rooms": 5, "bathrooms": 5, "address": "La Floresta - Les Planes", "province": "Barcelona", "municipality": "Sant Cugat del Vall\u00e8s", "district": "La Floresta - Les Planes", "country": "es", "latitude": 41.4470455, "longitude": 2.0823967, "showAddress": false, "url": "https://www.idealista.com/inmueble/92666779/", "distance": "2262", "hasVideo": true, "status": "good", "newDevelopment": false, "parkingSpace": {"hasParkingSpace": true, "isParkingSpaceIncludedInPrice": true}, "priceByArea": 3309.0, "detailedType": {"typology": "chalet"}, "suggestedTexts": {"subtitle": "La Floresta - Les Planes, Sant Cugat del Vall\u00e8s", "title": "Chalet"}, "hasPlan": true, "has3DTour": false, "has360": false, "hasStaging": false, "topNewDevelopment": false}, {"propertyCode": "85682705", "thumbnail": "https://img3.idealista.com/blur/WEB_LISTING/0/id.pro.es.image.master/f3/1e/98/672646280.jpg", "externalReference": "VA451", "numPhotos": 17, "floor": "1", "price": 1200000.0, "propertyType": "flat", "operation": "sale", "size": 115.0, "exterior": true, "rooms": 3, "bathrooms": 2, "address": "Bellesguard, 71", "province": "Barcelona", "municipality": "Barcelona", "district": "Sarri\u00e0-Sant Gervasi", "country": "es", "neighborhood": "Sant Gervasi - La Bonanova", "latitude": 41.41238, "longitude": 2.12257, "showAddress": true, "url": "https://www.idealista.com/inmueble/85682705/", "distance": "3024", "hasVideo": false, "status": "good", "newDevelopment": false, "hasLift": true, "parkingSpace": {"hasParkingSpace": true, "isParkingSpaceIncludedInPrice": true}, "priceByArea": 10435.0, "detailedType": {"typology": "flat"}, "suggestedTexts": {"subtitle": "Sant Gervasi - La Bonanova, Barcelona", "title": "Piso en Bellesguard, 71"}, "hasPlan": false, "has3DTour": false, "has360": false, "hasStaging": false, "topNewDevelopment": false}, {"propertyCode": "90869412", "thumbnail": "https://img3.idealista.com/blur/WEB_LISTING/0/id.pro.es.image.master/af/4d/5f/801347257.jpg", "externalReference": "27693", "numPhotos": 49, "price": 495000.0, "propertyType": "chalet", "operation": "sale", "size": 480.0, "exterior": false, "rooms": 5, "bathrooms": 3, "address": "La Floresta - Les Planes", "province": "Barcelona", "municipality": "Sant Cugat del Vall\u00e8s", "district": "La Floresta - Les Planes", "country": "es", "latitude": 41.4430246, "longitude": 2.107273, "showAddress": false, "url": "https://www.idealista.com/inmueble/90869412/", "distance": "752", "hasVideo": false, "status": "good", "newDevelopment": false, "priceByArea": 1031.0, "detailedType": {"typology": "chalet"}, "suggestedTexts": {"subtitle": "La Floresta - Les Planes, Sant Cugat del Vall\u00e8s", "title": "Chalet"}, "hasPlan": false, "has3DTour": false, "has360": true, "hasStaging": false, "topNewDevelopment": false}, {"propertyCode": "40369285", "thumbnail": "https://img3.idealista.com/blur/WEB_LISTING/0/id.pro.es.image.master/ec/93/bd/769960365.jpg", "externalReference": "VB1804042", "numPhotos": 44, "price": 2100000.0, "propertyType": "chalet", "operation": "sale", "size": 412.0, "exterior": false, "rooms": 5, "bathrooms": 5, "address": "barrio Vallvidrera - El Tibidabo i les Planes", "province": "Barcelona", "municipality": "Barcelona", "district": "Sarri\u00e0-Sant Gervasi", "country": "es", "neighborhood": "Vallvidrera - El Tibidabo i les Planes", "latitude": 41.4140397, "longitude": 2.105309, "showAddress": false, "url": "https://www.idealista.com/inmueble/40369285/", "distance": "2485", "hasVideo": false, "status": "good", "newDevelopment": false, "parkingSpace": {"hasParkingSpace": true, "isParkingSpaceIncludedInPrice": true}, "priceByArea": 5097.0, "detailedType": {"typology": "chalet"}, "suggestedTexts": {"subtitle": "Vallvidrera - El Tibidabo i les Planes, Barcelona", "title": "Chalet"}, "hasPlan": true, "has3DTour": false, "has360": true, "hasStaging": false, "topNewDevelopment": false}, {"propertyCode": "88884195", "thumbnail": "https://img3.idealista.com/blur/WEB_LISTING/0/id.pro.es.image.master/d0/a1/87/764059622.jpg", "externalReference": "0062-00229", "numPhotos": 37, "floor": "bj", "price": 295000.0, "propertyType": "flat", "operation": "sale", "size": 93.0, "exterior": true, "rooms": 3, "bathrooms": 1, "address": "Calle Major de la Floresta", "province": "Barcelona", "municipality": "Sant Cugat del Vall\u00e8s", "district": "La Floresta - Les Planes", "country": "es", "latitude": 41.4416018, "longitude": 2.0785517, "showAddress": false, "url": "https://www.idealista.com/inmueble/88884195/", "distance": "2321", "hasVideo": false, "status": "good", "newDevelopment": false, "hasLift": false, "parkingSpace": {"hasParkingSpace": true, "isParkingSpaceIncludedInPrice": true}, "priceByArea": 3172.0, "detailedType": {"typology": "flat"}, "suggestedTexts": {"subtitle": "La Floresta - Les Planes, Sant Cugat del Vall\u00e8s", "title": "Piso en Calle Major de la Floresta"}, "hasPlan": true, "has3DTour": false, "has360": true, "hasStaging": true, "topNewDevelopment": false}, {"propertyCode": "90623437", "thumbnail": "https://img3.idealista.com/blur/WEB_LISTING/0/id.pro.es.image.master/9e/d5/e5/794651020.jpg", "externalReference": "255352", "numPhotos": 28, "price": 649000.0, "propertyType": "chalet", "operation": "sale", "size": 230.0, "exterior": false, "rooms": 5, "bathrooms": 1, "address": "Escales de la Font del Mont, 4", "province": "Barcelona", "municipality": "Barcelona", "district": "Sarri\u00e0-Sant Gervasi", "country": "es", "neighborhood": "Vallvidrera - El Tibidabo i les Planes", "latitude": 41.4152117, "longitude": 2.1114452, "showAddress": true, "url": "https://www.idealista.com/inmueble/90623437/", "distance": "2406", "hasVideo": true, "status": "good", "newDevelopment": false, "parkingSpace": {"hasParkingSpace": true, "isParkingSpaceIncludedInPrice": true}, "priceByArea": 2822.0, "detailedType": {"typology": "chalet"}, "suggestedTexts": {"subtitle": "Vallvidrera - El Tibidabo i les Planes, Barcelona", "title": "Chalet en Escales de la Font del Mont, 4"}, "hasPlan": true, "has3DTour": false, "has360": true, "hasStaging": false, "topNewDevelopment": false}, {"propertyCode": "84736513", "thumbnail": "https://img3.idealista.com/blur/WEB_LISTING/0/id.pro.es.image.master/eb/ac/73/645677831.jpg", "externalReference": "4343", "numPhotos": 65, "price": 875000.0, "propertyType": "chalet", "operation": "sale", "size": 455.0, "exterior": false, "rooms": 5, "bathrooms": 4, "address": "barrio Vallvidrera - El Tibidabo i les Planes", "province": "Barcelona", "municipality": "Barcelona", "district": "Sarri\u00e0-Sant Gervasi", "country": "es", "neighborhood": "Vallvidrera - El Tibidabo i les Planes", "latitude": 41.4175858, "longitude": 2.1074065, "showAddress": false, "url": "https://www.idealista.com/inmueble/84736513/", "distance": "2096", "hasVideo": true, "status": "good", "newDevelopment": false, "parkingSpace": {"hasParkingSpace": true, "isParkingSpaceIncludedInPrice": true}, "priceByArea": 1923.0, "detailedType": {"typology": "chalet", "subTypology": "independantHouse"}, "suggestedTexts": {"subtitle": "Vallvidrera - El Tibidabo i les Planes, Barcelona", "title": "Casa independiente"}, "hasPlan": true, "has3DTour": false, "has360": false, "hasStaging": false, "topNewDevelopment": false}, {"propertyCode": "83698852", "thumbnail": "https://img3.idealista.com/blur/WEB_LISTING/0/id.pro.es.image.master/c9/33/02/623988432.jpg", "externalReference": "ALBERES", "numPhotos": 34, "price": 2750000.0, "propertyType": "chalet", "operation": "sale", "size": 807.0, "exterior": false, "rooms": 6, "bathrooms": 7, "address": "Calle de les Alberes, Barcelona", "province": "Barcelona", "municipality": "Barcelona", "district": "Sarri\u00e0-Sant Gervasi", "country": "es", "neighborhood": "Vallvidrera - El Tibidabo i les Planes", "latitude": 41.4137866, "longitude": 2.107332, "showAddress": false, "url": "https://www.idealista.com/inmueble/83698852/", "distance": "2517", "hasVideo": false, "status": "good", "newDevelopment": false, "parkingSpace": {"hasParkingSpace": true, "isParkingSpaceIncludedInPrice": true}, "priceByArea": 3408.0, "detailedType": {"typology": "chalet", "subTypology": "independantHouse"}, "suggestedTexts": {"subtitle": "Vallvidrera - El Tibidabo i les Planes, Barcelona", "title": "Casa independiente en Calle de les Alberes, Barcelona"}, "hasPlan": true, "has3DTour": false, "has360": true, "hasStaging": false, "topNewDevelopment": false}, {"propertyCode": "91599983", "thumbnail": "https://img3.idealista.com/blur/WEB_LISTING/0/id.pro.es.image.master/ea/a0/94/818653050.jpg", "externalReference": "4333", "numPhotos": 74, "price": 1350000.0, "propertyType": "chalet", "operation": "sale", "size": 519.0, "exterior": false, "rooms": 6, "bathrooms": 4, "address": "barrio Vallvidrera - El Tibidabo i les Planes", "province": "Barcelona", "municipality": "Barcelona", "district": "Sarri\u00e0-Sant Gervasi", "country": "es", "neighborhood": "Vallvidrera - El Tibidabo i les Planes", "latitude": 41.4294592, "longitude": 2.0989615, "showAddress": false, "url": "https://www.idealista.com/inmueble/91599983/", "distance": "944", "hasVideo": false, "status": "good", "newDevelopment": false, "parkingSpace": {"hasParkingSpace": true, "isParkingSpaceIncludedInPrice": true}, "priceByArea": 2601.0, "detailedType": {"typology": "chalet", "subTypology": "independantHouse"}, "suggestedTexts": {"subtitle": "Vallvidrera - El Tibidabo i les Planes, Barcelona", "title": "Casa independiente"}, "hasPlan": true, "has3DTour": false, "has360": true, "hasStaging": false, "topNewDevelopment": false}, {"propertyCode": "89059714", "thumbnail": "https://img3.idealista.com/blur/WEB_LISTING/0/id.pro.es.image.master/64/f2/4b/762238320.jpg", "externalReference": "4318", "numPhotos": 54, "price": 595000.0, "propertyType": "chalet", "operation": "sale", "size": 220.0, "exterior": false, "rooms": 5, "bathrooms": 3, "address": "barrio Vallvidrera - El Tibidabo i les Planes", "province": "Barcelona", "municipality": "Barcelona", "district": "Sarri\u00e0-Sant Gervasi", "country": "es", "neighborhood": "Vallvidrera - El Tibidabo i les Planes", "latitude": 41.4233409, "longitude": 2.0951122, "showAddress": false, "url": "https://www.idealista.com/inmueble/89059714/", "distance": "1690", "hasVideo": true, "status": "good", "newDevelopment": false, "parkingSpace": {"hasParkingSpace": true, "isParkingSpaceIncludedInPrice": true}, "priceByArea": 2705.0, "detailedType": {"typology": "chalet", "subTypology": "independantHouse"}, "suggestedTexts": {"subtitle": "Vallvidrera - El Tibidabo i les Planes, Barcelona", "title": "Casa independiente"}, "hasPlan": true, "has3DTour": false, "has360": true, "hasStaging": false, "topNewDevelopment": false}, {"propertyCode": "88762065", "thumbnail": "https://img3.idealista.com/blur/WEB_LISTING/0/id.pro.es.image.master/5a/c5/49/830945491.jpg", "externalReference": "3166", "numPhotos": 49, "floor": "3", "price": 649000.0, "propertyType": "flat", "operation": "sale", "size": 128.0, "exterior": true, "rooms": 4, "bathrooms": 2, "address": "barrio Vallvidrera - El Tibidabo i les Planes", "province": "Barcelona", "municipality": "Barcelona", "district": "Sarri\u00e0-Sant Gervasi", "country": "es", "neighborhood": "Vallvidrera - El Tibidabo i les Planes", "latitude": 41.4127201, "longitude": 2.1031851, "showAddress": false, "url": "https://www.idealista.com/inmueble/88762065/", "distance": "2639", "hasVideo": true, "status": "good", "newDevelopment": false, "hasLift": true, "parkingSpace": {"hasParkingSpace": true, "isParkingSpaceIncludedInPrice": true}, "priceByArea": 5070.0, "detailedType": {"typology": "flat"}, "suggestedTexts": {"subtitle": "Vallvidrera - El Tibidabo i les Planes, Barcelona", "title": "Piso"}, "hasPlan": true, "has3DTour": false, "has360": true, "hasStaging": false, "topNewDevelopment": false}, {"propertyCode": "88740695", "thumbnail": "https://img3.idealista.com/blur/WEB_LISTING/0/id.pro.es.image.master/66/dc/a1/754059502.jpg", "externalReference": "4316", "numPhotos": 50, "price": 650000.0, "propertyType": "chalet", "operation": "sale", "size": 243.0, "exterior": false, "rooms": 4, "bathrooms": 3, "address": "barrio Vallvidrera - El Tibidabo i les Planes", "province": "Barcelona", "municipality": "Barcelona", "district": "Sarri\u00e0-Sant Gervasi", "country": "es", "neighborhood": "Vallvidrera - El Tibidabo i les Planes", "latitude": 41.4292756, "longitude": 2.0940321, "showAddress": false, "url": "https://www.idealista.com/inmueble/88740695/", "distance": "1241", "hasVideo": true, "status": "good", "newDevelopment": false, "priceByArea": 2675.0, "detailedType": {"typology": "chalet", "subTypology": "independantHouse"}, "suggestedTexts": {"subtitle": "Vallvidrera - El Tibidabo i les Planes, Barcelona", "title": "Casa independiente"}, "hasPlan": true, "has3DTour": false, "has360": true, "hasStaging": false, "topNewDevelopment": false}, {"propertyCode": "92440599", "thumbnail": "https://img3.idealista.com/blur/WEB_LISTING/0/id.pro.es.image.master/0e/b3/a7/845333668.jpg", "externalReference": "3185", "numPhotos": 26, "floor": "2", "price": 560000.0, "propertyType": "flat", "operation": "sale", "size": 120.0, "exterior": true, "rooms": 3, "bathrooms": 2, "address": "Carretera de Sarri\u00e0 a Vallvidrera", "province": "Barcelona", "municipality": "Barcelona", "district": "Sarri\u00e0-Sant Gervasi", "country": "es", "neighborhood": "Vallvidrera - El Tibidabo i les Planes", "latitude": 41.4128772, "longitude": 2.1032661, "showAddress": false, "url": "https://www.idealista.com/inmueble/92440599/", "distance": "2621", "hasVideo": false, "status": "good", "newDevelopment": false, "hasLift": true, "parkingSpace": {"hasParkingSpace": true, "isParkingSpaceIncludedInPrice": true}, "priceByArea": 4667.0, "detailedType": {"typology": "flat"}, "suggestedTexts": {"subtitle": "Vallvidrera - El Tibidabo i les Planes, Barcelona", "title": "Piso en Carretera de Sarri\u00e0 a Vallvidrera"}, "hasPlan": false, "has3DTour": false, "has360": true, "hasStaging": false, "topNewDevelopment": false}, {"propertyCode": "36369350", "thumbnail": "https://img3.idealista.com/blur/WEB_LISTING/0/id.pro.es.image.master/7e/fb/40/214248780.jpg", "externalReference": "4220", "numPhotos": 29, "price": 2750000.0, "propertyType": "chalet", "operation": "sale", "size": 483.0, "exterior": false, "rooms": 8, "bathrooms": 6, "address": "barrio Vallvidrera - El Tibidabo i les Planes", "province": "Barcelona", "municipality": "Barcelona", "district": "Sarri\u00e0-Sant Gervasi", "country": "es", "neighborhood": "Vallvidrera - El Tibidabo i les Planes", "latitude": 41.4160601, "longitude": 2.1084237, "showAddress": false, "url": "https://www.idealista.com/inmueble/36369350/", "distance": "2273", "hasVideo": true, "status": "good", "newDevelopment": false, "parkingSpace": {"hasParkingSpace": true, "isParkingSpaceIncludedInPrice": true}, "priceByArea": 5694.0, "detailedType": {"typology": "chalet", "subTypology": "independantHouse"}, "suggestedTexts": {"subtitle": "Vallvidrera - El Tibidabo i les Planes, Barcelona", "title": "Casa independiente"}, "hasPlan": false, "has3DTour": false, "has360": true, "hasStaging": false, "topNewDevelopment": false}, {"propertyCode": "33932885", "thumbnail": "https://img3.idealista.com/blur/WEB_LISTING/0/id.pro.es.image.master/83/4e/b1/219456106.jpg", "externalReference": "4207", "numPhotos": 25, "price": 1850000.0, "propertyType": "chalet", "operation": "sale", "size": 380.0, "exterior": false, "rooms": 6, "bathrooms": 6, "address": "barrio Vallvidrera - El Tibidabo i les Planes", "province": "Barcelona", "municipality": "Barcelona", "district": "Sarri\u00e0-Sant Gervasi", "country": "es", "neighborhood": "Vallvidrera - El Tibidabo i les Planes", "latitude": 41.4152481, "longitude": 2.108565, "showAddress": false, "url": "https://www.idealista.com/inmueble/33932885/", "distance": "2364", "hasVideo": true, "status": "good", "newDevelopment": false, "priceByArea": 4868.0, "detailedType": {"typology": "chalet", "subTypology": "independantHouse"}, "suggestedTexts": {"subtitle": "Vallvidrera - El Tibidabo i les Planes, Barcelona", "title": "Casa independiente"}, "hasPlan": false, "has3DTour": false, "has360": true, "hasStaging": false, "topNewDevelopment": false}, {"propertyCode": "89357492", "thumbnail": "https://img3.idealista.com/blur/WEB_LISTING/0/id.pro.es.image.master/6d/ae/82/769725303.jpg", "externalReference": "3188", "numPhotos": 24, "floor": "bj", "price": 410000.0, "propertyType": "flat", "operation": "sale", "size": 130.0, "exterior": true, "rooms": 1, "bathrooms": 2, "address": "barrio Vallvidrera - El Tibidabo i les Planes", "province": "Barcelona", "municipality": "Barcelona", "district": "Sarri\u00e0-Sant Gervasi", "country": "es", "neighborhood": "Vallvidrera - El Tibidabo i les Planes", "latitude": 41.411284, "longitude": 2.1053934, "showAddress": false, "url": "https://www.idealista.com/inmueble/89357492/", "distance": "2791", "hasVideo": true, "status": "good", "newDevelopment": false, "hasLift": true, "priceByArea": 3154.0, "detailedType": {"typology": "flat"}, "suggestedTexts": {"subtitle": "Vallvidrera - El Tibidabo i les Planes, Barcelona", "title": "Piso"}, "hasPlan": true, "has3DTour": false, "has360": false, "hasStaging": false, "topNewDevelopment": false}, {"propertyCode": "93091657", "thumbnail": "https://img3.idealista.com/blur/WEB_LISTING/0/id.pro.es.image.master/7a/eb/93/854300108.jpg", "externalReference": "BAR-5415265", "numPhotos": 37, "floor": "5", "price": 193000.0, "propertyType": "flat", "operation": "sale", "size": 67.0, "exterior": true, "rooms": 3, "bathrooms": 1, "address": "Calle de Vayreda", "province": "Barcelona", "municipality": "Barcelona", "district": "Horta Guinard\u00f3", "country": "es", "neighborhood": "Sant Gen\u00eds Dels Agudells - Montbau", "latitude": 41.4325689, "longitude": 2.1423284, "showAddress": false, "url": "https://www.idealista.com/inmueble/93091657/", "distance": "3097", "hasVideo": false, "status": "good", "newDevelopment": false, "hasLift": false, "priceByArea": 2881.0, "detailedType": {"typology": "flat"}, "suggestedTexts": {"subtitle": "Sant Gen\u00eds Dels Agudells - Montbau, Barcelona", "title": "Piso en Calle de Vayreda"}, "hasPlan": true, "has3DTour": false, "has360": false, "hasStaging": false, "topNewDevelopment": false}, {"propertyCode": "93106528", "thumbnail": "https://img3.idealista.com/blur/WEB_LISTING/0/id.pro.es.image.master/fd/d1/79/854646844.jpg", "externalReference": "PLANES-21", "numPhotos": 49, "price": 500000.0, "propertyType": "chalet", "operation": "sale", "size": 160.0, "exterior": false, "rooms": 3, "bathrooms": 1, "address": "Avenida tots sants, 13", "province": "Barcelona", "municipality": "Barcelona", "district": "Sarri\u00e0-Sant Gervasi", "country": "es", "neighborhood": "Vallvidrera - El Tibidabo i les Planes", "latitude": 41.4298798, "longitude": 2.0969514, "showAddress": true, "url": "https://www.idealista.com/inmueble/93106528/", "distance": "1016", "hasVideo": false, "status": "good", "newDevelopment": false, "parkingSpace": {"hasParkingSpace": true, "isParkingSpaceIncludedInPrice": true}, "priceByArea": 3125.0, "detailedType": {"typology": "chalet", "subTypology": "independantHouse"}, "suggestedTexts": {"subtitle": "Vallvidrera - El Tibidabo i les Planes, Barcelona", "title": "Casa independiente en Avenida tots sants, 13"}, "hasPlan": true, "has3DTour": false, "has360": false, "hasStaging": false, "topNewDevelopment": false}, {"propertyCode": "93000870", "thumbnail": "https://img3.idealista.com/blur/WEB_LISTING/0/id.pro.es.image.master/8c/fc/6a/852767273.jpg", "externalReference": "VB2102060", "numPhotos": 32, "floor": "bj", "price": 1300000.0, "propertyType": "flat", "operation": "sale", "size": 278.0, "exterior": true, "rooms": 5, "bathrooms": 5, "address": "barrio Vallvidrera - El Tibidabo i les Planes", "province": "Barcelona", "municipality": "Barcelona", "district": "Sarri\u00e0-Sant Gervasi", "country": "es", "neighborhood": "Vallvidrera - El Tibidabo i les Planes", "latitude": 41.416385, "longitude": 2.1057974, "showAddress": false, "url": "https://www.idealista.com/inmueble/93000870/", "distance": "2224", "hasVideo": false, "status": "good", "newDevelopment": false, "hasLift": true, "parkingSpace": {"hasParkingSpace": true, "isParkingSpaceIncludedInPrice": true}, "priceByArea": 4676.0, "detailedType": {"typology": "flat"}, "suggestedTexts": {"subtitle": "Vallvidrera - El Tibidabo i les Planes, Barcelona", "title": "Piso"}, "hasPlan": true, "has3DTour": false, "has360": false, "hasStaging": false, "topNewDevelopment": false}, {"propertyCode": "87633487", "thumbnail": "https://img3.idealista.com/blur/WEB_LISTING/0/id.pro.es.image.master/16/8b/45/726787473.jpg", "externalReference": "BCN14940", "numPhotos": 43, "price": 5400000.0, "propertyType": "penthouse", "operation": "sale", "size": 447.0, "exterior": true, "rooms": 7, "bathrooms": 5, "address": "barrio Sant Gervasi - La Bonanova", "province": "Barcelona", "municipality": "Barcelona", "district": "Sarri\u00e0-Sant Gervasi", "country": "es", "neighborhood": "Sant Gervasi - La Bonanova", "latitude": 41.4131304, "longitude": 2.1238513, "showAddress": false, "url": "https://www.idealista.com/inmueble/87633487/", "distance": "3004", "hasVideo": false, "status": "good", "newDevelopment": false, "hasLift": true, "parkingSpace": {"hasParkingSpace": true, "isParkingSpaceIncludedInPrice": true}, "priceByArea": 12081.0, "detailedType": {"typology": "flat", "subTypology": "penthouse"}, "suggestedTexts": {"subtitle": "Sant Gervasi - La Bonanova, Barcelona", "title": "\u00c1tico"}, "hasPlan": true, "has3DTour": false, "has360": false, "hasStaging": false, "topNewDevelopment": false}, {"propertyCode": "88969837", "thumbnail": "https://img3.idealista.com/blur/WEB_LISTING/0/id.pro.es.image.master/36/8e/91/759997499.jpg", "externalReference": "BCN22658", "numPhotos": 45, "price": 2425000.0, "propertyType": "chalet", "operation": "sale", "size": 474.0, "exterior": false, "rooms": 6, "bathrooms": 5, "address": "barrio Sant Gervasi - La Bonanova", "province": "Barcelona", "municipality": "Barcelona", "district": "Sarri\u00e0-Sant Gervasi", "country": "es", "neighborhood": "Sant Gervasi - La Bonanova", "latitude": 41.4110488, "longitude": 2.1213358, "showAddress": false, "url": "https://www.idealista.com/inmueble/88969837/", "distance": "3111", "hasVideo": false, "status": "good", "newDevelopment": false, "parkingSpace": {"hasParkingSpace": true, "isParkingSpaceIncludedInPrice": true}, "priceByArea": 5116.0, "detailedType": {"typology": "chalet"}, "suggestedTexts": {"subtitle": "Sant Gervasi - La Bonanova, Barcelona", "title": "Chalet"}, "hasPlan": true, "has3DTour": false, "has360": false, "hasStaging": false, "topNewDevelopment": false}, {"propertyCode": "92397502", "thumbnail": "https://img3.idealista.com/blur/WEB_LISTING/0/id.pro.es.image.master/ce/6e/23/838795124.jpg", "externalReference": "VB1905069-6", "numPhotos": 32, "floor": "1", "price": 1200000.0, "propertyType": "flat", "operation": "sale", "size": 130.0, "exterior": true, "rooms": 3, "bathrooms": 2, "address": "barrio Sant Gervasi - La Bonanova", "province": "Barcelona", "municipality": "Barcelona", "district": "Sarri\u00e0-Sant Gervasi", "country": "es", "neighborhood": "Sant Gervasi - La Bonanova", "latitude": 41.4123985, "longitude": 2.1208907, "showAddress": false, "url": "https://www.idealista.com/inmueble/92397502/", "distance": "2959", "hasVideo": false, "status": "good", "newDevelopment": false, "hasLift": true, "parkingSpace": {"hasParkingSpace": true, "isParkingSpaceIncludedInPrice": true}, "priceByArea": 9231.0, "detailedType": {"typology": "flat"}, "suggestedTexts": {"subtitle": "Sant Gervasi - La Bonanova, Barcelona", "title": "Piso"}, "hasPlan": true, "has3DTour": false, "has360": false, "hasStaging": false, "topNewDevelopment": false}, {"propertyCode": "91784836", "thumbnail": "https://img3.idealista.com/blur/WEB_LISTING/0/id.pro.es.image.master/e9/5e/56/823218826.jpg", "externalReference": "VB1611044-6", "numPhotos": 45, "price": 1750000.0, "propertyType": "chalet", "operation": "sale", "size": 546.0, "exterior": false, "rooms": 6, "bathrooms": 6, "address": "barrio Vallvidrera - El Tibidabo i les Planes", "province": "Barcelona", "municipality": "Barcelona", "district": "Sarri\u00e0-Sant Gervasi", "country": "es", "neighborhood": "Vallvidrera - El Tibidabo i les Planes", "latitude": 41.4219158, "longitude": 2.093368, "showAddress": false, "url": "https://www.idealista.com/inmueble/91784836/", "distance": "1901", "hasVideo": false, "status": "good", "newDevelopment": false, "parkingSpace": {"hasParkingSpace": true, "isParkingSpaceIncludedInPrice": true}, "priceByArea": 3205.0, "detailedType": {"typology": "chalet"}, "suggestedTexts": {"subtitle": "Vallvidrera - El Tibidabo i les Planes, Barcelona", "title": "Chalet"}, "hasPlan": true, "has3DTour": false, "has360": false, "hasStaging": false, "topNewDevelopment": false}, {"propertyCode": "91784809", "thumbnail": "https://img3.idealista.com/blur/WEB_LISTING/0/id.pro.es.image.master/a7/8d/b7/823218250.jpg", "externalReference": "VB1603022-6", "numPhotos": 46, "price": 1850000.0, "propertyType": "chalet", "operation": "sale", "size": 380.0, "exterior": false, "rooms": 6, "bathrooms": 6, "address": "barrio Vallvidrera - El Tibidabo i les Planes", "province": "Barcelona", "municipality": "Barcelona", "district": "Sarri\u00e0-Sant Gervasi", "country": "es", "neighborhood": "Vallvidrera - El Tibidabo i les Planes", "latitude": 41.4173708, "longitude": 2.1112366, "showAddress": false, "url": "https://www.idealista.com/inmueble/91784809/", "distance": "2167", "hasVideo": false, "status": "good", "newDevelopment": false, "parkingSpace": {"hasParkingSpace": true, "isParkingSpaceIncludedInPrice": true}, "priceByArea": 4868.0, "detailedType": {"typology": "chalet"}, "suggestedTexts": {"subtitle": "Vallvidrera - El Tibidabo i les Planes, Barcelona", "title": "Chalet"}, "hasPlan": true, "has3DTour": false, "has360": false, "hasStaging": false, "topNewDevelopment": false}, {"propertyCode": "91521220", "thumbnail": "https://img3.idealista.com/blur/WEB_LISTING/0/id.pro.es.image.master/77/fe/7b/816553994.jpg", "externalReference": "VB2001048-5", "numPhotos": 54, "price": 1950000.0, "propertyType": "chalet", "operation": "sale", "size": 374.0, "exterior": false, "rooms": 5, "bathrooms": 4, "address": "barrio Sant Gervasi - La Bonanova", "province": "Barcelona", "municipality": "Barcelona", "district": "Sarri\u00e0-Sant Gervasi", "country": "es", "neighborhood": "Sant Gervasi - La Bonanova", "latitude": 41.4107163, "longitude": 2.1232489, "showAddress": false, "url": "https://www.idealista.com/inmueble/91521220/", "distance": "3214", "hasVideo": true, "status": "good", "newDevelopment": false, "parkingSpace": {"hasParkingSpace": true, "isParkingSpaceIncludedInPrice": true}, "priceByArea": 5214.0, "detailedType": {"typology": "chalet"}, "suggestedTexts": {"subtitle": "Sant Gervasi - La Bonanova, Barcelona", "title": "Chalet"}, "hasPlan": true, "has3DTour": false, "has360": false, "hasStaging": false, "topNewDevelopment": false}]