[{"propertyCode": "91417634", "thumbnail": "https://img3.idealista.com/blur/WEB_LISTING/0/id.pro.es.image.master/04/1d/3e/814070622.jpg", "externalReference": "6502", "numPhotos": 58, "price": 625000.0, "propertyType": "chalet", "operation": "sale", "size": 245.0, "exterior": false, "rooms": 4, "bathrooms": 5, "address": "Calle Major", "province": "Barcelona", "municipality": "Hospitalet de Llobregat", "district": "Centre", "country": "es", "neighborhood": "Centre", "latitude": 41.358062, "longitude": 2.0980035, "showAddress": false, "url": "https://www.idealista.com/inmueble/91417634/", "distance": "1591", "hasVideo": false, "status": "good", "newDevelopment": false, "parkingSpace": {"hasParkingSpace": true, "isParkingSpaceIncludedInPrice": true}, "priceByArea": 2551.0, "detailedType": {"typology": "chalet", "subTypology": "semidetachedHouse"}, "suggestedTexts": {"subtitle": "Centre, Hospitalet de Llobregat", "title": "Chalet pareado en Calle Major"}, "hasPlan": true, "has3DTour": false, "has360": true, "hasStaging": false, "topNewDevelopment": false}, {"propertyCode": "91577811", "thumbnail": "https://img3.idealista.com/blur/WEB_LISTING/0/id.pro.es.image.master/94/20/31/855823725.jpg", "externalReference": "GV601", "numPhotos": 48, "floor": "1", "price": 499000.0, "propertyType": "flat", "operation": "sale", "size": 103.0, "exterior": true, "rooms": 3, "bathrooms": 2, "address": "Carretera Reial", "province": "Barcelona", "municipality": "Sant Just Desvern", "district": "Mas Llu\u00ed - Els Miralls", "country": "es", "latitude": 41.3801734, "longitude": 2.0594804, "showAddress": false, "url": "https://www.idealista.com/inmueble/91577811/", "distance": "3063", "hasVideo": true, "status": "good", "newDevelopment": false, "hasLift": true, "parkingSpace": {"hasParkingSpace": true, "isParkingSpaceIncludedInPrice": true}, "priceByArea": 4845.0, "detailedType": {"typology": "flat"}, "suggestedTexts": {"subtitle": "Mas Llu\u00ed - Els Miralls, Sant Just Desvern", "title": "Piso en Carretera Reial"}, "hasPlan": true, "has3DTour": false, "has360": true, "hasStaging": false, "topNewDevelopment": false}, {"propertyCode": "91784581", "thumbnail": "https://img3.idealista.com/blur/WEB_LISTING/0/id.pro.es.image.master/a7/42/76/823215284.jpg", "externalReference": "VB2011020-1", "numPhotos": 34, "floor": "1", "price": 725000.0, "propertyType": "flat", "operation": "sale", "size": 128.0, "exterior": true, "rooms": 3, "bathrooms": 2, "address": "Centre", "province": "Barcelona", "municipality": "Sant Just Desvern", "district": "Centre", "country": "es", "latitude": 41.381215, "longitude": 2.0778565, "showAddress": false, "url": "https://www.idealista.com/inmueble/91784581/", "distance": "2711", "hasVideo": true, "status": "good", "newDevelopment": false, "hasLift": true, "parkingSpace": {"hasParkingSpace": true, "isParkingSpaceIncludedInPrice": true}, "priceByArea": 5664.0, "detailedType": {"typology": "flat"}, "suggestedTexts": {"subtitle": "Centre, Sant Just Desvern", "title": "Piso"}, "hasPlan": true, "has3DTour": false, "has360": false, "hasStaging": false, "topNewDevelopment": false}, {"propertyCode": "91842095", "thumbnail": "https://img3.idealista.com/blur/WEB_LISTING/0/id.pro.es.image.master/3f/b2/e9/843012051.jpg", "externalReference": "244592", "numPhotos": 21, "floor": "1", "price": 170000.0, "propertyType": "flat", "operation": "sale", "size": 79.0, "exterior": true, "rooms": 3, "bathrooms": 1, "address": "barrio Pubilla Cases", "province": "Barcelona", "municipality": "Hospitalet de Llobregat", "district": "Can Serra - Pubilla Cases", "country": "es", "neighborhood": "Pubilla Cases", "latitude": 41.3737499, "longitude": 2.1049476, "showAddress": false, "url": "https://www.idealista.com/inmueble/91842095/", "distance": "2866", "hasVideo": false, "status": "good", "newDevelopment": false, "hasLift": true, "priceByArea": 2152.0, "detailedType": {"typology": "flat"}, "suggestedTexts": {"subtitle": "Pubilla Cases, Hospitalet de Llobregat", "title": "Piso"}, "hasPlan": true, "has3DTour": false, "has360": false, "hasStaging": false, "topNewDevelopment": false}, {"propertyCode": "90522537", "thumbnail": "https://img3.idealista.com/blur/WEB_LISTING/0/id.pro.es.image.master/58/16/94/792260594.jpg", "externalReference": "BCN18417", "numPhotos": 44, "price": 3125000.0, "propertyType": "chalet", "operation": "sale", "size": 620.0, "exterior": false, "rooms": 5, "bathrooms": 9, "address": "La Miranda - Ciutat Diagonal", "province": "Barcelona", "municipality": "Esplugues de Llobregat", "district": "La Miranda - Ciutat Diagonal", "country": "es", "latitude": 41.3844807, "longitude": 2.0881974, "showAddress": false, "url": "https://www.idealista.com/inmueble/90522537/", "distance": "3167", "hasVideo": false, "status": "good", "newDevelopment": false, "parkingSpace": {"hasParkingSpace": true, "isParkingSpaceIncludedInPrice": true}, "priceByArea": 5040.0, "detailedType": {"typology": "chalet"}, "suggestedTexts": {"subtitle": "La Miranda - Ciutat Diagonal, Esplugues de Llobregat", "title": "Chalet"}, "hasPlan": true, "has3DTour": false, "has360": false, "hasStaging": false, "topNewDevelopment": false}, {"propertyCode": "91521219", "thumbnail": "https://img3.idealista.com/blur/WEB_LISTING/0/id.pro.es.image.master/49/b2/fd/816554023.jpg", "externalReference": "VB2002024-5", "numPhotos": 26, "price": 750000.0, "propertyType": "chalet", "operation": "sale", "size": 264.0, "exterior": false, "rooms": 4, "bathrooms": 2, "address": "Centre", "province": "Barcelona", "municipality": "Esplugues de Llobregat", "district": "Centre", "country": "es", "latitude": 41.37691, "longitude": 2.08678, "showAddress": false, "url": "https://www.idealista.com/inmueble/91521219/", "distance": "2323", "hasVideo": false, "status": "good", "newDevelopment": false, "parkingSpace": {"hasParkingSpace": true, "isParkingSpaceIncludedInPrice": true}, "priceByArea": 2841.0, "detailedType": {"typology": "chalet"}, "suggestedTexts": {"subtitle": "Centre, Esplugues de Llobregat", "title": "Chalet"}, "hasPlan": true, "has3DTour": false, "has360": false, "hasStaging": false, "topNewDevelopment": false}, {"propertyCode": "90513526", "thumbnail": "https://img3.idealista.com/blur/WEB_LISTING/0/id.pro.es.image.master/e4/13/9a/792119946.jpg", "externalReference": "W-02JDY9", "numPhotos": 24, "floor": "bj", "price": 180000.0, "propertyType": "flat", "operation": "sale", "size": 166.0, "exterior": false, "rooms": 2, "bathrooms": 2, "address": "Calle Bellavista", "province": "Barcelona", "municipality": "Hospitalet de Llobregat", "district": "Centre", "country": "es", "neighborhood": "Centre", "latitude": 41.3624125, "longitude": 2.0965745, "showAddress": false, "url": "https://www.idealista.com/inmueble/90513526/", "distance": "1591", "hasVideo": false, "status": "good", "newDevelopment": false, "hasLift": false, "priceByArea": 1084.0, "detailedType": {"typology": "flat"}, "suggestedTexts": {"subtitle": "Centre, Hospitalet de Llobregat", "title": "Piso en Calle Bellavista"}, "hasPlan": false, "has3DTour": false, "has360": false, "hasStaging": false, "topNewDevelopment": false}, {"propertyCode": "93130862", "thumbnail": "https://img3.idealista.com/blur/WEB_LISTING/0/id.pro.es.image.master/e3/e6/42/855208547.jpg", "externalReference": "3585", "numPhotos": 17, "floor": "3", "price": 259900.0, "propertyType": "flat", "operation": "sale", "size": 110.0, "exterior": true, "rooms": 4, "bathrooms": 2, "address": "Calle de la Muntanya", "province": "Barcelona", "municipality": "Hospitalet de Llobregat", "district": "Centre", "country": "es", "neighborhood": "Sant Josep", "latitude": 41.3615044, "longitude": 2.1102711, "showAddress": false, "url": "https://www.idealista.com/inmueble/93130862/", "distance": "2660", "hasVideo": false, "status": "good", "newDevelopment": false, "hasLift": true, "priceByArea": 2363.0, "detailedType": {"typology": "flat"}, "suggestedTexts": {"subtitle": "Sant Josep, Hospitalet de Llobregat", "title": "Piso en Calle de la Muntanya"}, "hasPlan": true, "has3DTour": false, "has360": false, "hasStaging": false, "topNewDevelopment": false}, {"propertyCode": "93114056", "thumbnail": "https://img3.idealista.com/blur/WEB_LISTING/0/id.pro.es.image.master/eb/19/55/854825397.jpg", "externalReference": "2648", "numPhotos": 18, "floor": "2", "price": 164900.0, "propertyType": "flat", "operation": "sale", "size": 77.0, "exterior": true, "rooms": 3, "bathrooms": 1, "address": "Calle de Roca i Umbert", "province": "Barcelona", "municipality": "Hospitalet de Llobregat", "district": "Centre", "country": "es", "neighborhood": "Carretera del Mig", "latitude": 41.3583698, "longitude": 2.1010069, "showAddress": false, "url": "https://www.idealista.com/inmueble/93114056/", "distance": "1843", "hasVideo": false, "status": "good", "newDevelopment": false, "hasLift": true, "priceByArea": 2142.0, "detailedType": {"typology": "flat"}, "suggestedTexts": {"subtitle": "Carretera del Mig, Hospitalet de Llobregat", "title": "Piso en Calle de Roca i Umbert"}, "hasPlan": true, "has3DTour": false, "has360": false, "hasStaging": false, "topNewDevelopment": false}, {"propertyCode": "93047375", "thumbnail": "https://img3.idealista.com/blur/WEB_LISTING/0/id.pro.es.image.master/bc/ae/eb/853372616.jpg", "externalReference": "0103215034", "numPhotos": 18, "floor": "5", "price": 99000.0, "propertyType": "flat", "operation": "sale", "size": 96.0, "exterior": true, "rooms": 3, "bathrooms": 1, "address": "Calle Piera", "province": "Barcelona", "municipality": "Hospitalet de Llobregat", "district": "La Florida - Les Planes", "country": "es", "neighborhood": "La Florida", "latitude": 41.3703311, "longitude": 2.111734, "showAddress": false, "url": "https://www.idealista.com/inmueble/93047375/", "distance": "3115", "hasVideo": false, "status": "good", "newDevelopment": false, "hasLift": false, "priceByArea": 1031.0, "detailedType": {"typology": "flat"}, "suggestedTexts": {"subtitle": "La Florida, Hospitalet de Llobregat", "title": "Piso en Calle Piera"}, "hasPlan": true, "has3DTour": false, "has360": false, "hasStaging": false, "topNewDevelopment": false}, {"propertyCode": "92857025", "thumbnail": "https://img3.idealista.com/blur/WEB_LISTING/0/id.pro.es.image.master/75/39/5a/849872389.jpg", "externalReference": "PVL19", "numPhotos": 39, "floor": "7", "price": 485000.0, "propertyType": "flat", "operation": "sale", "size": 104.0, "exterior": true, "rooms": 3, "bathrooms": 2, "address": "Carretera Reial", "province": "Barcelona", "municipality": "Sant Just Desvern", "district": "Mas Llu\u00ed - Els Miralls", "country": "es", "latitude": 41.3815734, "longitude": 2.0602804, "showAddress": false, "url": "https://www.idealista.com/inmueble/92857025/", "distance": "3162", "hasVideo": true, "status": "good", "newDevelopment": false, "hasLift": true, "parkingSpace": {"hasParkingSpace": true, "isParkingSpaceIncludedInPrice": true}, "priceByArea": 4663.0, "detailedType": {"typology": "flat"}, "suggestedTexts": {"subtitle": "Mas Llu\u00ed - Els Miralls, Sant Just Desvern", "title": "Piso en Carretera Reial"}, "hasPlan": true, "has3DTour": false, "has360": true, "hasStaging": false, "topNewDevelopment": false}, {"propertyCode": "92789487", "thumbnail": "https://img3.idealista.com/blur/WEB_LISTING/0/id.pro.es.image.master/ab/50/28/848198379.jpg", "externalReference": "CVDS0383", "numPhotos": 29, "floor": "en", "price": 160000.0, "propertyType": "flat", "operation": "sale", "size": 67.0, "exterior": true, "rooms": 3, "bathrooms": 1, "address": "Andorra", "province": "Barcelona", "municipality": "Hospitalet de Llobregat", "district": "Can Serra - Pubilla Cases", "country": "es", "neighborhood": "Can Serra", "latitude": 41.3693131, "longitude": 2.1000989, "showAddress": false, "url": "https://www.idealista.com/inmueble/92789487/", "distance": "2240", "hasVideo": true, "status": "good", "newDevelopment": false, "hasLift": false, "priceByArea": 2388.0, "detailedType": {"typology": "flat"}, "suggestedTexts": {"subtitle": "Can Serra, Hospitalet de Llobregat", "title": "Piso en Andorra"}, "hasPlan": true, "has3DTour": false, "has360": false, "hasStaging": false, "topNewDevelopment": false}, {"propertyCode": "85298117", "thumbnail": "https://img3.idealista.com/blur/WEB_LISTING/0/id.pro.es.image.master/03/76/44/754557931.jpg", "externalReference": "2147", "numPhotos": 23, "price": 380000.0, "propertyType": "flat", "operation": "sale", "size": 110.0, "exterior": true, "rooms": 3, "bathrooms": 2, "address": "Avenida Pau Casals", "province": "Barcelona", "municipality": "Hospitalet de Llobregat", "district": "Centre", "country": "es", "neighborhood": "Centre", "latitude": 41.3590897, "longitude": 2.1056067, "showAddress": false, "url": "https://www.idealista.com/inmueble/85298117/", "distance": "2233", "hasVideo": false, "status": "good", "newDevelopment": false, "hasLift": true, "priceByArea": 3455.0, "detailedType": {"typology": "flat"}, "suggestedTexts": {"subtitle": "Centre, Hospitalet de Llobregat", "title": "Piso en Avenida Pau Casals"}, "hasPlan": false, "has3DTour": false, "has360": false, "hasStaging": false, "topNewDevelopment": false}, {"propertyCode": "92773574", "thumbnail": "https://img3.idealista.com/blur/WEB_LISTING/0/id.pro.es.image.master/a2/1c/94/847793162.jpg", "externalReference": "EPR-SJ169", "numPhotos": 13, "floor": "2", "price": 159000.0, "propertyType": "flat", "operation": "sale", "size": 90.0, "exterior": true, "rooms": 3, "bathrooms": 1, "address": "enric prat de la riba", "province": "Barcelona", "municipality": "Hospitalet de Llobregat", "district": "Centre", "country": "es", "neighborhood": "Sant Josep", "latitude": 41.3630384, "longitude": 2.1058058, "showAddress": false, "url": "https://www.idealista.com/inmueble/92773574/", "distance": "2340", "hasVideo": false, "status": "good", "newDevelopment": false, "hasLift": false, "priceByArea": 1767.0, "detailedType": {"typology": "flat"}, "suggestedTexts": {"subtitle": "Sant Josep, Hospitalet de Llobregat", "title": "Piso en enric prat de la riba"}, "hasPlan": true, "has3DTour": false, "has360": false, "hasStaging": false, "topNewDevelopment": false}, {"propertyCode": "93179938", "thumbnail": "https://img3.idealista.com/blur/WEB_LISTING/0/id.pro.es.image.master/5d/7a/38/856303230.jpg", "externalReference": "W-02LAMZ", "numPhotos": 25, "floor": "bj", "price": 648000.0, "propertyType": "flat", "operation": "sale", "size": 160.0, "exterior": true, "rooms": 4, "bathrooms": 3, "address": "Centre", "province": "Barcelona", "municipality": "Sant Just Desvern", "district": "Centre", "country": "es", "latitude": 41.3852071, "longitude": 2.0757533, "showAddress": false, "url": "https://www.idealista.com/inmueble/93179938/", "distance": "3165", "hasVideo": false, "status": "good", "newDevelopment": false, "hasLift": true, "parkingSpace": {"hasParkingSpace": true, "isParkingSpaceIncludedInPrice": true}, "priceByArea": 4050.0, "detailedType": {"typology": "flat"}, "suggestedTexts": {"subtitle": "Centre, Sant Just Desvern", "title": "Piso"}, "hasPlan": false, "has3DTour": false, "has360": false, "hasStaging": false, "topNewDevelopment": false}, {"propertyCode": "87764777", "thumbnail": "https://img3.idealista.com/blur/WEB_LISTING/0/id.pro.es.image.master/30/e5/26/755884924.jpg", "externalReference": "W-02DZ02", "numPhotos": 34, "price": 495000.0, "propertyType": "chalet", "operation": "sale", "size": 240.0, "exterior": false, "rooms": 4, "bathrooms": 2, "address": "barrio Sant Josep", "province": "Barcelona", "municipality": "Hospitalet de Llobregat", "district": "Centre", "country": "es", "neighborhood": "Sant Josep", "latitude": 41.3615992, "longitude": 2.1112451, "showAddress": false, "url": "https://www.idealista.com/inmueble/87764777/", "distance": "2741", "hasVideo": false, "status": "good", "newDevelopment": false, "parkingSpace": {"hasParkingSpace": true, "isParkingSpaceIncludedInPrice": true}, "priceByArea": 2063.0, "detailedType": {"typology": "chalet", "subTypology": "semidetachedHouse"}, "suggestedTexts": {"subtitle": "Sant Josep, Hospitalet de Llobregat", "title": "Chalet pareado"}, "hasPlan": false, "has3DTour": true, "has360": false, "hasStaging": false, "topNewDevelopment": false}, {"propertyCode": "92797368", "thumbnail": "https://img3.idealista.com/blur/WEB_LISTING/0/id.pro.es.image.master/d5/1e/6b/848396384.jpg", "externalReference": "3534", "numPhotos": 20, "floor": "7", "price": 169900.0, "propertyType": "penthouse", "operation": "sale", "size": 60.0, "exterior": true, "rooms": 2, "bathrooms": 1, "address": "Avenida d'Isabel la Cat\u00f2lica", "province": "Barcelona", "municipality": "Hospitalet de Llobregat", "district": "Centre", "country": "es", "neighborhood": "Sant Josep", "latitude": 41.3637896, "longitude": 2.1051753, "showAddress": false, "url": "https://www.idealista.com/inmueble/92797368/", "distance": "2316", "hasVideo": false, "status": "good", "newDevelopment": false, "hasLift": true, "priceByArea": 2832.0, "detailedType": {"typology": "flat", "subTypology": "penthouse"}, "suggestedTexts": {"subtitle": "Sant Josep, Hospitalet de Llobregat", "title": "\u00c1tico en Avenida d'Isabel la Cat\u00f2lica"}, "hasPlan": true, "has3DTour": false, "has360": false, "hasStaging": false, "topNewDevelopment": false}, {"propertyCode": "91439193", "thumbnail": "https://img3.idealista.com/blur/WEB_LISTING/0/id.pro.es.image.master/f1/71/d3/833138941.jpg", "externalReference": "90912690", "numPhotos": 45, "floor": "bj", "price": 1300000.0, "propertyType": "flat", "operation": "sale", "size": 350.0, "exterior": false, "rooms": 4, "bathrooms": 3, "address": "N-340", "province": "Barcelona", "municipality": "Sant Just Desvern", "district": "Centre", "country": "es", "latitude": 41.3781551, "longitude": 2.0748847, "showAddress": false, "url": "https://www.idealista.com/inmueble/91439193/", "distance": "2394", "hasVideo": false, "status": "good", "newDevelopment": false, "hasLift": true, "parkingSpace": {"hasParkingSpace": true, "isParkingSpaceIncludedInPrice": true}, "priceByArea": 3714.0, "detailedType": {"typology": "flat"}, "suggestedTexts": {"subtitle": "Centre, Sant Just Desvern", "title": "Piso en N-340"}, "hasPlan": false, "has3DTour": false, "has360": false, "hasStaging": false, "topNewDevelopment": false}, {"propertyCode": "88554505", "thumbnail": "https://img3.idealista.com/blur/WEB_LISTING/0/id.pro.es.image.master/89/07/95/749493587.jpg", "externalReference": "11046", "numPhotos": 22, "floor": "2", "price": 330000.0, "propertyType": "flat", "operation": "sale", "size": 83.0, "exterior": true, "rooms": 4, "bathrooms": 1, "address": "Avenida Cornella", "province": "Barcelona", "municipality": "Esplugues de Llobregat", "district": "La Plana - Montesa", "country": "es", "latitude": 41.3692445, "longitude": 2.080695, "showAddress": false, "url": "https://www.idealista.com/inmueble/88554505/", "distance": "1385", "hasVideo": false, "status": "good", "newDevelopment": false, "hasLift": true, "priceByArea": 3976.0, "detailedType": {"typology": "flat"}, "suggestedTexts": {"subtitle": "La Plana - Montesa, Esplugues de Llobregat", "title": "Piso en Avenida Cornella"}, "hasPlan": false, "has3DTour": false, "has360": false, "hasStaging": false, "topNewDevelopment": false}, {"propertyCode": "88927053", "thumbnail": "https://img3.idealista.com/blur/WEB_LISTING/0/id.pro.es.image.master/0e/23/45/811040989.jpg", "externalReference": "25539", "numPhotos": 23, "floor": "2", "price": 287000.0, "propertyType": "flat", "operation": "sale", "size": 79.0, "exterior": true, "rooms": 3, "bathrooms": 2, "address": "barrio Centre", "province": "Barcelona", "municipality": "Hospitalet de Llobregat", "district": "Centre", "country": "es", "neighborhood": "Centre", "latitude": 41.361574, "longitude": 2.0939317, "showAddress": false, "url": "https://www.idealista.com/inmueble/88927053/", "distance": "1351", "hasVideo": false, "status": "good", "newDevelopment": false, "hasLift": true, "priceByArea": 3633.0, "detailedType": {"typology": "flat"}, "suggestedTexts": {"subtitle": "Centre, Hospitalet de Llobregat", "title": "Piso"}, "hasPlan": true, "has3DTour": false, "has360": false, "hasStaging": false, "topNewDevelopment": false}, {"propertyCode": "88927048", "thumbnail": "https://img3.idealista.com/blur/WEB_LISTING/0/id.pro.es.image.master/c5/ca/05/811040870.jpg", "externalReference": "25451", "numPhotos": 23, "floor": "bj", "price": 370000.0, "propertyType": "flat", "operation": "sale", "size": 102.0, "exterior": true, "rooms": 4, "bathrooms": 2, "address": "barrio Centre", "province": "Barcelona", "municipality": "Hospitalet de Llobregat", "district": "Centre", "country": "es", "neighborhood": "Centre", "latitude": 41.359974, "longitude": 2.0947317, "showAddress": false, "url": "https://www.idealista.com/inmueble/88927048/", "distance": "1357", "hasVideo": false, "status": "good", "newDevelopment": false, "hasLift": true, "priceByArea": 3627.0, "detailedType": {"typology": "flat"}, "suggestedTexts": {"subtitle": "Centre, Hospitalet de Llobregat", "title": "Piso"}, "hasPlan": true, "has3DTour": false, "has360": false, "hasStaging": false, "topNewDevelopment": false}, {"propertyCode": "81822436", "thumbnail": "https://img3.idealista.com/blur/WEB_LISTING/0/id.pro.es.image.master/83/66/40/730933695.jpg", "externalReference": "24217", "numPhotos": 23, "floor": "1", "price": 460000.0, "propertyType": "flat", "operation": "sale", "size": 111.0, "exterior": true, "rooms": 4, "bathrooms": 2, "address": "Centre", "province": "Barcelona", "municipality": "Sant Just Desvern", "district": "Centre", "country": "es", "latitude": 41.379824, "longitude": 2.0786795, "showAddress": false, "url": "https://www.idealista.com/inmueble/81822436/", "distance": "2555", "hasVideo": true, "status": "good", "newDevelopment": false, "hasLift": true, "priceByArea": 4144.0, "detailedType": {"typology": "flat"}, "suggestedTexts": {"subtitle": "Centre, Sant Just Desvern", "title": "Piso"}, "hasPlan": true, "has3DTour": false, "has360": false, "hasStaging": false, "topNewDevelopment": false}, {"propertyCode": "93046332", "thumbnail": "https://img3.idealista.com/blur/WEB_LISTING/0/id.pro.es.image.master/fc/41/e5/853357566.jpg", "externalReference": "547", "numPhotos": 13, "floor": "2", "price": 135000.0, "propertyType": "flat", "operation": "sale", "size": 62.0, "exterior": false, "rooms": 3, "bathrooms": 1, "address": "Mina s/n", "province": "Barcelona", "municipality": "Hospitalet de Llobregat", "district": "Can Serra - Pubilla Cases", "country": "es", "neighborhood": "Pubilla Cases", "latitude": 41.3712866, "longitude": 2.1006006, "showAddress": true, "url": "https://www.idealista.com/inmueble/93046332/", "distance": "2413", "hasVideo": true, "status": "good", "newDevelopment": false, "hasLift": true, "priceByArea": 2177.0, "detailedType": {"typology": "flat"}, "suggestedTexts": {"subtitle": "Pubilla Cases, Hospitalet de Llobregat", "title": "Piso en Mina s/n"}, "hasPlan": false, "has3DTour": false, "has360": false, "hasStaging": false, "topNewDevelopment": false}, {"propertyCode": "92689108", "thumbnail": "https://img3.idealista.com/blur/WEB_LISTING/0/id.pro.es.image.master/db/62/d7/845728715.jpg", "externalReference": "3193", "numPhotos": 12, "floor": "bj", "price": 95000.0, "propertyType": "flat", "operation": "sale", "size": 56.0, "exterior": false, "rooms": 2, "bathrooms": 1, "address": "Avenida de Severo Ochoa", "province": "Barcelona", "municipality": "Hospitalet de Llobregat", "district": "Can Serra - Pubilla Cases", "country": "es", "neighborhood": "Pubilla Cases", "latitude": 41.3701373, "longitude": 2.1008194, "showAddress": false, "url": "https://www.idealista.com/inmueble/92689108/", "distance": "2344", "hasVideo": false, "status": "good", "newDevelopment": false, "hasLift": false, "priceByArea": 1696.0, "detailedType": {"typology": "flat"}, "suggestedTexts": {"subtitle": "Pubilla Cases, Hospitalet de Llobregat", "title": "Piso en Avenida de Severo Ochoa"}, "hasPlan": true, "has3DTour": false, "has360": false, "hasStaging": false, "topNewDevelopment": false}, {"propertyCode": "92528599", "thumbnail": "https://img3.idealista.com/blur/WEB_LISTING/0/id.pro.es.image.master/3c/39/41/841843364.jpg", "externalReference": "3189", "numPhotos": 18, "floor": "6", "price": 165000.0, "propertyType": "flat", "operation": "sale", "size": 73.0, "exterior": true, "rooms": 3, "bathrooms": 1, "address": "Avenida d'Europa", "province": "Barcelona", "municipality": "Hospitalet de Llobregat", "district": "Bellvitge", "country": "es", "neighborhood": "Bellvitge", "latitude": 41.3559144, "longitude": 2.1164764, "showAddress": false, "url": "https://www.idealista.com/inmueble/92528599/", "distance": "3128", "hasVideo": false, "status": "good", "newDevelopment": false, "hasLift": true, "priceByArea": 2260.0, "detailedType": {"typology": "flat"}, "suggestedTexts": {"subtitle": "Bellvitge, Hospitalet de Llobregat", "title": "Piso en Avenida d'Europa"}, "hasPlan": true, "has3DTour": false, "has360": true, "hasStaging": false, "topNewDevelopment": false}, {"propertyCode": "92183219", "thumbnail": "https://img3.idealista.com/blur/WEB_LISTING/0/id.pro.es.image.master/fe/65/a9/832979121.jpg", "externalReference": "3180", "numPhotos": 18, "floor": "en", "price": 159900.0, "propertyType": "flat", "operation": "sale", "size": 70.0, "exterior": true, "rooms": 2, "bathrooms": 1, "address": "Avenida del Carrilet", "province": "Barcelona", "municipality": "Hospitalet de Llobregat", "district": "Centre", "country": "es", "neighborhood": "Sant Josep", "latitude": 41.3599103, "longitude": 2.1098992, "showAddress": false, "url": "https://www.idealista.com/inmueble/92183219/", "distance": "2600", "hasVideo": false, "status": "good", "newDevelopment": false, "hasLift": true, "priceByArea": 2284.0, "detailedType": {"typology": "flat"}, "suggestedTexts": {"subtitle": "Sant Josep, Hospitalet de Llobregat", "title": "Piso en Avenida del Carrilet"}, "hasPlan": true, "has3DTour": false, "has360": true, "hasStaging": false, "topNewDevelopment": false}, {"propertyCode": "88806526", "thumbnail": "https://img3.idealista.com/blur/WEB_LISTING/0/id.pro.es.image.master/c0/1f/86/755835595.jpg", "externalReference": "2129", "numPhotos": 19, "floor": "bj", "price": 169900.0, "propertyType": "flat", "operation": "sale", "size": 82.0, "exterior": true, "rooms": 3, "bathrooms": 2, "address": "Calle de Frederic Prats", "province": "Barcelona", "municipality": "Hospitalet de Llobregat", "district": "Centre", "country": "es", "neighborhood": "Centre", "latitude": 41.3590307, "longitude": 2.0961721, "showAddress": false, "url": "https://www.idealista.com/inmueble/88806526/", "distance": "1452", "hasVideo": true, "status": "good", "newDevelopment": false, "hasLift": false, "priceByArea": 2072.0, "detailedType": {"typology": "flat"}, "suggestedTexts": {"subtitle": "Centre, Hospitalet de Llobregat", "title": "Piso en Calle de Frederic Prats"}, "hasPlan": true, "has3DTour": false, "has360": false, "hasStaging": false, "topNewDevelopment": false}, {"propertyCode": "92810444", "thumbnail": "https://img3.idealista.com/blur/WEB_LISTING/0/id.pro.es.image.master/06/ea/4f/848661860.jpg", "externalReference": "AV-PC127", "numPhotos": 11, "floor": "2", "price": 124500.0, "propertyType": "flat", "operation": "sale", "size": 55.0, "exterior": false, "rooms": 3, "bathrooms": 1, "address": "masnou, 1", "province": "Barcelona", "municipality": "Hospitalet de Llobregat", "district": "La Florida - Les Planes", "country": "es", "neighborhood": "La Florida", "latitude": 41.3711722, "longitude": 2.1050846, "showAddress": true, "url": "https://www.idealista.com/inmueble/92810444/", "distance": "2696", "hasVideo": false, "status": "good", "newDevelopment": false, "hasLift": false, "priceByArea": 2264.0, "detailedType": {"typology": "flat"}, "suggestedTexts": {"subtitle": "La Florida, Hospitalet de Llobregat", "title": "Piso en masnou, 1"}, "hasPlan": false, "has3DTour": false, "has360": false, "hasStaging": false, "topNewDevelopment": false}, {"propertyCode": "88686072", "thumbnail": "https://img3.idealista.com/blur/WEB_LISTING/0/id.pro.es.image.master/9e/c0/4a/752829453.jpg", "externalReference": "960AR196A", "numPhotos": 30, "floor": "2", "price": 479000.0, "propertyType": "flat", "operation": "sale", "size": 143.0, "exterior": true, "rooms": 4, "bathrooms": 2, "address": "paissos catalans", "province": "Barcelona", "municipality": "Sant Just Desvern", "district": "Centre", "country": "es", "latitude": 41.3788065, "longitude": 2.0810444, "showAddress": false, "url": "https://www.idealista.com/inmueble/88686072/", "distance": "2447", "hasVideo": true, "status": "good", "newDevelopment": false, "hasLift": true, "parkingSpace": {"hasParkingSpace": true, "isParkingSpaceIncludedInPrice": true}, "priceByArea": 3350.0, "detailedType": {"typology": "flat"}, "suggestedTexts": {"subtitle": "Centre, Sant Just Desvern", "title": "Piso en paissos catalans"}, "hasPlan": false, "has3DTour": false, "has360": false, "hasStaging": false, "topNewDevelopment": false}, {"propertyCode": "88652979", "thumbnail": "https://img3.idealista.com/blur/WEB_LISTING/0/id.pro.es.image.master/d2/dc/ec/855995513.jpg", "externalReference": "1173", "numPhotos": 15, "price": 2100000.0, "propertyType": "chalet", "operation": "sale", "size": 325.0, "exterior": false, "rooms": 5, "bathrooms": 3, "address": "Calle de Ramon Llull", "province": "Barcelona", "municipality": "Esplugues de Llobregat", "district": "La Miranda - Ciutat Diagonal", "country": "es", "latitude": 41.3847869, "longitude": 2.0890265, "showAddress": false, "url": "https://www.idealista.com/inmueble/88652979/", "distance": "3217", "hasVideo": true, "status": "renew", "newDevelopment": false, "priceByArea": 6462.0, "detailedType": {"typology": "chalet"}, "suggestedTexts": {"subtitle": "La Miranda - Ciutat Diagonal, Esplugues de Llobregat", "title": "Chalet en Calle de Ramon Llull"}, "hasPlan": true, "has3DTour": false, "has360": false, "hasStaging": false, "topNewDevelopment": false}, {"propertyCode": "92656265", "thumbnail": "https://img3.idealista.com/blur/WEB_LISTING/0/id.pro.es.image.master/a4/23/69/844999507.jpg", "externalReference": "TANDEM-HIERBABUENA", "numPhotos": 36, "floor": "2", "price": 125000.0, "propertyType": "flat", "operation": "sale", "size": 67.0, "exterior": true, "rooms": 3, "bathrooms": 1, "address": "Hierbabuena", "province": "Barcelona", "municipality": "Hospitalet de Llobregat", "district": "Can Serra - Pubilla Cases", "country": "es", "neighborhood": "Pubilla Cases", "latitude": 41.3709079, "longitude": 2.1009459, "showAddress": false, "url": "https://www.idealista.com/inmueble/92656265/", "distance": "2407", "hasVideo": false, "status": "good", "newDevelopment": false, "hasLift": false, "parkingSpace": {"hasParkingSpace": true, "isParkingSpaceIncludedInPrice": false, "parkingSpacePrice": 15000.0}, "priceByArea": 1866.0, "detailedType": {"typology": "flat"}, "suggestedTexts": {"subtitle": "Pubilla Cases, Hospitalet de Llobregat", "title": "Piso en Hierbabuena"}, "hasPlan": false, "has3DTour": false, "has360": false, "hasStaging": false, "topNewDevelopment": false}, {"propertyCode": "93032028", "thumbnail": "https://img3.idealista.com/blur/WEB_LISTING/0/id.pro.es.image.master/e1/d9/67/853055299.jpg", "externalReference": "W-02L1DR", "numPhotos": 22, "floor": "1", "price": 315000.0, "propertyType": "flat", "operation": "sale", "size": 95.0, "exterior": true, "rooms": 3, "bathrooms": 1, "address": "La Plana - Montesa", "province": "Barcelona", "municipality": "Esplugues de Llobregat", "district": "La Plana - Montesa", "country": "es", "latitude": 41.3730756, "longitude": 2.0849796, "showAddress": false, "url": "https://www.idealista.com/inmueble/93032028/", "distance": "1872", "hasVideo": false, "status": "good", "newDevelopment": false, "hasLift": true, "priceByArea": 3316.0, "detailedType": {"typology": "flat"}, "suggestedTexts": {"subtitle": "La Plana - Montesa, Esplugues de Llobregat", "title": "Piso"}, "hasPlan": false, "has3DTour": false, "has360": false, "hasStaging": false, "topNewDevelopment": false}, {"propertyCode": "91803606", "thumbnail": "https://img3.idealista.com/blur/WEB_LISTING/0/id.pro.es.image.master/6e/eb/3a/823686631.jpg", "externalReference": "950AR261A", "numPhotos": 21, "floor": "4", "price": 205000.0, "propertyType": "flat", "operation": "sale", "size": 53.0, "exterior": true, "rooms": 3, "bathrooms": 1, "address": "Centre", "province": "Barcelona", "municipality": "Esplugues de Llobregat", "district": "Centre", "country": "es", "latitude": 41.3755139, "longitude": 2.0866362, "showAddress": false, "url": "https://www.idealista.com/inmueble/91803606/", "distance": "2171", "hasVideo": true, "status": "good", "newDevelopment": false, "hasLift": true, "priceByArea": 3868.0, "detailedType": {"typology": "flat"}, "suggestedTexts": {"subtitle": "Centre, Esplugues de Llobregat", "title": "Piso"}, "hasPlan": false, "has3DTour": false, "has360": false, "hasStaging": false, "topNewDevelopment": false}, {"propertyCode": "90334500", "thumbnail": "https://img3.idealista.com/blur/WEB_LISTING/0/id.pro.es.image.master/2c/f1/e9/788368267.jpg", "numPhotos": 20, "floor": "2", "price": 93000.0, "propertyType": "flat", "operation": "sale", "size": 55.0, "exterior": true, "rooms": 2, "bathrooms": 1, "address": "Alegria", "province": "Barcelona", "municipality": "Hospitalet de Llobregat", "district": "La Florida - Les Planes", "country": "es", "neighborhood": "La Florida", "latitude": 41.3715683, "longitude": 2.1117631, "showAddress": false, "url": "https://www.idealista.com/inmueble/90334500/", "distance": "3186", "hasVideo": false, "status": "renew", "newDevelopment": false, "hasLift": false, "priceByArea": 1691.0, "detailedType": {"typology": "flat"}, "suggestedTexts": {"subtitle": "La Florida, Hospitalet de Llobregat", "title": "Piso en Alegria"}, "hasPlan": true, "has3DTour": false, "has360": false, "hasStaging": false, "topNewDevelopment": false}, {"propertyCode": "91909399", "thumbnail": "https://img3.idealista.com/blur/WEB_LISTING/0/id.pro.es.image.master/15/d8/24/826216940.jpg", "externalReference": "SP117TV", "numPhotos": 46, "price": 1380000.0, "propertyType": "chalet", "operation": "sale", "size": 519.0, "exterior": false, "rooms": 7, "bathrooms": 3, "address": "Centre", "province": "Barcelona", "municipality": "Sant Just Desvern", "district": "Centre", "country": "es", "latitude": 41.3826505, "longitude": 2.0745571, "showAddress": false, "url": "https://www.idealista.com/inmueble/91909399/", "distance": "2893", "hasVideo": true, "status": "good", "newDevelopment": false, "parkingSpace": {"hasParkingSpace": true, "isParkingSpaceIncludedInPrice": true}, "priceByArea": 2659.0, "detailedType": {"typology": "chalet", "subTypology": "independantHouse"}, "suggestedTexts": {"subtitle": "Centre, Sant Just Desvern", "title": "Casa independiente"}, "hasPlan": false, "has3DTour": false, "has360": false, "hasStaging": false, "topNewDevelopment": false}, {"propertyCode": "92040001", "thumbnail": "https://img3.idealista.com/blur/WEB_LISTING/0/id.pro.es.image.master/09/03/73/829309478.jpg", "externalReference": "VG-SJ132", "numPhotos": 13, "floor": "1", "price": 120000.0, "propertyType": "flat", "operation": "sale", "size": 64.0, "exterior": false, "rooms": 3, "bathrooms": 1, "address": "VENTURA GASSOL", "province": "Barcelona", "municipality": "Hospitalet de Llobregat", "district": "Centre", "country": "es", "neighborhood": "Sant Josep", "latitude": 41.363924, "longitude": 2.1122576, "showAddress": false, "url": "https://www.idealista.com/inmueble/92040001/", "distance": "2884", "hasVideo": false, "status": "good", "newDevelopment": false, "hasLift": false, "priceByArea": 1875.0, "detailedType": {"typology": "flat"}, "suggestedTexts": {"subtitle": "Sant Josep, Hospitalet de Llobregat", "title": "Piso en VENTURA GASSOL"}, "hasPlan": false, "has3DTour": false, "has360": false, "hasStaging": false, "topNewDevelopment": false}, {"propertyCode": "91817020", "thumbnail": "https://img3.idealista.com/blur/WEB_LISTING/0/id.pro.es.image.master/b8/d5/af/824023114.jpg", "externalReference": "960AR262L", "numPhotos": 40, "price": 790000.0, "propertyType": "chalet", "operation": "sale", "size": 284.0, "exterior": false, "rooms": 4, "bathrooms": 4, "address": "La Miranda - Can Candeler", "province": "Barcelona", "municipality": "Sant Just Desvern", "district": "La Miranda - Can Candeler", "country": "es", "latitude": 41.3811369, "longitude": 2.0802379, "showAddress": false, "url": "https://www.idealista.com/inmueble/91817020/", "distance": "2702", "hasVideo": true, "status": "good", "newDevelopment": false, "parkingSpace": {"hasParkingSpace": true, "isParkingSpaceIncludedInPrice": true}, "priceByArea": 2782.0, "detailedType": {"typology": "chalet", "subTypology": "terracedHouse"}, "suggestedTexts": {"subtitle": "La Miranda - Can Candeler, Sant Just Desvern", "title": "Chalet adosado"}, "hasPlan": false, "has3DTour": false, "has360": false, "hasStaging": false, "topNewDevelopment": false}, {"propertyCode": "91778188", "thumbnail": "https://img3.idealista.com/blur/WEB_LISTING/0/id.pro.es.image.master/e4/f9/13/823061764.jpg", "externalReference": "960AR259L", "numPhotos": 30, "floor": "1", "price": 648000.0, "propertyType": "flat", "operation": "sale", "size": 157.0, "exterior": true, "rooms": 4, "bathrooms": 3, "address": "Centre", "province": "Barcelona", "municipality": "Sant Just Desvern", "district": "Centre", "country": "es", "latitude": 41.3845071, "longitude": 2.0787533, "showAddress": false, "url": "https://www.idealista.com/inmueble/91778188/", "distance": "3075", "hasVideo": true, "status": "good", "newDevelopment": false, "hasLift": true, "parkingSpace": {"hasParkingSpace": true, "isParkingSpaceIncludedInPrice": true}, "priceByArea": 4127.0, "detailedType": {"typology": "flat"}, "suggestedTexts": {"subtitle": "Centre, Sant Just Desvern", "title": "Piso"}, "hasPlan": false, "has3DTour": false, "has360": false, "hasStaging": false, "topNewDevelopment": false}, {"propertyCode": "89944944", "thumbnail": "https://img3.idealista.com/blur/WEB_LISTING/0/id.pro.es.image.master/ef/14/e1/782280858.jpg", "externalReference": "950MD225A", "numPhotos": 21, "floor": "1", "price": 230000.0, "propertyType": "flat", "operation": "sale", "size": 64.0, "exterior": true, "rooms": 3, "bathrooms": 1, "address": "Can Clota", "province": "Barcelona", "municipality": "Esplugues de Llobregat", "district": "Can Clota", "country": "es", "latitude": 41.3734428, "longitude": 2.0937856, "showAddress": false, "url": "https://www.idealista.com/inmueble/89944944/", "distance": "2219", "hasVideo": true, "status": "good", "newDevelopment": false, "hasLift": true, "priceByArea": 3594.0, "detailedType": {"typology": "flat"}, "suggestedTexts": {"subtitle": "Can Clota, Esplugues de Llobregat", "title": "Piso"}, "hasPlan": false, "has3DTour": false, "has360": false, "hasStaging": false, "topNewDevelopment": false}, {"propertyCode": "88973681", "thumbnail": "https://img3.idealista.com/blur/WEB_LISTING/0/id.pro.es.image.master/30/f2/51/760129548.jpg", "externalReference": "960MD212A", "numPhotos": 22, "floor": "3", "price": 310000.0, "propertyType": "flat", "operation": "sale", "size": 75.0, "exterior": true, "rooms": 3, "bathrooms": 1, "address": "Centre", "province": "Barcelona", "municipality": "Sant Just Desvern", "district": "Centre", "country": "es", "latitude": 41.3841224, "longitude": 2.0825438, "showAddress": false, "url": "https://www.idealista.com/inmueble/88973681/", "distance": "3047", "hasVideo": false, "status": "good", "newDevelopment": false, "hasLift": false, "priceByArea": 4133.0, "detailedType": {"typology": "flat"}, "suggestedTexts": {"subtitle": "Centre, Sant Just Desvern", "title": "Piso"}, "hasPlan": false, "has3DTour": false, "has360": false, "hasStaging": false, "topNewDevelopment": false}, {"propertyCode": "93030093", "thumbnail": "https://img3.idealista.com/blur/WEB_LISTING/0/id.pro.es.image.master/dd/c1/c4/853011254.jpg", "externalReference": "C-SJ189", "numPhotos": 14, "floor": "7", "price": 189000.0, "propertyType": "flat", "operation": "sale", "size": 70.0, "exterior": true, "rooms": 3, "bathrooms": 1, "address": "CARRILET", "province": "Barcelona", "municipality": "Hospitalet de Llobregat", "district": "Centre", "country": "es", "neighborhood": "Sant Josep", "latitude": 41.3627103, "longitude": 2.1116992, "showAddress": false, "url": "https://www.idealista.com/inmueble/93030093/", "distance": "2805", "hasVideo": false, "status": "good", "newDevelopment": false, "hasLift": true, "priceByArea": 2700.0, "detailedType": {"typology": "flat"}, "suggestedTexts": {"subtitle": "Sant Josep, Hospitalet de Llobregat", "title": "Piso en CARRILET"}, "hasPlan": false, "has3DTour": false, "has360": false, "hasStaging": false, "topNewDevelopment": false}, {"propertyCode": "92809052", "thumbnail": "https://img3.idealista.com/blur/WEB_LISTING/0/id.pro.es.image.master/94/c7/77/848629154.jpg", "externalReference": "E-PC130", "numPhotos": 10, "floor": "1", "price": 129000.0, "propertyType": "flat", "operation": "sale", "size": 50.0, "exterior": true, "rooms": 3, "bathrooms": 1, "address": "ELECTRICITAT", "province": "Barcelona", "municipality": "Hospitalet de Llobregat", "district": "Can Serra - Pubilla Cases", "country": "es", "neighborhood": "Pubilla Cases", "latitude": 41.3681181, "longitude": 2.1039422, "showAddress": false, "url": "https://www.idealista.com/inmueble/92809052/", "distance": "2429", "hasVideo": false, "status": "good", "newDevelopment": false, "hasLift": true, "priceByArea": 2580.0, "detailedType": {"typology": "flat"}, "suggestedTexts": {"subtitle": "Pubilla Cases, Hospitalet de Llobregat", "title": "Piso en ELECTRICITAT"}, "hasPlan": false, "has3DTour": false, "has360": false, "hasStaging": false, "topNewDevelopment": false}, {"propertyCode": "92609428", "thumbnail": "https://img3.idealista.com/blur/WEB_LISTING/0/id.pro.es.image.master/df/8c/92/843935564.jpg", "externalReference": "D VIN 109", "numPhotos": 11, "floor": "5", "price": 109000.0, "propertyType": "penthouse", "operation": "sale", "size": 60.0, "exterior": true, "rooms": 3, "bathrooms": 1, "address": "Calle de Vinar\u00f2s", "province": "Barcelona", "municipality": "Hospitalet de Llobregat", "district": "Can Serra - Pubilla Cases", "country": "es", "neighborhood": "Pubilla Cases", "latitude": 41.3734592, "longitude": 2.1031582, "showAddress": false, "url": "https://www.idealista.com/inmueble/92609428/", "distance": "2733", "hasVideo": false, "status": "good", "newDevelopment": false, "hasLift": false, "priceByArea": 1817.0, "detailedType": {"typology": "flat", "subTypology": "penthouse"}, "suggestedTexts": {"subtitle": "Pubilla Cases, Hospitalet de Llobregat", "title": "\u00c1tico en Calle de Vinar\u00f2s"}, "hasPlan": false, "has3DTour": false, "has360": false, "hasStaging": false, "topNewDevelopment": false}, {"propertyCode": "88821528", "thumbnail": "https://img3.idealista.com/blur/WEB_LISTING/0/id.pro.es.image.master/c3/a4/1b/278286076.jpg", "externalReference": "212", "numPhotos": 20, "floor": "1", "price": 199000.0, "propertyType": "flat", "operation": "sale", "size": 60.0, "exterior": true, "rooms": 1, "bathrooms": 1, "address": "Calle Anselm Clave", "province": "Barcelona", "municipality": "Sant Just Desvern", "district": "Centre", "country": "es", "latitude": 41.385784, "longitude": 2.0761888, "showAddress": false, "url": "https://www.idealista.com/inmueble/88821528/", "distance": "3226", "hasVideo": false, "status": "good", "newDevelopment": false, "hasLift": false, "priceByArea": 3317.0, "detailedType": {"typology": "flat"}, "suggestedTexts": {"subtitle": "Centre, Sant Just Desvern", "title": "Piso en Calle Anselm Clave"}, "hasPlan": false, "has3DTour": false, "has360": false, "hasStaging": false, "topNewDevelopment": false}, {"propertyCode": "92225588", "thumbnail": "https://img3.idealista.com/blur/WEB_LISTING/0/id.pro.es.image.master/63/36/2e/834147092.jpg", "externalReference": "ALB153", "numPhotos": 33, "floor": "bj", "price": 2250000.0, "propertyType": "chalet", "operation": "sale", "size": 489.0, "exterior": false, "rooms": 6, "bathrooms": 5, "address": "La Miranda - Ciutat Diagonal", "province": "Barcelona", "municipality": "Esplugues de Llobregat", "district": "La Miranda - Ciutat Diagonal", "country": "es", "latitude": 41.3818359, "longitude": 2.0909714, "showAddress": false, "url": "https://www.idealista.com/inmueble/92225588/", "distance": "2952", "hasVideo": true, "status": "good", "newDevelopment": false, "parkingSpace": {"hasParkingSpace": true, "isParkingSpaceIncludedInPrice": true}, "priceByArea": 4601.0, "detailedType": {"typology": "chalet", "subTypology": "terracedHouse"}, "suggestedTexts": {"subtitle": "La Miranda - Ciutat Diagonal, Esplugues de Llobregat", "title": "Chalet adosado"}, "hasPlan": false, "has3DTour": false, "has360": false, "hasStaging": false, "topNewDevelopment": false}, {"propertyCode": "89232336", "thumbnail": "https://img3.idealista.com/blur/WEB_LISTING/0/id.pro.es.image.master/af/d5/00/680205991.jpg", "externalReference": "1104681_V", "numPhotos": 9, "floor": "en", "price": 250000.0, "propertyType": "flat", "operation": "sale", "size": 96.0, "exterior": true, "rooms": 2, "bathrooms": 1, "address": "Carrer de Josep Campreci\u00f3s", "province": "Barcelona", "municipality": "Esplugues de Llobregat", "district": "Centre", "country": "es", "latitude": 41.3778188, "longitude": 2.0851971, "showAddress": false, "url": "https://www.idealista.com/inmueble/89232336/", "distance": "2388", "hasVideo": false, "status": "good", "newDevelopment": false, "hasLift": true, "priceByArea": 2604.0, "detailedType": {"typology": "flat"}, "suggestedTexts": {"subtitle": "Centre, Esplugues de Llobregat", "title": "Piso en Carrer de Josep Campreci\u00f3s"}, "hasPlan": false, "has3DTour": false, "has360": false, "hasStaging": false, "topNewDevelopment": false}, {"propertyCode": "91302966", "thumbnail": "https://img3.idealista.com/blur/WEB_LISTING/0/id.pro.es.image.master/f5/bd/0c/811467783.jpg", "externalReference": "27754", "numPhotos": 30, "price": 1380000.0, "propertyType": "chalet", "operation": "sale", "size": 519.0, "exterior": false, "rooms": 6, "bathrooms": 2, "address": "Centre", "province": "Barcelona", "municipality": "Sant Just Desvern", "district": "Centre", "country": "es", "latitude": 41.3792505, "longitude": 2.0728571, "showAddress": false, "url": "https://www.idealista.com/inmueble/91302966/", "distance": "2543", "hasVideo": true, "status": "good", "newDevelopment": false, "parkingSpace": {"hasParkingSpace": true, "isParkingSpaceIncludedInPrice": true}, "priceByArea": 2659.0, "detailedType": {"typology": "chalet"}, "suggestedTexts": {"subtitle": "Centre, Sant Just Desvern", "title": "Chalet"}, "hasPlan": false, "has3DTour": false, "has360": false, "hasStaging": false, "topNewDevelopment": false}, {"propertyCode": "84482895", "thumbnail": "https://img3.idealista.com/blur/WEB_LISTING/0/id.pro.es.image.master/d7/eb/85/818845315.jpg", "externalReference": "25285", "numPhotos": 42, "price": 890000.0, "propertyType": "chalet", "operation": "sale", "size": 310.0, "exterior": false, "rooms": 4, "bathrooms": 4, "address": "Centre", "province": "Barcelona", "municipality": "Sant Just Desvern", "district": "Centre", "country": "es", "latitude": 41.3768382, "longitude": 2.0769916, "showAddress": false, "url": "https://www.idealista.com/inmueble/84482895/", "distance": "2229", "hasVideo": false, "status": "good", "newDevelopment": false, "parkingSpace": {"hasParkingSpace": true, "isParkingSpaceIncludedInPrice": true}, "priceByArea": 2871.0, "detailedType": {"typology": "chalet"}, "suggestedTexts": {"subtitle": "Centre, Sant Just Desvern", "title": "Chalet"}, "hasPlan": false, "has3DTour": false, "has360": false, "hasStaging": false, "topNewDevelopment": false}, {"propertyCode": "92399305", "thumbnail": "https://img3.idealista.com/blur/WEB_LISTING/0/id.pro.es.image.master/be/de/c2/838837291.jpg", "externalReference": "V1650", "numPhotos": 19, "floor": "3", "price": 87000.0, "propertyType": "flat", "operation": "sale", "size": 55.0, "exterior": false, "rooms": 3, "bathrooms": 1, "address": "barrio La Florida", "province": "Barcelona", "municipality": "Hospitalet de Llobregat", "district": "La Florida - Les Planes", "country": "es", "neighborhood": "La Florida", "latitude": 41.370334, "longitude": 2.1126441, "showAddress": false, "url": "https://www.idealista.com/inmueble/92399305/", "distance": "3182", "hasVideo": false, "status": "good", "newDevelopment": false, "hasLift": false, "priceByArea": 1582.0, "detailedType": {"typology": "flat"}, "suggestedTexts": {"subtitle": "La Florida, Hospitalet de Llobregat", "title": "Piso"}, "hasPlan": false, "has3DTour": false, "has360": false, "hasStaging": false, "topNewDevelopment": false}, {"propertyCode": "92361240", "thumbnail": "https://img3.idealista.com/blur/WEB_LISTING/0/id.pro.es.image.master/c1/8a/2a/837918067.jpg", "numPhotos": 10, "floor": "1", "price": 149800.0, "propertyType": "flat", "operation": "sale", "size": 60.0, "exterior": true, "rooms": 3, "bathrooms": 1, "address": "Avenida d'Isabel la Cat\u00f2lica", "province": "Barcelona", "municipality": "Hospitalet de Llobregat", "district": "Can Serra - Pubilla Cases", "country": "es", "neighborhood": "Can Serra", "latitude": 41.3658199, "longitude": 2.102977, "showAddress": false, "url": "https://www.idealista.com/inmueble/92361240/", "distance": "2235", "hasVideo": false, "status": "good", "newDevelopment": false, "hasLift": true, "priceByArea": 2497.0, "detailedType": {"typology": "flat"}, "suggestedTexts": {"subtitle": "Can Serra, Hospitalet de Llobregat", "title": "Piso en Avenida d'Isabel la Cat\u00f2lica"}, "hasPlan": false, "has3DTour": false, "has360": false, "hasStaging": false, "topNewDevelopment": false}]