[{"propertyCode": "84372470", "thumbnail": "https://img3.idealista.com/blur/WEB_LISTING/0/id.pro.es.image.master/a8/fd/5a/661677894.jpg", "externalReference": "PO0141060001", "numPhotos": 33, "floor": "3", "price": 345000.0, "propertyType": "flat", "operation": "sale", "size": 70.0, "exterior": false, "rooms": 2, "bathrooms": 2, "address": "barrio El Poble Sec - Parc de Montju\u00efc", "province": "Barcelona", "municipality": "Barcelona", "district": "Sants-Montju\u00efc", "country": "es", "neighborhood": "El Poble Sec - Parc de Montju\u00efc", "latitude": 41.3709507, "longitude": 2.1669982, "showAddress": false, "url": "https://www.idealista.com/inmueble/84372470/", "distance": "490", "hasVideo": false, "status": "good", "newDevelopment": false, "hasLift": false, "priceByArea": 4929.0, "detailedType": {"typology": "flat"}, "suggestedTexts": {"subtitle": "El Poble Sec - Parc de Montju\u00efc, Barcelona", "title": "Piso"}, "hasPlan": false, "has3DTour": false, "has360": false, "hasStaging": false, "topNewDevelopment": false}, {"propertyCode": "91100937", "thumbnail": "https://img3.idealista.com/blur/WEB_LISTING/0/id.pro.es.image.master/08/32/df/806774665.jpg", "externalReference": "145VE07SOR2E", "numPhotos": 17, "floor": "en", "price": 185000.0, "propertyType": "flat", "operation": "sale", "size": 48.0, "exterior": true, "rooms": 1, "bathrooms": 1, "address": "Calle del Roser", "province": "Barcelona", "municipality": "Barcelona", "district": "Sants-Montju\u00efc", "country": "es", "neighborhood": "El Poble Sec - Parc de Montju\u00efc", "latitude": 41.3707371, "longitude": 2.1650432, "showAddress": false, "url": "https://www.idealista.com/inmueble/91100937/", "distance": "442", "hasVideo": false, "status": "good", "newDevelopment": false, "priceByArea": 3854.0, "detailedType": {"typology": "flat"}, "suggestedTexts": {"subtitle": "El Poble Sec - Parc de Montju\u00efc, Barcelona", "title": "Piso en Calle del Roser"}, "hasPlan": true, "has3DTour": false, "has360": false, "hasStaging": false, "topNewDevelopment": false}, {"propertyCode": "84401224", "thumbnail": "https://img3.idealista.com/blur/WEB_LISTING/0/id.pro.es.image.master/89/ba/10/638253804.jpg", "externalReference": "Roser", "numPhotos": 21, "floor": "3", "price": 299500.0, "propertyType": "flat", "operation": "sale", "size": 61.0, "exterior": true, "rooms": 2, "bathrooms": 1, "address": "Roser", "province": "Barcelona", "municipality": "Barcelona", "district": "Sants-Montju\u00efc", "country": "es", "neighborhood": "El Poble Sec - Parc de Montju\u00efc", "latitude": 41.3708918, "longitude": 2.1672772, "showAddress": false, "url": "https://www.idealista.com/inmueble/84401224/", "distance": "492", "hasVideo": true, "status": "good", "newDevelopment": false, "hasLift": false, "priceByArea": 4910.0, "detailedType": {"typology": "flat"}, "suggestedTexts": {"subtitle": "El Poble Sec - Parc de Montju\u00efc, Barcelona", "title": "Piso en Roser"}, "hasPlan": true, "has3DTour": false, "has360": false, "hasStaging": false, "topNewDevelopment": false}, {"propertyCode": "87156456", "thumbnail": "https://img3.idealista.com/blur/WEB_LISTING/0/id.pro.es.image.master/2d/38/45/713160086.jpg", "externalReference": "VPI5-0319", "numPhotos": 21, "floor": "3", "price": 176000.0, "propertyType": "flat", "operation": "sale", "size": 59.0, "exterior": true, "rooms": 3, "bathrooms": 1, "address": "barrio El Poble Sec - Parc de Montju\u00efc", "province": "Barcelona", "municipality": "Barcelona", "district": "Sants-Montju\u00efc", "country": "es", "neighborhood": "El Poble Sec - Parc de Montju\u00efc", "latitude": 41.3696443, "longitude": 2.163452, "showAddress": false, "url": "https://www.idealista.com/inmueble/87156456/", "distance": "349", "hasVideo": false, "status": "renew", "newDevelopment": false, "hasLift": false, "priceByArea": 2983.0, "detailedType": {"typology": "flat"}, "suggestedTexts": {"subtitle": "El Poble Sec - Parc de Montju\u00efc, Barcelona", "title": "Piso"}, "hasPlan": false, "has3DTour": false, "has360": false, "hasStaging": false, "topNewDevelopment": false}, {"propertyCode": "92606493", "thumbnail": "https://img3.idealista.com/blur/WEB_LISTING/0/id.pro.es.image.master/27/73/f4/843848701.jpg", "numPhotos": 32, "floor": "bj", "price": 745000.0, "propertyType": "flat", "operation": "sale", "size": 175.0, "exterior": false, "rooms": 2, "bathrooms": 2, "address": "Calle de Margarit", "province": "Barcelona", "municipality": "Barcelona", "district": "Sants-Montju\u00efc", "country": "es", "neighborhood": "El Poble Sec - Parc de Montju\u00efc", "latitude": 41.3701716, "longitude": 2.1624042, "showAddress": false, "url": "https://www.idealista.com/inmueble/92606493/", "distance": "442", "hasVideo": false, "status": "good", "newDevelopment": false, "hasLift": true, "priceByArea": 4257.0, "detailedType": {"typology": "flat"}, "suggestedTexts": {"subtitle": "El Poble Sec - Parc de Montju\u00efc, Barcelona", "title": "Piso en Calle de Margarit"}, "hasPlan": true, "has3DTour": false, "has360": false, "hasStaging": false, "topNewDevelopment": false}, {"propertyCode": "88978970", "thumbnail": "https://img3.idealista.com/blur/WEB_LISTING/0/id.pro.es.image.master/fa/04/96/760208726.jpg", "externalReference": "W-02GQUT", "numPhotos": 34, "price": 189500.0, "propertyType": "flat", "operation": "sale", "size": 46.0, "exterior": false, "rooms": 2, "bathrooms": 1, "address": "barrio El Poble Sec - Parc de Montju\u00efc", "province": "Barcelona", "municipality": "Barcelona", "district": "Sants-Montju\u00efc", "country": "es", "neighborhood": "El Poble Sec - Parc de Montju\u00efc", "latitude": 41.3700475, "longitude": 2.1660944, "showAddress": false, "url": "https://www.idealista.com/inmueble/88978970/", "distance": "373", "hasVideo": false, "status": "good", "newDevelopment": false, "hasLift": false, "priceByArea": 4120.0, "detailedType": {"typology": "flat"}, "suggestedTexts": {"subtitle": "El Poble Sec - Parc de Montju\u00efc, Barcelona", "title": "Piso"}, "hasPlan": false, "has3DTour": false, "has360": false, "hasStaging": false, "topNewDevelopment": false}, {"propertyCode": "92248147", "thumbnail": "https://img3.idealista.com/blur/WEB_LISTING/90/id.pro.es.image.master/06/68/4c/834711774.jpg", "numPhotos": 17, "floor": "5", "price": 295000.0, "propertyType": "flat", "operation": "sale", "size": 65.0, "exterior": true, "rooms": 2, "bathrooms": 1, "address": "Calle de Blesa", "province": "Barcelona", "municipality": "Barcelona", "district": "Sants-Montju\u00efc", "country": "es", "neighborhood": "El Poble Sec - Parc de Montju\u00efc", "latitude": 41.370331, "longitude": 2.1686528, "showAddress": false, "url": "https://www.idealista.com/inmueble/92248147/", "distance": "493", "hasVideo": false, "status": "good", "newDevelopment": false, "hasLift": true, "priceByArea": 4538.0, "detailedType": {"typology": "flat"}, "suggestedTexts": {"subtitle": "El Poble Sec - Parc de Montju\u00efc, Barcelona", "title": "Piso en Calle de Blesa"}, "hasPlan": true, "has3DTour": false, "has360": false, "hasStaging": false, "topNewDevelopment": false}, {"propertyCode": "92016409", "thumbnail": "https://img3.idealista.com/blur/WEB_LISTING/0/id.pro.es.image.master/18/7b/b3/828721242.jpg", "externalReference": "AHB7287", "numPhotos": 11, "price": 179800.0, "propertyType": "flat", "operation": "sale", "size": 65.0, "exterior": false, "rooms": 2, "bathrooms": 1, "address": "Calle Nou de la Rambla", "province": "Barcelona", "municipality": "Barcelona", "district": "Sants-Montju\u00efc", "country": "es", "neighborhood": "El Poble Sec - Parc de Montju\u00efc", "latitude": 41.3704006, "longitude": 2.1665008, "showAddress": false, "url": "https://www.idealista.com/inmueble/92016409/", "distance": "420", "hasVideo": false, "status": "renew", "newDevelopment": false, "priceByArea": 2766.0, "detailedType": {"typology": "flat"}, "suggestedTexts": {"subtitle": "El Poble Sec - Parc de Montju\u00efc, Barcelona", "title": "Piso en Calle Nou de la Rambla"}, "hasPlan": true, "has3DTour": false, "has360": false, "hasStaging": false, "topNewDevelopment": false}, {"propertyCode": "90240480", "thumbnail": "https://img3.idealista.com/blur/WEB_LISTING/0/id.pro.es.image.master/b3/8a/6e/786129538.jpg", "externalReference": "AKR-3601-JF", "numPhotos": 29, "floor": "1", "price": 228000.0, "propertyType": "flat", "operation": "sale", "size": 75.0, "exterior": true, "rooms": 3, "bathrooms": 1, "address": "BLESA", "province": "Barcelona", "municipality": "Barcelona", "district": "Sants-Montju\u00efc", "country": "es", "neighborhood": "El Poble Sec - Parc de Montju\u00efc", "latitude": 41.3706906, "longitude": 2.1671815, "showAddress": false, "url": "https://www.idealista.com/inmueble/90240480/", "distance": "468", "hasVideo": false, "status": "good", "newDevelopment": false, "hasLift": true, "parkingSpace": {"hasParkingSpace": true, "isParkingSpaceIncludedInPrice": false, "parkingSpacePrice": 15000.0}, "priceByArea": 3040.0, "detailedType": {"typology": "flat"}, "suggestedTexts": {"subtitle": "El Poble Sec - Parc de Montju\u00efc, Barcelona", "title": "Piso en BLESA"}, "hasPlan": true, "has3DTour": false, "has360": false, "hasStaging": false, "topNewDevelopment": false}, {"propertyCode": "92599247", "thumbnail": "https://img3.idealista.com/blur/WEB_LISTING/0/id.pro.es.image.master/bd/ca/fe/843660407.jpg", "externalReference": "POBLSEC-SALVA", "numPhotos": 29, "floor": "1", "price": 219000.0, "propertyType": "flat", "operation": "sale", "size": 70.0, "exterior": true, "rooms": 2, "bathrooms": 1, "address": "salva", "province": "Barcelona", "municipality": "Barcelona", "district": "Sants-Montju\u00efc", "country": "es", "neighborhood": "El Poble Sec - Parc de Montju\u00efc", "latitude": 41.3703565, "longitude": 2.1635215, "showAddress": false, "url": "https://www.idealista.com/inmueble/92599247/", "distance": "421", "hasVideo": true, "status": "good", "newDevelopment": false, "hasLift": true, "priceByArea": 3129.0, "detailedType": {"typology": "flat"}, "suggestedTexts": {"subtitle": "El Poble Sec - Parc de Montju\u00efc, Barcelona", "title": "Piso en salva"}, "hasPlan": false, "has3DTour": false, "has360": false, "hasStaging": false, "topNewDevelopment": false}, {"propertyCode": "84745785", "thumbnail": "https://img3.idealista.com/blur/WEB_LISTING/0/id.pro.es.image.master/1e/de/33/839454879.jpg", "externalReference": "OI-000-030-680-754", "numPhotos": 17, "price": 85500.0, "propertyType": "flat", "operation": "sale", "size": 13.0, "exterior": false, "rooms": 1, "bathrooms": 1, "address": "barrio El Poble Sec - Parc de Montju\u00efc", "province": "Barcelona", "municipality": "Barcelona", "district": "Sants-Montju\u00efc", "country": "es", "neighborhood": "El Poble Sec - Parc de Montju\u00efc", "latitude": 41.3707798, "longitude": 2.1624982, "showAddress": false, "url": "https://www.idealista.com/inmueble/84745785/", "distance": "498", "hasVideo": false, "status": "good", "newDevelopment": false, "hasLift": false, "priceByArea": 6577.0, "detailedType": {"typology": "flat"}, "suggestedTexts": {"subtitle": "El Poble Sec - Parc de Montju\u00efc, Barcelona", "title": "Piso"}, "hasPlan": true, "has3DTour": false, "has360": false, "hasStaging": false, "topNewDevelopment": false}, {"propertyCode": "84674883", "thumbnail": "https://img3.idealista.com/blur/WEB_LISTING/0/id.pro.es.image.master/22/88/b3/644391546.jpg", "externalReference": "01161", "numPhotos": 12, "floor": "1", "price": 185000.0, "propertyType": "flat", "operation": "sale", "size": 56.0, "exterior": true, "rooms": 3, "bathrooms": 1, "address": "Calle del Poeta Cabanyes, Barcelona", "province": "Barcelona", "municipality": "Barcelona", "district": "Sants-Montju\u00efc", "country": "es", "neighborhood": "El Poble Sec - Parc de Montju\u00efc", "latitude": 41.3706601, "longitude": 2.1632709, "showAddress": false, "url": "https://www.idealista.com/inmueble/84674883/", "distance": "460", "hasVideo": false, "status": "good", "newDevelopment": false, "hasLift": false, "priceByArea": 3304.0, "detailedType": {"typology": "flat"}, "suggestedTexts": {"subtitle": "El Poble Sec - Parc de Montju\u00efc, Barcelona", "title": "Piso en Calle del Poeta Cabanyes, Barcelona"}, "hasPlan": false, "has3DTour": false, "has360": false, "hasStaging": false, "topNewDevelopment": false}, {"propertyCode": "91927284", "thumbnail": "https://img3.idealista.com/blur/WEB_LISTING/0/id.pro.es.image.master/86/8c/f9/826638672.jpg", "externalReference": "G3522", "numPhotos": 15, "floor": "bj", "price": 185000.0, "propertyType": "flat", "operation": "sale", "size": 48.0, "exterior": false, "rooms": 1, "bathrooms": 1, "address": "Calle del Roser", "province": "Barcelona", "municipality": "Barcelona", "district": "Sants-Montju\u00efc", "country": "es", "neighborhood": "El Poble Sec - Parc de Montju\u00efc", "latitude": 41.3702371, "longitude": 2.1669432, "showAddress": false, "url": "https://www.idealista.com/inmueble/91927284/", "distance": "414", "hasVideo": false, "status": "good", "newDevelopment": false, "hasLift": true, "priceByArea": 3854.0, "detailedType": {"typology": "flat"}, "suggestedTexts": {"subtitle": "El Poble Sec - Parc de Montju\u00efc, Barcelona", "title": "Piso en Calle del Roser"}, "hasPlan": false, "has3DTour": false, "has360": false, "hasStaging": false, "topNewDevelopment": false}, {"propertyCode": "92608642", "thumbnail": "https://img3.idealista.com/blur/WEB_LISTING/0/id.pro.es.image.master/2b/99/29/843907172.jpg", "externalReference": "MHB-ROSER", "numPhotos": 15, "floor": "1", "price": 185000.0, "propertyType": "flat", "operation": "sale", "size": 48.0, "exterior": true, "rooms": 2, "bathrooms": 1, "address": "barrio El Poble Sec - Parc de Montju\u00efc", "province": "Barcelona", "municipality": "Barcelona", "district": "Sants-Montju\u00efc", "country": "es", "neighborhood": "El Poble Sec - Parc de Montju\u00efc", "latitude": 41.3708371, "longitude": 2.1662432, "showAddress": false, "url": "https://www.idealista.com/inmueble/92608642/", "distance": "462", "hasVideo": false, "status": "good", "newDevelopment": false, "hasLift": true, "priceByArea": 3854.0, "detailedType": {"typology": "flat"}, "suggestedTexts": {"subtitle": "El Poble Sec - Parc de Montju\u00efc, Barcelona", "title": "Piso"}, "hasPlan": false, "has3DTour": false, "has360": false, "hasStaging": false, "topNewDevelopment": false}, {"propertyCode": "88329910", "thumbnail": "https://img3.idealista.com/blur/WEB_LISTING/0/id.pro.es.image.master/8e/43/27/765990209.jpg", "externalReference": "C269-XMR", "numPhotos": 16, "price": 225000.0, "propertyType": "flat", "operation": "sale", "size": 57.0, "exterior": false, "rooms": 1, "bathrooms": 1, "address": "Avenida Miramar", "province": "Barcelona", "municipality": "Barcelona", "district": "Sants-Montju\u00efc", "country": "es", "neighborhood": "El Poble Sec - Parc de Montju\u00efc", "latitude": 41.3673226, "longitude": 2.1605534, "showAddress": false, "url": "https://www.idealista.com/inmueble/88329910/", "distance": "387", "hasVideo": false, "status": "good", "newDevelopment": false, "priceByArea": 3947.0, "detailedType": {"typology": "flat"}, "suggestedTexts": {"subtitle": "El Poble Sec - Parc de Montju\u00efc, Barcelona", "title": "Piso en Avenida Miramar"}, "hasPlan": false, "has3DTour": false, "has360": false, "hasStaging": false, "topNewDevelopment": false}, {"propertyCode": "91798497", "thumbnail": "https://img3.idealista.com/blur/WEB_LISTING/0/id.pro.es.image.master/26/d5/34/823547265.jpg", "externalReference": "SALVMONS", "numPhotos": 18, "floor": "1", "price": 230000.0, "propertyType": "flat", "operation": "sale", "size": 66.0, "exterior": true, "rooms": 2, "bathrooms": 1, "address": "Calle de Salv\u00e0", "province": "Barcelona", "municipality": "Barcelona", "district": "Sants-Montju\u00efc", "country": "es", "neighborhood": "El Poble Sec - Parc de Montju\u00efc", "latitude": 41.370384, "longitude": 2.1630447, "showAddress": false, "url": "https://www.idealista.com/inmueble/91798497/", "distance": "438", "hasVideo": true, "status": "good", "newDevelopment": false, "hasLift": true, "priceByArea": 3485.0, "detailedType": {"typology": "flat"}, "suggestedTexts": {"subtitle": "El Poble Sec - Parc de Montju\u00efc, Barcelona", "title": "Piso en Calle de Salv\u00e0"}, "hasPlan": false, "has3DTour": false, "has360": false, "hasStaging": false, "topNewDevelopment": false}, {"propertyCode": "88062184", "thumbnail": "https://img3.idealista.com/blur/WEB_LISTING/0/id.pro.es.image.master/a7/39/41/737657019.jpg", "externalReference": "3982V", "numPhotos": 18, "floor": "3", "price": 299500.0, "propertyType": "flat", "operation": "sale", "size": 55.0, "exterior": true, "rooms": 2, "bathrooms": 1, "address": "barrio El Poble Sec - Parc de Montju\u00efc", "province": "Barcelona", "municipality": "Barcelona", "district": "Sants-Montju\u00efc", "country": "es", "neighborhood": "El Poble Sec - Parc de Montju\u00efc", "latitude": 41.3705918, "longitude": 2.1676772, "showAddress": false, "url": "https://www.idealista.com/inmueble/88062184/", "distance": "475", "hasVideo": false, "status": "good", "newDevelopment": false, "hasLift": false, "priceByArea": 5445.0, "detailedType": {"typology": "flat"}, "suggestedTexts": {"subtitle": "El Poble Sec - Parc de Montju\u00efc, Barcelona", "title": "Piso"}, "hasPlan": false, "has3DTour": false, "has360": false, "hasStaging": false, "topNewDevelopment": false}, {"propertyCode": "92406719", "thumbnail": "https://img3.idealista.com/blur/WEB_LISTING/0/id.pro.es.image.master/d6/f9/45/843411853.jpg", "externalReference": "VI-000-030-652-326", "numPhotos": 1, "price": 208500.0, "propertyType": "flat", "operation": "sale", "size": 45.0, "exterior": false, "rooms": 2, "bathrooms": 1, "address": "barrio El Poble Sec - Parc de Montju\u00efc", "province": "Barcelona", "municipality": "Barcelona", "district": "Sants-Montju\u00efc", "country": "es", "neighborhood": "El Poble Sec - Parc de Montju\u00efc", "latitude": 41.3706846, "longitude": 2.1641026, "showAddress": false, "url": "https://www.idealista.com/inmueble/92406719/", "distance": "444", "hasVideo": false, "status": "good", "newDevelopment": false, "priceByArea": 4633.0, "detailedType": {"typology": "flat"}, "suggestedTexts": {"subtitle": "El Poble Sec - Parc de Montju\u00efc, Barcelona", "title": "Piso"}, "hasPlan": false, "has3DTour": false, "has360": false, "hasStaging": false, "topNewDevelopment": false}, {"propertyCode": "89824521", "thumbnail": "https://img3.idealista.com/blur/WEB_LISTING/0/id.pro.es.image.master/63/be/b8/777411710.jpg", "externalReference": "Pla\u00e7a Sortidors", "numPhotos": 14, "floor": "4", "price": 300000.0, "propertyType": "flat", "operation": "sale", "size": 75.0, "exterior": false, "rooms": 1, "bathrooms": 1, "address": "Plaza del Sortidor", "province": "Barcelona", "municipality": "Barcelona", "district": "Sants-Montju\u00efc", "country": "es", "neighborhood": "El Poble Sec - Parc de Montju\u00efc", "latitude": 41.3704758, "longitude": 2.1620354, "showAddress": false, "url": "https://www.idealista.com/inmueble/89824521/", "distance": "487", "hasVideo": false, "status": "good", "newDevelopment": false, "hasLift": true, "priceByArea": 4000.0, "detailedType": {"typology": "flat"}, "suggestedTexts": {"subtitle": "El Poble Sec - Parc de Montju\u00efc, Barcelona", "title": "Piso en Plaza del Sortidor"}, "hasPlan": false, "has3DTour": false, "has360": false, "hasStaging": false, "topNewDevelopment": false}]