[{"propertyCode": "91612870", "thumbnail": "https://img3.idealista.com/blur/WEB_LISTING/0/id.pro.es.image.master/47/c8/82/819015532.jpg", "externalReference": "VB1902010-5", "numPhotos": 30, "floor": "3", "price": 1650000.0, "propertyType": "flat", "operation": "sale", "size": 298.0, "exterior": true, "rooms": 5, "bathrooms": 4, "address": "Via Augusta", "province": "Barcelona", "municipality": "Barcelona", "district": "Sarri\u00e0-Sant Gervasi", "country": "es", "neighborhood": "Sant Gervasi - Galvany", "latitude": 41.3964622, "longitude": 2.1379163, "showAddress": false, "url": "https://www.idealista.com/inmueble/91612870/", "distance": "2702", "hasVideo": false, "status": "good", "newDevelopment": false, "hasLift": true, "parkingSpace": {"hasParkingSpace": true, "isParkingSpaceIncludedInPrice": true}, "priceByArea": 5537.0, "detailedType": {"typology": "flat"}, "suggestedTexts": {"subtitle": "Sant Gervasi - Galvany, Barcelona", "title": "Piso en Via Augusta"}, "hasPlan": true, "has3DTour": true, "has360": false, "hasStaging": false, "topNewDevelopment": false}, {"propertyCode": "92205752", "thumbnail": "https://img3.idealista.com/blur/WEB_LISTING/0/id.pro.es.image.master/75/40/e5/833594220.jpg", "externalReference": "145VE22REBSIB13", "numPhotos": 25, "floor": "3", "price": 379000.0, "propertyType": "flat", "operation": "sale", "size": 86.0, "exterior": false, "rooms": 3, "bathrooms": 2, "address": "Calle de Berl\u00edn", "province": "Barcelona", "municipality": "Barcelona", "district": "Sants-Montju\u00efc", "country": "es", "neighborhood": "Sants", "latitude": 41.3829925, "longitude": 2.1370918, "showAddress": false, "url": "https://www.idealista.com/inmueble/92205752/", "distance": "3039", "hasVideo": false, "status": "good", "newDevelopment": false, "hasLift": true, "priceByArea": 4407.0, "detailedType": {"typology": "flat"}, "suggestedTexts": {"subtitle": "Sants, Barcelona", "title": "Piso en Calle de Berl\u00edn"}, "hasPlan": true, "has3DTour": true, "has360": false, "hasStaging": false, "topNewDevelopment": false}, {"propertyCode": "91658993", "thumbnail": "https://img3.idealista.com/blur/WEB_LISTING/0/id.pro.es.image.master/c0/2a/b5/820119045.jpg", "externalReference": "019280", "numPhotos": 27, "floor": "en", "price": 845000.0, "propertyType": "flat", "operation": "sale", "size": 116.0, "exterior": true, "rooms": 3, "bathrooms": 2, "address": "barrio Sant Gervasi - La Bonanova", "province": "Barcelona", "municipality": "Barcelona", "district": "Sarri\u00e0-Sant Gervasi", "country": "es", "neighborhood": "Sant Gervasi - La Bonanova", "latitude": 41.4022298, "longitude": 2.1322432, "showAddress": false, "url": "https://www.idealista.com/inmueble/91658993/", "distance": "2314", "hasVideo": false, "status": "good", "newDevelopment": false, "hasLift": true, "priceByArea": 7284.0, "detailedType": {"typology": "flat"}, "suggestedTexts": {"subtitle": "Sant Gervasi - La Bonanova, Barcelona", "title": "Piso"}, "hasPlan": true, "has3DTour": true, "has360": true, "hasStaging": false, "topNewDevelopment": false}, {"propertyCode": "87717416", "thumbnail": "https://img3.idealista.com/blur/WEB_LISTING/0/id.pro.es.image.master/aa/fc/7d/755936767.jpg", "externalReference": "W-02GJDC", "numPhotos": 36, "floor": "bj", "price": 1295000.0, "propertyType": "flat", "operation": "sale", "size": 256.0, "exterior": false, "rooms": 4, "bathrooms": 3, "address": "barrio Sant Gervasi - La Bonanova", "province": "Barcelona", "municipality": "Barcelona", "district": "Sarri\u00e0-Sant Gervasi", "country": "es", "neighborhood": "Sant Gervasi - La Bonanova", "latitude": 41.4158985, "longitude": 2.1311214, "showAddress": false, "url": "https://www.idealista.com/inmueble/87717416/", "distance": "3024", "hasVideo": false, "status": "good", "newDevelopment": false, "hasLift": true, "parkingSpace": {"hasParkingSpace": true, "isParkingSpaceIncludedInPrice": true}, "priceByArea": 5059.0, "detailedType": {"typology": "flat"}, "suggestedTexts": {"subtitle": "Sant Gervasi - La Bonanova, Barcelona", "title": "Piso"}, "hasPlan": true, "has3DTour": true, "has360": false, "hasStaging": false, "topNewDevelopment": false}, {"propertyCode": "86954951", "thumbnail": "https://img3.idealista.com/blur/WEB_LISTING/0/id.pro.es.image.master/7f/45/8d/755900056.jpg", "externalReference": "W-02GRFP", "numPhotos": 38, "floor": "1", "price": 1100000.0, "propertyType": "flat", "operation": "sale", "size": 234.0, "exterior": false, "rooms": 3, "bathrooms": 3, "address": "barrio Sant Gervasi - La Bonanova", "province": "Barcelona", "municipality": "Barcelona", "district": "Sarri\u00e0-Sant Gervasi", "country": "es", "neighborhood": "Sant Gervasi - La Bonanova", "latitude": 41.4130985, "longitude": 2.1310214, "showAddress": false, "url": "https://www.idealista.com/inmueble/86954951/", "distance": "2806", "hasVideo": false, "status": "good", "newDevelopment": false, "hasLift": false, "parkingSpace": {"hasParkingSpace": true, "isParkingSpaceIncludedInPrice": true}, "priceByArea": 4701.0, "detailedType": {"typology": "flat"}, "suggestedTexts": {"subtitle": "Sant Gervasi - La Bonanova, Barcelona", "title": "Piso"}, "hasPlan": true, "has3DTour": true, "has360": false, "hasStaging": false, "topNewDevelopment": false}, {"propertyCode": "86274419", "thumbnail": "https://img3.idealista.com/blur/WEB_LISTING/0/id.pro.es.image.master/24/62/c4/755952906.jpg", "externalReference": "W-02E79H", "numPhotos": 43, "price": 830000.0, "propertyType": "penthouse", "operation": "sale", "size": 184.0, "exterior": false, "rooms": 5, "bathrooms": 2, "address": "barrio Sant Gervasi - La Bonanova", "province": "Barcelona", "municipality": "Barcelona", "district": "Sarri\u00e0-Sant Gervasi", "country": "es", "neighborhood": "Sant Gervasi - La Bonanova", "latitude": 41.4055359, "longitude": 2.1364713, "showAddress": false, "url": "https://www.idealista.com/inmueble/86274419/", "distance": "2765", "hasVideo": false, "status": "good", "newDevelopment": false, "hasLift": true, "priceByArea": 4511.0, "detailedType": {"typology": "flat", "subTypology": "penthouse"}, "suggestedTexts": {"subtitle": "Sant Gervasi - La Bonanova, Barcelona", "title": "\u00c1tico"}, "hasPlan": true, "has3DTour": true, "has360": false, "hasStaging": false, "topNewDevelopment": false}, {"propertyCode": "86206425", "thumbnail": "https://img3.idealista.com/blur/WEB_LISTING/0/id.pro.es.image.master/2e/9c/e3/755969197.jpg", "externalReference": "W-02AHUH", "numPhotos": 41, "floor": "1", "price": 1200000.0, "propertyType": "flat", "operation": "sale", "size": 130.0, "exterior": false, "rooms": 3, "bathrooms": 2, "address": "barrio Sant Gervasi - La Bonanova", "province": "Barcelona", "municipality": "Barcelona", "district": "Sarri\u00e0-Sant Gervasi", "country": "es", "neighborhood": "Sant Gervasi - La Bonanova", "latitude": 41.4093987, "longitude": 2.1278007, "showAddress": false, "url": "https://www.idealista.com/inmueble/86206425/", "distance": "2338", "hasVideo": false, "status": "good", "newDevelopment": false, "hasLift": true, "parkingSpace": {"hasParkingSpace": true, "isParkingSpaceIncludedInPrice": true}, "priceByArea": 9231.0, "detailedType": {"typology": "flat"}, "suggestedTexts": {"subtitle": "Sant Gervasi - La Bonanova, Barcelona", "title": "Piso"}, "hasPlan": true, "has3DTour": true, "has360": false, "hasStaging": false, "topNewDevelopment": false}, {"propertyCode": "88869912", "thumbnail": "https://img3.idealista.com/blur/WEB_LISTING/0/id.pro.es.image.master/65/cd/4f/757476750.jpg", "externalReference": "BCN15755", "numPhotos": 26, "price": 1700000.0, "propertyType": "penthouse", "operation": "sale", "size": 316.0, "exterior": true, "rooms": 6, "bathrooms": 3, "address": "barrio Sant Gervasi - Galvany", "province": "Barcelona", "municipality": "Barcelona", "district": "Sarri\u00e0-Sant Gervasi", "country": "es", "neighborhood": "Sant Gervasi - Galvany", "latitude": 41.4043581, "longitude": 2.1412002, "showAddress": false, "url": "https://www.idealista.com/inmueble/88869912/", "distance": "3097", "hasVideo": false, "status": "good", "newDevelopment": false, "hasLift": true, "parkingSpace": {"hasParkingSpace": true, "isParkingSpaceIncludedInPrice": true}, "priceByArea": 5380.0, "detailedType": {"typology": "flat", "subTypology": "penthouse"}, "suggestedTexts": {"subtitle": "Sant Gervasi - Galvany, Barcelona", "title": "\u00c1tico"}, "hasPlan": false, "has3DTour": true, "has360": false, "hasStaging": false, "topNewDevelopment": false}, {"propertyCode": "92228558", "thumbnail": "https://img3.idealista.com/blur/WEB_LISTING/0/id.pro.es.image.master/8d/4c/bd/834217811.jpg", "externalReference": "4399", "numPhotos": 32, "floor": "7", "price": 490000.0, "propertyType": "flat", "operation": "sale", "size": 125.0, "exterior": true, "rooms": 4, "bathrooms": 2, "address": "Gran Via de Carles III", "province": "Barcelona", "municipality": "Barcelona", "district": "Les Corts", "country": "es", "neighborhood": "La Maternitat i Sant Ramon", "latitude": 41.3848586, "longitude": 2.1255646, "showAddress": false, "url": "https://www.idealista.com/inmueble/92228558/", "distance": "2123", "hasVideo": true, "status": "renew", "newDevelopment": false, "hasLift": true, "priceByArea": 3920.0, "detailedType": {"typology": "flat"}, "suggestedTexts": {"subtitle": "La Maternitat i Sant Ramon, Barcelona", "title": "Piso en Gran Via de Carles III"}, "hasPlan": true, "has3DTour": false, "has360": true, "hasStaging": false, "topNewDevelopment": false}, {"propertyCode": "90495287", "thumbnail": "https://img3.idealista.com/blur/WEB_LISTING/0/id.pro.es.image.master/94/5f/9f/795875929.jpg", "externalReference": "B07298BA", "numPhotos": 40, "floor": "bj", "price": 1750000.0, "propertyType": "chalet", "operation": "sale", "size": 380.0, "exterior": false, "rooms": 5, "bathrooms": 5, "address": "barrio Sarri\u00e0", "province": "Barcelona", "municipality": "Barcelona", "district": "Sarri\u00e0-Sant Gervasi", "country": "es", "neighborhood": "Sarri\u00e0", "latitude": 41.4012851, "longitude": 2.108661, "showAddress": false, "url": "https://www.idealista.com/inmueble/90495287/", "distance": "580", "hasVideo": true, "status": "good", "newDevelopment": false, "parkingSpace": {"hasParkingSpace": true, "isParkingSpaceIncludedInPrice": true}, "priceByArea": 4605.0, "detailedType": {"typology": "chalet"}, "suggestedTexts": {"subtitle": "Sarri\u00e0, Barcelona", "title": "Chalet"}, "hasPlan": true, "has3DTour": false, "has360": true, "hasStaging": false, "topNewDevelopment": false}, {"propertyCode": "39669401", "thumbnail": "https://img3.idealista.com/blur/WEB_LISTING/0/id.pro.es.image.master/86/37/b5/844567227.jpg", "externalReference": "B04241BA", "numPhotos": 25, "floor": "1", "price": 790000.0, "propertyType": "flat", "operation": "sale", "size": 132.0, "exterior": true, "rooms": 3, "bathrooms": 2, "address": "barrio Sant Gervasi - Galvany", "province": "Barcelona", "municipality": "Barcelona", "district": "Sarri\u00e0-Sant Gervasi", "country": "es", "neighborhood": "Sant Gervasi - Galvany", "latitude": 41.39124, "longitude": 2.1396285, "showAddress": false, "url": "https://www.idealista.com/inmueble/39669401/", "distance": "2907", "hasVideo": true, "status": "good", "newDevelopment": false, "hasLift": true, "priceByArea": 5985.0, "detailedType": {"typology": "flat"}, "suggestedTexts": {"subtitle": "Sant Gervasi - Galvany, Barcelona", "title": "Piso"}, "hasPlan": true, "has3DTour": false, "has360": true, "hasStaging": false, "topNewDevelopment": false}, {"propertyCode": "89784716", "thumbnail": "https://img3.idealista.com/blur/WEB_LISTING/0/id.pro.es.image.master/41/1e/b7/776472593.jpg", "externalReference": "019271", "numPhotos": 28, "floor": "1", "price": 864000.0, "propertyType": "flat", "operation": "sale", "size": 155.0, "exterior": false, "rooms": 5, "bathrooms": 2, "address": "Calle de Calatrava", "province": "Barcelona", "municipality": "Barcelona", "district": "Sarri\u00e0-Sant Gervasi", "country": "es", "neighborhood": "Les Tres Torres", "latitude": 41.4023503, "longitude": 2.1295338, "showAddress": false, "url": "https://www.idealista.com/inmueble/89784716/", "distance": "2101", "hasVideo": true, "status": "good", "newDevelopment": false, "hasLift": true, "parkingSpace": {"hasParkingSpace": true, "isParkingSpaceIncludedInPrice": true}, "priceByArea": 5574.0, "detailedType": {"typology": "flat"}, "suggestedTexts": {"subtitle": "Les Tres Torres, Barcelona", "title": "Piso en Calle de Calatrava"}, "hasPlan": true, "has3DTour": false, "has360": false, "hasStaging": false, "topNewDevelopment": false}, {"propertyCode": "91700583", "thumbnail": "https://img3.idealista.com/blur/WEB_LISTING/0/id.pro.es.image.master/4e/61/41/821143826.jpg", "externalReference": "VB2007030-5", "numPhotos": 33, "floor": "3", "price": 890000.0, "propertyType": "flat", "operation": "sale", "size": 170.0, "exterior": true, "rooms": 5, "bathrooms": 3, "address": "Calle de Mandri", "province": "Barcelona", "municipality": "Barcelona", "district": "Sarri\u00e0-Sant Gervasi", "country": "es", "neighborhood": "Sant Gervasi - La Bonanova", "latitude": 41.4035485, "longitude": 2.1372682, "showAddress": false, "url": "https://www.idealista.com/inmueble/91700583/", "distance": "2757", "hasVideo": true, "status": "good", "newDevelopment": false, "hasLift": true, "parkingSpace": {"hasParkingSpace": true, "isParkingSpaceIncludedInPrice": true}, "priceByArea": 5235.0, "detailedType": {"typology": "flat"}, "suggestedTexts": {"subtitle": "Sant Gervasi - La Bonanova, Barcelona", "title": "Piso en Calle de Mandri"}, "hasPlan": true, "has3DTour": false, "has360": false, "hasStaging": false, "topNewDevelopment": false}, {"propertyCode": "92446224", "thumbnail": "https://img3.idealista.com/blur/WEB_LISTING/0/id.pro.es.image.master/c8/68/88/839831002.jpg", "externalReference": "BCN26821", "numPhotos": 32, "price": 1150000.0, "propertyType": "flat", "operation": "sale", "size": 178.0, "exterior": true, "rooms": 4, "bathrooms": 3, "address": "barrio Pedralbes", "province": "Barcelona", "municipality": "Barcelona", "district": "Les Corts", "country": "es", "neighborhood": "Pedralbes", "latitude": 41.3901975, "longitude": 2.1227699, "showAddress": false, "url": "https://www.idealista.com/inmueble/92446224/", "distance": "1606", "hasVideo": false, "status": "renew", "newDevelopment": false, "hasLift": true, "parkingSpace": {"hasParkingSpace": true, "isParkingSpaceIncludedInPrice": true}, "priceByArea": 6461.0, "detailedType": {"typology": "flat"}, "suggestedTexts": {"subtitle": "Pedralbes, Barcelona", "title": "Piso"}, "hasPlan": true, "has3DTour": false, "has360": true, "hasStaging": false, "topNewDevelopment": false}, {"propertyCode": "93082183", "thumbnail": "https://img3.idealista.com/blur/WEB_LISTING/0/id.pro.es.image.master/31/d5/cb/854034303.jpg", "externalReference": "VB2102073", "numPhotos": 38, "floor": "5", "price": 840000.0, "propertyType": "flat", "operation": "sale", "size": 138.0, "exterior": true, "rooms": 3, "bathrooms": 2, "address": "Calle de Num\u00e0ncia", "province": "Barcelona", "municipality": "Barcelona", "district": "Les Corts", "country": "es", "neighborhood": "Les Corts", "latitude": 41.3931779, "longitude": 2.1284422, "showAddress": false, "url": "https://www.idealista.com/inmueble/93082183/", "distance": "1950", "hasVideo": true, "status": "good", "newDevelopment": false, "hasLift": true, "parkingSpace": {"hasParkingSpace": true, "isParkingSpaceIncludedInPrice": true}, "priceByArea": 6087.0, "detailedType": {"typology": "flat"}, "suggestedTexts": {"subtitle": "Les Corts, Barcelona", "title": "Piso en Calle de Num\u00e0ncia"}, "hasPlan": true, "has3DTour": false, "has360": true, "hasStaging": false, "topNewDevelopment": false}, {"propertyCode": "90384893", "thumbnail": "https://img3.idealista.com/blur/WEB_LISTING/0/id.pro.es.image.master/88/53/6a/843810011.jpg", "externalReference": "01840", "numPhotos": 36, "floor": "2", "price": 1080000.0, "propertyType": "flat", "operation": "sale", "size": 162.0, "exterior": true, "rooms": 5, "bathrooms": 3, "address": "Calle de Ganduxer", "province": "Barcelona", "municipality": "Barcelona", "district": "Sarri\u00e0-Sant Gervasi", "country": "es", "neighborhood": "Les Tres Torres", "latitude": 41.4021385, "longitude": 2.1308518, "showAddress": false, "url": "https://www.idealista.com/inmueble/90384893/", "distance": "2200", "hasVideo": true, "status": "good", "newDevelopment": false, "hasLift": true, "parkingSpace": {"hasParkingSpace": true, "isParkingSpaceIncludedInPrice": true}, "priceByArea": 6667.0, "detailedType": {"typology": "flat"}, "suggestedTexts": {"subtitle": "Les Tres Torres, Barcelona", "title": "Piso en Calle de Ganduxer"}, "hasPlan": true, "has3DTour": true, "has360": true, "hasStaging": false, "topNewDevelopment": false}, {"propertyCode": "92505303", "thumbnail": "https://img3.idealista.com/blur/WEB_LISTING/0/id.pro.es.image.master/8c/0f/9d/841263464.jpg", "externalReference": "VB2101017", "numPhotos": 34, "floor": "11", "price": 1250000.0, "propertyType": "flat", "operation": "sale", "size": 206.0, "exterior": true, "rooms": 5, "bathrooms": 2, "address": "barrio Pedralbes", "province": "Barcelona", "municipality": "Barcelona", "district": "Les Corts", "country": "es", "neighborhood": "Pedralbes", "latitude": 41.3873665, "longitude": 2.1076946, "showAddress": false, "url": "https://www.idealista.com/inmueble/92505303/", "distance": "1045", "hasVideo": true, "status": "good", "newDevelopment": false, "hasLift": true, "parkingSpace": {"hasParkingSpace": true, "isParkingSpaceIncludedInPrice": true}, "priceByArea": 6068.0, "detailedType": {"typology": "flat"}, "suggestedTexts": {"subtitle": "Pedralbes, Barcelona", "title": "Piso"}, "hasPlan": true, "has3DTour": false, "has360": false, "hasStaging": false, "topNewDevelopment": false}, {"propertyCode": "92335180", "thumbnail": "https://img3.idealista.com/blur/WEB_LISTING/0/id.pro.es.image.master/76/a1/c2/837279998.jpg", "externalReference": "VB2101003", "numPhotos": 34, "floor": "1", "price": 870000.0, "propertyType": "flat", "operation": "sale", "size": 160.0, "exterior": true, "rooms": 3, "bathrooms": 3, "address": "barrio Les Tres Torres", "province": "Barcelona", "municipality": "Barcelona", "district": "Sarri\u00e0-Sant Gervasi", "country": "es", "neighborhood": "Les Tres Torres", "latitude": 41.4042049, "longitude": 2.1282219, "showAddress": false, "url": "https://www.idealista.com/inmueble/92335180/", "distance": "2072", "hasVideo": true, "status": "renew", "newDevelopment": false, "hasLift": true, "parkingSpace": {"hasParkingSpace": true, "isParkingSpaceIncludedInPrice": true}, "priceByArea": 5438.0, "detailedType": {"typology": "flat"}, "suggestedTexts": {"subtitle": "Les Tres Torres, Barcelona", "title": "Piso"}, "hasPlan": true, "has3DTour": false, "has360": false, "hasStaging": false, "topNewDevelopment": false}, {"propertyCode": "91784535", "thumbnail": "https://img3.idealista.com/blur/WEB_LISTING/0/id.pro.es.image.master/67/eb/71/823214521.jpg", "externalReference": "VB2010035-2", "numPhotos": 41, "floor": "5", "price": 1580000.0, "propertyType": "flat", "operation": "sale", "size": 300.0, "exterior": true, "rooms": 6, "bathrooms": 4, "address": "barrio Sant Gervasi - Galvany", "province": "Barcelona", "municipality": "Barcelona", "district": "Sarri\u00e0-Sant Gervasi", "country": "es", "neighborhood": "Sant Gervasi - Galvany", "latitude": 41.3960424, "longitude": 2.1403051, "showAddress": false, "url": "https://www.idealista.com/inmueble/91784535/", "distance": "2902", "hasVideo": true, "status": "good", "newDevelopment": false, "hasLift": true, "parkingSpace": {"hasParkingSpace": true, "isParkingSpaceIncludedInPrice": true}, "priceByArea": 5267.0, "detailedType": {"typology": "flat"}, "suggestedTexts": {"subtitle": "Sant Gervasi - Galvany, Barcelona", "title": "Piso"}, "hasPlan": true, "has3DTour": false, "has360": false, "hasStaging": false, "topNewDevelopment": false}, {"propertyCode": "92966417", "thumbnail": "https://img3.idealista.com/blur/WEB_LISTING/0/id.pro.es.image.master/f6/53/9d/852935611.jpg", "externalReference": "246454", "numPhotos": 21, "floor": "1", "price": 235000.0, "propertyType": "flat", "operation": "sale", "size": 55.0, "exterior": true, "rooms": 2, "bathrooms": 1, "address": "barrio Sants - Badal", "province": "Barcelona", "municipality": "Barcelona", "district": "Sants-Montju\u00efc", "country": "es", "neighborhood": "Sants - Badal", "latitude": 41.3746552, "longitude": 2.1296516, "showAddress": false, "url": "https://www.idealista.com/inmueble/92966417/", "distance": "3165", "hasVideo": false, "status": "good", "newDevelopment": false, "hasLift": false, "priceByArea": 4273.0, "detailedType": {"typology": "flat"}, "suggestedTexts": {"subtitle": "Sants - Badal, Barcelona", "title": "Piso"}, "hasPlan": true, "has3DTour": false, "has360": true, "hasStaging": false, "topNewDevelopment": false}, {"propertyCode": "91903585", "thumbnail": "https://img3.idealista.com/blur/WEB_LISTING/0/id.pro.es.image.master/2d/db/44/826096760.jpg", "externalReference": "CB_BCN_0376_V", "numPhotos": 33, "floor": "9", "price": 475000.0, "propertyType": "penthouse", "operation": "sale", "size": 124.0, "exterior": true, "rooms": 3, "bathrooms": 2, "address": "Calle del Comandant Ben\u00edtez", "province": "Barcelona", "municipality": "Barcelona", "district": "Les Corts", "country": "es", "neighborhood": "La Maternitat i Sant Ramon", "latitude": 41.3799546, "longitude": 2.1285386, "showAddress": false, "url": "https://www.idealista.com/inmueble/91903585/", "distance": "2669", "hasVideo": true, "status": "good", "newDevelopment": false, "hasLift": true, "priceByArea": 3831.0, "detailedType": {"typology": "flat", "subTypology": "penthouse"}, "suggestedTexts": {"subtitle": "La Maternitat i Sant Ramon, Barcelona", "title": "\u00c1tico en Calle del Comandant Ben\u00edtez"}, "hasPlan": true, "has3DTour": false, "has360": true, "hasStaging": false, "topNewDevelopment": false}, {"propertyCode": "92391776", "thumbnail": "https://img3.idealista.com/blur/WEB_LISTING/0/id.pro.es.image.master/2f/70/c6/838665994.jpg", "externalReference": "BCN26876", "numPhotos": 34, "price": 765000.0, "propertyType": "flat", "operation": "sale", "size": 140.0, "exterior": false, "rooms": 4, "bathrooms": 2, "address": "barrio Sant Gervasi - La Bonanova", "province": "Barcelona", "municipality": "Barcelona", "district": "Sarri\u00e0-Sant Gervasi", "country": "es", "neighborhood": "Sant Gervasi - La Bonanova", "latitude": 41.4023954, "longitude": 2.1371957, "showAddress": false, "url": "https://www.idealista.com/inmueble/92391776/", "distance": "2718", "hasVideo": false, "status": "good", "newDevelopment": false, "hasLift": true, "priceByArea": 5464.0, "detailedType": {"typology": "flat"}, "suggestedTexts": {"subtitle": "Sant Gervasi - La Bonanova, Barcelona", "title": "Piso"}, "hasPlan": true, "has3DTour": false, "has360": true, "hasStaging": false, "topNewDevelopment": false}, {"propertyCode": "81212533", "thumbnail": "https://img3.idealista.com/blur/WEB_LISTING/0/id.pro.es.image.master/86/57/56/588924199.jpg", "externalReference": "BCN10294", "numPhotos": 33, "price": 1100000.0, "propertyType": "flat", "operation": "sale", "size": 201.0, "exterior": true, "rooms": 5, "bathrooms": 3, "address": "barrio Sant Gervasi - Galvany", "province": "Barcelona", "municipality": "Barcelona", "district": "Sarri\u00e0-Sant Gervasi", "country": "es", "neighborhood": "Sant Gervasi - Galvany", "latitude": 41.3992277, "longitude": 2.140591, "showAddress": false, "url": "https://www.idealista.com/inmueble/81212533/", "distance": "2939", "hasVideo": false, "status": "renew", "newDevelopment": false, "hasLift": true, "parkingSpace": {"hasParkingSpace": true, "isParkingSpaceIncludedInPrice": true}, "priceByArea": 5473.0, "detailedType": {"typology": "flat"}, "suggestedTexts": {"subtitle": "Sant Gervasi - Galvany, Barcelona", "title": "Piso"}, "hasPlan": true, "has3DTour": false, "has360": true, "hasStaging": false, "topNewDevelopment": false}, {"propertyCode": "38862647", "thumbnail": "https://img3.idealista.com/blur/WEB_LISTING/0/id.pro.es.image.master/b6/13/a7/249364520.jpg", "externalReference": "BCN8418", "numPhotos": 32, "price": 1030000.0, "propertyType": "flat", "operation": "sale", "size": 224.0, "exterior": true, "rooms": 5, "bathrooms": 3, "address": "barrio Sant Gervasi - Galvany", "province": "Barcelona", "municipality": "Barcelona", "district": "Sarri\u00e0-Sant Gervasi", "country": "es", "neighborhood": "Sant Gervasi - Galvany", "latitude": 41.3925664, "longitude": 2.137511, "showAddress": false, "url": "https://www.idealista.com/inmueble/38862647/", "distance": "2706", "hasVideo": false, "status": "renew", "newDevelopment": false, "hasLift": true, "parkingSpace": {"hasParkingSpace": true, "isParkingSpaceIncludedInPrice": true}, "priceByArea": 4598.0, "detailedType": {"typology": "flat"}, "suggestedTexts": {"subtitle": "Sant Gervasi - Galvany, Barcelona", "title": "Piso"}, "hasPlan": true, "has3DTour": false, "has360": true, "hasStaging": false, "topNewDevelopment": false}, {"propertyCode": "88662911", "thumbnail": "https://img3.idealista.com/blur/WEB_LISTING/0/id.pro.es.image.master/35/7a/f2/767465049.jpg", "externalReference": "B20337", "numPhotos": 38, "floor": "5", "price": 890000.0, "propertyType": "flat", "operation": "sale", "size": 200.0, "exterior": true, "rooms": 5, "bathrooms": 2, "address": "Calle de Ricardo Calvo", "province": "Barcelona", "municipality": "Barcelona", "district": "Sarri\u00e0-Sant Gervasi", "country": "es", "neighborhood": "Sant Gervasi - La Bonanova", "latitude": 41.4038397, "longitude": 2.1311439, "showAddress": false, "url": "https://www.idealista.com/inmueble/88662911/", "distance": "2282", "hasVideo": true, "status": "good", "newDevelopment": false, "hasLift": true, "parkingSpace": {"hasParkingSpace": true, "isParkingSpaceIncludedInPrice": true}, "priceByArea": 4450.0, "detailedType": {"typology": "flat"}, "suggestedTexts": {"subtitle": "Sant Gervasi - La Bonanova, Barcelona", "title": "Piso en Calle de Ricardo Calvo"}, "hasPlan": true, "has3DTour": false, "has360": true, "hasStaging": true, "topNewDevelopment": false}, {"propertyCode": "92474088", "thumbnail": "https://img3.idealista.com/blur/WEB_LISTING/0/id.pro.es.image.master/b0/20/ba/840539622.jpg", "externalReference": "B07425BA", "numPhotos": 32, "floor": "1", "price": 1675000.0, "propertyType": "flat", "operation": "sale", "size": 269.0, "exterior": true, "rooms": 6, "bathrooms": 3, "address": "Calle de Muntaner", "province": "Barcelona", "municipality": "Barcelona", "district": "Sarri\u00e0-Sant Gervasi", "country": "es", "neighborhood": "Sant Gervasi - Galvany", "latitude": 41.3999778, "longitude": 2.1426123, "showAddress": false, "url": "https://www.idealista.com/inmueble/92474088/", "distance": "3116", "hasVideo": true, "status": "good", "newDevelopment": false, "hasLift": true, "priceByArea": 6227.0, "detailedType": {"typology": "flat"}, "suggestedTexts": {"subtitle": "Sant Gervasi - Galvany, Barcelona", "title": "Piso en Calle de Muntaner"}, "hasPlan": true, "has3DTour": false, "has360": true, "hasStaging": false, "topNewDevelopment": false}, {"propertyCode": "39908522", "thumbnail": "https://img3.idealista.com/blur/WEB_LISTING/0/id.pro.es.image.master/36/c5/ac/269066666.jpg", "externalReference": "4486", "numPhotos": 30, "floor": "4", "price": 1100000.0, "propertyType": "duplex", "operation": "sale", "size": 200.0, "exterior": true, "rooms": 3, "bathrooms": 2, "address": "GANDUXER", "province": "Barcelona", "municipality": "Barcelona", "district": "Sarri\u00e0-Sant Gervasi", "country": "es", "neighborhood": "Sant Gervasi - Galvany", "latitude": 41.390355, "longitude": 2.1410455, "showAddress": false, "url": "https://www.idealista.com/inmueble/39908522/", "distance": "3044", "hasVideo": false, "status": "good", "newDevelopment": false, "hasLift": true, "parkingSpace": {"hasParkingSpace": true, "isParkingSpaceIncludedInPrice": true}, "priceByArea": 5500.0, "detailedType": {"typology": "flat", "subTypology": "duplex"}, "suggestedTexts": {"subtitle": "Sant Gervasi - Galvany, Barcelona", "title": "D\u00faplex en GANDUXER"}, "hasPlan": true, "has3DTour": false, "has360": true, "hasStaging": false, "topNewDevelopment": false}, {"propertyCode": "92108611", "thumbnail": "https://img3.idealista.com/blur/WEB_LISTING/0/id.pro.es.image.master/8b/43/21/835989983.jpg", "externalReference": "VB2012017", "numPhotos": 27, "floor": "3", "price": 410000.0, "propertyType": "flat", "operation": "sale", "size": 98.0, "exterior": true, "rooms": 4, "bathrooms": 2, "address": "barrio La Maternitat i Sant Ramon", "province": "Barcelona", "municipality": "Barcelona", "district": "Les Corts", "country": "es", "neighborhood": "La Maternitat i Sant Ramon", "latitude": 41.3784791, "longitude": 2.1234518, "showAddress": false, "url": "https://www.idealista.com/inmueble/92108611/", "distance": "2512", "hasVideo": true, "status": "good", "newDevelopment": false, "hasLift": true, "priceByArea": 4184.0, "detailedType": {"typology": "flat"}, "suggestedTexts": {"subtitle": "La Maternitat i Sant Ramon, Barcelona", "title": "Piso"}, "hasPlan": true, "has3DTour": false, "has360": true, "hasStaging": false, "topNewDevelopment": false}, {"propertyCode": "91646493", "thumbnail": "https://img3.idealista.com/blur/WEB_LISTING/0/id.pro.es.image.master/d5/f4/fa/819824465.jpg", "externalReference": "W-02J59Y", "numPhotos": 41, "floor": "6", "price": 790000.0, "propertyType": "flat", "operation": "sale", "size": 158.0, "exterior": false, "rooms": 5, "bathrooms": 2, "address": "barrio Les Corts", "province": "Barcelona", "municipality": "Barcelona", "district": "Les Corts", "country": "es", "neighborhood": "Les Corts", "latitude": 41.3905187, "longitude": 2.1391401, "showAddress": false, "url": "https://www.idealista.com/inmueble/91646493/", "distance": "2885", "hasVideo": false, "status": "good", "newDevelopment": false, "hasLift": true, "parkingSpace": {"hasParkingSpace": true, "isParkingSpaceIncludedInPrice": true}, "priceByArea": 5000.0, "detailedType": {"typology": "flat"}, "suggestedTexts": {"subtitle": "Les Corts, Barcelona", "title": "Piso"}, "hasPlan": true, "has3DTour": false, "has360": true, "hasStaging": false, "topNewDevelopment": false}, {"propertyCode": "89909378", "thumbnail": "https://img3.idealista.com/blur/WEB_LISTING/0/id.pro.es.image.master/51/6b/c8/779093094.jpg", "externalReference": "BCN06385", "numPhotos": 38, "price": 2425000.0, "propertyType": "chalet", "operation": "sale", "size": 585.0, "exterior": false, "rooms": 6, "bathrooms": 5, "address": "barrio Sant Gervasi - La Bonanova", "province": "Barcelona", "municipality": "Barcelona", "district": "Sarri\u00e0-Sant Gervasi", "country": "es", "neighborhood": "Sant Gervasi - La Bonanova", "latitude": 41.4102488, "longitude": 2.1236358, "showAddress": false, "url": "https://www.idealista.com/inmueble/89909378/", "distance": "2139", "hasVideo": true, "status": "good", "newDevelopment": false, "parkingSpace": {"hasParkingSpace": true, "isParkingSpaceIncludedInPrice": true}, "priceByArea": 4145.0, "detailedType": {"typology": "chalet", "subTypology": "independantHouse"}, "suggestedTexts": {"subtitle": "Sant Gervasi - La Bonanova, Barcelona", "title": "Casa independiente"}, "hasPlan": true, "has3DTour": false, "has360": false, "hasStaging": false, "topNewDevelopment": false}, {"propertyCode": "92531260", "thumbnail": "https://img3.idealista.com/blur/WEB_LISTING/0/id.pro.es.image.master/93/b6/fc/841911073.jpg", "externalReference": "11304", "numPhotos": 24, "floor": "8", "price": 890000.0, "propertyType": "flat", "operation": "sale", "size": 100.0, "exterior": true, "rooms": 3, "bathrooms": 2, "address": "Calle de Bori i Fontest\u00e0", "province": "Barcelona", "municipality": "Barcelona", "district": "Sarri\u00e0-Sant Gervasi", "country": "es", "neighborhood": "Sant Gervasi - Galvany", "latitude": 41.3904142, "longitude": 2.1350841, "showAddress": false, "url": "https://www.idealista.com/inmueble/92531260/", "distance": "2561", "hasVideo": false, "status": "good", "newDevelopment": false, "hasLift": true, "parkingSpace": {"hasParkingSpace": true, "isParkingSpaceIncludedInPrice": true}, "priceByArea": 8900.0, "detailedType": {"typology": "flat"}, "suggestedTexts": {"subtitle": "Sant Gervasi - Galvany, Barcelona", "title": "Piso en Calle de Bori i Fontest\u00e0"}, "hasPlan": true, "has3DTour": false, "has360": true, "hasStaging": false, "topNewDevelopment": false}, {"propertyCode": "92002091", "thumbnail": "https://img3.idealista.com/blur/WEB_LISTING/0/id.pro.es.image.master/bf/8e/86/828369627.jpg", "externalReference": "v40", "numPhotos": 30, "floor": "3", "price": 410000.0, "propertyType": "flat", "operation": "sale", "size": 101.0, "exterior": true, "rooms": 4, "bathrooms": 2, "address": "Calle Benavent, 8", "province": "Barcelona", "municipality": "Barcelona", "district": "Les Corts", "country": "es", "neighborhood": "La Maternitat i Sant Ramon", "latitude": 41.3779791, "longitude": 2.1254518, "showAddress": true, "url": "https://www.idealista.com/inmueble/92002091/", "distance": "2658", "hasVideo": true, "status": "good", "newDevelopment": false, "hasLift": true, "priceByArea": 4059.0, "detailedType": {"typology": "flat"}, "suggestedTexts": {"subtitle": "La Maternitat i Sant Ramon, Barcelona", "title": "Piso en Calle Benavent, 8"}, "hasPlan": true, "has3DTour": false, "has360": true, "hasStaging": false, "topNewDevelopment": false}, {"propertyCode": "92942545", "thumbnail": "https://img3.idealista.com/blur/WEB_LISTING/0/id.pro.es.image.master/99/13/fb/853544822.jpg", "externalReference": "00068", "numPhotos": 34, "floor": "5", "price": 990000.0, "propertyType": "flat", "operation": "sale", "size": 175.0, "exterior": true, "rooms": 5, "bathrooms": 3, "address": "Paseo de Manuel Girona", "province": "Barcelona", "municipality": "Barcelona", "district": "Sarri\u00e0-Sant Gervasi", "country": "es", "neighborhood": "Sarri\u00e0", "latitude": 41.3911835, "longitude": 2.1264877, "showAddress": false, "url": "https://www.idealista.com/inmueble/92942545/", "distance": "1851", "hasVideo": false, "status": "renew", "newDevelopment": false, "hasLift": true, "parkingSpace": {"hasParkingSpace": true, "isParkingSpaceIncludedInPrice": true}, "priceByArea": 5657.0, "detailedType": {"typology": "flat"}, "suggestedTexts": {"subtitle": "Sarri\u00e0, Barcelona", "title": "Piso en Paseo de Manuel Girona"}, "hasPlan": true, "has3DTour": false, "has360": true, "hasStaging": false, "topNewDevelopment": false}, {"propertyCode": "92867335", "thumbnail": "https://img3.idealista.com/blur/WEB_LISTING/0/id.pro.es.image.master/e1/cf/ae/855823943.jpg", "externalReference": "GV622", "numPhotos": 27, "floor": "5", "price": 990000.0, "propertyType": "flat", "operation": "sale", "size": 165.0, "exterior": true, "rooms": 5, "bathrooms": 3, "address": "Paseo de Manuel Girona", "province": "Barcelona", "municipality": "Barcelona", "district": "Les Corts", "country": "es", "neighborhood": "Pedralbes", "latitude": 41.3934623, "longitude": 2.127285, "showAddress": false, "url": "https://www.idealista.com/inmueble/92867335/", "distance": "1849", "hasVideo": true, "status": "good", "newDevelopment": false, "hasLift": true, "priceByArea": 6000.0, "detailedType": {"typology": "flat"}, "suggestedTexts": {"subtitle": "Pedralbes, Barcelona", "title": "Piso en Paseo de Manuel Girona"}, "hasPlan": true, "has3DTour": false, "has360": true, "hasStaging": false, "topNewDevelopment": false}, {"propertyCode": "92811075", "thumbnail": "https://img3.idealista.com/blur/WEB_LISTING/0/id.pro.es.image.master/94/86/92/848677750.jpg", "externalReference": "GVVSA38", "numPhotos": 27, "floor": "2", "price": 695000.0, "propertyType": "flat", "operation": "sale", "size": 146.0, "exterior": true, "rooms": 4, "bathrooms": 3, "address": "Calle de Sabino Arana", "province": "Barcelona", "municipality": "Barcelona", "district": "Les Corts", "country": "es", "neighborhood": "La Maternitat i Sant Ramon", "latitude": 41.3844759, "longitude": 2.1230717, "showAddress": false, "url": "https://www.idealista.com/inmueble/92811075/", "distance": "1992", "hasVideo": true, "status": "good", "newDevelopment": false, "hasLift": true, "priceByArea": 4760.0, "detailedType": {"typology": "flat"}, "suggestedTexts": {"subtitle": "La Maternitat i Sant Ramon, Barcelona", "title": "Piso en Calle de Sabino Arana"}, "hasPlan": true, "has3DTour": false, "has360": true, "hasStaging": false, "topNewDevelopment": false}, {"propertyCode": "87817365", "thumbnail": "https://img3.idealista.com/blur/WEB_LISTING/0/id.pro.es.image.master/36/b1/c9/732768562.jpg", "externalReference": "4307", "numPhotos": 53, "price": 650000.0, "propertyType": "chalet", "operation": "sale", "size": 304.0, "exterior": false, "rooms": 4, "bathrooms": 4, "address": "barrio Vallvidrera - El Tibidabo i les Planes", "province": "Barcelona", "municipality": "Barcelona", "district": "Sarri\u00e0-Sant Gervasi", "country": "es", "neighborhood": "Vallvidrera - El Tibidabo i les Planes", "latitude": 41.4148924, "longitude": 2.0946575, "showAddress": false, "url": "https://www.idealista.com/inmueble/87817365/", "distance": "2223", "hasVideo": true, "status": "good", "newDevelopment": false, "parkingSpace": {"hasParkingSpace": true, "isParkingSpaceIncludedInPrice": true}, "priceByArea": 2138.0, "detailedType": {"typology": "chalet", "subTypology": "independantHouse"}, "suggestedTexts": {"subtitle": "Vallvidrera - El Tibidabo i les Planes, Barcelona", "title": "Casa independiente"}, "hasPlan": true, "has3DTour": false, "has360": true, "hasStaging": true, "topNewDevelopment": false}, {"propertyCode": "91474299", "thumbnail": "https://img3.idealista.com/blur/WEB_LISTING/0/id.pro.es.image.master/fc/f9/63/815432805.jpg", "externalReference": "2546", "numPhotos": 31, "floor": "4", "price": 990000.0, "propertyType": "flat", "operation": "sale", "size": 180.0, "exterior": true, "rooms": 4, "bathrooms": 2, "address": "Paseo de Manuel Girona", "province": "Barcelona", "municipality": "Barcelona", "district": "Les Corts", "country": "es", "neighborhood": "Pedralbes", "latitude": 41.3899426, "longitude": 2.1249908, "showAddress": false, "url": "https://www.idealista.com/inmueble/91474299/", "distance": "1786", "hasVideo": false, "status": "good", "newDevelopment": false, "hasLift": true, "parkingSpace": {"hasParkingSpace": true, "isParkingSpaceIncludedInPrice": true}, "priceByArea": 5500.0, "detailedType": {"typology": "flat"}, "suggestedTexts": {"subtitle": "Pedralbes, Barcelona", "title": "Piso en Paseo de Manuel Girona"}, "hasPlan": true, "has3DTour": false, "has360": true, "hasStaging": false, "topNewDevelopment": false}, {"propertyCode": "90517159", "thumbnail": "https://img3.idealista.com/blur/WEB_LISTING/0/id.pro.es.image.master/c4/a6/1f/792177705.jpg", "externalReference": "B07332BA", "numPhotos": 38, "floor": "2", "price": 1660000.0, "propertyType": "flat", "operation": "sale", "size": 232.0, "exterior": true, "rooms": 5, "bathrooms": 3, "address": "barrio Pedralbes", "province": "Barcelona", "municipality": "Barcelona", "district": "Les Corts", "country": "es", "neighborhood": "Pedralbes", "latitude": 41.3938708, "longitude": 2.1163417, "showAddress": false, "url": "https://www.idealista.com/inmueble/90517159/", "distance": "953", "hasVideo": true, "status": "good", "newDevelopment": false, "hasLift": true, "parkingSpace": {"hasParkingSpace": true, "isParkingSpaceIncludedInPrice": true}, "priceByArea": 7155.0, "detailedType": {"typology": "flat"}, "suggestedTexts": {"subtitle": "Pedralbes, Barcelona", "title": "Piso"}, "hasPlan": true, "has3DTour": false, "has360": true, "hasStaging": false, "topNewDevelopment": false}, {"propertyCode": "92244864", "thumbnail": "https://img3.idealista.com/blur/WEB_LISTING/0/id.pro.es.image.master/ba/60/d9/856403752.jpg", "externalReference": "200135", "numPhotos": 45, "floor": "6", "price": 1149000.0, "propertyType": "duplex", "operation": "sale", "size": 248.0, "exterior": true, "rooms": 3, "bathrooms": 3, "address": "barrio El Putxet i el Farr\u00f3", "province": "Barcelona", "municipality": "Barcelona", "district": "Sarri\u00e0-Sant Gervasi", "country": "es", "neighborhood": "El Putxet i el Farr\u00f3", "latitude": 41.40521, "longitude": 2.13924, "showAddress": false, "url": "https://www.idealista.com/inmueble/92244864/", "distance": "2970", "hasVideo": false, "status": "good", "newDevelopment": false, "hasLift": true, "priceByArea": 4633.0, "detailedType": {"typology": "flat", "subTypology": "duplex"}, "suggestedTexts": {"subtitle": "El Putxet i el Farr\u00f3, Barcelona", "title": "D\u00faplex"}, "hasPlan": true, "has3DTour": false, "has360": true, "hasStaging": false, "topNewDevelopment": false}, {"propertyCode": "91672194", "thumbnail": "https://img3.idealista.com/blur/WEB_LISTING/0/id.pro.es.image.master/78/76/fd/820442420.jpg", "externalReference": "SP332KA", "numPhotos": 30, "floor": "6", "price": 995000.0, "propertyType": "flat", "operation": "sale", "size": 225.0, "exterior": true, "rooms": 4, "bathrooms": 3, "address": "barrio Sant Gervasi - Galvany", "province": "Barcelona", "municipality": "Barcelona", "district": "Sarri\u00e0-Sant Gervasi", "country": "es", "neighborhood": "Sant Gervasi - Galvany", "latitude": 41.391792, "longitude": 2.140041, "showAddress": false, "url": "https://www.idealista.com/inmueble/91672194/", "distance": "2929", "hasVideo": true, "status": "good", "newDevelopment": false, "hasLift": true, "parkingSpace": {"hasParkingSpace": true, "isParkingSpaceIncludedInPrice": true}, "priceByArea": 4422.0, "detailedType": {"typology": "flat"}, "suggestedTexts": {"subtitle": "Sant Gervasi - Galvany, Barcelona", "title": "Piso"}, "hasPlan": true, "has3DTour": false, "has360": true, "hasStaging": false, "topNewDevelopment": false}, {"propertyCode": "92604975", "thumbnail": "https://img3.idealista.com/blur/WEB_LISTING/0/id.pro.es.image.master/7d/5f/22/843807498.jpg", "externalReference": "VB2101034", "numPhotos": 19, "floor": "5", "price": 199000.0, "propertyType": "flat", "operation": "sale", "size": 48.0, "exterior": true, "rooms": 2, "bathrooms": 1, "address": "barrio Sants - Badal", "province": "Barcelona", "municipality": "Barcelona", "district": "Sants-Montju\u00efc", "country": "es", "neighborhood": "Sants - Badal", "latitude": 41.3764138, "longitude": 2.1240547, "showAddress": false, "url": "https://www.idealista.com/inmueble/92604975/", "distance": "2728", "hasVideo": true, "status": "renew", "newDevelopment": false, "hasLift": true, "priceByArea": 4146.0, "detailedType": {"typology": "flat"}, "suggestedTexts": {"subtitle": "Sants - Badal, Barcelona", "title": "Piso"}, "hasPlan": true, "has3DTour": false, "has360": true, "hasStaging": false, "topNewDevelopment": false}, {"propertyCode": "85771895", "thumbnail": "https://img3.idealista.com/blur/WEB_LISTING/0/id.pro.es.image.master/1d/84/66/674739220.jpg", "externalReference": "4338", "numPhotos": 58, "price": 1295000.0, "propertyType": "chalet", "operation": "sale", "size": 300.0, "exterior": false, "rooms": 3, "bathrooms": 3, "address": "barrio Vallvidrera - El Tibidabo i les Planes", "province": "Barcelona", "municipality": "Barcelona", "district": "Sarri\u00e0-Sant Gervasi", "country": "es", "neighborhood": "Vallvidrera - El Tibidabo i les Planes", "latitude": 41.4171709, "longitude": 2.1113274, "showAddress": false, "url": "https://www.idealista.com/inmueble/85771895/", "distance": "2334", "hasVideo": true, "status": "good", "newDevelopment": false, "parkingSpace": {"hasParkingSpace": true, "isParkingSpaceIncludedInPrice": true}, "priceByArea": 4317.0, "detailedType": {"typology": "chalet", "subTypology": "independantHouse"}, "suggestedTexts": {"subtitle": "Vallvidrera - El Tibidabo i les Planes, Barcelona", "title": "Casa independiente"}, "hasPlan": true, "has3DTour": false, "has360": true, "hasStaging": false, "topNewDevelopment": false}, {"propertyCode": "88513665", "thumbnail": "https://img3.idealista.com/blur/WEB_LISTING/0/id.pro.es.image.master/ff/53/ed/748584425.jpg", "externalReference": "BCN21995", "numPhotos": 37, "price": 1950000.0, "propertyType": "chalet", "operation": "sale", "size": 284.0, "exterior": false, "rooms": 4, "bathrooms": 4, "address": "barrio Sant Gervasi - La Bonanova", "province": "Barcelona", "municipality": "Barcelona", "district": "Sarri\u00e0-Sant Gervasi", "country": "es", "neighborhood": "Sant Gervasi - La Bonanova", "latitude": 41.4100349, "longitude": 2.1221368, "showAddress": false, "url": "https://www.idealista.com/inmueble/88513665/", "distance": "2035", "hasVideo": false, "status": "good", "newDevelopment": false, "parkingSpace": {"hasParkingSpace": true, "isParkingSpaceIncludedInPrice": true}, "priceByArea": 6866.0, "detailedType": {"typology": "chalet"}, "suggestedTexts": {"subtitle": "Sant Gervasi - La Bonanova, Barcelona", "title": "Chalet"}, "hasPlan": false, "has3DTour": false, "has360": true, "hasStaging": false, "topNewDevelopment": false}, {"propertyCode": "87832987", "thumbnail": "https://img3.idealista.com/blur/WEB_LISTING/0/id.pro.es.image.master/b4/4f/d3/732032509.jpg", "externalReference": "4223", "numPhotos": 34, "floor": "1", "price": 690000.0, "propertyType": "flat", "operation": "sale", "size": 90.0, "exterior": true, "rooms": 2, "bathrooms": 2, "address": "Avenida de Josep Tarradellas", "province": "Barcelona", "municipality": "Barcelona", "district": "Eixample", "country": "es", "neighborhood": "L'Antiga Esquerra de l'Eixample", "latitude": 41.3927477, "longitude": 2.1426176, "showAddress": false, "url": "https://www.idealista.com/inmueble/87832987/", "distance": "3124", "hasVideo": true, "status": "good", "newDevelopment": false, "hasLift": true, "priceByArea": 7667.0, "detailedType": {"typology": "flat"}, "suggestedTexts": {"subtitle": "L'Antiga Esquerra de l'Eixample, Barcelona", "title": "Piso en Avenida de Josep Tarradellas"}, "hasPlan": true, "has3DTour": false, "has360": true, "hasStaging": false, "topNewDevelopment": false}, {"propertyCode": "35492296", "thumbnail": "https://img3.idealista.com/blur/WEB_LISTING/0/id.pro.es.image.master/03/cd/d2/709998753.jpg", "externalReference": "3413c", "numPhotos": 48, "price": 830000.0, "propertyType": "chalet", "operation": "sale", "size": 380.0, "exterior": false, "rooms": 5, "bathrooms": 5, "address": "Calle de Can Basseda", "province": "Barcelona", "municipality": "Barcelona", "district": "Sarri\u00e0-Sant Gervasi", "country": "es", "neighborhood": "Vallvidrera - El Tibidabo i les Planes", "latitude": 41.4143264, "longitude": 2.108542, "showAddress": false, "url": "https://www.idealista.com/inmueble/35492296/", "distance": "1983", "hasVideo": true, "status": "good", "newDevelopment": false, "parkingSpace": {"hasParkingSpace": true, "isParkingSpaceIncludedInPrice": true}, "priceByArea": 2184.0, "detailedType": {"typology": "chalet", "subTypology": "independantHouse"}, "suggestedTexts": {"subtitle": "Vallvidrera - El Tibidabo i les Planes, Barcelona", "title": "Casa independiente en Calle de Can Basseda"}, "hasPlan": true, "has3DTour": false, "has360": true, "hasStaging": false, "topNewDevelopment": false}, {"propertyCode": "89416170", "thumbnail": "https://img3.idealista.com/blur/WEB_LISTING/0/id.pro.es.image.master/54/48/31/770914980.jpg", "externalReference": "3060V(1)", "numPhotos": 24, "floor": "11", "price": 750000.0, "propertyType": "flat", "operation": "sale", "size": 140.0, "exterior": true, "rooms": 4, "bathrooms": 2, "address": "barrio L'Antiga Esquerra de l'Eixample", "province": "Barcelona", "municipality": "Barcelona", "district": "Eixample", "country": "es", "neighborhood": "L'Antiga Esquerra de l'Eixample", "latitude": 41.389721, "longitude": 2.1421573, "showAddress": false, "url": "https://www.idealista.com/inmueble/89416170/", "distance": "3151", "hasVideo": true, "status": "good", "newDevelopment": false, "hasLift": true, "priceByArea": 5357.0, "detailedType": {"typology": "flat"}, "suggestedTexts": {"subtitle": "L'Antiga Esquerra de l'Eixample, Barcelona", "title": "Piso"}, "hasPlan": true, "has3DTour": false, "has360": true, "hasStaging": false, "topNewDevelopment": false}, {"propertyCode": "92640776", "thumbnail": "https://img3.idealista.com/blur/WEB_LISTING/0/id.pro.es.image.master/e2/5f/b7/844612248.jpg", "externalReference": "11320", "numPhotos": 22, "floor": "6", "price": 970000.0, "propertyType": "penthouse", "operation": "sale", "size": 115.0, "exterior": true, "rooms": 3, "bathrooms": 2, "address": "Calle de Calvet", "province": "Barcelona", "municipality": "Barcelona", "district": "Sarri\u00e0-Sant Gervasi", "country": "es", "neighborhood": "Sant Gervasi - Galvany", "latitude": 41.3968749, "longitude": 2.1418552, "showAddress": false, "url": "https://www.idealista.com/inmueble/92640776/", "distance": "3031", "hasVideo": false, "status": "good", "newDevelopment": false, "hasLift": true, "priceByArea": 8435.0, "detailedType": {"typology": "flat", "subTypology": "penthouse"}, "suggestedTexts": {"subtitle": "Sant Gervasi - Galvany, Barcelona", "title": "\u00c1tico en Calle de Calvet"}, "hasPlan": false, "has3DTour": false, "has360": true, "hasStaging": false, "topNewDevelopment": false}, {"propertyCode": "90461132", "thumbnail": "https://img3.idealista.com/blur/WEB_LISTING/0/id.pro.es.image.master/67/1c/d2/790908158.jpg", "externalReference": "11166", "numPhotos": 22, "floor": "4", "price": 595000.0, "propertyType": "flat", "operation": "sale", "size": 134.0, "exterior": true, "rooms": 4, "bathrooms": 2, "address": "Calle Balmes", "province": "Barcelona", "municipality": "Barcelona", "district": "Sarri\u00e0-Sant Gervasi", "country": "es", "neighborhood": "Sant Gervasi - Galvany", "latitude": 41.4020951, "longitude": 2.1402735, "showAddress": false, "url": "https://www.idealista.com/inmueble/90461132/", "distance": "2961", "hasVideo": false, "status": "good", "newDevelopment": false, "hasLift": true, "priceByArea": 4440.0, "detailedType": {"typology": "flat"}, "suggestedTexts": {"subtitle": "Sant Gervasi - Galvany, Barcelona", "title": "Piso en Calle Balmes"}, "hasPlan": false, "has3DTour": false, "has360": true, "hasStaging": false, "topNewDevelopment": false}, {"propertyCode": "91420031", "thumbnail": "https://img3.idealista.com/blur/WEB_LISTING/0/id.pro.es.image.master/2a/f4/e5/844779747.jpg", "externalReference": "45", "numPhotos": 35, "floor": "7", "price": 499000.0, "propertyType": "flat", "operation": "sale", "size": 100.0, "exterior": false, "rooms": 3, "bathrooms": 2, "address": "Avenida de Josep Tarradellas", "province": "Barcelona", "municipality": "Barcelona", "district": "Eixample", "country": "es", "neighborhood": "L'Antiga Esquerra de l'Eixample", "latitude": 41.3928859, "longitude": 2.1436258, "showAddress": false, "url": "https://www.idealista.com/inmueble/91420031/", "distance": "3205", "hasVideo": false, "status": "good", "newDevelopment": false, "hasLift": true, "priceByArea": 4990.0, "detailedType": {"typology": "flat"}, "suggestedTexts": {"subtitle": "L'Antiga Esquerra de l'Eixample, Barcelona", "title": "Piso en Avenida de Josep Tarradellas"}, "hasPlan": true, "has3DTour": false, "has360": true, "hasStaging": false, "topNewDevelopment": false}, {"propertyCode": "89805610", "thumbnail": "https://img3.idealista.com/blur/WEB_LISTING/0/id.pro.es.image.master/e4/86/0c/777444095.jpg", "externalReference": "729-20V", "numPhotos": 29, "floor": "bj", "price": 490000.0, "propertyType": "duplex", "operation": "sale", "size": 170.0, "exterior": true, "rooms": 3, "bathrooms": 3, "address": "Carretera de Collblanc", "province": "Barcelona", "municipality": "Barcelona", "district": "Les Corts", "country": "es", "neighborhood": "La Maternitat i Sant Ramon", "latitude": 41.3745411, "longitude": 2.1135981, "showAddress": false, "url": "https://www.idealista.com/inmueble/89805610/", "distance": "2546", "hasVideo": false, "status": "good", "newDevelopment": false, "hasLift": true, "priceByArea": 2882.0, "detailedType": {"typology": "flat", "subTypology": "duplex"}, "suggestedTexts": {"subtitle": "La Maternitat i Sant Ramon, Barcelona", "title": "D\u00faplex en Carretera de Collblanc"}, "hasPlan": false, "has3DTour": false, "has360": true, "hasStaging": false, "topNewDevelopment": false}]