[{"propertyCode": "93169921", "thumbnail": "https://img3.idealista.com/blur/WEB_LISTING/0/id.pro.es.image.master/b7/29/7c/856054786.jpg", "externalReference": "V7347", "numPhotos": 94, "price": 980000.0, "propertyType": "chalet", "operation": "sale", "size": 452.0, "exterior": false, "rooms": 5, "bathrooms": 4, "address": "La Floresta - Les Planes", "province": "Barcelona", "municipality": "Sant Cugat del Vall\u00e8s", "district": "La Floresta - Les Planes", "country": "es", "latitude": 41.44627, "longitude": 2.07569, "showAddress": false, "url": "https://www.idealista.com/inmueble/93169921/", "distance": "2722", "hasVideo": true, "status": "good", "newDevelopment": false, "parkingSpace": {"hasParkingSpace": true, "isParkingSpaceIncludedInPrice": true}, "priceByArea": 2168.0, "detailedType": {"typology": "chalet", "subTypology": "independantHouse"}, "suggestedTexts": {"subtitle": "La Floresta - Les Planes, Sant Cugat del Vall\u00e8s", "title": "Casa independiente"}, "hasPlan": true, "has3DTour": true, "has360": false, "hasStaging": false, "topNewDevelopment": false}, {"propertyCode": "91552084", "thumbnail": "https://img3.idealista.com/blur/WEB_LISTING/0/id.pro.es.image.master/db/f8/39/817336784.jpg", "externalReference": "v7260", "numPhotos": 41, "floor": "3", "price": 429000.0, "propertyType": "flat", "operation": "sale", "size": 97.0, "exterior": true, "rooms": 3, "bathrooms": 2, "address": "josep puig i cadafalch", "province": "Barcelona", "municipality": "Sant Cugat del Vall\u00e8s", "district": "Torreblanca", "country": "es", "latitude": 41.4728802, "longitude": 2.0913423, "showAddress": false, "url": "https://www.idealista.com/inmueble/91552084/", "distance": "2193", "hasVideo": true, "status": "good", "newDevelopment": false, "hasLift": true, "parkingSpace": {"hasParkingSpace": true, "isParkingSpaceIncludedInPrice": true}, "priceByArea": 4423.0, "detailedType": {"typology": "flat"}, "suggestedTexts": {"subtitle": "Torreblanca, Sant Cugat del Vall\u00e8s", "title": "Piso en josep puig i cadafalch"}, "hasPlan": true, "has3DTour": true, "has360": false, "hasStaging": false, "topNewDevelopment": false}, {"propertyCode": "92877956", "thumbnail": "https://img3.idealista.com/blur/WEB_LISTING/0/id.pro.es.image.master/f9/dc/e9/851129446.jpg", "numPhotos": 42, "floor": "3", "price": 650000.0, "propertyType": "flat", "operation": "sale", "size": 154.0, "exterior": true, "rooms": 4, "bathrooms": 3, "address": "PAU CASALS", "province": "Barcelona", "municipality": "Sant Cugat del Vall\u00e8s", "district": "Torreblanca", "country": "es", "latitude": 41.4718769, "longitude": 2.0943056, "showAddress": false, "url": "https://www.idealista.com/inmueble/92877956/", "distance": "1971", "hasVideo": true, "status": "good", "newDevelopment": false, "hasLift": true, "parkingSpace": {"hasParkingSpace": true, "isParkingSpaceIncludedInPrice": true}, "priceByArea": 4221.0, "detailedType": {"typology": "flat"}, "suggestedTexts": {"subtitle": "Torreblanca, Sant Cugat del Vall\u00e8s", "title": "Piso en PAU CASALS"}, "hasPlan": true, "has3DTour": false, "has360": true, "hasStaging": false, "topNewDevelopment": false}, {"propertyCode": "90420675", "thumbnail": "https://img3.idealista.com/blur/WEB_LISTING/0/id.pro.es.image.master/c3/0d/e9/832529703.jpg", "externalReference": "W-02J79L", "numPhotos": 61, "floor": "bj", "price": 1180000.0, "propertyType": "chalet", "operation": "sale", "size": 300.0, "exterior": false, "rooms": 5, "bathrooms": 5, "address": "Eixample", "province": "Barcelona", "municipality": "Sant Cugat del Vall\u00e8s", "district": "Eixample", "country": "es", "latitude": 41.4689446, "longitude": 2.0843837, "showAddress": false, "url": "https://www.idealista.com/inmueble/90420675/", "distance": "2256", "hasVideo": false, "status": "good", "newDevelopment": false, "parkingSpace": {"hasParkingSpace": true, "isParkingSpaceIncludedInPrice": true}, "priceByArea": 3933.0, "detailedType": {"typology": "chalet", "subTypology": "semidetachedHouse"}, "suggestedTexts": {"subtitle": "Eixample, Sant Cugat del Vall\u00e8s", "title": "Chalet pareado"}, "hasPlan": true, "has3DTour": false, "has360": true, "hasStaging": false, "topNewDevelopment": false}, {"propertyCode": "91700700", "thumbnail": "https://img3.idealista.com/blur/WEB_LISTING/0/id.pro.es.image.master/2e/c5/ae/821146570.jpg", "externalReference": "VSC2010012-1", "numPhotos": 47, "price": 1090000.0, "propertyType": "chalet", "operation": "sale", "size": 320.0, "exterior": false, "rooms": 4, "bathrooms": 3, "address": "Calle de Verdi", "province": "Barcelona", "municipality": "Sant Cugat del Vall\u00e8s", "district": "Eixample", "country": "es", "latitude": 41.466069, "longitude": 2.0823066, "showAddress": false, "url": "https://www.idealista.com/inmueble/91700700/", "distance": "2220", "hasVideo": true, "status": "good", "newDevelopment": false, "parkingSpace": {"hasParkingSpace": true, "isParkingSpaceIncludedInPrice": true}, "priceByArea": 3406.0, "detailedType": {"typology": "chalet"}, "suggestedTexts": {"subtitle": "Eixample, Sant Cugat del Vall\u00e8s", "title": "Chalet en Calle de Verdi"}, "hasPlan": true, "has3DTour": false, "has360": true, "hasStaging": false, "topNewDevelopment": false}, {"propertyCode": "88280007", "thumbnail": "https://img3.idealista.com/blur/WEB_LISTING/0/id.pro.es.image.master/a2/6a/b1/769213857.jpg", "externalReference": "GVVPSCB02D", "numPhotos": 33, "floor": "3", "price": 755000.0, "propertyType": "flat", "operation": "sale", "size": 117.0, "exterior": true, "rooms": 3, "bathrooms": 2, "address": "Calle de Valldoreix", "province": "Barcelona", "municipality": "Sant Cugat del Vall\u00e8s", "district": "Centre - Estaci\u00f3", "country": "es", "latitude": 41.469282, "longitude": 2.0812232, "showAddress": false, "url": "https://www.idealista.com/inmueble/88280007/", "distance": "2488", "hasVideo": true, "status": "good", "newDevelopment": false, "hasLift": true, "parkingSpace": {"hasParkingSpace": true, "isParkingSpaceIncludedInPrice": true}, "priceByArea": 6453.0, "detailedType": {"typology": "flat"}, "suggestedTexts": {"subtitle": "Centre - Estaci\u00f3, Sant Cugat del Vall\u00e8s", "title": "Piso en Calle de Valldoreix"}, "hasPlan": true, "has3DTour": false, "has360": true, "hasStaging": false, "topNewDevelopment": false}, {"propertyCode": "85122263", "thumbnail": "https://img3.idealista.com/blur/WEB_LISTING/0/id.pro.es.image.master/78/66/9c/755940168.jpg", "externalReference": "W-02FD4V", "numPhotos": 31, "price": 570000.0, "propertyType": "chalet", "operation": "sale", "size": 265.0, "exterior": false, "rooms": 3, "bathrooms": 3, "address": "La Floresta - Les Planes", "province": "Barcelona", "municipality": "Sant Cugat del Vall\u00e8s", "district": "La Floresta - Les Planes", "country": "es", "latitude": 41.4392438, "longitude": 2.0845078, "showAddress": false, "url": "https://www.idealista.com/inmueble/85122263/", "distance": "2578", "hasVideo": false, "status": "good", "newDevelopment": false, "parkingSpace": {"hasParkingSpace": true, "isParkingSpaceIncludedInPrice": true}, "priceByArea": 2151.0, "detailedType": {"typology": "chalet", "subTypology": "independantHouse"}, "suggestedTexts": {"subtitle": "La Floresta - Les Planes, Sant Cugat del Vall\u00e8s", "title": "Casa independiente"}, "hasPlan": false, "has3DTour": false, "has360": true, "hasStaging": false, "topNewDevelopment": false}, {"propertyCode": "93132445", "thumbnail": "https://img3.idealista.com/blur/WEB_LISTING/0/id.pro.es.image.master/e8/69/7e/855252178.jpg", "externalReference": "01916", "numPhotos": 8, "floor": "2", "price": 495000.0, "propertyType": "duplex", "operation": "sale", "size": 106.0, "exterior": true, "rooms": 3, "bathrooms": 2, "address": "Orient", "province": "Barcelona", "municipality": "Sant Cugat del Vall\u00e8s", "district": "Sant Francesc-El Coll", "country": "es", "latitude": 41.4741414, "longitude": 2.0922571, "showAddress": false, "url": "https://www.idealista.com/inmueble/93132445/", "distance": "2274", "hasVideo": false, "status": "good", "newDevelopment": false, "hasLift": true, "priceByArea": 4670.0, "detailedType": {"typology": "flat", "subTypology": "duplex"}, "suggestedTexts": {"subtitle": "Sant Francesc-El Coll, Sant Cugat del Vall\u00e8s", "title": "D\u00faplex en Orient"}, "hasPlan": true, "has3DTour": false, "has360": false, "hasStaging": false, "topNewDevelopment": false}, {"propertyCode": "92813886", "thumbnail": "https://img3.idealista.com/blur/WEB_LISTING/0/id.pro.es.image.master/c8/d2/25/848755666.jpg", "externalReference": "v7338", "numPhotos": 55, "price": 449000.0, "propertyType": "chalet", "operation": "sale", "size": 125.0, "exterior": false, "rooms": 3, "bathrooms": 2, "address": "La Floresta - Les Planes", "province": "Barcelona", "municipality": "Sant Cugat del Vall\u00e8s", "district": "La Floresta - Les Planes", "country": "es", "latitude": 41.44726, "longitude": 2.07853, "showAddress": false, "url": "https://www.idealista.com/inmueble/92813886/", "distance": "2461", "hasVideo": true, "status": "good", "newDevelopment": false, "parkingSpace": {"hasParkingSpace": true, "isParkingSpaceIncludedInPrice": true}, "priceByArea": 3592.0, "detailedType": {"typology": "chalet", "subTypology": "semidetachedHouse"}, "suggestedTexts": {"subtitle": "La Floresta - Les Planes, Sant Cugat del Vall\u00e8s", "title": "Chalet pareado"}, "hasPlan": true, "has3DTour": true, "has360": false, "hasStaging": false, "topNewDevelopment": false}, {"propertyCode": "93182566", "thumbnail": "https://img3.idealista.com/blur/WEB_LISTING/0/id.pro.es.image.master/99/cb/cb/856373357.jpg", "externalReference": "v7348", "numPhotos": 60, "price": 698000.0, "propertyType": "chalet", "operation": "sale", "size": 126.0, "exterior": false, "rooms": 3, "bathrooms": 2, "address": "Golf", "province": "Barcelona", "municipality": "Sant Cugat del Vall\u00e8s", "district": "Golf", "country": "es", "latitude": 41.4538018, "longitude": 2.0850001, "showAddress": false, "url": "https://www.idealista.com/inmueble/93182566/", "distance": "1731", "hasVideo": true, "status": "good", "newDevelopment": false, "parkingSpace": {"hasParkingSpace": true, "isParkingSpaceIncludedInPrice": true}, "priceByArea": 5540.0, "detailedType": {"typology": "chalet", "subTypology": "independantHouse"}, "suggestedTexts": {"subtitle": "Golf, Sant Cugat del Vall\u00e8s", "title": "Casa independiente"}, "hasPlan": false, "has3DTour": true, "has360": false, "hasStaging": false, "topNewDevelopment": false}, {"propertyCode": "93180929", "thumbnail": "https://img3.idealista.com/blur/WEB_LISTING/0/id.pro.es.image.master/dd/2d/2a/856331344.jpg", "externalReference": "10706", "numPhotos": 46, "price": 820000.0, "propertyType": "chalet", "operation": "sale", "size": 224.0, "exterior": false, "rooms": 4, "bathrooms": 3, "address": "Arxius", "province": "Barcelona", "municipality": "Sant Cugat del Vall\u00e8s", "district": "Arxius", "country": "es", "latitude": 41.4686859, "longitude": 2.0742353, "showAddress": false, "url": "https://www.idealista.com/inmueble/93180929/", "distance": "2950", "hasVideo": false, "status": "good", "newDevelopment": false, "parkingSpace": {"hasParkingSpace": true, "isParkingSpaceIncludedInPrice": true}, "priceByArea": 3661.0, "detailedType": {"typology": "chalet", "subTypology": "terracedHouse"}, "suggestedTexts": {"subtitle": "Arxius, Sant Cugat del Vall\u00e8s", "title": "Chalet adosado"}, "hasPlan": true, "has3DTour": true, "has360": false, "hasStaging": false, "topNewDevelopment": false}, {"propertyCode": "89401651", "thumbnail": "https://img3.idealista.com/blur/WEB_LISTING/0/id.pro.es.image.master/ef/8a/61/826104373.jpg", "externalReference": "v7157", "numPhotos": 34, "floor": "2", "price": 895000.0, "propertyType": "flat", "operation": "sale", "size": 160.0, "exterior": true, "rooms": 4, "bathrooms": 3, "address": "Arxius", "province": "Barcelona", "municipality": "Sant Cugat del Vall\u00e8s", "district": "Arxius", "country": "es", "latitude": 41.468377, "longitude": 2.0741096, "showAddress": false, "url": "https://www.idealista.com/inmueble/89401651/", "distance": "2943", "hasVideo": true, "status": "good", "newDevelopment": false, "hasLift": true, "parkingSpace": {"hasParkingSpace": true, "isParkingSpaceIncludedInPrice": true}, "priceByArea": 5594.0, "detailedType": {"typology": "flat"}, "suggestedTexts": {"subtitle": "Arxius, Sant Cugat del Vall\u00e8s", "title": "Piso"}, "hasPlan": true, "has3DTour": false, "has360": false, "hasStaging": false, "topNewDevelopment": false}, {"propertyCode": "91451364", "thumbnail": "https://img3.idealista.com/blur/WEB_LISTING/0/id.pro.es.image.master/a9/4d/8b/814921032.jpg", "externalReference": "RT23", "numPhotos": 28, "floor": "2", "price": 530000.0, "propertyType": "penthouse", "operation": "sale", "size": 166.0, "exterior": true, "rooms": 3, "bathrooms": 2, "address": "Crist\u00f2for Colom", "province": "Barcelona", "municipality": "Sant Cugat del Vall\u00e8s", "district": "Centre - Estaci\u00f3", "country": "es", "latitude": 41.4728741, "longitude": 2.0787685, "showAddress": false, "url": "https://www.idealista.com/inmueble/91451364/", "distance": "2894", "hasVideo": false, "status": "good", "newDevelopment": false, "hasLift": true, "parkingSpace": {"hasParkingSpace": true, "isParkingSpaceIncludedInPrice": false, "parkingSpacePrice": 16000.0}, "priceByArea": 3193.0, "detailedType": {"typology": "flat", "subTypology": "penthouse"}, "suggestedTexts": {"subtitle": "Centre - Estaci\u00f3, Sant Cugat del Vall\u00e8s", "title": "\u00c1tico en Crist\u00f2for Colom"}, "hasPlan": true, "has3DTour": false, "has360": false, "hasStaging": false, "topNewDevelopment": false}, {"propertyCode": "91441240", "thumbnail": "https://img3.idealista.com/blur/WEB_LISTING/0/id.pro.es.image.master/78/75/fc/814658425.jpg", "externalReference": "W-02K28K", "numPhotos": 32, "floor": "2", "price": 265000.0, "propertyType": "flat", "operation": "sale", "size": 60.0, "exterior": false, "rooms": 2, "bathrooms": 1, "address": "Sant Dom\u00e8nec", "province": "Barcelona", "municipality": "Sant Cugat del Vall\u00e8s", "district": "Sant Dom\u00e8nec", "country": "es", "latitude": 41.4758912, "longitude": 2.0783078, "showAddress": false, "url": "https://www.idealista.com/inmueble/91441240/", "distance": "3147", "hasVideo": false, "status": "good", "newDevelopment": false, "hasLift": false, "parkingSpace": {"hasParkingSpace": true, "isParkingSpaceIncludedInPrice": true}, "priceByArea": 4417.0, "detailedType": {"typology": "flat"}, "suggestedTexts": {"subtitle": "Sant Dom\u00e8nec, Sant Cugat del Vall\u00e8s", "title": "Piso"}, "hasPlan": true, "has3DTour": false, "has360": false, "hasStaging": false, "topNewDevelopment": false}, {"propertyCode": "90210373", "thumbnail": "https://img3.idealista.com/blur/WEB_LISTING/0/id.pro.es.image.master/56/95/5f/785506695.jpg", "externalReference": "W-02JA7L", "numPhotos": 28, "floor": "2", "price": 290000.0, "propertyType": "flat", "operation": "sale", "size": 74.0, "exterior": false, "rooms": 3, "bathrooms": 1, "address": "Sant Dom\u00e8nec", "province": "Barcelona", "municipality": "Sant Cugat del Vall\u00e8s", "district": "Sant Dom\u00e8nec", "country": "es", "latitude": 41.4740548, "longitude": 2.08124, "showAddress": false, "url": "https://www.idealista.com/inmueble/90210373/", "distance": "2829", "hasVideo": false, "status": "good", "newDevelopment": false, "hasLift": true, "priceByArea": 3919.0, "detailedType": {"typology": "flat"}, "suggestedTexts": {"subtitle": "Sant Dom\u00e8nec, Sant Cugat del Vall\u00e8s", "title": "Piso"}, "hasPlan": true, "has3DTour": false, "has360": false, "hasStaging": false, "topNewDevelopment": false}, {"propertyCode": "88028329", "thumbnail": "https://img3.idealista.com/blur/WEB_LISTING/0/id.pro.es.image.master/a8/3a/1f/736805906.jpg", "externalReference": "v7046", "numPhotos": 19, "price": 599000.0, "propertyType": "chalet", "operation": "sale", "size": 275.0, "exterior": false, "rooms": 4, "bathrooms": 3, "address": "La Floresta - Les Planes", "province": "Barcelona", "municipality": "Sant Cugat del Vall\u00e8s", "district": "La Floresta - Les Planes", "country": "es", "latitude": 41.44042, "longitude": 2.08671, "showAddress": false, "url": "https://www.idealista.com/inmueble/88028329/", "distance": "2357", "hasVideo": true, "status": "good", "newDevelopment": false, "parkingSpace": {"hasParkingSpace": true, "isParkingSpaceIncludedInPrice": true}, "priceByArea": 2178.0, "detailedType": {"typology": "chalet", "subTypology": "independantHouse"}, "suggestedTexts": {"subtitle": "La Floresta - Les Planes, Sant Cugat del Vall\u00e8s", "title": "Casa independiente"}, "hasPlan": true, "has3DTour": false, "has360": false, "hasStaging": false, "topNewDevelopment": false}, {"propertyCode": "92248016", "thumbnail": "https://img3.idealista.com/blur/WEB_LISTING/0/id.pro.es.image.master/32/96/fa/834708151.jpg", "externalReference": "VSC2012006", "numPhotos": 41, "price": 2800000.0, "propertyType": "chalet", "operation": "sale", "size": 569.0, "exterior": false, "rooms": 5, "bathrooms": 7, "address": "Calle de Ferran Soldevila", "province": "Barcelona", "municipality": "Sant Cugat del Vall\u00e8s", "district": "Arxius", "country": "es", "latitude": 41.4664996, "longitude": 2.069539, "showAddress": false, "url": "https://www.idealista.com/inmueble/92248016/", "distance": "3206", "hasVideo": true, "status": "good", "newDevelopment": false, "parkingSpace": {"hasParkingSpace": true, "isParkingSpaceIncludedInPrice": true}, "priceByArea": 4921.0, "detailedType": {"typology": "chalet"}, "suggestedTexts": {"subtitle": "Arxius, Sant Cugat del Vall\u00e8s", "title": "Chalet en Calle de Ferran Soldevila"}, "hasPlan": true, "has3DTour": false, "has360": false, "hasStaging": false, "topNewDevelopment": false}, {"propertyCode": "91836842", "thumbnail": "https://img3.idealista.com/blur/WEB_LISTING/0/id.pro.es.image.master/79/63/98/824701639.jpg", "externalReference": "VSC2011005", "numPhotos": 40, "price": 1380000.0, "propertyType": "chalet", "operation": "sale", "size": 342.0, "exterior": false, "rooms": 4, "bathrooms": 3, "address": "Calle de Sant Josep", "province": "Barcelona", "municipality": "Sant Cugat del Vall\u00e8s", "district": "Eixample", "country": "es", "latitude": 41.4627405, "longitude": 2.0893883, "showAddress": false, "url": "https://www.idealista.com/inmueble/91836842/", "distance": "1524", "hasVideo": true, "status": "good", "newDevelopment": false, "parkingSpace": {"hasParkingSpace": true, "isParkingSpaceIncludedInPrice": true}, "priceByArea": 4035.0, "detailedType": {"typology": "chalet"}, "suggestedTexts": {"subtitle": "Eixample, Sant Cugat del Vall\u00e8s", "title": "Chalet en Calle de Sant Josep"}, "hasPlan": true, "has3DTour": false, "has360": false, "hasStaging": false, "topNewDevelopment": false}, {"propertyCode": "91700694", "thumbnail": "https://img3.idealista.com/blur/WEB_LISTING/0/id.pro.es.image.master/49/c7/8a/821146362.jpg", "externalReference": "VSC2010007-1", "numPhotos": 39, "price": 1425000.0, "propertyType": "chalet", "operation": "sale", "size": 614.0, "exterior": false, "rooms": 6, "bathrooms": 6, "address": "Calle de Vill\u00e0", "province": "Barcelona", "municipality": "Sant Cugat del Vall\u00e8s", "district": "Golf", "country": "es", "latitude": 41.4623287, "longitude": 2.0730443, "showAddress": false, "url": "https://www.idealista.com/inmueble/91700694/", "distance": "2788", "hasVideo": true, "status": "good", "newDevelopment": false, "parkingSpace": {"hasParkingSpace": true, "isParkingSpaceIncludedInPrice": true}, "priceByArea": 2321.0, "detailedType": {"typology": "chalet"}, "suggestedTexts": {"subtitle": "Golf, Sant Cugat del Vall\u00e8s", "title": "Chalet en Calle de Vill\u00e0"}, "hasPlan": true, "has3DTour": false, "has360": false, "hasStaging": false, "topNewDevelopment": false}, {"propertyCode": "91613068", "thumbnail": "https://img3.idealista.com/blur/WEB_LISTING/0/id.pro.es.image.master/80/91/e9/819021095.jpg", "externalReference": "VSC2008009-2", "numPhotos": 34, "price": 1350000.0, "propertyType": "chalet", "operation": "sale", "size": 519.0, "exterior": false, "rooms": 6, "bathrooms": 4, "address": "Avenida d'Antoni Griera", "province": "Barcelona", "municipality": "Sant Cugat del Vall\u00e8s", "district": "La Floresta - Les Planes", "country": "es", "latitude": 41.42985, "longitude": 2.10415, "showAddress": false, "url": "https://www.idealista.com/inmueble/91613068/", "distance": "2938", "hasVideo": true, "status": "good", "newDevelopment": false, "parkingSpace": {"hasParkingSpace": true, "isParkingSpaceIncludedInPrice": true}, "priceByArea": 2601.0, "detailedType": {"typology": "chalet"}, "suggestedTexts": {"subtitle": "La Floresta - Les Planes, Sant Cugat del Vall\u00e8s", "title": "Chalet en Avenida d'Antoni Griera"}, "hasPlan": true, "has3DTour": false, "has360": false, "hasStaging": false, "topNewDevelopment": false}, {"propertyCode": "91152704", "thumbnail": "https://img3.idealista.com/blur/WEB_LISTING/0/id.pro.es.image.master/24/ae/90/820013264.jpg", "externalReference": "VSC2001006-5", "numPhotos": 58, "price": 1800000.0, "propertyType": "chalet", "operation": "sale", "size": 635.0, "exterior": false, "rooms": 6, "bathrooms": 4, "address": "Calle del Tur\u00f3", "province": "Barcelona", "municipality": "Sant Cugat del Vall\u00e8s", "district": "La Floresta - Les Planes", "country": "es", "latitude": 41.4492269, "longitude": 2.0832857, "showAddress": false, "url": "https://www.idealista.com/inmueble/91152704/", "distance": "2011", "hasVideo": true, "status": "good", "newDevelopment": false, "parkingSpace": {"hasParkingSpace": true, "isParkingSpaceIncludedInPrice": true}, "priceByArea": 2835.0, "detailedType": {"typology": "chalet"}, "suggestedTexts": {"subtitle": "La Floresta - Les Planes, Sant Cugat del Vall\u00e8s", "title": "Chalet en Calle del Tur\u00f3"}, "hasPlan": true, "has3DTour": false, "has360": false, "hasStaging": false, "topNewDevelopment": false}, {"propertyCode": "90461192", "thumbnail": "https://img3.idealista.com/blur/WEB_LISTING/0/id.pro.es.image.master/5f/da/86/790910152.jpg", "externalReference": "VSC2006005-4", "numPhotos": 52, "price": 2200000.0, "propertyType": "chalet", "operation": "sale", "size": 1050.0, "exterior": false, "rooms": 6, "bathrooms": 6, "address": "Calle de l'Oce\u00e0 Glacial", "province": "Barcelona", "municipality": "Sant Cugat del Vall\u00e8s", "district": "Golf", "country": "es", "latitude": 41.4559742, "longitude": 2.0751854, "showAddress": false, "url": "https://www.idealista.com/inmueble/90461192/", "distance": "2527", "hasVideo": true, "status": "good", "newDevelopment": false, "parkingSpace": {"hasParkingSpace": true, "isParkingSpaceIncludedInPrice": true}, "priceByArea": 2095.0, "detailedType": {"typology": "chalet"}, "suggestedTexts": {"subtitle": "Golf, Sant Cugat del Vall\u00e8s", "title": "Chalet en Calle de l'Oce\u00e0 Glacial"}, "hasPlan": true, "has3DTour": false, "has360": false, "hasStaging": false, "topNewDevelopment": false}, {"propertyCode": "89034383", "thumbnail": "https://img3.idealista.com/blur/WEB_LISTING/0/id.pro.es.image.master/0f/0d/e9/761571169.jpg", "externalReference": "CASA00035", "numPhotos": 124, "price": 975000.0, "propertyType": "chalet", "operation": "sale", "size": 468.0, "exterior": false, "rooms": 6, "bathrooms": 4, "address": "Calle de les Ones, 39 -15", "province": "Barcelona", "municipality": "Sant Cugat del Vall\u00e8s", "district": "Golf", "country": "es", "latitude": 41.4550834, "longitude": 2.0853114, "showAddress": true, "url": "https://www.idealista.com/inmueble/89034383/", "distance": "1688", "hasVideo": true, "status": "good", "newDevelopment": false, "parkingSpace": {"hasParkingSpace": true, "isParkingSpaceIncludedInPrice": true}, "priceByArea": 2083.0, "detailedType": {"typology": "chalet", "subTypology": "independantHouse"}, "suggestedTexts": {"subtitle": "Golf, Sant Cugat del Vall\u00e8s", "title": "Casa independiente en Calle de les Ones, 39 -15"}, "hasPlan": true, "has3DTour": true, "has360": false, "hasStaging": false, "topNewDevelopment": false}, {"propertyCode": "88509850", "thumbnail": "https://img3.idealista.com/blur/WEB_LISTING/0/id.pro.es.image.master/79/ff/3c/748474452.jpg", "externalReference": "V7097", "numPhotos": 31, "price": 1350000.0, "propertyType": "chalet", "operation": "sale", "size": 519.0, "exterior": false, "rooms": 6, "bathrooms": 5, "address": "La Floresta - Les Planes", "province": "Barcelona", "municipality": "Sant Cugat del Vall\u00e8s", "district": "La Floresta - Les Planes", "country": "es", "latitude": 41.42905, "longitude": 2.10655, "showAddress": false, "url": "https://www.idealista.com/inmueble/88509850/", "distance": "3026", "hasVideo": true, "status": "good", "newDevelopment": false, "parkingSpace": {"hasParkingSpace": true, "isParkingSpaceIncludedInPrice": true}, "priceByArea": 2601.0, "detailedType": {"typology": "chalet", "subTypology": "independantHouse"}, "suggestedTexts": {"subtitle": "La Floresta - Les Planes, Sant Cugat del Vall\u00e8s", "title": "Casa independiente"}, "hasPlan": true, "has3DTour": false, "has360": false, "hasStaging": false, "topNewDevelopment": false}, {"propertyCode": "92606986", "thumbnail": "https://img3.idealista.com/blur/WEB_LISTING/0/id.pro.es.image.master/d7/84/c0/843857561.jpg", "externalReference": "VSC2101002", "numPhotos": 50, "price": 2565000.0, "propertyType": "chalet", "operation": "sale", "size": 540.0, "exterior": false, "rooms": 7, "bathrooms": 6, "address": "Golf", "province": "Barcelona", "municipality": "Sant Cugat del Vall\u00e8s", "district": "Golf", "country": "es", "latitude": 41.4597204, "longitude": 2.0854806, "showAddress": false, "url": "https://www.idealista.com/inmueble/92606986/", "distance": "1713", "hasVideo": true, "status": "good", "newDevelopment": false, "parkingSpace": {"hasParkingSpace": true, "isParkingSpaceIncludedInPrice": true}, "priceByArea": 4750.0, "detailedType": {"typology": "chalet"}, "suggestedTexts": {"subtitle": "Golf, Sant Cugat del Vall\u00e8s", "title": "Chalet"}, "hasPlan": true, "has3DTour": false, "has360": false, "hasStaging": false, "topNewDevelopment": false}, {"propertyCode": "92356491", "thumbnail": "https://img3.idealista.com/blur/WEB_LISTING/0/id.pro.es.image.master/44/39/58/853796457.jpg", "externalReference": "10366", "numPhotos": 51, "price": 595000.0, "propertyType": "flat", "operation": "sale", "size": 130.0, "exterior": true, "rooms": 4, "bathrooms": 3, "address": "Arxius", "province": "Barcelona", "municipality": "Sant Cugat del Vall\u00e8s", "district": "Arxius", "country": "es", "latitude": 41.4661722, "longitude": 2.0744658, "showAddress": false, "url": "https://www.idealista.com/inmueble/92356491/", "distance": "2812", "hasVideo": true, "status": "good", "newDevelopment": false, "hasLift": true, "parkingSpace": {"hasParkingSpace": true, "isParkingSpaceIncludedInPrice": true}, "priceByArea": 4577.0, "detailedType": {"typology": "flat"}, "suggestedTexts": {"subtitle": "Arxius, Sant Cugat del Vall\u00e8s", "title": "Piso"}, "hasPlan": true, "has3DTour": true, "has360": false, "hasStaging": false, "topNewDevelopment": false}, {"propertyCode": "92117395", "thumbnail": "https://img3.idealista.com/blur/WEB_LISTING/0/id.pro.es.image.master/85/7c/19/833087942.jpg", "externalReference": "10283", "numPhotos": 54, "price": 840000.0, "propertyType": "chalet", "operation": "sale", "size": 363.0, "exterior": false, "rooms": 5, "bathrooms": 5, "address": "Golf", "province": "Barcelona", "municipality": "Sant Cugat del Vall\u00e8s", "district": "Golf", "country": "es", "latitude": 41.4570836, "longitude": 2.0695816, "showAddress": false, "url": "https://www.idealista.com/inmueble/92117395/", "distance": "2995", "hasVideo": true, "status": "good", "newDevelopment": false, "parkingSpace": {"hasParkingSpace": true, "isParkingSpaceIncludedInPrice": true}, "priceByArea": 2314.0, "detailedType": {"typology": "chalet", "subTypology": "independantHouse"}, "suggestedTexts": {"subtitle": "Golf, Sant Cugat del Vall\u00e8s", "title": "Casa independiente"}, "hasPlan": true, "has3DTour": true, "has360": false, "hasStaging": false, "topNewDevelopment": false}, {"propertyCode": "91876867", "thumbnail": "https://img3.idealista.com/blur/WEB_LISTING/0/id.pro.es.image.master/f3/70/c9/825416543.jpg", "externalReference": "VSC2009014-2", "numPhotos": 44, "price": 1285000.0, "propertyType": "chalet", "operation": "sale", "size": 411.0, "exterior": false, "rooms": 5, "bathrooms": 4, "address": "Golf", "province": "Barcelona", "municipality": "Sant Cugat del Vall\u00e8s", "district": "Golf", "country": "es", "latitude": 41.4642858, "longitude": 2.0782842, "showAddress": false, "url": "https://www.idealista.com/inmueble/91876867/", "distance": "2438", "hasVideo": true, "status": "good", "newDevelopment": false, "parkingSpace": {"hasParkingSpace": true, "isParkingSpaceIncludedInPrice": true}, "priceByArea": 3127.0, "detailedType": {"typology": "chalet"}, "suggestedTexts": {"subtitle": "Golf, Sant Cugat del Vall\u00e8s", "title": "Chalet"}, "hasPlan": true, "has3DTour": false, "has360": false, "hasStaging": false, "topNewDevelopment": false}, {"propertyCode": "91835727", "thumbnail": "https://img3.idealista.com/blur/WEB_LISTING/0/id.pro.es.image.master/13/07/d4/824427352.jpg", "externalReference": "VSC2011003", "numPhotos": 49, "price": 1375000.0, "propertyType": "chalet", "operation": "sale", "size": 445.0, "exterior": false, "rooms": 4, "bathrooms": 4, "address": "La Floresta - Les Planes", "province": "Barcelona", "municipality": "Sant Cugat del Vall\u00e8s", "district": "La Floresta - Les Planes", "country": "es", "latitude": 41.442387, "longitude": 2.0800514, "showAddress": false, "url": "https://www.idealista.com/inmueble/91835727/", "distance": "2623", "hasVideo": true, "status": "good", "newDevelopment": false, "parkingSpace": {"hasParkingSpace": true, "isParkingSpaceIncludedInPrice": true}, "priceByArea": 3090.0, "detailedType": {"typology": "chalet"}, "suggestedTexts": {"subtitle": "La Floresta - Les Planes, Sant Cugat del Vall\u00e8s", "title": "Chalet"}, "hasPlan": true, "has3DTour": false, "has360": false, "hasStaging": false, "topNewDevelopment": false}, {"propertyCode": "91700695", "thumbnail": "https://img3.idealista.com/blur/WEB_LISTING/0/id.pro.es.image.master/d0/08/df/821146416.jpg", "externalReference": "VSC2010009-1", "numPhotos": 20, "price": 1150000.0, "propertyType": "chalet", "operation": "sale", "size": 350.0, "exterior": false, "rooms": 5, "bathrooms": 5, "address": "Golf", "province": "Barcelona", "municipality": "Sant Cugat del Vall\u00e8s", "district": "Golf", "country": "es", "latitude": 41.4598193, "longitude": 2.0731401, "showAddress": false, "url": "https://www.idealista.com/inmueble/91700695/", "distance": "2726", "hasVideo": true, "status": "good", "newDevelopment": false, "parkingSpace": {"hasParkingSpace": true, "isParkingSpaceIncludedInPrice": true}, "priceByArea": 3286.0, "detailedType": {"typology": "chalet", "subTypology": "independantHouse"}, "suggestedTexts": {"subtitle": "Golf, Sant Cugat del Vall\u00e8s", "title": "Casa independiente"}, "hasPlan": true, "has3DTour": false, "has360": false, "hasStaging": false, "topNewDevelopment": false}, {"propertyCode": "91700680", "thumbnail": "https://img3.idealista.com/blur/WEB_LISTING/0/id.pro.es.image.master/65/06/26/821146331.jpg", "externalReference": "VSC2010003-1", "numPhotos": 28, "price": 1250000.0, "propertyType": "chalet", "operation": "sale", "size": 310.0, "exterior": false, "rooms": 5, "bathrooms": 4, "address": "Eixample", "province": "Barcelona", "municipality": "Sant Cugat del Vall\u00e8s", "district": "Eixample", "country": "es", "latitude": 41.4661029, "longitude": 2.0835841, "showAddress": false, "url": "https://www.idealista.com/inmueble/91700680/", "distance": "2130", "hasVideo": true, "status": "good", "newDevelopment": false, "parkingSpace": {"hasParkingSpace": true, "isParkingSpaceIncludedInPrice": true}, "priceByArea": 4032.0, "detailedType": {"typology": "chalet"}, "suggestedTexts": {"subtitle": "Eixample, Sant Cugat del Vall\u00e8s", "title": "Chalet"}, "hasPlan": true, "has3DTour": false, "has360": false, "hasStaging": false, "topNewDevelopment": false}, {"propertyCode": "90957099", "thumbnail": "https://img3.idealista.com/blur/WEB_LISTING/0/id.pro.es.image.master/21/82/64/803049411.jpg", "externalReference": "VSC2007014-4", "numPhotos": 47, "price": 3500000.0, "propertyType": "chalet", "operation": "sale", "size": 625.0, "exterior": false, "rooms": 6, "bathrooms": 6, "address": "Eixample", "province": "Barcelona", "municipality": "Sant Cugat del Vall\u00e8s", "district": "Eixample", "country": "es", "latitude": 41.4652441, "longitude": 2.083247, "showAddress": false, "url": "https://www.idealista.com/inmueble/90957099/", "distance": "2107", "hasVideo": true, "status": "good", "newDevelopment": false, "parkingSpace": {"hasParkingSpace": true, "isParkingSpaceIncludedInPrice": true}, "priceByArea": 5600.0, "detailedType": {"typology": "chalet"}, "suggestedTexts": {"subtitle": "Eixample, Sant Cugat del Vall\u00e8s", "title": "Chalet"}, "hasPlan": true, "has3DTour": false, "has360": false, "hasStaging": false, "topNewDevelopment": false}, {"propertyCode": "90310446", "thumbnail": "https://img3.idealista.com/blur/WEB_LISTING/0/id.pro.es.image.master/4c/a1/f2/787809844.jpg", "externalReference": "9061", "numPhotos": 45, "price": 450000.0, "propertyType": "chalet", "operation": "sale", "size": 130.0, "exterior": false, "rooms": 5, "bathrooms": 2, "address": "Golf", "province": "Barcelona", "municipality": "Sant Cugat del Vall\u00e8s", "district": "Golf", "country": "es", "latitude": 41.45649, "longitude": 2.08721, "showAddress": false, "url": "https://www.idealista.com/inmueble/90310446/", "distance": "1525", "hasVideo": true, "status": "good", "newDevelopment": false, "priceByArea": 3462.0, "detailedType": {"typology": "chalet"}, "suggestedTexts": {"subtitle": "Golf, Sant Cugat del Vall\u00e8s", "title": "Chalet"}, "hasPlan": true, "has3DTour": false, "has360": false, "hasStaging": false, "topNewDevelopment": false}, {"propertyCode": "88008807", "thumbnail": "https://img3.idealista.com/blur/WEB_LISTING/0/id.pro.es.image.master/86/3e/f8/777614933.jpg", "externalReference": "V102-1\u00ba1\u00aa", "numPhotos": 13, "floor": "1", "price": 395000.0, "propertyType": "flat", "operation": "sale", "size": 86.0, "exterior": false, "rooms": 3, "bathrooms": 2, "address": "Calle d'Orient, 62", "province": "Barcelona", "municipality": "Sant Cugat del Vall\u00e8s", "district": "Sant Francesc-El Coll", "country": "es", "latitude": 41.4746414, "longitude": 2.0903571, "showAddress": true, "url": "https://www.idealista.com/inmueble/88008807/", "distance": "2402", "hasVideo": true, "status": "good", "newDevelopment": false, "hasLift": true, "priceByArea": 4593.0, "detailedType": {"typology": "flat"}, "suggestedTexts": {"subtitle": "Sant Francesc-El Coll, Sant Cugat del Vall\u00e8s", "title": "Piso en Calle d'Orient, 62"}, "hasPlan": true, "has3DTour": false, "has360": false, "hasStaging": false, "topNewDevelopment": false}, {"propertyCode": "92199059", "thumbnail": "https://img3.idealista.com/blur/WEB_LISTING/0/id.pro.es.image.master/93/84/22/833382254.jpg", "externalReference": "GVVV57NB03", "numPhotos": 59, "floor": "3", "price": 565000.0, "propertyType": "flat", "operation": "sale", "size": 151.0, "exterior": true, "rooms": 3, "bathrooms": 3, "address": "Calle del Vall\u00e8s, 57", "province": "Barcelona", "municipality": "Sant Cugat del Vall\u00e8s", "district": "Sant Francesc-El Coll", "country": "es", "latitude": 41.4731156, "longitude": 2.0903671, "showAddress": true, "url": "https://www.idealista.com/inmueble/92199059/", "distance": "2259", "hasVideo": true, "status": "good", "newDevelopment": false, "hasLift": true, "priceByArea": 3742.0, "detailedType": {"typology": "flat"}, "suggestedTexts": {"subtitle": "Sant Francesc-El Coll, Sant Cugat del Vall\u00e8s", "title": "Piso en Calle del Vall\u00e8s, 57"}, "hasPlan": true, "has3DTour": true, "has360": false, "hasStaging": false, "topNewDevelopment": false}, {"propertyCode": "91895768", "thumbnail": "https://img3.idealista.com/blur/WEB_LISTING/0/id.pro.es.image.master/ee/b0/a9/825886037.jpg", "externalReference": "W-02JH6L", "numPhotos": 29, "floor": "2", "price": 420000.0, "propertyType": "flat", "operation": "sale", "size": 116.0, "exterior": false, "rooms": 3, "bathrooms": 2, "address": "Coll Fav\u00e0 - Can Mag\u00ed", "province": "Barcelona", "municipality": "Sant Cugat del Vall\u00e8s", "district": "Coll Fav\u00e0 - Can Mag\u00ed", "country": "es", "latitude": 41.4812976, "longitude": 2.0921207, "showAddress": false, "url": "https://www.idealista.com/inmueble/91895768/", "distance": "2999", "hasVideo": false, "status": "good", "newDevelopment": false, "hasLift": true, "parkingSpace": {"hasParkingSpace": true, "isParkingSpaceIncludedInPrice": true}, "priceByArea": 3621.0, "detailedType": {"typology": "flat"}, "suggestedTexts": {"subtitle": "Coll Fav\u00e0 - Can Mag\u00ed, Sant Cugat del Vall\u00e8s", "title": "Piso"}, "hasPlan": false, "has3DTour": false, "has360": false, "hasStaging": false, "topNewDevelopment": false}, {"propertyCode": "89047444", "thumbnail": "https://img3.idealista.com/blur/WEB_LISTING/0/id.pro.es.image.master/d8/47/67/769894591.jpg", "externalReference": "W-02GALT", "numPhotos": 26, "floor": "2", "price": 275000.0, "propertyType": "flat", "operation": "sale", "size": 73.0, "exterior": false, "rooms": 2, "bathrooms": 1, "address": "La Floresta - Les Planes", "province": "Barcelona", "municipality": "Sant Cugat del Vall\u00e8s", "district": "La Floresta - Les Planes", "country": "es", "latitude": 41.4481306, "longitude": 2.0763116, "showAddress": false, "url": "https://www.idealista.com/inmueble/89047444/", "distance": "2596", "hasVideo": false, "status": "renew", "newDevelopment": false, "hasLift": false, "priceByArea": 3767.0, "detailedType": {"typology": "flat"}, "suggestedTexts": {"subtitle": "La Floresta - Les Planes, Sant Cugat del Vall\u00e8s", "title": "Piso"}, "hasPlan": false, "has3DTour": false, "has360": false, "hasStaging": false, "topNewDevelopment": false}, {"propertyCode": "87581124", "thumbnail": "https://img3.idealista.com/blur/WEB_LISTING/0/id.pro.es.image.master/36/bd/bc/755898975.jpg", "externalReference": "W-02GYBM", "numPhotos": 32, "floor": "bj", "price": 295000.0, "propertyType": "flat", "operation": "sale", "size": 63.0, "exterior": false, "rooms": 1, "bathrooms": 1, "address": "Coll Fav\u00e0 - Can Mag\u00ed", "province": "Barcelona", "municipality": "Sant Cugat del Vall\u00e8s", "district": "Coll Fav\u00e0 - Can Mag\u00ed", "country": "es", "latitude": 41.4780923, "longitude": 2.0881287, "showAddress": false, "url": "https://www.idealista.com/inmueble/87581124/", "distance": "2826", "hasVideo": false, "status": "good", "newDevelopment": false, "hasLift": true, "parkingSpace": {"hasParkingSpace": true, "isParkingSpaceIncludedInPrice": true}, "priceByArea": 4683.0, "detailedType": {"typology": "flat"}, "suggestedTexts": {"subtitle": "Coll Fav\u00e0 - Can Mag\u00ed, Sant Cugat del Vall\u00e8s", "title": "Piso"}, "hasPlan": false, "has3DTour": false, "has360": false, "hasStaging": false, "topNewDevelopment": false}, {"propertyCode": "86444300", "thumbnail": "https://img3.idealista.com/blur/WEB_LISTING/0/id.pro.es.image.master/0d/54/b5/756032359.jpg", "externalReference": "W-02FXWR", "numPhotos": 36, "floor": "bj", "price": 455000.0, "propertyType": "flat", "operation": "sale", "size": 87.0, "exterior": false, "rooms": 3, "bathrooms": 2, "address": "Golf", "province": "Barcelona", "municipality": "Sant Cugat del Vall\u00e8s", "district": "Golf", "country": "es", "latitude": 41.45994, "longitude": 2.07374, "showAddress": false, "url": "https://www.idealista.com/inmueble/86444300/", "distance": "2679", "hasVideo": false, "status": "good", "newDevelopment": false, "hasLift": true, "parkingSpace": {"hasParkingSpace": true, "isParkingSpaceIncludedInPrice": true}, "priceByArea": 5230.0, "detailedType": {"typology": "flat"}, "suggestedTexts": {"subtitle": "Golf, Sant Cugat del Vall\u00e8s", "title": "Piso"}, "hasPlan": false, "has3DTour": false, "has360": false, "hasStaging": false, "topNewDevelopment": false}, {"propertyCode": "93185375", "thumbnail": "https://img3.idealista.com/blur/WEB_LISTING/0/id.pro.es.image.master/2f/98/a3/856679011.jpg", "externalReference": "00297", "numPhotos": 19, "floor": "bj", "price": 470000.0, "propertyType": "flat", "operation": "sale", "size": 105.0, "exterior": true, "rooms": 3, "bathrooms": 2, "address": "Calle de Josep Carner", "province": "Barcelona", "municipality": "Sant Cugat del Vall\u00e8s", "district": "Coll Fav\u00e0 - Can Mag\u00ed", "country": "es", "latitude": 41.4788607, "longitude": 2.0816783, "showAddress": false, "url": "https://www.idealista.com/inmueble/93185375/", "distance": "3203", "hasVideo": false, "status": "good", "newDevelopment": false, "hasLift": true, "parkingSpace": {"hasParkingSpace": true, "isParkingSpaceIncludedInPrice": true}, "priceByArea": 4476.0, "detailedType": {"typology": "flat"}, "suggestedTexts": {"subtitle": "Coll Fav\u00e0 - Can Mag\u00ed, Sant Cugat del Vall\u00e8s", "title": "Piso en Calle de Josep Carner"}, "hasPlan": false, "has3DTour": false, "has360": false, "hasStaging": false, "topNewDevelopment": false}, {"propertyCode": "91249808", "thumbnail": "https://img3.idealista.com/blur/WEB_LISTING/0/id.pro.es.image.master/20/0e/5e/810201708.jpg", "externalReference": "VSC2001002-5", "numPhotos": 34, "price": 840000.0, "propertyType": "chalet", "operation": "sale", "size": 385.0, "exterior": false, "rooms": 5, "bathrooms": 5, "address": "Avenida de Villadelprat", "province": "Barcelona", "municipality": "Sant Cugat del Vall\u00e8s", "district": "Golf", "country": "es", "latitude": 41.4550836, "longitude": 2.0685816, "showAddress": false, "url": "https://www.idealista.com/inmueble/91249808/", "distance": "3080", "hasVideo": true, "status": "good", "newDevelopment": false, "parkingSpace": {"hasParkingSpace": true, "isParkingSpaceIncludedInPrice": true}, "priceByArea": 2182.0, "detailedType": {"typology": "chalet"}, "suggestedTexts": {"subtitle": "Golf, Sant Cugat del Vall\u00e8s", "title": "Chalet en Avenida de Villadelprat"}, "hasPlan": false, "has3DTour": false, "has360": false, "hasStaging": false, "topNewDevelopment": false}, {"propertyCode": "90346621", "thumbnail": "https://img3.idealista.com/blur/WEB_LISTING/0/id.pro.es.image.master/d3/6e/2a/788664899.jpg", "externalReference": "VSC2005010-4", "numPhotos": 28, "price": 3300000.0, "propertyType": "chalet", "operation": "sale", "size": 800.0, "exterior": false, "rooms": 5, "bathrooms": 5, "address": "Calle Oce\u00e0 Atl\u00e0ntic", "province": "Barcelona", "municipality": "Sant Cugat del Vall\u00e8s", "district": "Golf", "country": "es", "latitude": 41.4574911, "longitude": 2.0804675, "showAddress": false, "url": "https://www.idealista.com/inmueble/90346621/", "distance": "2091", "hasVideo": true, "status": "good", "newDevelopment": false, "parkingSpace": {"hasParkingSpace": true, "isParkingSpaceIncludedInPrice": true}, "priceByArea": 4125.0, "detailedType": {"typology": "chalet"}, "suggestedTexts": {"subtitle": "Golf, Sant Cugat del Vall\u00e8s", "title": "Chalet en Calle Oce\u00e0 Atl\u00e0ntic"}, "hasPlan": false, "has3DTour": false, "has360": false, "hasStaging": false, "topNewDevelopment": false}, {"propertyCode": "93039626", "thumbnail": "https://img3.idealista.com/blur/WEB_LISTING/0/id.pro.es.image.master/b3/2d/bf/854191466.jpg", "externalReference": "2182", "numPhotos": 20, "floor": "2", "price": 435000.0, "propertyType": "flat", "operation": "sale", "size": 109.0, "exterior": true, "rooms": 3, "bathrooms": 2, "address": "Centre - Estaci\u00f3", "province": "Barcelona", "municipality": "Sant Cugat del Vall\u00e8s", "district": "Centre - Estaci\u00f3", "country": "es", "latitude": 41.4718156, "longitude": 2.0790776, "showAddress": false, "url": "https://www.idealista.com/inmueble/93039626/", "distance": "2800", "hasVideo": true, "status": "good", "newDevelopment": false, "hasLift": true, "parkingSpace": {"hasParkingSpace": true, "isParkingSpaceIncludedInPrice": true}, "priceByArea": 3991.0, "detailedType": {"typology": "flat"}, "suggestedTexts": {"subtitle": "Centre - Estaci\u00f3, Sant Cugat del Vall\u00e8s", "title": "Piso"}, "hasPlan": true, "has3DTour": false, "has360": false, "hasStaging": false, "topNewDevelopment": false}, {"propertyCode": "92666779", "thumbnail": "https://img3.idealista.com/blur/WEB_LISTING/0/id.pro.es.image.master/c2/06/b7/845208679.jpg", "externalReference": "STC27168", "numPhotos": 38, "price": 1800000.0, "propertyType": "chalet", "operation": "sale", "size": 544.0, "exterior": false, "rooms": 5, "bathrooms": 5, "address": "La Floresta - Les Planes", "province": "Barcelona", "municipality": "Sant Cugat del Vall\u00e8s", "district": "La Floresta - Les Planes", "country": "es", "latitude": 41.4470455, "longitude": 2.0823967, "showAddress": false, "url": "https://www.idealista.com/inmueble/92666779/", "distance": "2182", "hasVideo": true, "status": "good", "newDevelopment": false, "parkingSpace": {"hasParkingSpace": true, "isParkingSpaceIncludedInPrice": true}, "priceByArea": 3309.0, "detailedType": {"typology": "chalet"}, "suggestedTexts": {"subtitle": "La Floresta - Les Planes, Sant Cugat del Vall\u00e8s", "title": "Chalet"}, "hasPlan": true, "has3DTour": false, "has360": false, "hasStaging": false, "topNewDevelopment": false}, {"propertyCode": "91784789", "thumbnail": "https://img3.idealista.com/blur/WEB_LISTING/0/id.pro.es.image.master/7f/71/c2/823217922.jpg", "externalReference": "VSC2002008-5", "numPhotos": 38, "price": 1380000.0, "propertyType": "chalet", "operation": "sale", "size": 665.0, "exterior": false, "rooms": 5, "bathrooms": 6, "address": "Golf", "province": "Barcelona", "municipality": "Sant Cugat del Vall\u00e8s", "district": "Golf", "country": "es", "latitude": 41.4617043, "longitude": 2.0754676, "showAddress": false, "url": "https://www.idealista.com/inmueble/91784789/", "distance": "2576", "hasVideo": true, "status": "good", "newDevelopment": false, "parkingSpace": {"hasParkingSpace": true, "isParkingSpaceIncludedInPrice": true}, "priceByArea": 2075.0, "detailedType": {"typology": "chalet", "subTypology": "independantHouse"}, "suggestedTexts": {"subtitle": "Golf, Sant Cugat del Vall\u00e8s", "title": "Casa independiente"}, "hasPlan": false, "has3DTour": false, "has360": false, "hasStaging": false, "topNewDevelopment": false}, {"propertyCode": "91613071", "thumbnail": "https://img3.idealista.com/blur/WEB_LISTING/0/id.pro.es.image.master/85/5b/c2/819021258.jpg", "externalReference": "VSC2009002-2", "numPhotos": 24, "price": 650000.0, "propertyType": "chalet", "operation": "sale", "size": 189.0, "exterior": false, "rooms": 4, "bathrooms": 3, "address": "Sant Francesc-El Coll", "province": "Barcelona", "municipality": "Sant Cugat del Vall\u00e8s", "district": "Sant Francesc-El Coll", "country": "es", "latitude": 41.4745953, "longitude": 2.0879971, "showAddress": false, "url": "https://www.idealista.com/inmueble/91613071/", "distance": "2507", "hasVideo": true, "status": "good", "newDevelopment": false, "parkingSpace": {"hasParkingSpace": true, "isParkingSpaceIncludedInPrice": true}, "priceByArea": 3439.0, "detailedType": {"typology": "chalet"}, "suggestedTexts": {"subtitle": "Sant Francesc-El Coll, Sant Cugat del Vall\u00e8s", "title": "Chalet"}, "hasPlan": false, "has3DTour": false, "has360": false, "hasStaging": false, "topNewDevelopment": false}, {"propertyCode": "92959859", "thumbnail": "https://img3.idealista.com/blur/WEB_LISTING/0/id.pro.es.image.master/7c/03/6b/852052372.jpg", "externalReference": "5772", "numPhotos": 18, "floor": "2", "price": 344650.0, "propertyType": "flat", "operation": "sale", "size": 65.0, "exterior": true, "rooms": 3, "bathrooms": 1, "address": "Centre - Estaci\u00f3", "province": "Barcelona", "municipality": "Sant Cugat del Vall\u00e8s", "district": "Centre - Estaci\u00f3", "country": "es", "latitude": 41.4743393, "longitude": 2.0812236, "showAddress": false, "url": "https://www.idealista.com/inmueble/92959859/", "distance": "2852", "hasVideo": false, "status": "good", "newDevelopment": false, "hasLift": true, "priceByArea": 5302.0, "detailedType": {"typology": "flat"}, "suggestedTexts": {"subtitle": "Centre - Estaci\u00f3, Sant Cugat del Vall\u00e8s", "title": "Piso"}, "hasPlan": false, "has3DTour": false, "has360": false, "hasStaging": false, "topNewDevelopment": false}, {"propertyCode": "89246063", "thumbnail": "https://img3.idealista.com/blur/WEB_LISTING/0/id.pro.es.image.master/ea/7e/0e/779447939.jpg", "externalReference": "FR5220", "numPhotos": 27, "floor": "1", "price": 395000.0, "propertyType": "flat", "operation": "sale", "size": 105.0, "exterior": true, "rooms": 3, "bathrooms": 2, "address": "Castillejos", "province": "Barcelona", "municipality": "Sant Cugat del Vall\u00e8s", "district": "Centre - Estaci\u00f3", "country": "es", "latitude": 41.4732079, "longitude": 2.0835638, "showAddress": false, "url": "https://www.idealista.com/inmueble/89246063/", "distance": "2626", "hasVideo": false, "status": "good", "newDevelopment": false, "hasLift": true, "parkingSpace": {"hasParkingSpace": true, "isParkingSpaceIncludedInPrice": false, "parkingSpacePrice": 25000.0}, "priceByArea": 3762.0, "detailedType": {"typology": "flat"}, "suggestedTexts": {"subtitle": "Centre - Estaci\u00f3, Sant Cugat del Vall\u00e8s", "title": "Piso en Castillejos"}, "hasPlan": false, "has3DTour": false, "has360": true, "hasStaging": false, "topNewDevelopment": false}, {"propertyCode": "92476419", "thumbnail": "https://img3.idealista.com/blur/WEB_LISTING/0/id.pro.es.image.master/8d/a3/be/840599107.jpg", "externalReference": "28096", "numPhotos": 54, "price": 780000.0, "propertyType": "chalet", "operation": "sale", "size": 257.0, "exterior": false, "rooms": 5, "bathrooms": 4, "address": "Parc Central - Colomer", "province": "Barcelona", "municipality": "Sant Cugat del Vall\u00e8s", "district": "Parc Central - Colomer", "country": "es", "latitude": 41.4712979, "longitude": 2.0773572, "showAddress": false, "url": "https://www.idealista.com/inmueble/92476419/", "distance": "2881", "hasVideo": false, "status": "good", "newDevelopment": false, "parkingSpace": {"hasParkingSpace": true, "isParkingSpaceIncludedInPrice": true}, "priceByArea": 3035.0, "detailedType": {"typology": "chalet"}, "suggestedTexts": {"subtitle": "Parc Central - Colomer, Sant Cugat del Vall\u00e8s", "title": "Chalet"}, "hasPlan": false, "has3DTour": false, "has360": false, "hasStaging": false, "topNewDevelopment": false}, {"propertyCode": "92703566", "thumbnail": "https://img3.idealista.com/blur/WEB_LISTING/0/id.pro.es.image.master/8f/c3/6e/846045856.jpg", "externalReference": "STC27407", "numPhotos": 52, "price": 1850000.0, "propertyType": "chalet", "operation": "sale", "size": 775.0, "exterior": false, "rooms": 7, "bathrooms": 4, "address": "Centre - Estaci\u00f3", "province": "Barcelona", "municipality": "Sant Cugat del Vall\u00e8s", "district": "Centre - Estaci\u00f3", "country": "es", "latitude": 41.472285, "longitude": 2.0814373, "showAddress": false, "url": "https://www.idealista.com/inmueble/92703566/", "distance": "2683", "hasVideo": true, "status": "good", "newDevelopment": false, "priceByArea": 2387.0, "detailedType": {"typology": "chalet"}, "suggestedTexts": {"subtitle": "Centre - Estaci\u00f3, Sant Cugat del Vall\u00e8s", "title": "Chalet"}, "hasPlan": false, "has3DTour": false, "has360": false, "hasStaging": false, "topNewDevelopment": false}]