[{"propertyCode": "92443531", "thumbnail": "https://img3.idealista.com/blur/WEB_LISTING/0/id.pro.es.image.master/53/1b/ae/839744035.jpg", "externalReference": "IMM0264", "numPhotos": 32, "floor": "2", "price": 355000.0, "propertyType": "flat", "operation": "sale", "size": 97.0, "exterior": false, "rooms": 4, "bathrooms": 1, "address": "Calle de la Fran\u00e7a Xica", "province": "Barcelona", "municipality": "Barcelona", "district": "Sants-Montju\u00efc", "country": "es", "neighborhood": "El Poble Sec - Parc de Montju\u00efc", "latitude": 41.3704493, "longitude": 2.1602787, "showAddress": false, "url": "https://www.idealista.com/inmueble/92443531/", "distance": "490", "hasVideo": true, "status": "good", "newDevelopment": false, "hasLift": true, "priceByArea": 3660.0, "detailedType": {"typology": "flat"}, "suggestedTexts": {"subtitle": "El Poble Sec - Parc de Montju\u00efc, Barcelona", "title": "Piso en Calle de la Fran\u00e7a Xica"}, "hasPlan": true, "has3DTour": false, "has360": false, "hasStaging": false, "topNewDevelopment": false}, {"propertyCode": "92451086", "thumbnail": "https://img3.idealista.com/blur/WEB_LISTING/0/id.pro.es.image.master/25/9d/39/839928602.jpg", "externalReference": "FMV0099", "numPhotos": 25, "floor": "3", "price": 330000.0, "propertyType": "penthouse", "operation": "sale", "size": 79.0, "exterior": true, "rooms": 2, "bathrooms": 1, "address": "Purissima Concepci\u00f3n", "province": "Barcelona", "municipality": "Barcelona", "district": "Sants-Montju\u00efc", "country": "es", "neighborhood": "El Poble Sec - Parc de Montju\u00efc", "latitude": 41.3697905, "longitude": 2.157831, "showAddress": false, "url": "https://www.idealista.com/inmueble/92451086/", "distance": "342", "hasVideo": false, "status": "good", "newDevelopment": false, "hasLift": false, "priceByArea": 4177.0, "detailedType": {"typology": "flat", "subTypology": "penthouse"}, "suggestedTexts": {"subtitle": "El Poble Sec - Parc de Montju\u00efc, Barcelona", "title": "\u00c1tico en Purissima Concepci\u00f3n"}, "hasPlan": true, "has3DTour": false, "has360": true, "hasStaging": false, "topNewDevelopment": false}, {"propertyCode": "90918422", "thumbnail": "https://img3.idealista.com/blur/WEB_LISTING/0/id.pro.es.image.master/0e/75/2f/802108527.jpg", "externalReference": "W-02J5ZG", "numPhotos": 50, "price": 870000.0, "propertyType": "flat", "operation": "sale", "size": 222.0, "exterior": false, "rooms": 5, "bathrooms": 3, "address": "barrio El Poble Sec - Parc de Montju\u00efc", "province": "Barcelona", "municipality": "Barcelona", "district": "Sants-Montju\u00efc", "country": "es", "neighborhood": "El Poble Sec - Parc de Montju\u00efc", "latitude": 41.370106, "longitude": 2.1591463, "showAddress": false, "url": "https://www.idealista.com/inmueble/90918422/", "distance": "410", "hasVideo": false, "status": "good", "newDevelopment": false, "hasLift": false, "priceByArea": 3919.0, "detailedType": {"typology": "flat"}, "suggestedTexts": {"subtitle": "El Poble Sec - Parc de Montju\u00efc, Barcelona", "title": "Piso"}, "hasPlan": false, "has3DTour": false, "has360": false, "hasStaging": false, "topNewDevelopment": false}, {"propertyCode": "91983336", "thumbnail": "https://img3.idealista.com/blur/WEB_LISTING/0/id.pro.es.image.master/27/f7/94/827918851.jpg", "externalReference": "lleidacccc", "numPhotos": 32, "floor": "5", "price": 345000.0, "propertyType": "flat", "operation": "sale", "size": 83.0, "exterior": true, "rooms": 2, "bathrooms": 2, "address": "lleida", "province": "Barcelona", "municipality": "Barcelona", "district": "Sants-Montju\u00efc", "country": "es", "neighborhood": "El Poble Sec - Parc de Montju\u00efc", "latitude": 41.3706147, "longitude": 2.1566618, "showAddress": false, "url": "https://www.idealista.com/inmueble/91983336/", "distance": "429", "hasVideo": true, "status": "good", "newDevelopment": false, "hasLift": true, "priceByArea": 4157.0, "detailedType": {"typology": "flat"}, "suggestedTexts": {"subtitle": "El Poble Sec - Parc de Montju\u00efc, Barcelona", "title": "Piso en lleida"}, "hasPlan": true, "has3DTour": false, "has360": false, "hasStaging": false, "topNewDevelopment": false}, {"propertyCode": "92536462", "thumbnail": "https://img3.idealista.com/blur/WEB_LISTING/0/id.pro.es.image.master/2e/d5/b7/842052789.jpg", "externalReference": "_lleida", "numPhotos": 21, "floor": "3", "price": 440000.0, "propertyType": "flat", "operation": "sale", "size": 75.0, "exterior": true, "rooms": 2, "bathrooms": 2, "address": "Calle de Lleida", "province": "Barcelona", "municipality": "Barcelona", "district": "Sants-Montju\u00efc", "country": "es", "neighborhood": "El Poble Sec - Parc de Montju\u00efc", "latitude": 41.3712147, "longitude": 2.1567618, "showAddress": false, "url": "https://www.idealista.com/inmueble/92536462/", "distance": "495", "hasVideo": false, "status": "good", "newDevelopment": false, "hasLift": true, "priceByArea": 5867.0, "detailedType": {"typology": "flat"}, "suggestedTexts": {"subtitle": "El Poble Sec - Parc de Montju\u00efc, Barcelona", "title": "Piso en Calle de Lleida"}, "hasPlan": false, "has3DTour": false, "has360": false, "hasStaging": false, "topNewDevelopment": false}, {"propertyCode": "91446250", "thumbnail": "https://img3.idealista.com/blur/WEB_LISTING/0/id.pro.es.image.master/6e/26/a0/814796009.jpg", "externalReference": "BN2-220", "numPhotos": 11, "floor": "1", "price": 190000.0, "propertyType": "flat", "operation": "sale", "size": 80.0, "exterior": true, "rooms": 2, "bathrooms": 1, "address": "PUR\u00cdSSIMA CONCEPCI\u00d3", "province": "Barcelona", "municipality": "Barcelona", "district": "Sants-Montju\u00efc", "country": "es", "neighborhood": "El Poble Sec - Parc de Montju\u00efc", "latitude": 41.3696905, "longitude": 2.159631, "showAddress": false, "url": "https://www.idealista.com/inmueble/91446250/", "distance": "390", "hasVideo": false, "status": "renew", "newDevelopment": false, "hasLift": false, "priceByArea": 2375.0, "detailedType": {"typology": "flat"}, "suggestedTexts": {"subtitle": "El Poble Sec - Parc de Montju\u00efc, Barcelona", "title": "Piso en PUR\u00cdSSIMA CONCEPCI\u00d3"}, "hasPlan": false, "has3DTour": false, "has360": false, "hasStaging": false, "topNewDevelopment": false}, {"propertyCode": "92026827", "thumbnail": "https://img3.idealista.com/blur/WEB_LISTING/0/id.pro.es.image.master/5b/6a/85/828977298.jpg", "externalReference": "85783", "numPhotos": 9, "price": 250000.0, "propertyType": "flat", "operation": "sale", "size": 55.0, "exterior": true, "rooms": 2, "bathrooms": 1, "address": "Calle de la Font Honrada", "province": "Barcelona", "municipality": "Barcelona", "district": "Sants-Montju\u00efc", "country": "es", "neighborhood": "El Poble Sec - Parc de Montju\u00efc", "latitude": 41.3712185, "longitude": 2.157115, "showAddress": false, "url": "https://www.idealista.com/inmueble/92026827/", "distance": "495", "hasVideo": false, "status": "good", "newDevelopment": false, "hasLift": false, "priceByArea": 4545.0, "detailedType": {"typology": "flat"}, "suggestedTexts": {"subtitle": "El Poble Sec - Parc de Montju\u00efc, Barcelona", "title": "Piso en Calle de la Font Honrada"}, "hasPlan": false, "has3DTour": false, "has360": false, "hasStaging": false, "topNewDevelopment": false}, {"propertyCode": "40084649", "thumbnail": "https://img3.idealista.com/blur/WEB_LISTING/0/id.pro.es.image.master/c9/cd/f6/634515880.jpg", "externalReference": "4001b", "numPhotos": 17, "floor": "1", "price": 445000.0, "propertyType": "flat", "operation": "sale", "size": 75.0, "exterior": true, "rooms": 2, "bathrooms": 2, "address": "lleida", "province": "Barcelona", "municipality": "Barcelona", "district": "Sants-Montju\u00efc", "country": "es", "neighborhood": "El Poble Sec - Parc de Montju\u00efc", "latitude": 41.3707147, "longitude": 2.1562618, "showAddress": false, "url": "https://www.idealista.com/inmueble/40084649/", "distance": "444", "hasVideo": false, "status": "good", "newDevelopment": false, "hasLift": true, "priceByArea": 5933.0, "detailedType": {"typology": "flat"}, "suggestedTexts": {"subtitle": "El Poble Sec - Parc de Montju\u00efc, Barcelona", "title": "Piso en lleida"}, "hasPlan": true, "has3DTour": false, "has360": false, "hasStaging": false, "topNewDevelopment": false}, {"propertyCode": "91881933", "thumbnail": "https://img3.idealista.com/blur/WEB_LISTING/0/id.pro.es.image.master/9c/e0/6a/834071933.jpg", "externalReference": "45402", "numPhotos": 19, "price": 440000.0, "propertyType": "flat", "operation": "sale", "size": 90.0, "exterior": false, "rooms": 3, "bathrooms": 2, "address": "barrio El Poble Sec - Parc de Montju\u00efc", "province": "Barcelona", "municipality": "Barcelona", "district": "Sants-Montju\u00efc", "country": "es", "neighborhood": "El Poble Sec - Parc de Montju\u00efc", "latitude": 41.3707147, "longitude": 2.1547618, "showAddress": false, "url": "https://www.idealista.com/inmueble/91881933/", "distance": "479", "hasVideo": false, "status": "good", "newDevelopment": false, "hasLift": true, "priceByArea": 4889.0, "detailedType": {"typology": "flat"}, "suggestedTexts": {"subtitle": "El Poble Sec - Parc de Montju\u00efc, Barcelona", "title": "Piso"}, "hasPlan": true, "has3DTour": false, "has360": false, "hasStaging": false, "topNewDevelopment": false}, {"propertyCode": "91759318", "thumbnail": "https://img3.idealista.com/blur/WEB_LISTING/0/id.pro.es.image.master/91/a7/f8/822593312.jpg", "externalReference": "9066FLALREM", "numPhotos": 29, "floor": "bj", "price": 258000.0, "propertyType": "duplex", "operation": "sale", "size": 86.0, "exterior": true, "rooms": 3, "bathrooms": 2, "address": "Calle de la Mare de D\u00e9u del Remei", "province": "Barcelona", "municipality": "Barcelona", "district": "Sants-Montju\u00efc", "country": "es", "neighborhood": "El Poble Sec - Parc de Montju\u00efc", "latitude": 41.3709228, "longitude": 2.1574332, "showAddress": false, "url": "https://www.idealista.com/inmueble/91759318/", "distance": "463", "hasVideo": false, "status": "good", "newDevelopment": false, "hasLift": true, "priceByArea": 3000.0, "detailedType": {"typology": "flat", "subTypology": "duplex"}, "suggestedTexts": {"subtitle": "El Poble Sec - Parc de Montju\u00efc, Barcelona", "title": "D\u00faplex en Calle de la Mare de D\u00e9u del Remei"}, "hasPlan": false, "has3DTour": false, "has360": false, "hasStaging": false, "topNewDevelopment": false}, {"propertyCode": "91422384", "thumbnail": "https://img3.idealista.com/blur/WEB_LISTING/0/id.pro.es.image.master/80/cf/7b/814305463.jpg", "externalReference": "BLUME", "numPhotos": 15, "floor": "2", "price": 220000.0, "propertyType": "flat", "operation": "sale", "size": 80.0, "exterior": true, "rooms": 3, "bathrooms": 1, "address": "joaquin blume", "province": "Barcelona", "municipality": "Barcelona", "district": "Sants-Montju\u00efc", "country": "es", "neighborhood": "El Poble Sec - Parc de Montju\u00efc", "latitude": 41.3705402, "longitude": 2.1556728, "showAddress": false, "url": "https://www.idealista.com/inmueble/91422384/", "distance": "435", "hasVideo": true, "status": "good", "newDevelopment": false, "hasLift": true, "priceByArea": 2750.0, "detailedType": {"typology": "flat"}, "suggestedTexts": {"subtitle": "El Poble Sec - Parc de Montju\u00efc, Barcelona", "title": "Piso en joaquin blume"}, "hasPlan": false, "has3DTour": false, "has360": false, "hasStaging": false, "topNewDevelopment": false}, {"propertyCode": "88329910", "thumbnail": "https://img3.idealista.com/blur/WEB_LISTING/0/id.pro.es.image.master/8e/43/27/765990209.jpg", "externalReference": "C269-XMR", "numPhotos": 16, "price": 225000.0, "propertyType": "flat", "operation": "sale", "size": 57.0, "exterior": false, "rooms": 1, "bathrooms": 1, "address": "Avenida Miramar", "province": "Barcelona", "municipality": "Barcelona", "district": "Sants-Montju\u00efc", "country": "es", "neighborhood": "El Poble Sec - Parc de Montju\u00efc", "latitude": 41.3673226, "longitude": 2.1605534, "showAddress": false, "url": "https://www.idealista.com/inmueble/88329910/", "distance": "298", "hasVideo": false, "status": "good", "newDevelopment": false, "priceByArea": 3947.0, "detailedType": {"typology": "flat"}, "suggestedTexts": {"subtitle": "El Poble Sec - Parc de Montju\u00efc, Barcelona", "title": "Piso en Avenida Miramar"}, "hasPlan": false, "has3DTour": false, "has360": false, "hasStaging": false, "topNewDevelopment": false}, {"propertyCode": "82703440", "thumbnail": "https://img3.idealista.com/blur/WEB_LISTING/0/id.pro.es.image.master/48/1d/0a/603063602.jpg", "numPhotos": 19, "floor": "2", "price": 445000.0, "propertyType": "flat", "operation": "sale", "size": 75.0, "exterior": true, "rooms": 2, "bathrooms": 2, "address": "lleida", "province": "Barcelona", "municipality": "Barcelona", "district": "Sants-Montju\u00efc", "country": "es", "neighborhood": "El Poble Sec - Parc de Montju\u00efc", "latitude": 41.3705381, "longitude": 2.1549707, "showAddress": false, "url": "https://www.idealista.com/inmueble/82703440/", "distance": "454", "hasVideo": false, "status": "good", "newDevelopment": false, "hasLift": true, "priceByArea": 5933.0, "detailedType": {"typology": "flat"}, "suggestedTexts": {"subtitle": "El Poble Sec - Parc de Montju\u00efc, Barcelona", "title": "Piso en lleida"}, "hasPlan": false, "has3DTour": false, "has360": false, "hasStaging": false, "topNewDevelopment": false}]