[{"propertyCode": "87717416", "thumbnail": "https://img3.idealista.com/blur/WEB_LISTING/0/id.pro.es.image.master/aa/fc/7d/755936767.jpg", "externalReference": "W-02GJDC", "numPhotos": 36, "floor": "bj", "price": 1295000.0, "propertyType": "flat", "operation": "sale", "size": 256.0, "exterior": false, "rooms": 4, "bathrooms": 3, "address": "barrio Sant Gervasi - La Bonanova", "province": "Barcelona", "municipality": "Barcelona", "district": "Sarri\u00e0-Sant Gervasi", "country": "es", "neighborhood": "Sant Gervasi - La Bonanova", "latitude": 41.4158985, "longitude": 2.1311214, "showAddress": false, "url": "https://www.idealista.com/inmueble/87717416/", "distance": "236", "hasVideo": false, "status": "good", "newDevelopment": false, "hasLift": true, "parkingSpace": {"hasParkingSpace": true, "isParkingSpaceIncludedInPrice": true}, "priceByArea": 5059.0, "detailedType": {"typology": "flat"}, "suggestedTexts": {"subtitle": "Sant Gervasi - La Bonanova, Barcelona", "title": "Piso"}, "hasPlan": true, "has3DTour": true, "has360": false, "hasStaging": false, "topNewDevelopment": false}, {"propertyCode": "86954951", "thumbnail": "https://img3.idealista.com/blur/WEB_LISTING/0/id.pro.es.image.master/7f/45/8d/755900056.jpg", "externalReference": "W-02GRFP", "numPhotos": 38, "floor": "1", "price": 1100000.0, "propertyType": "flat", "operation": "sale", "size": 234.0, "exterior": false, "rooms": 3, "bathrooms": 3, "address": "barrio Sant Gervasi - La Bonanova", "province": "Barcelona", "municipality": "Barcelona", "district": "Sarri\u00e0-Sant Gervasi", "country": "es", "neighborhood": "Sant Gervasi - La Bonanova", "latitude": 41.4130985, "longitude": 2.1310214, "showAddress": false, "url": "https://www.idealista.com/inmueble/86954951/", "distance": "484", "hasVideo": false, "status": "good", "newDevelopment": false, "hasLift": false, "parkingSpace": {"hasParkingSpace": true, "isParkingSpaceIncludedInPrice": true}, "priceByArea": 4701.0, "detailedType": {"typology": "flat"}, "suggestedTexts": {"subtitle": "Sant Gervasi - La Bonanova, Barcelona", "title": "Piso"}, "hasPlan": true, "has3DTour": true, "has360": false, "hasStaging": false, "topNewDevelopment": false}, {"propertyCode": "85190976", "thumbnail": "https://img3.idealista.com/blur/WEB_LISTING/0/id.pro.es.image.master/c9/7c/d7/804946018.jpg", "externalReference": "SP151FM", "numPhotos": 29, "floor": "3", "price": 549000.0, "propertyType": "flat", "operation": "sale", "size": 118.0, "exterior": true, "rooms": 3, "bathrooms": 2, "address": "Paseo de Sant Gervasi, Barcelona", "province": "Barcelona", "municipality": "Barcelona", "district": "Sarri\u00e0-Sant Gervasi", "country": "es", "neighborhood": "El Putxet i el Farr\u00f3", "latitude": 41.4132817, "longitude": 2.1392877, "showAddress": false, "url": "https://www.idealista.com/inmueble/85190976/", "distance": "635", "hasVideo": true, "status": "good", "newDevelopment": false, "hasLift": true, "priceByArea": 4653.0, "detailedType": {"typology": "flat"}, "suggestedTexts": {"subtitle": "El Putxet i el Farr\u00f3, Barcelona", "title": "Piso en Paseo de Sant Gervasi, Barcelona"}, "hasPlan": true, "has3DTour": false, "has360": true, "hasStaging": false, "topNewDevelopment": false}, {"propertyCode": "89705491", "thumbnail": "https://img3.idealista.com/blur/WEB_LISTING/0/id.pro.es.image.master/a8/50/80/800885015.jpg", "externalReference": "0951", "numPhotos": 25, "floor": "2", "price": 399000.0, "propertyType": "flat", "operation": "sale", "size": 105.0, "exterior": true, "rooms": 4, "bathrooms": 2, "address": "barrio El Putxet i el Farr\u00f3", "province": "Barcelona", "municipality": "Barcelona", "district": "Sarri\u00e0-Sant Gervasi", "country": "es", "neighborhood": "El Putxet i el Farr\u00f3", "latitude": 41.4114666, "longitude": 2.139694, "showAddress": false, "url": "https://www.idealista.com/inmueble/89705491/", "distance": "804", "hasVideo": false, "status": "good", "newDevelopment": false, "hasLift": true, "priceByArea": 3800.0, "detailedType": {"typology": "flat"}, "suggestedTexts": {"subtitle": "El Putxet i el Farr\u00f3, Barcelona", "title": "Piso"}, "hasPlan": true, "has3DTour": false, "has360": true, "hasStaging": false, "topNewDevelopment": false}, {"propertyCode": "92023188", "thumbnail": "https://img3.idealista.com/blur/WEB_LISTING/0/id.pro.es.image.master/79/4a/7b/828891907.jpg", "externalReference": "1442", "numPhotos": 29, "price": 760000.0, "propertyType": "flat", "operation": "sale", "size": 120.0, "exterior": true, "rooms": 3, "bathrooms": 2, "address": "barrio Vallcarca i els Penitents", "province": "Barcelona", "municipality": "Barcelona", "district": "Gr\u00e0cia", "country": "es", "neighborhood": "Vallcarca i els Penitents", "latitude": 41.4159354, "longitude": 2.1385804, "showAddress": false, "url": "https://www.idealista.com/inmueble/92023188/", "distance": "438", "hasVideo": false, "status": "good", "newDevelopment": false, "hasLift": true, "parkingSpace": {"hasParkingSpace": true, "isParkingSpaceIncludedInPrice": true}, "priceByArea": 6333.0, "detailedType": {"typology": "flat"}, "suggestedTexts": {"subtitle": "Vallcarca i els Penitents, Barcelona", "title": "Piso"}, "hasPlan": false, "has3DTour": false, "has360": true, "hasStaging": false, "topNewDevelopment": false}, {"propertyCode": "92812735", "thumbnail": "https://img3.idealista.com/blur/WEB_LISTING/0/id.pro.es.image.master/e9/a6/ff/848725691.jpg", "externalReference": "VB2102026", "numPhotos": 25, "floor": "2", "price": 785000.0, "propertyType": "flat", "operation": "sale", "size": 109.0, "exterior": true, "rooms": 3, "bathrooms": 2, "address": "barrio Sant Gervasi - La Bonanova", "province": "Barcelona", "municipality": "Barcelona", "district": "Sarri\u00e0-Sant Gervasi", "country": "es", "neighborhood": "Sant Gervasi - La Bonanova", "latitude": 41.4166408, "longitude": 2.1273696, "showAddress": false, "url": "https://www.idealista.com/inmueble/92812735/", "distance": "515", "hasVideo": true, "status": "good", "newDevelopment": false, "hasLift": true, "parkingSpace": {"hasParkingSpace": true, "isParkingSpaceIncludedInPrice": true}, "priceByArea": 7202.0, "detailedType": {"typology": "flat"}, "suggestedTexts": {"subtitle": "Sant Gervasi - La Bonanova, Barcelona", "title": "Piso"}, "hasPlan": false, "has3DTour": false, "has360": false, "hasStaging": false, "topNewDevelopment": false}, {"propertyCode": "92560536", "thumbnail": "https://img3.idealista.com/blur/WEB_LISTING/0/id.pro.es.image.master/ac/63/84/848463274.jpg", "externalReference": "246088", "numPhotos": 26, "floor": "bj", "price": 313000.0, "propertyType": "flat", "operation": "sale", "size": 54.0, "exterior": true, "rooms": 3, "bathrooms": 1, "address": "barrio Sant Gervasi - La Bonanova", "province": "Barcelona", "municipality": "Barcelona", "district": "Sarri\u00e0-Sant Gervasi", "country": "es", "neighborhood": "Sant Gervasi - La Bonanova", "latitude": 41.410206, "longitude": 2.1354206, "showAddress": false, "url": "https://www.idealista.com/inmueble/92560536/", "distance": "774", "hasVideo": false, "status": "renew", "newDevelopment": false, "hasLift": true, "priceByArea": 5796.0, "detailedType": {"typology": "flat"}, "suggestedTexts": {"subtitle": "Sant Gervasi - La Bonanova, Barcelona", "title": "Piso"}, "hasPlan": true, "has3DTour": false, "has360": true, "hasStaging": false, "topNewDevelopment": false}, {"propertyCode": "92560475", "thumbnail": "https://img3.idealista.com/blur/WEB_LISTING/0/id.pro.es.image.master/41/f3/e2/842679905.jpg", "externalReference": "243993", "numPhotos": 25, "floor": "2", "price": 880000.0, "propertyType": "flat", "operation": "sale", "size": 172.0, "exterior": true, "rooms": 3, "bathrooms": 3, "address": "barrio El Putxet i el Farr\u00f3", "province": "Barcelona", "municipality": "Barcelona", "district": "Sarri\u00e0-Sant Gervasi", "country": "es", "neighborhood": "El Putxet i el Farr\u00f3", "latitude": 41.4110355, "longitude": 2.1393086, "showAddress": false, "url": "https://www.idealista.com/inmueble/92560475/", "distance": "822", "hasVideo": false, "status": "good", "newDevelopment": false, "hasLift": true, "priceByArea": 5116.0, "detailedType": {"typology": "flat"}, "suggestedTexts": {"subtitle": "El Putxet i el Farr\u00f3, Barcelona", "title": "Piso"}, "hasPlan": true, "has3DTour": false, "has360": false, "hasStaging": false, "topNewDevelopment": false}, {"propertyCode": "91842091", "thumbnail": "https://img3.idealista.com/blur/WEB_LISTING/0/id.pro.es.image.master/ba/24/83/824572704.jpg", "externalReference": "242955", "numPhotos": 23, "floor": "5", "price": 350000.0, "propertyType": "flat", "operation": "sale", "size": 76.0, "exterior": true, "rooms": 3, "bathrooms": 1, "address": "barrio Vallcarca i els Penitents", "province": "Barcelona", "municipality": "Barcelona", "district": "Gr\u00e0cia", "country": "es", "neighborhood": "Vallcarca i els Penitents", "latitude": 41.4107816, "longitude": 2.1394402, "showAddress": false, "url": "https://www.idealista.com/inmueble/91842091/", "distance": "851", "hasVideo": false, "status": "good", "newDevelopment": false, "hasLift": true, "priceByArea": 4605.0, "detailedType": {"typology": "flat"}, "suggestedTexts": {"subtitle": "Vallcarca i els Penitents, Barcelona", "title": "Piso"}, "hasPlan": true, "has3DTour": false, "has360": false, "hasStaging": false, "topNewDevelopment": false}, {"propertyCode": "93157330", "thumbnail": "https://img3.idealista.com/blur/WEB_LISTING/0/id.pro.es.image.master/f9/e8/44/855736577.jpg", "externalReference": "V-VALLCARCAM", "numPhotos": 29, "floor": "2", "price": 265000.0, "propertyType": "flat", "operation": "sale", "size": 65.0, "exterior": true, "rooms": 3, "bathrooms": 1, "address": "Avenida Vallcarca", "province": "Barcelona", "municipality": "Barcelona", "district": "Gr\u00e0cia", "country": "es", "neighborhood": "Vallcarca i els Penitents", "latitude": 41.4187878, "longitude": 2.1417252, "showAddress": false, "url": "https://www.idealista.com/inmueble/93157330/", "distance": "711", "hasVideo": false, "status": "good", "newDevelopment": false, "hasLift": false, "priceByArea": 4077.0, "detailedType": {"typology": "flat"}, "suggestedTexts": {"subtitle": "Vallcarca i els Penitents, Barcelona", "title": "Piso en Avenida Vallcarca"}, "hasPlan": true, "has3DTour": true, "has360": false, "hasStaging": false, "topNewDevelopment": false}, {"propertyCode": "91006379", "thumbnail": "https://img3.idealista.com/blur/WEB_LISTING/0/id.pro.es.image.master/48/a0/d7/804675369.jpg", "externalReference": "W-02FB69", "numPhotos": 29, "floor": "1", "price": 375000.0, "propertyType": "flat", "operation": "sale", "size": 100.0, "exterior": false, "rooms": 3, "bathrooms": 2, "address": "barrio El Putxet i el Farr\u00f3", "province": "Barcelona", "municipality": "Barcelona", "district": "Sarri\u00e0-Sant Gervasi", "country": "es", "neighborhood": "El Putxet i el Farr\u00f3", "latitude": 41.4123193, "longitude": 2.1384409, "showAddress": false, "url": "https://www.idealista.com/inmueble/91006379/", "distance": "664", "hasVideo": false, "status": "renew", "newDevelopment": false, "hasLift": true, "priceByArea": 3750.0, "detailedType": {"typology": "flat"}, "suggestedTexts": {"subtitle": "El Putxet i el Farr\u00f3, Barcelona", "title": "Piso"}, "hasPlan": true, "has3DTour": false, "has360": false, "hasStaging": false, "topNewDevelopment": false}, {"propertyCode": "90773471", "thumbnail": "https://img3.idealista.com/blur/WEB_LISTING/0/id.pro.es.image.master/2d/02/30/798227268.jpg", "externalReference": "W-02HCFX", "numPhotos": 60, "floor": "7", "price": 960000.0, "propertyType": "flat", "operation": "sale", "size": 155.0, "exterior": false, "rooms": 4, "bathrooms": 2, "address": "barrio Sant Gervasi - La Bonanova", "province": "Barcelona", "municipality": "Barcelona", "district": "Sarri\u00e0-Sant Gervasi", "country": "es", "neighborhood": "Sant Gervasi - La Bonanova", "latitude": 41.4095506, "longitude": 2.1329555, "showAddress": false, "url": "https://www.idealista.com/inmueble/90773471/", "distance": "832", "hasVideo": false, "status": "good", "newDevelopment": false, "hasLift": true, "parkingSpace": {"hasParkingSpace": true, "isParkingSpaceIncludedInPrice": false, "parkingSpacePrice": 23000.0}, "priceByArea": 6194.0, "detailedType": {"typology": "flat"}, "suggestedTexts": {"subtitle": "Sant Gervasi - La Bonanova, Barcelona", "title": "Piso"}, "hasPlan": true, "has3DTour": false, "has360": false, "hasStaging": false, "topNewDevelopment": false}, {"propertyCode": "92366056", "thumbnail": "https://img3.idealista.com/blur/WEB_LISTING/0/id.pro.es.image.master/42/6b/4c/853664338.jpg", "externalReference": "V134VL", "numPhotos": 22, "floor": "6", "price": 310000.0, "propertyType": "flat", "operation": "sale", "size": 84.0, "exterior": true, "rooms": 2, "bathrooms": 1, "address": "Paseo de Sant Gervasi, 82", "province": "Barcelona", "municipality": "Barcelona", "district": "Sarri\u00e0-Sant Gervasi", "country": "es", "neighborhood": "El Putxet i el Farr\u00f3", "latitude": 41.4130952, "longitude": 2.1380131, "showAddress": true, "url": "https://www.idealista.com/inmueble/92366056/", "distance": "575", "hasVideo": false, "status": "good", "newDevelopment": false, "hasLift": true, "priceByArea": 3690.0, "detailedType": {"typology": "flat"}, "suggestedTexts": {"subtitle": "El Putxet i el Farr\u00f3, Barcelona", "title": "Piso en Paseo de Sant Gervasi, 82"}, "hasPlan": true, "has3DTour": false, "has360": false, "hasStaging": false, "topNewDevelopment": false}, {"propertyCode": "89131054", "thumbnail": "https://img3.idealista.com/blur/WEB_LISTING/0/id.pro.es.image.master/e0/44/4f/840622681.jpg", "externalReference": "BCN648", "numPhotos": 48, "floor": "bj", "price": 5600000.0, "propertyType": "chalet", "operation": "sale", "size": 773.0, "exterior": false, "rooms": 11, "bathrooms": 8, "address": "Avenida del Tibidabo", "province": "Barcelona", "municipality": "Barcelona", "district": "Sarri\u00e0-Sant Gervasi", "country": "es", "neighborhood": "Sant Gervasi - La Bonanova", "latitude": 41.4137088, "longitude": 2.1320765, "showAddress": false, "url": "https://www.idealista.com/inmueble/89131054/", "distance": "388", "hasVideo": true, "status": "good", "newDevelopment": false, "parkingSpace": {"hasParkingSpace": true, "isParkingSpaceIncludedInPrice": true}, "priceByArea": 7245.0, "detailedType": {"typology": "chalet"}, "suggestedTexts": {"subtitle": "Sant Gervasi - La Bonanova, Barcelona", "title": "Chalet en Avenida del Tibidabo"}, "hasPlan": true, "has3DTour": false, "has360": false, "hasStaging": false, "topNewDevelopment": false}, {"propertyCode": "90939011", "thumbnail": "https://img3.idealista.com/blur/WEB_LISTING/0/id.pro.es.image.master/2a/20/34/802586866.jpg", "externalReference": "W-02JOW4", "numPhotos": 25, "floor": "1", "price": 390000.0, "propertyType": "flat", "operation": "sale", "size": 102.0, "exterior": false, "rooms": 4, "bathrooms": 2, "address": "barrio El Putxet i el Farr\u00f3", "province": "Barcelona", "municipality": "Barcelona", "district": "Sarri\u00e0-Sant Gervasi", "country": "es", "neighborhood": "El Putxet i el Farr\u00f3", "latitude": 41.4117115, "longitude": 2.1401603, "showAddress": false, "url": "https://www.idealista.com/inmueble/90939011/", "distance": "809", "hasVideo": false, "status": "good", "newDevelopment": false, "hasLift": true, "priceByArea": 3824.0, "detailedType": {"typology": "flat"}, "suggestedTexts": {"subtitle": "El Putxet i el Farr\u00f3, Barcelona", "title": "Piso"}, "hasPlan": false, "has3DTour": false, "has360": false, "hasStaging": false, "topNewDevelopment": false}, {"propertyCode": "91760152", "thumbnail": "https://img3.idealista.com/blur/WEB_LISTING/0/id.pro.es.image.master/2f/32/77/842919355.jpg", "externalReference": "R-AVDA REP", "numPhotos": 34, "floor": "2", "price": 400000.0, "propertyType": "flat", "operation": "sale", "size": 126.0, "exterior": true, "rooms": 5, "bathrooms": 2, "address": "Avenida REPUBLICA ARGENTINA", "province": "Barcelona", "municipality": "Barcelona", "district": "Sarri\u00e0-Sant Gervasi", "country": "es", "neighborhood": "El Putxet i el Farr\u00f3", "latitude": 41.41506, "longitude": 2.137496, "showAddress": false, "url": "https://www.idealista.com/inmueble/91760152/", "distance": "396", "hasVideo": false, "status": "renew", "newDevelopment": false, "hasLift": true, "priceByArea": 3175.0, "detailedType": {"typology": "flat"}, "suggestedTexts": {"subtitle": "El Putxet i el Farr\u00f3, Barcelona", "title": "Piso en Avenida REPUBLICA ARGENTINA"}, "hasPlan": false, "has3DTour": true, "has360": false, "hasStaging": false, "topNewDevelopment": false}, {"propertyCode": "91781937", "thumbnail": "https://img3.idealista.com/blur/WEB_LISTING/0/id.pro.es.image.master/64/f1/ed/823158000.jpg", "externalReference": "13111-OB", "numPhotos": 16, "floor": "1", "price": 284000.0, "propertyType": "flat", "operation": "sale", "size": 70.0, "exterior": false, "rooms": 3, "bathrooms": 2, "address": "Avenida de la Rep\u00fablica Argentina", "province": "Barcelona", "municipality": "Barcelona", "district": "Sarri\u00e0-Sant Gervasi", "country": "es", "neighborhood": "El Putxet i el Farr\u00f3", "latitude": 41.4150009, "longitude": 2.1409282, "showAddress": false, "url": "https://www.idealista.com/inmueble/91781937/", "distance": "657", "hasVideo": false, "status": "good", "newDevelopment": false, "hasLift": true, "priceByArea": 4057.0, "detailedType": {"typology": "flat"}, "suggestedTexts": {"subtitle": "El Putxet i el Farr\u00f3, Barcelona", "title": "Piso en Avenida de la Rep\u00fablica Argentina"}, "hasPlan": false, "has3DTour": false, "has360": false, "hasStaging": false, "topNewDevelopment": false}, {"propertyCode": "92594262", "thumbnail": "https://img3.idealista.com/blur/WEB_LISTING/0/id.pro.es.image.master/99/ef/16/843528633.jpg", "externalReference": "001115A", "numPhotos": 31, "floor": "3", "price": 799000.0, "propertyType": "flat", "operation": "sale", "size": 184.0, "exterior": true, "rooms": 4, "bathrooms": 3, "address": "Paseo de Sant Gervasi", "province": "Barcelona", "municipality": "Barcelona", "district": "Sarri\u00e0-Sant Gervasi", "country": "es", "neighborhood": "Sant Gervasi - La Bonanova", "latitude": 41.4120429, "longitude": 2.1375037, "showAddress": false, "url": "https://www.idealista.com/inmueble/92594262/", "distance": "645", "hasVideo": false, "status": "good", "newDevelopment": false, "hasLift": true, "priceByArea": 4342.0, "detailedType": {"typology": "flat"}, "suggestedTexts": {"subtitle": "Sant Gervasi - La Bonanova, Barcelona", "title": "Piso en Paseo de Sant Gervasi"}, "hasPlan": false, "has3DTour": false, "has360": false, "hasStaging": false, "topNewDevelopment": false}, {"propertyCode": "90227777", "thumbnail": "https://img3.idealista.com/blur/WEB_LISTING/0/id.pro.es.image.master/7e/e5/f3/830232268.jpg", "externalReference": "001115AA", "numPhotos": 31, "floor": "3", "price": 799000.0, "propertyType": "flat", "operation": "sale", "size": 184.0, "exterior": true, "rooms": 4, "bathrooms": 3, "address": "Paseo de Sant Gervasi", "province": "Barcelona", "municipality": "Barcelona", "district": "Sarri\u00e0-Sant Gervasi", "country": "es", "neighborhood": "Sant Gervasi - La Bonanova", "latitude": 41.4102429, "longitude": 2.1381037, "showAddress": false, "url": "https://www.idealista.com/inmueble/90227777/", "distance": "845", "hasVideo": false, "status": "good", "newDevelopment": false, "hasLift": true, "priceByArea": 4342.0, "detailedType": {"typology": "flat"}, "suggestedTexts": {"subtitle": "Sant Gervasi - La Bonanova, Barcelona", "title": "Piso en Paseo de Sant Gervasi"}, "hasPlan": false, "has3DTour": false, "has360": true, "hasStaging": false, "topNewDevelopment": false}, {"propertyCode": "91966681", "thumbnail": "https://img3.idealista.com/blur/WEB_LISTING/0/id.pro.es.image.master/6a/83/7a/827582196.jpg", "externalReference": "28006", "numPhotos": 12, "floor": "1", "price": 185000.0, "propertyType": "flat", "operation": "sale", "size": 62.0, "exterior": true, "rooms": 2, "bathrooms": 1, "address": "barrio El Coll", "province": "Barcelona", "municipality": "Barcelona", "district": "Gr\u00e0cia", "country": "es", "neighborhood": "El Coll", "latitude": 41.4156885, "longitude": 2.1436425, "showAddress": false, "url": "https://www.idealista.com/inmueble/91966681/", "distance": "856", "hasVideo": false, "status": "good", "newDevelopment": false, "hasLift": false, "priceByArea": 2984.0, "detailedType": {"typology": "flat"}, "suggestedTexts": {"subtitle": "El Coll, Barcelona", "title": "Piso"}, "hasPlan": true, "has3DTour": false, "has360": false, "hasStaging": false, "topNewDevelopment": false}, {"propertyCode": "92932865", "thumbnail": "https://img3.idealista.com/blur/WEB_LISTING/0/id.pro.es.image.master/64/e3/d5/851437581.jpg", "externalReference": "246682", "numPhotos": 23, "floor": "bj", "price": 650000.0, "propertyType": "flat", "operation": "sale", "size": 130.0, "exterior": true, "rooms": 3, "bathrooms": 2, "address": "barrio Vallcarca i els Penitents", "province": "Barcelona", "municipality": "Barcelona", "district": "Gr\u00e0cia", "country": "es", "neighborhood": "Vallcarca i els Penitents", "latitude": 41.4160768, "longitude": 2.1396924, "showAddress": false, "url": "https://www.idealista.com/inmueble/92932865/", "distance": "524", "hasVideo": true, "status": "good", "newDevelopment": false, "hasLift": true, "priceByArea": 5000.0, "detailedType": {"typology": "flat"}, "suggestedTexts": {"subtitle": "Vallcarca i els Penitents, Barcelona", "title": "Piso"}, "hasPlan": true, "has3DTour": false, "has360": false, "hasStaging": false, "topNewDevelopment": false}, {"propertyCode": "92757378", "thumbnail": "https://img3.idealista.com/blur/WEB_LISTING/0/id.pro.es.image.master/c3/ac/47/847412390.jpg", "externalReference": "VB2102017", "numPhotos": 29, "floor": "2", "price": 399000.0, "propertyType": "flat", "operation": "sale", "size": 97.0, "exterior": true, "rooms": 4, "bathrooms": 2, "address": "barrio El Putxet i el Farr\u00f3", "province": "Barcelona", "municipality": "Barcelona", "district": "Sarri\u00e0-Sant Gervasi", "country": "es", "neighborhood": "El Putxet i el Farr\u00f3", "latitude": 41.4128604, "longitude": 2.140903, "showAddress": false, "url": "https://www.idealista.com/inmueble/92757378/", "distance": "770", "hasVideo": false, "status": "renew", "newDevelopment": false, "hasLift": true, "priceByArea": 4113.0, "detailedType": {"typology": "flat"}, "suggestedTexts": {"subtitle": "El Putxet i el Farr\u00f3, Barcelona", "title": "Piso"}, "hasPlan": true, "has3DTour": false, "has360": true, "hasStaging": false, "topNewDevelopment": false}, {"propertyCode": "91700606", "thumbnail": "https://img3.idealista.com/blur/WEB_LISTING/0/id.pro.es.image.master/f5/99/ca/821144178.jpg", "externalReference": "VB2007057-5", "numPhotos": 40, "floor": "6", "price": 1250000.0, "propertyType": "flat", "operation": "sale", "size": 257.0, "exterior": true, "rooms": 6, "bathrooms": 4, "address": "Calle de Balmes", "province": "Barcelona", "municipality": "Barcelona", "district": "Sarri\u00e0-Sant Gervasi", "country": "es", "neighborhood": "El Putxet i el Farr\u00f3", "latitude": 41.4107924, "longitude": 2.136419, "showAddress": false, "url": "https://www.idealista.com/inmueble/91700606/", "distance": "734", "hasVideo": true, "status": "good", "newDevelopment": false, "hasLift": true, "parkingSpace": {"hasParkingSpace": true, "isParkingSpaceIncludedInPrice": true}, "priceByArea": 4864.0, "detailedType": {"typology": "flat"}, "suggestedTexts": {"subtitle": "El Putxet i el Farr\u00f3, Barcelona", "title": "Piso en Calle de Balmes"}, "hasPlan": true, "has3DTour": false, "has360": false, "hasStaging": false, "topNewDevelopment": false}, {"propertyCode": "92910599", "thumbnail": "https://img3.idealista.com/blur/WEB_LISTING/0/id.pro.es.image.master/54/8d/39/850867055.jpg", "externalReference": "VSE1-2101", "numPhotos": 46, "floor": "4", "price": 470000.0, "propertyType": "flat", "operation": "sale", "size": 122.0, "exterior": false, "rooms": 3, "bathrooms": 2, "address": "Calle de Gomis", "province": "Barcelona", "municipality": "Barcelona", "district": "Gr\u00e0cia", "country": "es", "neighborhood": "Vallcarca i els Penitents", "latitude": 41.4133702, "longitude": 2.1379879, "showAddress": false, "url": "https://www.idealista.com/inmueble/92910599/", "distance": "551", "hasVideo": false, "status": "good", "newDevelopment": false, "hasLift": true, "priceByArea": 3852.0, "detailedType": {"typology": "flat"}, "suggestedTexts": {"subtitle": "Vallcarca i els Penitents, Barcelona", "title": "Piso en Calle de Gomis"}, "hasPlan": true, "has3DTour": false, "has360": true, "hasStaging": false, "topNewDevelopment": false}, {"propertyCode": "92094845", "thumbnail": "https://img3.idealista.com/blur/WEB_LISTING/0/id.pro.es.image.master/1b/11/91/834442402.jpg", "externalReference": "115083", "numPhotos": 40, "floor": "en", "price": 369000.0, "propertyType": "flat", "operation": "sale", "size": 80.0, "exterior": true, "rooms": 3, "bathrooms": 1, "address": "barrio Vallcarca i els Penitents", "province": "Barcelona", "municipality": "Barcelona", "district": "Gr\u00e0cia", "country": "es", "neighborhood": "Vallcarca i els Penitents", "latitude": 41.4156897, "longitude": 2.1387148, "showAddress": false, "url": "https://www.idealista.com/inmueble/92094845/", "distance": "457", "hasVideo": false, "status": "good", "newDevelopment": false, "hasLift": true, "priceByArea": 4613.0, "detailedType": {"typology": "flat"}, "suggestedTexts": {"subtitle": "Vallcarca i els Penitents, Barcelona", "title": "Piso"}, "hasPlan": true, "has3DTour": false, "has360": false, "hasStaging": false, "topNewDevelopment": false}, {"propertyCode": "91948962", "thumbnail": "https://img3.idealista.com/blur/WEB_LISTING/0/id.pro.es.image.master/0d/f0/9a/848255630.jpg", "externalReference": "VB2011021-2", "numPhotos": 39, "floor": "bj", "price": 1100000.0, "propertyType": "flat", "operation": "sale", "size": 234.0, "exterior": true, "rooms": 3, "bathrooms": 3, "address": "barrio Sant Gervasi - La Bonanova", "province": "Barcelona", "municipality": "Barcelona", "district": "Sarri\u00e0-Sant Gervasi", "country": "es", "neighborhood": "Sant Gervasi - La Bonanova", "latitude": 41.4148276, "longitude": 2.132361, "showAddress": false, "url": "https://www.idealista.com/inmueble/91948962/", "distance": "263", "hasVideo": false, "status": "good", "newDevelopment": false, "hasLift": true, "parkingSpace": {"hasParkingSpace": true, "isParkingSpaceIncludedInPrice": true}, "priceByArea": 4701.0, "detailedType": {"typology": "flat"}, "suggestedTexts": {"subtitle": "Sant Gervasi - La Bonanova, Barcelona", "title": "Piso"}, "hasPlan": true, "has3DTour": false, "has360": false, "hasStaging": false, "topNewDevelopment": false}, {"propertyCode": "91948702", "thumbnail": "https://img3.idealista.com/blur/WEB_LISTING/0/id.pro.es.image.master/1e/4f/f3/827120969.jpg", "externalReference": "VB2009004-5", "numPhotos": 36, "floor": "6", "price": 960000.0, "propertyType": "flat", "operation": "sale", "size": 149.0, "exterior": true, "rooms": 4, "bathrooms": 2, "address": "barrio Sant Gervasi - La Bonanova", "province": "Barcelona", "municipality": "Barcelona", "district": "Sarri\u00e0-Sant Gervasi", "country": "es", "neighborhood": "Sant Gervasi - La Bonanova", "latitude": 41.4095506, "longitude": 2.1359555, "showAddress": false, "url": "https://www.idealista.com/inmueble/91948702/", "distance": "855", "hasVideo": false, "status": "good", "newDevelopment": false, "hasLift": true, "parkingSpace": {"hasParkingSpace": true, "isParkingSpaceIncludedInPrice": true}, "priceByArea": 6443.0, "detailedType": {"typology": "flat"}, "suggestedTexts": {"subtitle": "Sant Gervasi - La Bonanova, Barcelona", "title": "Piso"}, "hasPlan": true, "has3DTour": false, "has360": false, "hasStaging": false, "topNewDevelopment": false}, {"propertyCode": "91739243", "thumbnail": "https://img3.idealista.com/blur/WEB_LISTING/0/id.pro.es.image.master/7e/6e/3e/822093730.jpg", "externalReference": "VB1910052-6", "numPhotos": 46, "floor": "bj", "price": 1295000.0, "propertyType": "flat", "operation": "sale", "size": 256.0, "exterior": true, "rooms": 4, "bathrooms": 3, "address": "barrio Sant Gervasi - La Bonanova", "province": "Barcelona", "municipality": "Barcelona", "district": "Sarri\u00e0-Sant Gervasi", "country": "es", "neighborhood": "Sant Gervasi - La Bonanova", "latitude": 41.4133276, "longitude": 2.129861, "showAddress": false, "url": "https://www.idealista.com/inmueble/91739243/", "distance": "512", "hasVideo": false, "status": "good", "newDevelopment": false, "hasLift": true, "parkingSpace": {"hasParkingSpace": true, "isParkingSpaceIncludedInPrice": true}, "priceByArea": 5059.0, "detailedType": {"typology": "flat"}, "suggestedTexts": {"subtitle": "Sant Gervasi - La Bonanova, Barcelona", "title": "Piso"}, "hasPlan": true, "has3DTour": false, "has360": false, "hasStaging": false, "topNewDevelopment": false}, {"propertyCode": "90247463", "thumbnail": "https://img3.idealista.com/blur/WEB_LISTING/0/id.pro.es.image.master/1f/59/43/786272833.jpg", "externalReference": "54107C", "numPhotos": 16, "floor": "4", "price": 730000.0, "propertyType": "flat", "operation": "sale", "size": 145.0, "exterior": true, "rooms": 4, "bathrooms": 2, "address": "Calle de Roca i Batlle", "province": "Barcelona", "municipality": "Barcelona", "district": "Sarri\u00e0-Sant Gervasi", "country": "es", "neighborhood": "El Putxet i el Farr\u00f3", "latitude": 41.4108015, "longitude": 2.1392579, "showAddress": false, "url": "https://www.idealista.com/inmueble/90247463/", "distance": "841", "hasVideo": true, "status": "good", "newDevelopment": false, "hasLift": true, "priceByArea": 5034.0, "detailedType": {"typology": "flat"}, "suggestedTexts": {"subtitle": "El Putxet i el Farr\u00f3, Barcelona", "title": "Piso en Calle de Roca i Batlle"}, "hasPlan": true, "has3DTour": false, "has360": false, "hasStaging": false, "topNewDevelopment": false}, {"propertyCode": "89790029", "thumbnail": "https://img3.idealista.com/blur/WEB_LISTING/0/id.pro.es.image.master/6f/ac/09/776588046.jpg", "externalReference": "V00207-FOVD1", "numPhotos": 48, "floor": "1", "price": 460000.0, "propertyType": "flat", "operation": "sale", "size": 103.0, "exterior": true, "rooms": 3, "bathrooms": 2, "address": "Luc\u00e0", "province": "Barcelona", "municipality": "Barcelona", "district": "Sarri\u00e0-Sant Gervasi", "country": "es", "neighborhood": "El Putxet i el Farr\u00f3", "latitude": 41.4126474, "longitude": 2.1404376, "showAddress": false, "url": "https://www.idealista.com/inmueble/89790029/", "distance": "754", "hasVideo": true, "status": "good", "newDevelopment": false, "hasLift": true, "priceByArea": 4466.0, "detailedType": {"typology": "flat"}, "suggestedTexts": {"subtitle": "El Putxet i el Farr\u00f3, Barcelona", "title": "Piso en Luc\u00e0"}, "hasPlan": true, "has3DTour": false, "has360": false, "hasStaging": false, "topNewDevelopment": false}, {"propertyCode": "88494288", "thumbnail": "https://img3.idealista.com/blur/WEB_LISTING/0/id.pro.es.image.master/18/cb/f2/748103283.jpg", "externalReference": "1P1901", "numPhotos": 41, "floor": "2", "price": 619000.0, "propertyType": "flat", "operation": "sale", "size": 95.0, "exterior": true, "rooms": 1, "bathrooms": 1, "address": "barrio El Putxet i el Farr\u00f3", "province": "Barcelona", "municipality": "Barcelona", "district": "Sarri\u00e0-Sant Gervasi", "country": "es", "neighborhood": "El Putxet i el Farr\u00f3", "latitude": 41.4110907, "longitude": 2.1393035, "showAddress": false, "url": "https://www.idealista.com/inmueble/88494288/", "distance": "817", "hasVideo": true, "status": "good", "newDevelopment": false, "hasLift": true, "parkingSpace": {"hasParkingSpace": true, "isParkingSpaceIncludedInPrice": true}, "priceByArea": 6516.0, "detailedType": {"typology": "flat"}, "suggestedTexts": {"subtitle": "El Putxet i el Farr\u00f3, Barcelona", "title": "Piso"}, "hasPlan": true, "has3DTour": false, "has360": false, "hasStaging": false, "topNewDevelopment": false}, {"propertyCode": "92890534", "thumbnail": "https://img3.idealista.com/blur/WEB_LISTING/0/id.pro.es.image.master/41/80/c9/853052061.jpg", "externalReference": "TU939LA", "numPhotos": 25, "floor": "4", "price": 395000.0, "propertyType": "flat", "operation": "sale", "size": 81.0, "exterior": true, "rooms": 2, "bathrooms": 1, "address": "Paseo de Sant Gervasi", "province": "Barcelona", "municipality": "Barcelona", "district": "Sarri\u00e0-Sant Gervasi", "country": "es", "neighborhood": "Sant Gervasi - La Bonanova", "latitude": 41.4140537, "longitude": 2.1389386, "showAddress": false, "url": "https://www.idealista.com/inmueble/92890534/", "distance": "559", "hasVideo": false, "status": "good", "newDevelopment": false, "hasLift": true, "priceByArea": 4877.0, "detailedType": {"typology": "flat"}, "suggestedTexts": {"subtitle": "Sant Gervasi - La Bonanova, Barcelona", "title": "Piso en Paseo de Sant Gervasi"}, "hasPlan": true, "has3DTour": false, "has360": false, "hasStaging": false, "topNewDevelopment": false}, {"propertyCode": "92012123", "thumbnail": "https://img3.idealista.com/blur/WEB_LISTING/0/id.pro.es.image.master/94/5a/49/828682496.jpg", "externalReference": "PssgSntGerv", "numPhotos": 24, "floor": "3", "price": 550000.0, "propertyType": "flat", "operation": "sale", "size": 80.0, "exterior": true, "rooms": 2, "bathrooms": 2, "address": "Paseo de Sant Gervasi", "province": "Barcelona", "municipality": "Barcelona", "district": "Sarri\u00e0-Sant Gervasi", "country": "es", "neighborhood": "El Putxet i el Farr\u00f3", "latitude": 41.4123043, "longitude": 2.1396699, "showAddress": false, "url": "https://www.idealista.com/inmueble/92012123/", "distance": "733", "hasVideo": true, "status": "good", "newDevelopment": false, "hasLift": true, "parkingSpace": {"hasParkingSpace": true, "isParkingSpaceIncludedInPrice": true}, "priceByArea": 6875.0, "detailedType": {"typology": "flat"}, "suggestedTexts": {"subtitle": "El Putxet i el Farr\u00f3, Barcelona", "title": "Piso en Paseo de Sant Gervasi"}, "hasPlan": true, "has3DTour": false, "has360": false, "hasStaging": false, "topNewDevelopment": false}, {"propertyCode": "31467524", "thumbnail": "https://img3.idealista.com/blur/WEB_LISTING/0/id.pro.es.image.master/95/8a/af/754883201.jpg", "externalReference": "LFS7013", "numPhotos": 37, "price": 3800000.0, "propertyType": "chalet", "operation": "sale", "size": 676.0, "exterior": false, "rooms": 11, "bathrooms": 4, "address": "barrio Sant Gervasi - La Bonanova", "province": "Barcelona", "municipality": "Barcelona", "district": "Sarri\u00e0-Sant Gervasi", "country": "es", "neighborhood": "Sant Gervasi - La Bonanova", "latitude": 41.4149093, "longitude": 2.1327563, "showAddress": false, "url": "https://www.idealista.com/inmueble/31467524/", "distance": "244", "hasVideo": false, "status": "good", "newDevelopment": false, "priceByArea": 5621.0, "detailedType": {"typology": "chalet"}, "suggestedTexts": {"subtitle": "Sant Gervasi - La Bonanova, Barcelona", "title": "Chalet"}, "hasPlan": false, "has3DTour": false, "has360": false, "hasStaging": false, "topNewDevelopment": false}, {"propertyCode": "92672338", "thumbnail": "https://img3.idealista.com/blur/WEB_LISTING/0/id.pro.es.image.master/d1/1e/6f/852100598.jpg", "externalReference": "KE-0119", "numPhotos": 34, "floor": "1", "price": 350000.0, "propertyType": "flat", "operation": "sale", "size": 90.0, "exterior": false, "rooms": 4, "bathrooms": 2, "address": "Calle de Gomis", "province": "Barcelona", "municipality": "Barcelona", "district": "Gr\u00e0cia", "country": "es", "neighborhood": "Vallcarca i els Penitents", "latitude": 41.4152893, "longitude": 2.1400124, "showAddress": false, "url": "https://www.idealista.com/inmueble/92672338/", "distance": "574", "hasVideo": false, "status": "renew", "newDevelopment": false, "hasLift": true, "priceByArea": 3889.0, "detailedType": {"typology": "flat"}, "suggestedTexts": {"subtitle": "Vallcarca i els Penitents, Barcelona", "title": "Piso en Calle de Gomis"}, "hasPlan": true, "has3DTour": false, "has360": false, "hasStaging": false, "topNewDevelopment": false}, {"propertyCode": "92099498", "thumbnail": "https://img3.idealista.com/blur/WEB_LISTING/0/id.pro.es.image.master/8f/ff/6c/852100429.jpg", "externalReference": "KE-0116", "numPhotos": 27, "floor": "4", "price": 550000.0, "propertyType": "flat", "operation": "sale", "size": 101.0, "exterior": true, "rooms": 4, "bathrooms": 2, "address": "Calle de Craywinckel", "province": "Barcelona", "municipality": "Barcelona", "district": "Sarri\u00e0-Sant Gervasi", "country": "es", "neighborhood": "El Putxet i el Farr\u00f3", "latitude": 41.4132024, "longitude": 2.1388303, "showAddress": false, "url": "https://www.idealista.com/inmueble/92099498/", "distance": "613", "hasVideo": true, "status": "good", "newDevelopment": false, "hasLift": true, "parkingSpace": {"hasParkingSpace": true, "isParkingSpaceIncludedInPrice": true}, "priceByArea": 5446.0, "detailedType": {"typology": "flat"}, "suggestedTexts": {"subtitle": "El Putxet i el Farr\u00f3, Barcelona", "title": "Piso en Calle de Craywinckel"}, "hasPlan": true, "has3DTour": false, "has360": true, "hasStaging": false, "topNewDevelopment": false}, {"propertyCode": "91871363", "thumbnail": "https://img3.idealista.com/blur/WEB_LISTING/0/id.pro.es.image.master/59/e9/71/842064514.jpg", "externalReference": "KE-0114", "numPhotos": 24, "floor": "2", "price": 340000.0, "propertyType": "flat", "operation": "sale", "size": 82.0, "exterior": true, "rooms": 3, "bathrooms": 2, "address": "Carretera de Sant Cugat", "province": "Barcelona", "municipality": "Barcelona", "district": "Gr\u00e0cia", "country": "es", "neighborhood": "Vallcarca i els Penitents", "latitude": 41.4209169, "longitude": 2.1371748, "showAddress": false, "url": "https://www.idealista.com/inmueble/91871363/", "distance": "528", "hasVideo": true, "status": "good", "newDevelopment": false, "hasLift": false, "parkingSpace": {"hasParkingSpace": true, "isParkingSpaceIncludedInPrice": true}, "priceByArea": 4146.0, "detailedType": {"typology": "flat"}, "suggestedTexts": {"subtitle": "Vallcarca i els Penitents, Barcelona", "title": "Piso en Carretera de Sant Cugat"}, "hasPlan": true, "has3DTour": false, "has360": true, "hasStaging": false, "topNewDevelopment": false}, {"propertyCode": "90605084", "thumbnail": "https://img3.idealista.com/blur/WEB_LISTING/0/id.pro.es.image.master/8b/9d/50/825266342.jpg", "externalReference": "KE-0103", "numPhotos": 24, "floor": "3", "price": 525000.0, "propertyType": "flat", "operation": "sale", "size": 118.0, "exterior": true, "rooms": 4, "bathrooms": 2, "address": "Paseo de Sant Gervasi", "province": "Barcelona", "municipality": "Barcelona", "district": "Sarri\u00e0-Sant Gervasi", "country": "es", "neighborhood": "El Putxet i el Farr\u00f3", "latitude": 41.4141817, "longitude": 2.1372877, "showAddress": false, "url": "https://www.idealista.com/inmueble/90605084/", "distance": "445", "hasVideo": false, "status": "good", "newDevelopment": false, "hasLift": true, "priceByArea": 4449.0, "detailedType": {"typology": "flat"}, "suggestedTexts": {"subtitle": "El Putxet i el Farr\u00f3, Barcelona", "title": "Piso en Paseo de Sant Gervasi"}, "hasPlan": true, "has3DTour": false, "has360": true, "hasStaging": false, "topNewDevelopment": false}, {"propertyCode": "92582875", "thumbnail": "https://img3.idealista.com/blur/WEB_LISTING/0/id.pro.es.image.master/d4/80/87/843249617.jpg", "externalReference": "V0217K", "numPhotos": 26, "floor": "2", "price": 214000.0, "propertyType": "flat", "operation": "sale", "size": 61.0, "exterior": true, "rooms": 2, "bathrooms": 1, "address": "Calle d'Arenys", "province": "Barcelona", "municipality": "Barcelona", "district": "Horta Guinard\u00f3", "country": "es", "neighborhood": "La Teixonera", "latitude": 41.4213865, "longitude": 2.1404824, "showAddress": false, "url": "https://www.idealista.com/inmueble/92582875/", "distance": "755", "hasVideo": false, "status": "good", "newDevelopment": false, "priceByArea": 3508.0, "detailedType": {"typology": "flat"}, "suggestedTexts": {"subtitle": "La Teixonera, Barcelona", "title": "Piso en Calle d'Arenys"}, "hasPlan": true, "has3DTour": false, "has360": false, "hasStaging": false, "topNewDevelopment": false}, {"propertyCode": "92485190", "thumbnail": "https://img3.idealista.com/blur/WEB_LISTING/0/id.pro.es.image.master/15/97/a9/845277865.jpg", "externalReference": "GERVASI02R", "numPhotos": 25, "floor": "3", "price": 1030000.0, "propertyType": "flat", "operation": "sale", "size": 160.0, "exterior": true, "rooms": 4, "bathrooms": 3, "address": "Paseo de Sant Gervasi", "province": "Barcelona", "municipality": "Barcelona", "district": "Sarri\u00e0-Sant Gervasi", "country": "es", "neighborhood": "Sant Gervasi - La Bonanova", "latitude": 41.4116665, "longitude": 2.1373173, "showAddress": false, "url": "https://www.idealista.com/inmueble/92485190/", "distance": "674", "hasVideo": false, "status": "good", "newDevelopment": false, "hasLift": true, "priceByArea": 6438.0, "detailedType": {"typology": "flat"}, "suggestedTexts": {"subtitle": "Sant Gervasi - La Bonanova, Barcelona", "title": "Piso en Paseo de Sant Gervasi"}, "hasPlan": true, "has3DTour": true, "has360": false, "hasStaging": false, "topNewDevelopment": false}, {"propertyCode": "92196121", "thumbnail": "https://img3.idealista.com/blur/WEB_LISTING/0/id.pro.es.image.master/78/3e/64/841925971.jpg", "externalReference": "GERVASI02", "numPhotos": 54, "floor": "3", "price": 850000.0, "propertyType": "flat", "operation": "sale", "size": 160.0, "exterior": true, "rooms": 4, "bathrooms": 3, "address": "Paseo de Sant Gervasi", "province": "Barcelona", "municipality": "Barcelona", "district": "Sarri\u00e0-Sant Gervasi", "country": "es", "neighborhood": "Sant Gervasi - La Bonanova", "latitude": 41.4095665, "longitude": 2.1343173, "showAddress": false, "url": "https://www.idealista.com/inmueble/92196121/", "distance": "832", "hasVideo": false, "status": "good", "newDevelopment": false, "hasLift": true, "priceByArea": 5313.0, "detailedType": {"typology": "flat"}, "suggestedTexts": {"subtitle": "Sant Gervasi - La Bonanova, Barcelona", "title": "Piso en Paseo de Sant Gervasi"}, "hasPlan": true, "has3DTour": true, "has360": false, "hasStaging": false, "topNewDevelopment": false}, {"propertyCode": "92000649", "thumbnail": "https://img3.idealista.com/blur/WEB_LISTING/0/id.pro.es.image.master/17/f4/91/835318423.jpg", "externalReference": "V0215K", "numPhotos": 26, "floor": "4", "price": 420000.0, "propertyType": "flat", "operation": "sale", "size": 81.0, "exterior": false, "rooms": 3, "bathrooms": 2, "address": "Calle de Gomis", "province": "Barcelona", "municipality": "Barcelona", "district": "Gr\u00e0cia", "country": "es", "neighborhood": "Vallcarca i els Penitents", "latitude": 41.4152749, "longitude": 2.1391716, "showAddress": false, "url": "https://www.idealista.com/inmueble/92000649/", "distance": "509", "hasVideo": false, "status": "good", "newDevelopment": false, "hasLift": true, "priceByArea": 5185.0, "detailedType": {"typology": "flat"}, "suggestedTexts": {"subtitle": "Vallcarca i els Penitents, Barcelona", "title": "Piso en Calle de Gomis"}, "hasPlan": true, "has3DTour": false, "has360": false, "hasStaging": false, "topNewDevelopment": false}, {"propertyCode": "91891645", "thumbnail": "https://img3.idealista.com/blur/WEB_LISTING/0/id.pro.es.image.master/c0/96/04/825787185.jpg", "externalReference": "V02146", "numPhotos": 27, "floor": "bj", "price": 1100000.0, "propertyType": "flat", "operation": "sale", "size": 250.0, "exterior": true, "rooms": 3, "bathrooms": 3, "address": "Calle de Teodor Roviralta", "province": "Barcelona", "municipality": "Barcelona", "district": "Sarri\u00e0-Sant Gervasi", "country": "es", "neighborhood": "Sant Gervasi - La Bonanova", "latitude": 41.4157276, "longitude": 2.132061, "showAddress": false, "url": "https://www.idealista.com/inmueble/91891645/", "distance": "189", "hasVideo": false, "status": "good", "newDevelopment": false, "hasLift": true, "parkingSpace": {"hasParkingSpace": true, "isParkingSpaceIncludedInPrice": true}, "priceByArea": 4400.0, "detailedType": {"typology": "flat"}, "suggestedTexts": {"subtitle": "Sant Gervasi - La Bonanova, Barcelona", "title": "Piso en Calle de Teodor Roviralta"}, "hasPlan": false, "has3DTour": false, "has360": true, "hasStaging": false, "topNewDevelopment": false}, {"propertyCode": "88851227", "thumbnail": "https://img3.idealista.com/blur/WEB_LISTING/0/id.pro.es.image.master/a9/67/8e/855525831.jpg", "externalReference": "TU876LG", "numPhotos": 32, "floor": "4", "price": 470000.0, "propertyType": "flat", "operation": "sale", "size": 129.0, "exterior": true, "rooms": 3, "bathrooms": 2, "address": "Calle de Gomis", "province": "Barcelona", "municipality": "Barcelona", "district": "Gr\u00e0cia", "country": "es", "neighborhood": "Vallcarca i els Penitents", "latitude": 41.4144702, "longitude": 2.1391879, "showAddress": false, "url": "https://www.idealista.com/inmueble/88851227/", "distance": "551", "hasVideo": true, "status": "renew", "newDevelopment": false, "hasLift": true, "priceByArea": 3643.0, "detailedType": {"typology": "flat"}, "suggestedTexts": {"subtitle": "Vallcarca i els Penitents, Barcelona", "title": "Piso en Calle de Gomis"}, "hasPlan": true, "has3DTour": false, "has360": false, "hasStaging": false, "topNewDevelopment": false}, {"propertyCode": "93156399", "thumbnail": "https://img3.idealista.com/blur/WEB_LISTING/0/id.pro.es.image.master/5d/4c/21/855711486.jpg", "externalReference": "BHHS-002717", "numPhotos": 32, "price": 1900000.0, "propertyType": "chalet", "operation": "sale", "size": 375.0, "exterior": false, "rooms": 5, "bathrooms": 4, "address": "barrio Sant Gervasi - La Bonanova", "province": "Barcelona", "municipality": "Barcelona", "district": "Sarri\u00e0-Sant Gervasi", "country": "es", "neighborhood": "Sant Gervasi - La Bonanova", "latitude": 41.4155855, "longitude": 2.128828, "showAddress": false, "url": "https://www.idealista.com/inmueble/93156399/", "distance": "423", "hasVideo": false, "status": "renew", "newDevelopment": false, "parkingSpace": {"hasParkingSpace": true, "isParkingSpaceIncludedInPrice": true}, "priceByArea": 5067.0, "detailedType": {"typology": "chalet"}, "suggestedTexts": {"subtitle": "Sant Gervasi - La Bonanova, Barcelona", "title": "Chalet"}, "hasPlan": false, "has3DTour": false, "has360": false, "hasStaging": false, "topNewDevelopment": false}, {"propertyCode": "92675524", "thumbnail": "https://img3.idealista.com/blur/WEB_LISTING/0/id.pro.es.image.master/b3/41/92/844947091.jpg", "externalReference": "AVPV2", "numPhotos": 27, "floor": "bj", "price": 450000.0, "propertyType": "duplex", "operation": "sale", "size": 155.0, "exterior": true, "rooms": 3, "bathrooms": 2, "address": "barrio Vallcarca i els Penitents", "province": "Barcelona", "municipality": "Barcelona", "district": "Gr\u00e0cia", "country": "es", "neighborhood": "Vallcarca i els Penitents", "latitude": 41.4116043, "longitude": 2.1402759, "showAddress": false, "url": "https://www.idealista.com/inmueble/92675524/", "distance": "824", "hasVideo": false, "status": "good", "newDevelopment": false, "hasLift": true, "parkingSpace": {"hasParkingSpace": true, "isParkingSpaceIncludedInPrice": true}, "priceByArea": 2903.0, "detailedType": {"typology": "flat", "subTypology": "duplex"}, "suggestedTexts": {"subtitle": "Vallcarca i els Penitents, Barcelona", "title": "D\u00faplex"}, "hasPlan": false, "has3DTour": false, "has360": false, "hasStaging": false, "topNewDevelopment": false}, {"propertyCode": "91494959", "thumbnail": "https://img3.idealista.com/blur/WEB_LISTING/0/id.pro.es.image.master/bb/f7/5e/815915691.jpg", "externalReference": "GVVB135", "numPhotos": 30, "floor": "bj", "price": 550000.0, "propertyType": "duplex", "operation": "sale", "size": 151.0, "exterior": true, "rooms": 3, "bathrooms": 3, "address": "Calle de Bertran", "province": "Barcelona", "municipality": "Barcelona", "district": "Sarri\u00e0-Sant Gervasi", "country": "es", "neighborhood": "El Putxet i el Farr\u00f3", "latitude": 41.4119611, "longitude": 2.1399134, "showAddress": false, "url": "https://www.idealista.com/inmueble/91494959/", "distance": "775", "hasVideo": true, "status": "good", "newDevelopment": false, "hasLift": true, "priceByArea": 3642.0, "detailedType": {"typology": "flat", "subTypology": "duplex"}, "suggestedTexts": {"subtitle": "El Putxet i el Farr\u00f3, Barcelona", "title": "D\u00faplex en Calle de Bertran"}, "hasPlan": false, "has3DTour": false, "has360": false, "hasStaging": false, "topNewDevelopment": false}, {"propertyCode": "90383267", "thumbnail": "https://img3.idealista.com/blur/WEB_LISTING/0/id.pro.es.image.master/db/8a/10/835482321.jpg", "externalReference": "Ji777", "numPhotos": 28, "floor": "2", "price": 950000.0, "propertyType": "flat", "operation": "sale", "size": 212.0, "exterior": false, "rooms": 4, "bathrooms": 3, "address": "Calle de Balmes, 449", "province": "Barcelona", "municipality": "Barcelona", "district": "Sarri\u00e0-Sant Gervasi", "country": "es", "neighborhood": "Sant Gervasi - La Bonanova", "latitude": 41.40981, "longitude": 2.13646, "showAddress": true, "url": "https://www.idealista.com/inmueble/90383267/", "distance": "839", "hasVideo": false, "status": "good", "newDevelopment": false, "hasLift": true, "priceByArea": 4481.0, "detailedType": {"typology": "flat"}, "suggestedTexts": {"subtitle": "Sant Gervasi - La Bonanova, Barcelona", "title": "Piso en Calle de Balmes, 449"}, "hasPlan": false, "has3DTour": false, "has360": false, "hasStaging": false, "topNewDevelopment": false}, {"propertyCode": "89943303", "thumbnail": "https://img3.idealista.com/blur/WEB_LISTING/0/id.pro.es.image.master/f6/f5/e7/827969413.jpg", "externalReference": "3063", "numPhotos": 23, "floor": "1", "price": 375000.0, "propertyType": "flat", "operation": "sale", "size": 97.0, "exterior": true, "rooms": 2, "bathrooms": 2, "address": "Calle Mare de D\u00e9u del Carmel", "province": "Barcelona", "municipality": "Barcelona", "district": "Sarri\u00e0-Sant Gervasi", "country": "es", "neighborhood": "El Putxet i el Farr\u00f3", "latitude": 41.4119978, "longitude": 2.141365, "showAddress": false, "url": "https://www.idealista.com/inmueble/89943303/", "distance": "860", "hasVideo": false, "status": "renew", "newDevelopment": false, "hasLift": true, "priceByArea": 3866.0, "detailedType": {"typology": "flat"}, "suggestedTexts": {"subtitle": "El Putxet i el Farr\u00f3, Barcelona", "title": "Piso en Calle Mare de D\u00e9u del Carmel"}, "hasPlan": false, "has3DTour": false, "has360": false, "hasStaging": false, "topNewDevelopment": false}, {"propertyCode": "92829823", "thumbnail": "https://img3.idealista.com/blur/WEB_LISTING/0/id.pro.es.image.master/85/95/c3/849107565.jpg", "externalReference": "BHHS-002805", "numPhotos": 30, "floor": "1", "price": 760000.0, "propertyType": "flat", "operation": "sale", "size": 125.0, "exterior": true, "rooms": 3, "bathrooms": 2, "address": "barrio Vallcarca i els Penitents", "province": "Barcelona", "municipality": "Barcelona", "district": "Gr\u00e0cia", "country": "es", "neighborhood": "Vallcarca i els Penitents", "latitude": 41.4151354, "longitude": 2.1370804, "showAddress": false, "url": "https://www.idealista.com/inmueble/92829823/", "distance": "363", "hasVideo": false, "status": "good", "newDevelopment": false, "hasLift": true, "parkingSpace": {"hasParkingSpace": true, "isParkingSpaceIncludedInPrice": true}, "priceByArea": 6080.0, "detailedType": {"typology": "flat"}, "suggestedTexts": {"subtitle": "Vallcarca i els Penitents, Barcelona", "title": "Piso"}, "hasPlan": false, "has3DTour": false, "has360": false, "hasStaging": false, "topNewDevelopment": false}]