[{"propertyCode": "91694960", "thumbnail": "https://img3.idealista.com/blur/WEB_LISTING/0/id.pro.es.image.master/15/c5/f8/821001652.jpg", "externalReference": "v7272", "numPhotos": 51, "floor": "5", "price": 530000.0, "propertyType": "flat", "operation": "sale", "size": 138.0, "exterior": true, "rooms": 4, "bathrooms": 2, "address": "barrio Santa Eul\u00e0lia", "province": "Barcelona", "municipality": "Hospitalet de Llobregat", "district": "Santa Eul\u00e0lia", "country": "es", "neighborhood": "Santa Eul\u00e0lia", "latitude": 41.3615306, "longitude": 2.1282983, "showAddress": false, "url": "https://www.idealista.com/inmueble/91694960/", "distance": "2751", "hasVideo": true, "status": "good", "newDevelopment": false, "hasLift": true, "priceByArea": 3841.0, "detailedType": {"typology": "flat"}, "suggestedTexts": {"subtitle": "Santa Eul\u00e0lia, Hospitalet de Llobregat", "title": "Piso"}, "hasPlan": true, "has3DTour": true, "has360": false, "hasStaging": false, "topNewDevelopment": false}, {"propertyCode": "91082776", "thumbnail": "https://img3.idealista.com/blur/WEB_LISTING/0/id.pro.es.image.master/2a/92/7e/853394856.jpg", "externalReference": "230935", "numPhotos": 27, "floor": "1", "price": 352000.0, "propertyType": "flat", "operation": "sale", "size": 109.0, "exterior": true, "rooms": 4, "bathrooms": 2, "address": "barrio La Marina del Port", "province": "Barcelona", "municipality": "Barcelona", "district": "Sants-Montju\u00efc", "country": "es", "neighborhood": "La Marina del Port", "latitude": 41.3593648, "longitude": 2.1405988, "showAddress": false, "url": "https://www.idealista.com/inmueble/91082776/", "distance": "2593", "hasVideo": true, "status": "good", "newDevelopment": false, "hasLift": true, "priceByArea": 3229.0, "detailedType": {"typology": "flat"}, "suggestedTexts": {"subtitle": "La Marina del Port, Barcelona", "title": "Piso"}, "hasPlan": true, "has3DTour": false, "has360": false, "hasStaging": false, "topNewDevelopment": false}, {"propertyCode": "88129785", "thumbnail": "https://img3.idealista.com/blur/WEB_LISTING/0/id.pro.es.image.master/88/d6/bf/739360346.jpg", "externalReference": "B20325", "numPhotos": 44, "price": 1075000.0, "propertyType": "chalet", "operation": "sale", "size": 295.0, "exterior": false, "rooms": 5, "bathrooms": 2, "address": "Carretera del Prat", "province": "Barcelona", "municipality": "Barcelona", "district": "Sants-Montju\u00efc", "country": "es", "neighborhood": "La Marina del Port", "latitude": 41.3585747, "longitude": 2.1351485, "showAddress": false, "url": "https://www.idealista.com/inmueble/88129785/", "distance": "2419", "hasVideo": true, "status": "good", "newDevelopment": false, "parkingSpace": {"hasParkingSpace": true, "isParkingSpaceIncludedInPrice": true}, "priceByArea": 3644.0, "detailedType": {"typology": "chalet", "subTypology": "terracedHouse"}, "suggestedTexts": {"subtitle": "La Marina del Port, Barcelona", "title": "Chalet adosado en Carretera del Prat"}, "hasPlan": true, "has3DTour": false, "has360": true, "hasStaging": false, "topNewDevelopment": false}, {"propertyCode": "92814911", "thumbnail": "https://img3.idealista.com/blur/WEB_LISTING/0/id.pro.es.image.master/a8/e8/b4/848788645.jpg", "externalReference": "0110-656-831-V", "numPhotos": 23, "floor": "3", "price": 205000.0, "propertyType": "flat", "operation": "sale", "size": 93.0, "exterior": true, "rooms": 3, "bathrooms": 1, "address": "Plaza del Mig de Can Clos", "province": "Barcelona", "municipality": "Barcelona", "district": "Sants-Montju\u00efc", "country": "es", "neighborhood": "La Marina del Port", "latitude": 41.361351, "longitude": 2.1455091, "showAddress": false, "url": "https://www.idealista.com/inmueble/92814911/", "distance": "2937", "hasVideo": true, "status": "good", "newDevelopment": false, "hasLift": true, "priceByArea": 2204.0, "detailedType": {"typology": "flat"}, "suggestedTexts": {"subtitle": "La Marina del Port, Barcelona", "title": "Piso en Plaza del Mig de Can Clos"}, "hasPlan": true, "has3DTour": false, "has360": false, "hasStaging": false, "topNewDevelopment": false}, {"propertyCode": "90164001", "thumbnail": "https://img3.idealista.com/blur/WEB_LISTING/0/id.pro.es.image.master/03/2f/07/805374283.jpg", "externalReference": "B20563", "numPhotos": 51, "price": 980000.0, "propertyType": "chalet", "operation": "sale", "size": 295.0, "exterior": false, "rooms": 5, "bathrooms": 4, "address": "Mileva Maric", "province": "Barcelona", "municipality": "Hospitalet de Llobregat", "district": "Granvia L-H", "country": "es", "neighborhood": "Gran Via L-H", "latitude": 41.3558, "longitude": 2.13083, "showAddress": false, "url": "https://www.idealista.com/inmueble/90164001/", "distance": "2099", "hasVideo": true, "status": "good", "newDevelopment": false, "parkingSpace": {"hasParkingSpace": true, "isParkingSpaceIncludedInPrice": true}, "priceByArea": 3322.0, "detailedType": {"typology": "chalet", "subTypology": "terracedHouse"}, "suggestedTexts": {"subtitle": "Gran Via L-H, Hospitalet de Llobregat", "title": "Chalet adosado en Mileva Maric"}, "hasPlan": true, "has3DTour": false, "has360": false, "hasStaging": false, "topNewDevelopment": false}, {"propertyCode": "87374781", "thumbnail": "https://img3.idealista.com/blur/WEB_LISTING/0/id.pro.es.image.master/3a/6b/d0/719210030.jpg", "externalReference": "B19297", "numPhotos": 44, "price": 1075000.0, "propertyType": "chalet", "operation": "sale", "size": 295.0, "exterior": false, "rooms": 5, "bathrooms": 2, "address": "Calle de Mileva Maric", "province": "Barcelona", "municipality": "Hospitalet de Llobregat", "district": "Granvia L-H", "country": "es", "neighborhood": "Gran Via L-H", "latitude": 41.3557, "longitude": 2.13043, "showAddress": false, "url": "https://www.idealista.com/inmueble/87374781/", "distance": "2089", "hasVideo": true, "status": "good", "newDevelopment": false, "parkingSpace": {"hasParkingSpace": true, "isParkingSpaceIncludedInPrice": true}, "priceByArea": 3644.0, "detailedType": {"typology": "chalet", "subTypology": "terracedHouse"}, "suggestedTexts": {"subtitle": "Gran Via L-H, Hospitalet de Llobregat", "title": "Chalet adosado en Calle de Mileva Maric"}, "hasPlan": true, "has3DTour": false, "has360": false, "hasStaging": false, "topNewDevelopment": false}, {"propertyCode": "93170048", "thumbnail": "https://img3.idealista.com/blur/WEB_LISTING/0/id.pro.es.image.master/a2/e8/44/856058863.jpg", "externalReference": "IGUALDAD", "numPhotos": 14, "floor": "3", "price": 155000.0, "propertyType": "flat", "operation": "sale", "size": 60.0, "exterior": true, "rooms": 3, "bathrooms": 1, "address": "IGUALDAD, 40", "province": "Barcelona", "municipality": "Hospitalet de Llobregat", "district": "Santa Eul\u00e0lia", "country": "es", "neighborhood": "Santa Eul\u00e0lia", "latitude": 41.3601937, "longitude": 2.1256307, "showAddress": true, "url": "https://www.idealista.com/inmueble/93170048/", "distance": "2639", "hasVideo": false, "status": "good", "newDevelopment": false, "hasLift": true, "priceByArea": 2583.0, "detailedType": {"typology": "flat"}, "suggestedTexts": {"subtitle": "Santa Eul\u00e0lia, Hospitalet de Llobregat", "title": "Piso en IGUALDAD, 40"}, "hasPlan": false, "has3DTour": false, "has360": false, "hasStaging": false, "topNewDevelopment": false}, {"propertyCode": "87764777", "thumbnail": "https://img3.idealista.com/blur/WEB_LISTING/0/id.pro.es.image.master/30/e5/26/755884924.jpg", "externalReference": "W-02DZ02", "numPhotos": 34, "price": 495000.0, "propertyType": "chalet", "operation": "sale", "size": 240.0, "exterior": false, "rooms": 4, "bathrooms": 2, "address": "barrio Sant Josep", "province": "Barcelona", "municipality": "Hospitalet de Llobregat", "district": "Centre", "country": "es", "neighborhood": "Sant Josep", "latitude": 41.3615992, "longitude": 2.1112451, "showAddress": false, "url": "https://www.idealista.com/inmueble/87764777/", "distance": "3244", "hasVideo": false, "status": "good", "newDevelopment": false, "parkingSpace": {"hasParkingSpace": true, "isParkingSpaceIncludedInPrice": true}, "priceByArea": 2063.0, "detailedType": {"typology": "chalet", "subTypology": "semidetachedHouse"}, "suggestedTexts": {"subtitle": "Sant Josep, Hospitalet de Llobregat", "title": "Chalet pareado"}, "hasPlan": false, "has3DTour": true, "has360": false, "hasStaging": false, "topNewDevelopment": false}, {"propertyCode": "93179729", "thumbnail": "https://img3.idealista.com/blur/WEB_LISTING/0/id.pro.es.image.master/e3/68/3b/856298547.jpg", "externalReference": "pso zona franca / luq", "numPhotos": 17, "floor": "3", "price": 198000.0, "propertyType": "flat", "operation": "sale", "size": 65.0, "exterior": false, "rooms": 3, "bathrooms": 1, "address": "Paseo DE LA ZONA FRANCA, 240", "province": "Barcelona", "municipality": "Barcelona", "district": "Sants-Montju\u00efc", "country": "es", "neighborhood": "La Marina del Port", "latitude": 41.3633384, "longitude": 2.1372753, "showAddress": true, "url": "https://www.idealista.com/inmueble/93179729/", "distance": "2967", "hasVideo": true, "status": "good", "newDevelopment": false, "hasLift": true, "priceByArea": 3046.0, "detailedType": {"typology": "flat"}, "suggestedTexts": {"subtitle": "La Marina del Port, Barcelona", "title": "Piso en Paseo DE LA ZONA FRANCA, 240"}, "hasPlan": false, "has3DTour": false, "has360": false, "hasStaging": false, "topNewDevelopment": false}, {"propertyCode": "92534164", "thumbnail": "https://img3.idealista.com/blur/WEB_LISTING/0/id.pro.es.image.master/46/ab/62/842337848.jpg", "externalReference": "B21602", "numPhotos": 18, "floor": "1", "price": 275000.0, "propertyType": "flat", "operation": "sale", "size": 80.0, "exterior": true, "rooms": 2, "bathrooms": 2, "address": "Calle Ciencies", "province": "Barcelona", "municipality": "Hospitalet de Llobregat", "district": "Granvia L-H", "country": "es", "neighborhood": "Gran Via L-H", "latitude": 41.3570969, "longitude": 2.1307505, "showAddress": false, "url": "https://www.idealista.com/inmueble/92534164/", "distance": "2243", "hasVideo": true, "status": "good", "newDevelopment": false, "hasLift": true, "priceByArea": 3438.0, "detailedType": {"typology": "flat"}, "suggestedTexts": {"subtitle": "Gran Via L-H, Hospitalet de Llobregat", "title": "Piso en Calle Ciencies"}, "hasPlan": true, "has3DTour": false, "has360": false, "hasStaging": false, "topNewDevelopment": false}, {"propertyCode": "92076804", "thumbnail": "https://img3.idealista.com/blur/WEB_LISTING/0/id.pro.es.image.master/39/45/aa/830328153.jpg", "externalReference": "W-02IRKQ", "numPhotos": 18, "price": 120000.0, "propertyType": "flat", "operation": "sale", "size": 30.0, "exterior": false, "rooms": 1, "bathrooms": 1, "address": "barrio Santa Eul\u00e0lia", "province": "Barcelona", "municipality": "Hospitalet de Llobregat", "district": "Santa Eul\u00e0lia", "country": "es", "neighborhood": "Santa Eul\u00e0lia", "latitude": 41.361457, "longitude": 2.1274098, "showAddress": false, "url": "https://www.idealista.com/inmueble/92076804/", "distance": "2752", "hasVideo": false, "status": "good", "newDevelopment": false, "hasLift": false, "priceByArea": 4000.0, "detailedType": {"typology": "flat"}, "suggestedTexts": {"subtitle": "Santa Eul\u00e0lia, Hospitalet de Llobregat", "title": "Piso"}, "hasPlan": false, "has3DTour": false, "has360": false, "hasStaging": false, "topNewDevelopment": false}, {"propertyCode": "92528599", "thumbnail": "https://img3.idealista.com/blur/WEB_LISTING/0/id.pro.es.image.master/3c/39/41/841843364.jpg", "externalReference": "3189", "numPhotos": 18, "floor": "6", "price": 165000.0, "propertyType": "flat", "operation": "sale", "size": 73.0, "exterior": true, "rooms": 3, "bathrooms": 1, "address": "Avenida d'Europa", "province": "Barcelona", "municipality": "Hospitalet de Llobregat", "district": "Bellvitge", "country": "es", "neighborhood": "Bellvitge", "latitude": 41.3559144, "longitude": 2.1164764, "showAddress": false, "url": "https://www.idealista.com/inmueble/92528599/", "distance": "2476", "hasVideo": false, "status": "good", "newDevelopment": false, "hasLift": true, "priceByArea": 2260.0, "detailedType": {"typology": "flat"}, "suggestedTexts": {"subtitle": "Bellvitge, Hospitalet de Llobregat", "title": "Piso en Avenida d'Europa"}, "hasPlan": true, "has3DTour": false, "has360": true, "hasStaging": false, "topNewDevelopment": false}, {"propertyCode": "92183219", "thumbnail": "https://img3.idealista.com/blur/WEB_LISTING/0/id.pro.es.image.master/fe/65/a9/832979121.jpg", "externalReference": "3180", "numPhotos": 18, "floor": "en", "price": 159900.0, "propertyType": "flat", "operation": "sale", "size": 70.0, "exterior": true, "rooms": 2, "bathrooms": 1, "address": "Avenida del Carrilet", "province": "Barcelona", "municipality": "Hospitalet de Llobregat", "district": "Centre", "country": "es", "neighborhood": "Sant Josep", "latitude": 41.3599103, "longitude": 2.1098992, "showAddress": false, "url": "https://www.idealista.com/inmueble/92183219/", "distance": "3151", "hasVideo": false, "status": "good", "newDevelopment": false, "hasLift": true, "priceByArea": 2284.0, "detailedType": {"typology": "flat"}, "suggestedTexts": {"subtitle": "Sant Josep, Hospitalet de Llobregat", "title": "Piso en Avenida del Carrilet"}, "hasPlan": true, "has3DTour": false, "has360": true, "hasStaging": false, "topNewDevelopment": false}, {"propertyCode": "91822671", "thumbnail": "https://img3.idealista.com/blur/WEB_LISTING/0/id.pro.es.image.master/d5/2c/65/841280653.jpg", "externalReference": "517", "numPhotos": 15, "floor": "2", "price": 269000.0, "propertyType": "flat", "operation": "sale", "size": 80.0, "exterior": true, "rooms": 3, "bathrooms": 1, "address": "Calle de la Mare de D\u00e9u de Port, 200", "province": "Barcelona", "municipality": "Barcelona", "district": "Sants-Montju\u00efc", "country": "es", "neighborhood": "La Marina del Port", "latitude": 41.3599144, "longitude": 2.1416675, "showAddress": true, "url": "https://www.idealista.com/inmueble/91822671/", "distance": "2677", "hasVideo": true, "status": "good", "newDevelopment": false, "hasLift": true, "priceByArea": 3363.0, "detailedType": {"typology": "flat"}, "suggestedTexts": {"subtitle": "La Marina del Port, Barcelona", "title": "Piso en Calle de la Mare de D\u00e9u de Port, 200"}, "hasPlan": false, "has3DTour": false, "has360": false, "hasStaging": false, "topNewDevelopment": false}, {"propertyCode": "89881778", "thumbnail": "https://img3.idealista.com/blur/WEB_LISTING/0/id.pro.es.image.master/2a/6b/41/778580032.jpg", "externalReference": "ZF2011", "numPhotos": 31, "floor": "bj", "price": 178000.0, "propertyType": "flat", "operation": "sale", "size": 59.0, "exterior": true, "rooms": 3, "bathrooms": 1, "address": "Calle de la Mare de D\u00e9u de Port", "province": "Barcelona", "municipality": "Barcelona", "district": "Sants-Montju\u00efc", "country": "es", "neighborhood": "La Marina del Port", "latitude": 41.3624171, "longitude": 2.1383314, "showAddress": false, "url": "https://www.idealista.com/inmueble/89881778/", "distance": "2880", "hasVideo": true, "status": "good", "newDevelopment": false, "hasLift": true, "priceByArea": 3017.0, "detailedType": {"typology": "flat"}, "suggestedTexts": {"subtitle": "La Marina del Port, Barcelona", "title": "Piso en Calle de la Mare de D\u00e9u de Port"}, "hasPlan": false, "has3DTour": false, "has360": false, "hasStaging": false, "topNewDevelopment": false}, {"propertyCode": "92710757", "thumbnail": "https://img3.idealista.com/blur/WEB_LISTING/0/id.pro.es.image.master/5f/f7/b7/846205604.jpg", "externalReference": "local con terraza", "numPhotos": 7, "floor": "bj", "price": 89000.0, "propertyType": "duplex", "operation": "sale", "size": 45.0, "exterior": true, "rooms": 2, "bathrooms": 1, "address": "JANSANA, 25", "province": "Barcelona", "municipality": "Hospitalet de Llobregat", "district": "Santa Eul\u00e0lia", "country": "es", "neighborhood": "Santa Eul\u00e0lia", "latitude": 41.3641864, "longitude": 2.1183393, "showAddress": true, "url": "https://www.idealista.com/inmueble/92710757/", "distance": "3237", "hasVideo": false, "status": "renew", "newDevelopment": false, "hasLift": false, "priceByArea": 1978.0, "detailedType": {"typology": "flat", "subTypology": "duplex"}, "suggestedTexts": {"subtitle": "Santa Eul\u00e0lia, Hospitalet de Llobregat", "title": "D\u00faplex en JANSANA, 25"}, "hasPlan": false, "has3DTour": false, "has360": false, "hasStaging": false, "topNewDevelopment": false}, {"propertyCode": "92034453", "thumbnail": "https://img3.idealista.com/blur/WEB_LISTING/0/id.pro.es.image.master/53/31/45/829173162.jpg", "externalReference": "G10_341521", "numPhotos": 18, "floor": "4", "price": 195000.0, "propertyType": "flat", "operation": "sale", "size": 82.0, "exterior": true, "rooms": 4, "bathrooms": 1, "address": "barrio Santa Eul\u00e0lia", "province": "Barcelona", "municipality": "Hospitalet de Llobregat", "district": "Santa Eul\u00e0lia", "country": "es", "neighborhood": "Santa Eul\u00e0lia", "latitude": 41.3604409, "longitude": 2.123794, "showAddress": false, "url": "https://www.idealista.com/inmueble/92034453/", "distance": "2701", "hasVideo": false, "status": "good", "newDevelopment": false, "hasLift": true, "priceByArea": 2378.0, "detailedType": {"typology": "flat"}, "suggestedTexts": {"subtitle": "Santa Eul\u00e0lia, Hospitalet de Llobregat", "title": "Piso"}, "hasPlan": false, "has3DTour": false, "has360": false, "hasStaging": false, "topNewDevelopment": false}, {"propertyCode": "92695011", "thumbnail": "https://img3.idealista.com/blur/WEB_LISTING/0/id.pro.es.image.master/51/6e/ef/845880224.jpg", "externalReference": "IgualGrego", "numPhotos": 19, "floor": "3", "price": 159000.0, "propertyType": "flat", "operation": "sale", "size": 65.0, "exterior": false, "rooms": 3, "bathrooms": 1, "address": "igualtat", "province": "Barcelona", "municipality": "Hospitalet de Llobregat", "district": "Santa Eul\u00e0lia", "country": "es", "neighborhood": "Santa Eul\u00e0lia", "latitude": 41.3597371, "longitude": 2.1252444, "showAddress": false, "url": "https://www.idealista.com/inmueble/92695011/", "distance": "2596", "hasVideo": true, "status": "good", "newDevelopment": false, "hasLift": true, "priceByArea": 2446.0, "detailedType": {"typology": "flat"}, "suggestedTexts": {"subtitle": "Santa Eul\u00e0lia, Hospitalet de Llobregat", "title": "Piso en igualtat"}, "hasPlan": false, "has3DTour": false, "has360": false, "hasStaging": false, "topNewDevelopment": false}, {"propertyCode": "89020467", "thumbnail": "https://img3.idealista.com/blur/WEB_LISTING/0/id.pro.es.image.master/a2/47/b1/761190852.jpg", "externalReference": "247686", "numPhotos": 25, "floor": "1", "price": 289900.0, "propertyType": "flat", "operation": "sale", "size": 110.0, "exterior": true, "rooms": 3, "bathrooms": 2, "address": "Avenida de Josep Anselm Clav\u00e9, 53", "province": "Barcelona", "municipality": "El Prat de Llobregat", "district": "Centre", "country": "es", "latitude": 41.3326432, "longitude": 2.0969119, "showAddress": true, "url": "https://www.idealista.com/inmueble/89020467/", "distance": "2970", "hasVideo": true, "status": "good", "newDevelopment": false, "hasLift": true, "priceByArea": 2635.0, "detailedType": {"typology": "flat"}, "suggestedTexts": {"subtitle": "Centre, El Prat de Llobregat", "title": "Piso en Avenida de Josep Anselm Clav\u00e9, 53"}, "hasPlan": true, "has3DTour": false, "has360": true, "hasStaging": false, "topNewDevelopment": false}, {"propertyCode": "93191149", "thumbnail": "https://img3.idealista.com/blur/WEB_LISTING/0/id.pro.es.image.master/64/76/b2/856615345.jpg", "numPhotos": 33, "floor": "10", "price": 325000.0, "propertyType": "penthouse", "operation": "sale", "size": 110.0, "exterior": true, "rooms": 3, "bathrooms": 1, "address": "Paseo de la Zona Franca s/n", "province": "Barcelona", "municipality": "Barcelona", "district": "Sants-Montju\u00efc", "country": "es", "neighborhood": "La Marina del Port", "latitude": 41.363077, "longitude": 2.1370501, "showAddress": true, "url": "https://www.idealista.com/inmueble/93191149/", "distance": "2935", "hasVideo": true, "status": "good", "newDevelopment": false, "hasLift": true, "priceByArea": 2955.0, "detailedType": {"typology": "flat", "subTypology": "penthouse"}, "suggestedTexts": {"subtitle": "La Marina del Port, Barcelona", "title": "\u00c1tico en Paseo de la Zona Franca s/n"}, "hasPlan": true, "has3DTour": false, "has360": false, "hasStaging": false, "topNewDevelopment": false}, {"propertyCode": "93082736", "thumbnail": "https://img3.idealista.com/blur/WEB_LISTING/0/id.pro.es.image.master/08/32/e0/854046312.jpg", "externalReference": "24E189D0-1", "numPhotos": 25, "floor": "5", "price": 115000.0, "propertyType": "flat", "operation": "sale", "size": 55.0, "exterior": true, "rooms": 2, "bathrooms": 1, "address": "Calle del General Prim", "province": "Barcelona", "municipality": "Hospitalet de Llobregat", "district": "Santa Eul\u00e0lia", "country": "es", "neighborhood": "Santa Eul\u00e0lia", "latitude": 41.3619726, "longitude": 2.1253162, "showAddress": false, "url": "https://www.idealista.com/inmueble/93082736/", "distance": "2838", "hasVideo": false, "status": "good", "newDevelopment": false, "hasLift": false, "priceByArea": 2091.0, "detailedType": {"typology": "flat"}, "suggestedTexts": {"subtitle": "Santa Eul\u00e0lia, Hospitalet de Llobregat", "title": "Piso en Calle del General Prim"}, "hasPlan": true, "has3DTour": true, "has360": false, "hasStaging": false, "topNewDevelopment": false}, {"propertyCode": "91094730", "thumbnail": "https://img3.idealista.com/blur/WEB_LISTING/0/id.pro.es.image.master/36/5a/71/806636740.jpg", "externalReference": "VMF28", "numPhotos": 29, "floor": "3", "price": 190000.0, "propertyType": "flat", "operation": "sale", "size": 65.0, "exterior": true, "rooms": 2, "bathrooms": 2, "address": "Uva, 2", "province": "Barcelona", "municipality": "Hospitalet de Llobregat", "district": "Santa Eul\u00e0lia", "country": "es", "neighborhood": "Santa Eul\u00e0lia", "latitude": 41.3622173, "longitude": 2.1257519, "showAddress": true, "url": "https://www.idealista.com/inmueble/91094730/", "distance": "2858", "hasVideo": true, "status": "good", "newDevelopment": false, "hasLift": true, "priceByArea": 2923.0, "detailedType": {"typology": "flat"}, "suggestedTexts": {"subtitle": "Santa Eul\u00e0lia, Hospitalet de Llobregat", "title": "Piso en Uva, 2"}, "hasPlan": true, "has3DTour": false, "has360": false, "hasStaging": false, "topNewDevelopment": false}, {"propertyCode": "90876364", "thumbnail": "https://img3.idealista.com/blur/WEB_LISTING/0/id.pro.es.image.master/f4/5e/f4/800700015.jpg", "externalReference": "113545", "numPhotos": 29, "floor": "14", "price": 240000.0, "propertyType": "flat", "operation": "sale", "size": 88.0, "exterior": true, "rooms": 4, "bathrooms": 2, "address": "Calle dels Joncs", "province": "Barcelona", "municipality": "Hospitalet de Llobregat", "district": "Bellvitge", "country": "es", "neighborhood": "Bellvitge", "latitude": 41.3598555, "longitude": 2.1205594, "showAddress": false, "url": "https://www.idealista.com/inmueble/90876364/", "distance": "2721", "hasVideo": false, "status": "good", "newDevelopment": false, "hasLift": true, "priceByArea": 2727.0, "detailedType": {"typology": "flat"}, "suggestedTexts": {"subtitle": "Bellvitge, Hospitalet de Llobregat", "title": "Piso en Calle dels Joncs"}, "hasPlan": true, "has3DTour": false, "has360": false, "hasStaging": false, "topNewDevelopment": false}, {"propertyCode": "93089542", "thumbnail": "https://img3.idealista.com/blur/WEB_LISTING/0/id.pro.es.image.master/ab/df/70/854244826.jpg", "externalReference": "DA HOST", "numPhotos": 32, "floor": "10", "price": 325000.0, "propertyType": "penthouse", "operation": "sale", "size": 110.0, "exterior": true, "rooms": 4, "bathrooms": 1, "address": "Plaza ZONA FRANCA", "province": "Barcelona", "municipality": "Barcelona", "district": "Sants-Montju\u00efc", "country": "es", "neighborhood": "La Marina del Port", "latitude": 41.3636738, "longitude": 2.1373375, "showAddress": false, "url": "https://www.idealista.com/inmueble/93089542/", "distance": "3005", "hasVideo": true, "status": "good", "newDevelopment": false, "hasLift": true, "priceByArea": 2955.0, "detailedType": {"typology": "flat", "subTypology": "penthouse"}, "suggestedTexts": {"subtitle": "La Marina del Port, Barcelona", "title": "\u00c1tico en Plaza ZONA FRANCA"}, "hasPlan": true, "has3DTour": false, "has360": false, "hasStaging": false, "topNewDevelopment": false}, {"propertyCode": "93179821", "thumbnail": "https://img3.idealista.com/blur/WEB_LISTING/0/id.pro.es.image.master/57/90/b1/856368760.jpg", "numPhotos": 28, "floor": "3", "price": 198000.0, "propertyType": "flat", "operation": "sale", "size": 70.0, "exterior": false, "rooms": 3, "bathrooms": 1, "address": "Paseo de la Zona Franca s/n", "province": "Barcelona", "municipality": "Barcelona", "district": "Sants-Montju\u00efc", "country": "es", "neighborhood": "La Marina del Port", "latitude": 41.3621075, "longitude": 2.1377797, "showAddress": true, "url": "https://www.idealista.com/inmueble/93179821/", "distance": "2838", "hasVideo": true, "status": "good", "newDevelopment": false, "hasLift": true, "priceByArea": 2829.0, "detailedType": {"typology": "flat"}, "suggestedTexts": {"subtitle": "La Marina del Port, Barcelona", "title": "Piso en Paseo de la Zona Franca s/n"}, "hasPlan": true, "has3DTour": false, "has360": false, "hasStaging": false, "topNewDevelopment": false}, {"propertyCode": "92963023", "thumbnail": "https://img3.idealista.com/blur/WEB_LISTING/0/id.pro.es.image.master/6e/59/c7/852129689.jpg", "externalReference": "329884", "numPhotos": 30, "floor": "2", "price": 279500.0, "propertyType": "flat", "operation": "sale", "size": 99.0, "exterior": true, "rooms": 3, "bathrooms": 2, "address": "Calle dels Ferrocarrils Catalans, 41", "province": "Barcelona", "municipality": "Barcelona", "district": "Sants-Montju\u00efc", "country": "es", "neighborhood": "La Marina del Port", "latitude": 41.3577893, "longitude": 2.1444421, "showAddress": true, "url": "https://www.idealista.com/inmueble/92963023/", "distance": "2539", "hasVideo": true, "status": "good", "newDevelopment": false, "hasLift": true, "priceByArea": 2823.0, "detailedType": {"typology": "flat"}, "suggestedTexts": {"subtitle": "La Marina del Port, Barcelona", "title": "Piso en Calle dels Ferrocarrils Catalans, 41"}, "hasPlan": true, "has3DTour": false, "has360": false, "hasStaging": false, "topNewDevelopment": false}, {"propertyCode": "92911235", "thumbnail": "https://img3.idealista.com/blur/WEB_LISTING/0/id.pro.es.image.master/23/2d/b3/850883689.jpg", "externalReference": "293793", "numPhotos": 20, "floor": "2", "price": 249000.0, "propertyType": "flat", "operation": "sale", "size": 79.0, "exterior": true, "rooms": 3, "bathrooms": 1, "address": "Calle de la Mec\u00e0nica, 15", "province": "Barcelona", "municipality": "Barcelona", "district": "Sants-Montju\u00efc", "country": "es", "neighborhood": "La Marina del Port", "latitude": 41.3590224, "longitude": 2.1374989, "showAddress": true, "url": "https://www.idealista.com/inmueble/92911235/", "distance": "2497", "hasVideo": true, "status": "good", "newDevelopment": false, "hasLift": true, "priceByArea": 3152.0, "detailedType": {"typology": "flat"}, "suggestedTexts": {"subtitle": "La Marina del Port, Barcelona", "title": "Piso en Calle de la Mec\u00e0nica, 15"}, "hasPlan": true, "has3DTour": false, "has360": false, "hasStaging": false, "topNewDevelopment": false}, {"propertyCode": "93190579", "thumbnail": "https://img3.idealista.com/blur/WEB_LISTING/0/id.pro.es.image.master/db/aa/03/856600538.jpg", "externalReference": "DA CAST", "numPhotos": 20, "floor": "bj", "price": 210000.0, "propertyType": "flat", "operation": "sale", "size": 65.0, "exterior": true, "rooms": 3, "bathrooms": 1, "address": "palamos", "province": "Barcelona", "municipality": "El Prat de Llobregat", "district": "Eixample", "country": "es", "latitude": 41.3231727, "longitude": 2.0979198, "showAddress": false, "url": "https://www.idealista.com/inmueble/93190579/", "distance": "3233", "hasVideo": true, "status": "good", "newDevelopment": false, "hasLift": true, "priceByArea": 3231.0, "detailedType": {"typology": "flat"}, "suggestedTexts": {"subtitle": "Eixample, El Prat de Llobregat", "title": "Piso en palamos"}, "hasPlan": true, "has3DTour": false, "has360": false, "hasStaging": false, "topNewDevelopment": false}, {"propertyCode": "92440281", "thumbnail": "https://img3.idealista.com/blur/WEB_LISTING/0/id.pro.es.image.master/bd/b2/57/839663307.jpg", "externalReference": "FA22CB96-2", "numPhotos": 41, "floor": "bj", "price": 230000.0, "propertyType": "flat", "operation": "sale", "size": 97.0, "exterior": false, "rooms": 3, "bathrooms": 2, "address": "Calle d'\u00c0ngel Guimer\u00e0", "province": "Barcelona", "municipality": "Hospitalet de Llobregat", "district": "Santa Eul\u00e0lia", "country": "es", "neighborhood": "Santa Eul\u00e0lia", "latitude": 41.3654248, "longitude": 2.1248123, "showAddress": false, "url": "https://www.idealista.com/inmueble/92440281/", "distance": "3223", "hasVideo": false, "status": "good", "newDevelopment": false, "hasLift": false, "priceByArea": 2371.0, "detailedType": {"typology": "flat"}, "suggestedTexts": {"subtitle": "Santa Eul\u00e0lia, Hospitalet de Llobregat", "title": "Piso en Calle d'\u00c0ngel Guimer\u00e0"}, "hasPlan": true, "has3DTour": true, "has360": false, "hasStaging": false, "topNewDevelopment": false}, {"propertyCode": "93170285", "thumbnail": "https://img3.idealista.com/blur/WEB_LISTING/0/id.pro.es.image.master/ef/21/2d/856064885.jpg", "externalReference": "GENERAL PRIM", "numPhotos": 25, "floor": "4", "price": 205000.0, "propertyType": "flat", "operation": "sale", "size": 70.0, "exterior": true, "rooms": 3, "bathrooms": 1, "address": "Calle del General Prim, 67", "province": "Barcelona", "municipality": "Hospitalet de Llobregat", "district": "Santa Eul\u00e0lia", "country": "es", "neighborhood": "Santa Eul\u00e0lia", "latitude": 41.3632106, "longitude": 2.1263979, "showAddress": true, "url": "https://www.idealista.com/inmueble/93170285/", "distance": "2958", "hasVideo": true, "status": "good", "newDevelopment": false, "hasLift": true, "priceByArea": 2929.0, "detailedType": {"typology": "flat"}, "suggestedTexts": {"subtitle": "Santa Eul\u00e0lia, Hospitalet de Llobregat", "title": "Piso en Calle del General Prim, 67"}, "hasPlan": false, "has3DTour": false, "has360": false, "hasStaging": false, "topNewDevelopment": false}, {"propertyCode": "92995400", "thumbnail": "https://img3.idealista.com/blur/WEB_LISTING/0/id.pro.es.image.master/bb/8a/8e/852683351.jpg", "externalReference": "PRAT210", "numPhotos": 25, "floor": "bj", "price": 210000.0, "propertyType": "flat", "operation": "sale", "size": 65.0, "exterior": true, "rooms": 3, "bathrooms": 1, "address": "eixample s/n", "province": "Barcelona", "municipality": "El Prat de Llobregat", "district": "Eixample", "country": "es", "latitude": 41.3224037, "longitude": 2.0995842, "showAddress": true, "url": "https://www.idealista.com/inmueble/92995400/", "distance": "3154", "hasVideo": true, "status": "good", "newDevelopment": false, "hasLift": true, "priceByArea": 3231.0, "detailedType": {"typology": "flat"}, "suggestedTexts": {"subtitle": "Eixample, El Prat de Llobregat", "title": "Piso en eixample s/n"}, "hasPlan": true, "has3DTour": false, "has360": false, "hasStaging": false, "topNewDevelopment": false}, {"propertyCode": "92866917", "thumbnail": "https://img3.idealista.com/blur/WEB_LISTING/0/id.pro.es.image.master/62/22/b5/849862292.jpg", "externalReference": "3\u00ba 3\u00aa", "numPhotos": 16, "floor": "3", "price": 306000.0, "propertyType": "flat", "operation": "sale", "size": 75.0, "exterior": true, "rooms": 3, "bathrooms": 2, "address": "Avenida Carrilet , 216", "province": "Barcelona", "municipality": "Hospitalet de Llobregat", "district": "Centre", "country": "es", "neighborhood": "Sant Josep", "latitude": 41.3611163, "longitude": 2.1108313, "showAddress": true, "url": "https://www.idealista.com/obra-nueva/92866917/", "distance": "3217", "hasVideo": true, "status": "newdevelopment", "newDevelopment": true, "hasLift": true, "newDevelopmentFinished": false, "priceByArea": 4080.0, "detailedType": {"typology": "flat"}, "suggestedTexts": {"subtitle": "Sant Josep, Hospitalet de Llobregat", "title": "Piso en Avenida Carrilet , 216"}, "hasPlan": true, "has3DTour": false, "has360": false, "hasStaging": false, "topNewDevelopment": false}, {"propertyCode": "92866104", "thumbnail": "https://img3.idealista.com/blur/WEB_LISTING/0/id.pro.es.image.master/62/22/b5/849862292.jpg", "externalReference": "1\u00ba 2\u00aa", "numPhotos": 17, "floor": "1", "price": 255000.0, "propertyType": "flat", "operation": "sale", "size": 63.0, "exterior": true, "rooms": 2, "bathrooms": 2, "address": "Avenida Carrilet , 216", "province": "Barcelona", "municipality": "Hospitalet de Llobregat", "district": "Centre", "country": "es", "neighborhood": "Sant Josep", "latitude": 41.3611163, "longitude": 2.1108313, "showAddress": true, "url": "https://www.idealista.com/obra-nueva/92866104/", "distance": "3217", "hasVideo": false, "status": "newdevelopment", "newDevelopment": true, "hasLift": true, "newDevelopmentFinished": false, "priceByArea": 4048.0, "detailedType": {"typology": "flat"}, "suggestedTexts": {"subtitle": "Sant Josep, Hospitalet de Llobregat", "title": "Piso en Avenida Carrilet , 216"}, "hasPlan": true, "has3DTour": false, "has360": false, "hasStaging": false, "topNewDevelopment": false}, {"propertyCode": "92866884", "thumbnail": "https://img3.idealista.com/blur/WEB_LISTING/0/id.pro.es.image.master/70/29/ea/849862293.jpg", "externalReference": "2\u00ba 4\u00aa", "numPhotos": 17, "floor": "2", "price": 299000.0, "propertyType": "flat", "operation": "sale", "size": 75.0, "exterior": true, "rooms": 3, "bathrooms": 2, "address": "Avenida Carrilet , 216", "province": "Barcelona", "municipality": "Hospitalet de Llobregat", "district": "Centre", "country": "es", "neighborhood": "Sant Josep", "latitude": 41.3611163, "longitude": 2.1108313, "showAddress": true, "url": "https://www.idealista.com/obra-nueva/92866884/", "distance": "3217", "hasVideo": true, "status": "newdevelopment", "newDevelopment": true, "hasLift": true, "newDevelopmentFinished": false, "priceByArea": 3987.0, "detailedType": {"typology": "flat"}, "suggestedTexts": {"subtitle": "Sant Josep, Hospitalet de Llobregat", "title": "Piso en Avenida Carrilet , 216"}, "hasPlan": true, "has3DTour": false, "has360": false, "hasStaging": false, "topNewDevelopment": false}, {"propertyCode": "92760361", "thumbnail": "https://img3.idealista.com/blur/WEB_LISTING/0/id.pro.es.image.master/20/8a/cc/847488621.jpg", "externalReference": "3899", "numPhotos": 20, "price": 370000.0, "propertyType": "duplex", "operation": "sale", "size": 137.0, "exterior": true, "rooms": 2, "bathrooms": 2, "address": "Calle girona, 118", "province": "Barcelona", "municipality": "El Prat de Llobregat", "district": "Eixample", "country": "es", "latitude": 41.3235747, "longitude": 2.1010447, "showAddress": true, "url": "https://www.idealista.com/obra-nueva/92760361/", "distance": "2983", "hasVideo": false, "status": "newdevelopment", "newDevelopment": true, "hasLift": true, "newDevelopmentFinished": false, "priceByArea": 2701.0, "detailedType": {"typology": "flat", "subTypology": "duplex"}, "suggestedTexts": {"subtitle": "Eixample, El Prat de Llobregat", "title": "D\u00faplex en Calle girona, 118"}, "hasPlan": true, "has3DTour": false, "has360": false, "hasStaging": false, "topNewDevelopment": false}, {"propertyCode": "92760398", "thumbnail": "https://img3.idealista.com/blur/WEB_LISTING/0/id.pro.es.image.master/a1/e5/37/847488623.jpg", "externalReference": "3893", "numPhotos": 20, "price": 170000.0, "propertyType": "flat", "operation": "sale", "size": 67.0, "exterior": true, "rooms": 1, "bathrooms": 1, "address": "Calle girona, 118", "province": "Barcelona", "municipality": "El Prat de Llobregat", "district": "Eixample", "country": "es", "latitude": 41.3235747, "longitude": 2.1010447, "showAddress": true, "url": "https://www.idealista.com/obra-nueva/92760398/", "distance": "2983", "hasVideo": false, "status": "newdevelopment", "newDevelopment": true, "hasLift": true, "newDevelopmentFinished": false, "priceByArea": 2537.0, "detailedType": {"typology": "flat"}, "suggestedTexts": {"subtitle": "Eixample, El Prat de Llobregat", "title": "Piso en Calle girona, 118"}, "hasPlan": true, "has3DTour": false, "has360": false, "hasStaging": false, "topNewDevelopment": false}, {"propertyCode": "92760377", "thumbnail": "https://img3.idealista.com/blur/WEB_LISTING/0/id.pro.es.image.master/7b/d6/60/847488602.jpg", "externalReference": "3891", "numPhotos": 20, "price": 255000.0, "propertyType": "flat", "operation": "sale", "size": 97.0, "exterior": true, "rooms": 2, "bathrooms": 2, "address": "Calle girona, 118", "province": "Barcelona", "municipality": "El Prat de Llobregat", "district": "Eixample", "country": "es", "latitude": 41.3235747, "longitude": 2.1010447, "showAddress": true, "url": "https://www.idealista.com/obra-nueva/92760377/", "distance": "2983", "hasVideo": false, "status": "newdevelopment", "newDevelopment": true, "hasLift": true, "newDevelopmentFinished": false, "priceByArea": 2629.0, "detailedType": {"typology": "flat"}, "suggestedTexts": {"subtitle": "Eixample, El Prat de Llobregat", "title": "Piso en Calle girona, 118"}, "hasPlan": true, "has3DTour": false, "has360": false, "hasStaging": false, "topNewDevelopment": false}, {"propertyCode": "92748577", "thumbnail": "https://img3.idealista.com/blur/WEB_LISTING/0/id.pro.es.image.master/a4/04/c9/848656196.jpg", "numPhotos": 20, "floor": "2", "price": 159500.0, "propertyType": "flat", "operation": "sale", "size": 82.0, "exterior": true, "rooms": 3, "bathrooms": 1, "address": "Paseo de la Zona Franca s/n", "province": "Barcelona", "municipality": "Barcelona", "district": "Sants-Montju\u00efc", "country": "es", "neighborhood": "La Marina del Port", "latitude": 41.3577249, "longitude": 2.1409479, "showAddress": true, "url": "https://www.idealista.com/inmueble/92748577/", "distance": "2427", "hasVideo": false, "status": "renew", "newDevelopment": false, "hasLift": true, "priceByArea": 1945.0, "detailedType": {"typology": "flat"}, "suggestedTexts": {"subtitle": "La Marina del Port, Barcelona", "title": "Piso en Paseo de la Zona Franca s/n"}, "hasPlan": true, "has3DTour": false, "has360": false, "hasStaging": false, "topNewDevelopment": false}, {"propertyCode": "93156642", "thumbnail": "https://img3.idealista.com/blur/WEB_LISTING/0/id.pro.es.image.master/7b/47/43/855718315.jpg", "externalReference": "PB-ZF325K", "numPhotos": 32, "floor": "10", "price": 325000.0, "propertyType": "flat", "operation": "sale", "size": 110.0, "exterior": true, "rooms": 3, "bathrooms": 1, "address": "Paseo de la Zona Franca", "province": "Barcelona", "municipality": "Barcelona", "district": "Sants-Montju\u00efc", "country": "es", "neighborhood": "La Marina del Port", "latitude": 41.36222, "longitude": 2.1353015, "showAddress": false, "url": "https://www.idealista.com/inmueble/93156642/", "distance": "2823", "hasVideo": true, "status": "good", "newDevelopment": false, "hasLift": true, "priceByArea": 2955.0, "detailedType": {"typology": "flat"}, "suggestedTexts": {"subtitle": "La Marina del Port, Barcelona", "title": "Piso en Paseo de la Zona Franca"}, "hasPlan": true, "has3DTour": false, "has360": false, "hasStaging": false, "topNewDevelopment": false}, {"propertyCode": "92075270", "thumbnail": "https://img3.idealista.com/blur/WEB_LISTING/0/id.pro.es.image.master/49/c0/81/830290554.jpg", "externalReference": "HOSTAFRANCS", "numPhotos": 32, "floor": "10", "price": 349000.0, "propertyType": "flat", "operation": "sale", "size": 110.0, "exterior": true, "rooms": 3, "bathrooms": 1, "address": "Paseo de la Zona Franca s/n", "province": "Barcelona", "municipality": "Barcelona", "district": "Sants-Montju\u00efc", "country": "es", "neighborhood": "La Marina del Port", "latitude": 41.3643603, "longitude": 2.1359804, "showAddress": true, "url": "https://www.idealista.com/inmueble/92075270/", "distance": "3066", "hasVideo": true, "status": "good", "newDevelopment": false, "hasLift": true, "priceByArea": 3173.0, "detailedType": {"typology": "flat"}, "suggestedTexts": {"subtitle": "La Marina del Port, Barcelona", "title": "Piso en Paseo de la Zona Franca s/n"}, "hasPlan": true, "has3DTour": false, "has360": false, "hasStaging": false, "topNewDevelopment": false}, {"propertyCode": "91701235", "thumbnail": "https://img3.idealista.com/blur/WEB_LISTING/0/id.pro.es.image.master/1e/e9/75/829694980.jpg", "externalReference": "GVVGVCC149", "numPhotos": 35, "floor": "5", "price": 495000.0, "propertyType": "flat", "operation": "sale", "size": 115.0, "exterior": true, "rooms": 4, "bathrooms": 2, "address": "Gran Via de les Corts Catalanes", "province": "Barcelona", "municipality": "Barcelona", "district": "Sants-Montju\u00efc", "country": "es", "neighborhood": "La Bordeta", "latitude": 41.3648008, "longitude": 2.1363725, "showAddress": false, "url": "https://www.idealista.com/inmueble/91701235/", "distance": "3118", "hasVideo": true, "status": "good", "newDevelopment": false, "hasLift": true, "parkingSpace": {"hasParkingSpace": true, "isParkingSpaceIncludedInPrice": true}, "priceByArea": 4304.0, "detailedType": {"typology": "flat"}, "suggestedTexts": {"subtitle": "La Bordeta, Barcelona", "title": "Piso en Gran Via de les Corts Catalanes"}, "hasPlan": true, "has3DTour": false, "has360": false, "hasStaging": false, "topNewDevelopment": false}, {"propertyCode": "89433927", "thumbnail": "https://img3.idealista.com/blur/WEB_LISTING/0/id.pro.es.image.master/10/d1/3f/771338797.jpg", "externalReference": "E1", "numPhotos": 29, "floor": "5", "price": 295000.0, "propertyType": "flat", "operation": "sale", "size": 72.0, "exterior": true, "rooms": 3, "bathrooms": 1, "address": "Carretera del prat s/n", "province": "Barcelona", "municipality": "Barcelona", "district": "Sants-Montju\u00efc", "country": "es", "neighborhood": "La Marina del Port", "latitude": 41.3613851, "longitude": 2.1348333, "showAddress": true, "url": "https://www.idealista.com/inmueble/89433927/", "distance": "2727", "hasVideo": true, "status": "good", "newDevelopment": false, "hasLift": true, "parkingSpace": {"hasParkingSpace": true, "isParkingSpaceIncludedInPrice": true}, "priceByArea": 4097.0, "detailedType": {"typology": "flat"}, "suggestedTexts": {"subtitle": "La Marina del Port, Barcelona", "title": "Piso en Carretera del prat s/n"}, "hasPlan": true, "has3DTour": false, "has360": false, "hasStaging": false, "topNewDevelopment": false}, {"propertyCode": "92176322", "thumbnail": "https://img3.idealista.com/blur/WEB_LISTING/0/id.pro.es.image.master/bd/c0/85/832820646.jpg", "externalReference": "G25_761211", "numPhotos": 19, "floor": "2", "price": 185000.0, "propertyType": "flat", "operation": "sale", "size": 96.0, "exterior": false, "rooms": 3, "bathrooms": 1, "address": "barrio La Marina del Port", "province": "Barcelona", "municipality": "Barcelona", "district": "Sants-Montju\u00efc", "country": "es", "neighborhood": "La Marina del Port", "latitude": 41.3612185, "longitude": 2.1390853, "showAddress": false, "url": "https://www.idealista.com/inmueble/92176322/", "distance": "2762", "hasVideo": false, "status": "good", "newDevelopment": false, "hasLift": true, "priceByArea": 1927.0, "detailedType": {"typology": "flat"}, "suggestedTexts": {"subtitle": "La Marina del Port, Barcelona", "title": "Piso"}, "hasPlan": true, "has3DTour": false, "has360": false, "hasStaging": false, "topNewDevelopment": false}, {"propertyCode": "90679452", "thumbnail": "https://img3.idealista.com/blur/WEB_LISTING/0/id.pro.es.image.master/e6/ce/35/771148228.jpg", "externalReference": "PB- 3", "numPhotos": 18, "price": 239000.0, "propertyType": "flat", "operation": "sale", "size": 64.0, "exterior": true, "rooms": 1, "bathrooms": 2, "address": "Calle Aprestadora 81, 87", "province": "Barcelona", "municipality": "Hospitalet de Llobregat", "district": "Santa Eul\u00e0lia", "country": "es", "neighborhood": "Santa Eul\u00e0lia", "latitude": 41.362324, "longitude": 2.1264492, "showAddress": true, "url": "https://www.idealista.com/obra-nueva/90679452/", "distance": "2860", "hasVideo": false, "status": "newdevelopment", "newDevelopment": true, "hasLift": true, "newDevelopmentFinished": false, "priceByArea": 3734.0, "detailedType": {"typology": "flat"}, "suggestedTexts": {"subtitle": "Santa Eul\u00e0lia, Hospitalet de Llobregat", "title": "Piso en Calle Aprestadora 81, 87"}, "hasPlan": true, "has3DTour": false, "has360": false, "hasStaging": false, "topNewDevelopment": false}, {"propertyCode": "90644963", "thumbnail": "https://img3.idealista.com/blur/WEB_LISTING/0/id.pro.es.image.master/c7/bf/50/771148424.jpg", "externalReference": "PB- 5", "numPhotos": 19, "floor": "bj", "price": 255000.0, "propertyType": "flat", "operation": "sale", "size": 82.0, "exterior": true, "rooms": 1, "bathrooms": 1, "address": "Calle Aprestadora 81, 87", "province": "Barcelona", "municipality": "Hospitalet de Llobregat", "district": "Santa Eul\u00e0lia", "country": "es", "neighborhood": "Santa Eul\u00e0lia", "latitude": 41.362324, "longitude": 2.1264492, "showAddress": true, "url": "https://www.idealista.com/obra-nueva/90644963/", "distance": "2860", "hasVideo": false, "status": "newdevelopment", "newDevelopment": true, "hasLift": true, "newDevelopmentFinished": false, "priceByArea": 3110.0, "detailedType": {"typology": "flat"}, "suggestedTexts": {"subtitle": "Santa Eul\u00e0lia, Hospitalet de Llobregat", "title": "Piso en Calle Aprestadora 81, 87"}, "hasPlan": true, "has3DTour": false, "has360": false, "hasStaging": false, "topNewDevelopment": false}, {"propertyCode": "84863536", "thumbnail": "https://img3.idealista.com/blur/WEB_LISTING/0/id.pro.es.image.master/23/65/95/771148325.jpg", "externalReference": "PB- 1", "numPhotos": 19, "floor": "bj", "price": 230000.0, "propertyType": "flat", "operation": "sale", "size": 67.0, "exterior": true, "rooms": 1, "bathrooms": 1, "address": "Calle Aprestadora 81, 87", "province": "Barcelona", "municipality": "Hospitalet de Llobregat", "district": "Santa Eul\u00e0lia", "country": "es", "neighborhood": "Santa Eul\u00e0lia", "latitude": 41.362324, "longitude": 2.1264492, "showAddress": true, "url": "https://www.idealista.com/obra-nueva/84863536/", "distance": "2860", "hasVideo": false, "status": "newdevelopment", "newDevelopment": true, "hasLift": true, "newDevelopmentFinished": false, "priceByArea": 3433.0, "detailedType": {"typology": "flat"}, "suggestedTexts": {"subtitle": "Santa Eul\u00e0lia, Hospitalet de Llobregat", "title": "Piso en Calle Aprestadora 81, 87"}, "hasPlan": true, "has3DTour": false, "has360": false, "hasStaging": false, "topNewDevelopment": false}, {"propertyCode": "92789281", "thumbnail": "https://img3.idealista.com/blur/WEB_LISTING/0/id.pro.es.image.master/01/de/17/849206544.jpg", "numPhotos": 30, "floor": "3", "price": 155000.0, "propertyType": "flat", "operation": "sale", "size": 55.0, "exterior": true, "rooms": 2, "bathrooms": 2, "address": "castelao, 79", "province": "Barcelona", "municipality": "Hospitalet de Llobregat", "district": "Santa Eul\u00e0lia", "country": "es", "neighborhood": "Santa Eul\u00e0lia", "latitude": 41.3630965, "longitude": 2.124931, "showAddress": true, "url": "https://www.idealista.com/inmueble/92789281/", "distance": "2967", "hasVideo": false, "status": "good", "newDevelopment": false, "hasLift": false, "priceByArea": 2818.0, "detailedType": {"typology": "flat"}, "suggestedTexts": {"subtitle": "Santa Eul\u00e0lia, Hospitalet de Llobregat", "title": "Piso en castelao, 79"}, "hasPlan": false, "has3DTour": false, "has360": false, "hasStaging": false, "topNewDevelopment": false}, {"propertyCode": "92798026", "thumbnail": "https://img3.idealista.com/blur/WEB_LISTING/0/id.pro.es.image.master/f8/1f/47/850923443.jpg", "externalReference": "V0234A", "numPhotos": 31, "floor": "16", "price": 450000.0, "propertyType": "flat", "operation": "sale", "size": 70.0, "exterior": true, "rooms": 2, "bathrooms": 2, "address": "Plaza d'Europa", "province": "Barcelona", "municipality": "Hospitalet de Llobregat", "district": "Santa Eul\u00e0lia", "country": "es", "neighborhood": "Santa Eul\u00e0lia", "latitude": 41.3595, "longitude": 2.12274, "showAddress": false, "url": "https://www.idealista.com/inmueble/92798026/", "distance": "2625", "hasVideo": false, "status": "good", "newDevelopment": false, "hasLift": true, "parkingSpace": {"hasParkingSpace": true, "isParkingSpaceIncludedInPrice": true}, "priceByArea": 6429.0, "detailedType": {"typology": "flat"}, "suggestedTexts": {"subtitle": "Santa Eul\u00e0lia, Hospitalet de Llobregat", "title": "Piso en Plaza d'Europa"}, "hasPlan": true, "has3DTour": false, "has360": false, "hasStaging": false, "topNewDevelopment": false}, {"propertyCode": "92638391", "thumbnail": "https://img3.idealista.com/blur/WEB_LISTING/0/id.pro.es.image.master/e9/28/67/849886824.jpg", "externalReference": "IVOSANT159", "numPhotos": 15, "floor": "4", "price": 155000.0, "propertyType": "flat", "operation": "sale", "size": 65.0, "exterior": true, "rooms": 3, "bathrooms": 1, "address": "Calle de la Independ\u00e8ncia, 93", "province": "Barcelona", "municipality": "Hospitalet de Llobregat", "district": "Santa Eul\u00e0lia", "country": "es", "neighborhood": "Santa Eul\u00e0lia", "latitude": 41.3602782, "longitude": 2.1246001, "showAddress": true, "url": "https://www.idealista.com/inmueble/92638391/", "distance": "2667", "hasVideo": true, "status": "renew", "newDevelopment": false, "hasLift": true, "priceByArea": 2385.0, "detailedType": {"typology": "flat"}, "suggestedTexts": {"subtitle": "Santa Eul\u00e0lia, Hospitalet de Llobregat", "title": "Piso en Calle de la Independ\u00e8ncia, 93"}, "hasPlan": true, "has3DTour": false, "has360": false, "hasStaging": false, "topNewDevelopment": false}, {"propertyCode": "87927387", "thumbnail": "https://img3.idealista.com/blur/WEB_LISTING/0/id.pro.es.image.master/ae/de/a1/844992334.jpg", "externalReference": "AC-RES-828-241-19", "numPhotos": 28, "floor": "5", "price": 224000.0, "propertyType": "duplex", "operation": "sale", "size": 77.0, "exterior": false, "rooms": 3, "bathrooms": 2, "address": "Calle de la Mineria", "province": "Barcelona", "municipality": "Barcelona", "district": "Sants-Montju\u00efc", "country": "es", "neighborhood": "La Marina del Port", "latitude": 41.3653116, "longitude": 2.1367417, "showAddress": false, "url": "https://www.idealista.com/inmueble/87927387/", "distance": "3178", "hasVideo": true, "status": "renew", "newDevelopment": false, "hasLift": true, "priceByArea": 2909.0, "detailedType": {"typology": "flat", "subTypology": "duplex"}, "suggestedTexts": {"subtitle": "La Marina del Port, Barcelona", "title": "D\u00faplex en Calle de la Mineria"}, "hasPlan": true, "has3DTour": false, "has360": false, "hasStaging": false, "topNewDevelopment": false}]