[{"propertyCode": "91612870", "thumbnail": "https://img3.idealista.com/blur/WEB_LISTING/0/id.pro.es.image.master/47/c8/82/819015532.jpg", "externalReference": "VB1902010-5", "numPhotos": 30, "floor": "3", "price": 1650000.0, "propertyType": "flat", "operation": "sale", "size": 298.0, "exterior": true, "rooms": 5, "bathrooms": 4, "address": "Via Augusta", "province": "Barcelona", "municipality": "Barcelona", "district": "Sarri\u00e0-Sant Gervasi", "country": "es", "neighborhood": "Sant Gervasi - Galvany", "latitude": 41.3964622, "longitude": 2.1379163, "showAddress": false, "url": "https://www.idealista.com/inmueble/91612870/", "distance": "753", "hasVideo": false, "status": "good", "newDevelopment": false, "hasLift": true, "parkingSpace": {"hasParkingSpace": true, "isParkingSpaceIncludedInPrice": true}, "priceByArea": 5537.0, "detailedType": {"typology": "flat"}, "suggestedTexts": {"subtitle": "Sant Gervasi - Galvany, Barcelona", "title": "Piso en Via Augusta"}, "hasPlan": true, "has3DTour": true, "has360": false, "hasStaging": false, "topNewDevelopment": false}, {"propertyCode": "39669401", "thumbnail": "https://img3.idealista.com/blur/WEB_LISTING/0/id.pro.es.image.master/86/37/b5/844567227.jpg", "externalReference": "B04241BA", "numPhotos": 25, "floor": "1", "price": 730000.0, "propertyType": "flat", "operation": "sale", "size": 132.0, "exterior": true, "rooms": 3, "bathrooms": 2, "address": "barrio Sant Gervasi - Galvany", "province": "Barcelona", "municipality": "Barcelona", "district": "Sarri\u00e0-Sant Gervasi", "country": "es", "neighborhood": "Sant Gervasi - Galvany", "latitude": 41.39124, "longitude": 2.1396285, "showAddress": false, "url": "https://www.idealista.com/inmueble/39669401/", "distance": "515", "hasVideo": true, "status": "good", "newDevelopment": false, "hasLift": true, "priceByArea": 5530.0, "detailedType": {"typology": "flat"}, "suggestedTexts": {"subtitle": "Sant Gervasi - Galvany, Barcelona", "title": "Piso"}, "hasPlan": true, "has3DTour": false, "has360": true, "hasStaging": false, "topNewDevelopment": false}, {"propertyCode": "93082183", "thumbnail": "https://img3.idealista.com/blur/WEB_LISTING/0/id.pro.es.image.master/31/d5/cb/854034303.jpg", "externalReference": "VB2102073", "numPhotos": 38, "floor": "5", "price": 840000.0, "propertyType": "flat", "operation": "sale", "size": 138.0, "exterior": true, "rooms": 3, "bathrooms": 2, "address": "Calle de Num\u00e0ncia", "province": "Barcelona", "municipality": "Barcelona", "district": "Les Corts", "country": "es", "neighborhood": "Les Corts", "latitude": 41.3931779, "longitude": 2.1284422, "showAddress": false, "url": "https://www.idealista.com/inmueble/93082183/", "distance": "515", "hasVideo": true, "status": "good", "newDevelopment": false, "hasLift": true, "parkingSpace": {"hasParkingSpace": true, "isParkingSpaceIncludedInPrice": true}, "priceByArea": 6087.0, "detailedType": {"typology": "flat"}, "suggestedTexts": {"subtitle": "Les Corts, Barcelona", "title": "Piso en Calle de Num\u00e0ncia"}, "hasPlan": true, "has3DTour": false, "has360": true, "hasStaging": false, "topNewDevelopment": false}, {"propertyCode": "92984814", "thumbnail": "https://img3.idealista.com/blur/WEB_LISTING/0/id.pro.es.image.master/c6/a1/ec/852507567.jpg", "externalReference": "VB2102046-1", "numPhotos": 39, "floor": "5", "price": 990000.0, "propertyType": "flat", "operation": "sale", "size": 177.0, "exterior": true, "rooms": 5, "bathrooms": 3, "address": "Paseo de Manuel Girona", "province": "Barcelona", "municipality": "Barcelona", "district": "Sarri\u00e0-Sant Gervasi", "country": "es", "neighborhood": "Sarri\u00e0", "latitude": 41.3908184, "longitude": 2.1268549, "showAddress": false, "url": "https://www.idealista.com/inmueble/92984814/", "distance": "557", "hasVideo": true, "status": "good", "newDevelopment": false, "hasLift": true, "parkingSpace": {"hasParkingSpace": true, "isParkingSpaceIncludedInPrice": true}, "priceByArea": 5593.0, "detailedType": {"typology": "flat"}, "suggestedTexts": {"subtitle": "Sarri\u00e0, Barcelona", "title": "Piso en Paseo de Manuel Girona"}, "hasPlan": true, "has3DTour": false, "has360": true, "hasStaging": false, "topNewDevelopment": false}, {"propertyCode": "91784535", "thumbnail": "https://img3.idealista.com/blur/WEB_LISTING/0/id.pro.es.image.master/67/eb/71/823214521.jpg", "externalReference": "VB2010035-2", "numPhotos": 41, "floor": "5", "price": 1580000.0, "propertyType": "flat", "operation": "sale", "size": 300.0, "exterior": true, "rooms": 6, "bathrooms": 4, "address": "barrio Sant Gervasi - Galvany", "province": "Barcelona", "municipality": "Barcelona", "district": "Sarri\u00e0-Sant Gervasi", "country": "es", "neighborhood": "Sant Gervasi - Galvany", "latitude": 41.3960424, "longitude": 2.1403051, "showAddress": false, "url": "https://www.idealista.com/inmueble/91784535/", "distance": "833", "hasVideo": true, "status": "good", "newDevelopment": false, "hasLift": true, "parkingSpace": {"hasParkingSpace": true, "isParkingSpaceIncludedInPrice": true}, "priceByArea": 5267.0, "detailedType": {"typology": "flat"}, "suggestedTexts": {"subtitle": "Sant Gervasi - Galvany, Barcelona", "title": "Piso"}, "hasPlan": true, "has3DTour": false, "has360": false, "hasStaging": false, "topNewDevelopment": false}, {"propertyCode": "39908522", "thumbnail": "https://img3.idealista.com/blur/WEB_LISTING/0/id.pro.es.image.master/36/c5/ac/269066666.jpg", "externalReference": "4486", "numPhotos": 30, "floor": "4", "price": 1100000.0, "propertyType": "duplex", "operation": "sale", "size": 200.0, "exterior": true, "rooms": 3, "bathrooms": 2, "address": "GANDUXER", "province": "Barcelona", "municipality": "Barcelona", "district": "Sarri\u00e0-Sant Gervasi", "country": "es", "neighborhood": "Sant Gervasi - Galvany", "latitude": 41.390355, "longitude": 2.1410455, "showAddress": false, "url": "https://www.idealista.com/inmueble/39908522/", "distance": "627", "hasVideo": false, "status": "good", "newDevelopment": false, "hasLift": true, "parkingSpace": {"hasParkingSpace": true, "isParkingSpaceIncludedInPrice": true}, "priceByArea": 5500.0, "detailedType": {"typology": "flat", "subTypology": "duplex"}, "suggestedTexts": {"subtitle": "Sant Gervasi - Galvany, Barcelona", "title": "D\u00faplex en GANDUXER"}, "hasPlan": true, "has3DTour": false, "has360": true, "hasStaging": false, "topNewDevelopment": false}, {"propertyCode": "91646493", "thumbnail": "https://img3.idealista.com/blur/WEB_LISTING/0/id.pro.es.image.master/d5/f4/fa/819824465.jpg", "externalReference": "W-02J59Y", "numPhotos": 41, "floor": "6", "price": 790000.0, "propertyType": "flat", "operation": "sale", "size": 158.0, "exterior": false, "rooms": 5, "bathrooms": 2, "address": "barrio Les Corts", "province": "Barcelona", "municipality": "Barcelona", "district": "Les Corts", "country": "es", "neighborhood": "Les Corts", "latitude": 41.3905187, "longitude": 2.1391401, "showAddress": false, "url": "https://www.idealista.com/inmueble/91646493/", "distance": "468", "hasVideo": false, "status": "good", "newDevelopment": false, "hasLift": true, "parkingSpace": {"hasParkingSpace": true, "isParkingSpaceIncludedInPrice": true}, "priceByArea": 5000.0, "detailedType": {"typology": "flat"}, "suggestedTexts": {"subtitle": "Les Corts, Barcelona", "title": "Piso"}, "hasPlan": true, "has3DTour": false, "has360": true, "hasStaging": false, "topNewDevelopment": false}, {"propertyCode": "92531260", "thumbnail": "https://img3.idealista.com/blur/WEB_LISTING/0/id.pro.es.image.master/93/b6/fc/841911073.jpg", "externalReference": "11304", "numPhotos": 24, "floor": "8", "price": 890000.0, "propertyType": "flat", "operation": "sale", "size": 100.0, "exterior": true, "rooms": 3, "bathrooms": 2, "address": "Calle de Bori i Fontest\u00e0", "province": "Barcelona", "municipality": "Barcelona", "district": "Sarri\u00e0-Sant Gervasi", "country": "es", "neighborhood": "Sant Gervasi - Galvany", "latitude": 41.3904142, "longitude": 2.1350841, "showAddress": false, "url": "https://www.idealista.com/inmueble/92531260/", "distance": "130", "hasVideo": false, "status": "good", "newDevelopment": false, "hasLift": true, "parkingSpace": {"hasParkingSpace": true, "isParkingSpaceIncludedInPrice": true}, "priceByArea": 8900.0, "detailedType": {"typology": "flat"}, "suggestedTexts": {"subtitle": "Sant Gervasi - Galvany, Barcelona", "title": "Piso en Calle de Bori i Fontest\u00e0"}, "hasPlan": true, "has3DTour": false, "has360": true, "hasStaging": false, "topNewDevelopment": false}, {"propertyCode": "92942545", "thumbnail": "https://img3.idealista.com/blur/WEB_LISTING/0/id.pro.es.image.master/99/13/fb/853544822.jpg", "externalReference": "00068", "numPhotos": 34, "floor": "5", "price": 990000.0, "propertyType": "flat", "operation": "sale", "size": 175.0, "exterior": true, "rooms": 5, "bathrooms": 3, "address": "Paseo de Manuel Girona", "province": "Barcelona", "municipality": "Barcelona", "district": "Sarri\u00e0-Sant Gervasi", "country": "es", "neighborhood": "Sarri\u00e0", "latitude": 41.3911835, "longitude": 2.1264877, "showAddress": false, "url": "https://www.idealista.com/inmueble/92942545/", "distance": "591", "hasVideo": false, "status": "renew", "newDevelopment": false, "hasLift": true, "parkingSpace": {"hasParkingSpace": true, "isParkingSpaceIncludedInPrice": true}, "priceByArea": 5657.0, "detailedType": {"typology": "flat"}, "suggestedTexts": {"subtitle": "Sarri\u00e0, Barcelona", "title": "Piso en Paseo de Manuel Girona"}, "hasPlan": true, "has3DTour": false, "has360": true, "hasStaging": false, "topNewDevelopment": false}, {"propertyCode": "92867335", "thumbnail": "https://img3.idealista.com/blur/WEB_LISTING/0/id.pro.es.image.master/e1/cf/ae/855823943.jpg", "externalReference": "GV622", "numPhotos": 27, "floor": "5", "price": 990000.0, "propertyType": "flat", "operation": "sale", "size": 165.0, "exterior": true, "rooms": 5, "bathrooms": 3, "address": "Paseo de Manuel Girona", "province": "Barcelona", "municipality": "Barcelona", "district": "Les Corts", "country": "es", "neighborhood": "Pedralbes", "latitude": 41.3934623, "longitude": 2.127285, "showAddress": false, "url": "https://www.idealista.com/inmueble/92867335/", "distance": "613", "hasVideo": true, "status": "good", "newDevelopment": false, "hasLift": true, "priceByArea": 6000.0, "detailedType": {"typology": "flat"}, "suggestedTexts": {"subtitle": "Pedralbes, Barcelona", "title": "Piso en Paseo de Manuel Girona"}, "hasPlan": true, "has3DTour": false, "has360": true, "hasStaging": false, "topNewDevelopment": false}, {"propertyCode": "91474299", "thumbnail": "https://img3.idealista.com/blur/WEB_LISTING/0/id.pro.es.image.master/fc/f9/63/815432805.jpg", "externalReference": "2546", "numPhotos": 31, "floor": "4", "price": 990000.0, "propertyType": "flat", "operation": "sale", "size": 180.0, "exterior": true, "rooms": 4, "bathrooms": 2, "address": "Paseo de Manuel Girona", "province": "Barcelona", "municipality": "Barcelona", "district": "Les Corts", "country": "es", "neighborhood": "Pedralbes", "latitude": 41.3899426, "longitude": 2.1249908, "showAddress": false, "url": "https://www.idealista.com/inmueble/91474299/", "distance": "715", "hasVideo": false, "status": "good", "newDevelopment": false, "hasLift": true, "parkingSpace": {"hasParkingSpace": true, "isParkingSpaceIncludedInPrice": true}, "priceByArea": 5500.0, "detailedType": {"typology": "flat"}, "suggestedTexts": {"subtitle": "Pedralbes, Barcelona", "title": "Piso en Paseo de Manuel Girona"}, "hasPlan": true, "has3DTour": false, "has360": true, "hasStaging": false, "topNewDevelopment": false}, {"propertyCode": "91672194", "thumbnail": "https://img3.idealista.com/blur/WEB_LISTING/0/id.pro.es.image.master/78/76/fd/820442420.jpg", "externalReference": "SP332KA", "numPhotos": 30, "floor": "6", "price": 995000.0, "propertyType": "flat", "operation": "sale", "size": 225.0, "exterior": true, "rooms": 4, "bathrooms": 3, "address": "barrio Sant Gervasi - Galvany", "province": "Barcelona", "municipality": "Barcelona", "district": "Sarri\u00e0-Sant Gervasi", "country": "es", "neighborhood": "Sant Gervasi - Galvany", "latitude": 41.391792, "longitude": 2.140041, "showAddress": false, "url": "https://www.idealista.com/inmueble/91672194/", "distance": "561", "hasVideo": true, "status": "good", "newDevelopment": false, "hasLift": true, "parkingSpace": {"hasParkingSpace": true, "isParkingSpaceIncludedInPrice": true}, "priceByArea": 4422.0, "detailedType": {"typology": "flat"}, "suggestedTexts": {"subtitle": "Sant Gervasi - Galvany, Barcelona", "title": "Piso"}, "hasPlan": true, "has3DTour": false, "has360": true, "hasStaging": false, "topNewDevelopment": false}, {"propertyCode": "93207901", "thumbnail": "https://img3.idealista.com/blur/WEB_LISTING/0/id.pro.es.image.master/6b/50/25/857010737.jpg", "externalReference": "9510", "numPhotos": 34, "price": 830000.0, "propertyType": "flat", "operation": "sale", "size": 166.0, "exterior": false, "rooms": 5, "bathrooms": 3, "address": "Calle del Capit\u00e0 Arenas", "province": "Barcelona", "municipality": "Barcelona", "district": "Les Corts", "country": "es", "neighborhood": "Pedralbes", "latitude": 41.3886633, "longitude": 2.1272273, "showAddress": false, "url": "https://www.idealista.com/inmueble/93207901/", "distance": "565", "hasVideo": false, "status": "good", "newDevelopment": false, "hasLift": true, "priceByArea": 5000.0, "detailedType": {"typology": "flat"}, "suggestedTexts": {"subtitle": "Pedralbes, Barcelona", "title": "Piso en Calle del Capit\u00e0 Arenas"}, "hasPlan": true, "has3DTour": true, "has360": false, "hasStaging": false, "topNewDevelopment": false}, {"propertyCode": "87832987", "thumbnail": "https://img3.idealista.com/blur/WEB_LISTING/0/id.pro.es.image.master/b4/4f/d3/732032509.jpg", "externalReference": "4223", "numPhotos": 34, "floor": "1", "price": 690000.0, "propertyType": "flat", "operation": "sale", "size": 90.0, "exterior": true, "rooms": 2, "bathrooms": 2, "address": "Avenida de Josep Tarradellas", "province": "Barcelona", "municipality": "Barcelona", "district": "Eixample", "country": "es", "neighborhood": "L'Antiga Esquerra de l'Eixample", "latitude": 41.3927477, "longitude": 2.1426176, "showAddress": false, "url": "https://www.idealista.com/inmueble/87832987/", "distance": "797", "hasVideo": true, "status": "good", "newDevelopment": false, "hasLift": true, "priceByArea": 7667.0, "detailedType": {"typology": "flat"}, "suggestedTexts": {"subtitle": "L'Antiga Esquerra de l'Eixample, Barcelona", "title": "Piso en Avenida de Josep Tarradellas"}, "hasPlan": true, "has3DTour": false, "has360": true, "hasStaging": false, "topNewDevelopment": false}, {"propertyCode": "89416170", "thumbnail": "https://img3.idealista.com/blur/WEB_LISTING/0/id.pro.es.image.master/54/48/31/770914980.jpg", "externalReference": "3060V(1)", "numPhotos": 24, "floor": "11", "price": 750000.0, "propertyType": "flat", "operation": "sale", "size": 140.0, "exterior": true, "rooms": 4, "bathrooms": 2, "address": "barrio L'Antiga Esquerra de l'Eixample", "province": "Barcelona", "municipality": "Barcelona", "district": "Eixample", "country": "es", "neighborhood": "L'Antiga Esquerra de l'Eixample", "latitude": 41.389721, "longitude": 2.1421573, "showAddress": false, "url": "https://www.idealista.com/inmueble/89416170/", "distance": "725", "hasVideo": true, "status": "good", "newDevelopment": false, "hasLift": true, "priceByArea": 5357.0, "detailedType": {"typology": "flat"}, "suggestedTexts": {"subtitle": "L'Antiga Esquerra de l'Eixample, Barcelona", "title": "Piso"}, "hasPlan": true, "has3DTour": false, "has360": true, "hasStaging": false, "topNewDevelopment": false}, {"propertyCode": "91903169", "thumbnail": "https://img3.idealista.com/blur/WEB_LISTING/0/id.pro.es.image.master/73/63/51/826089004.jpg", "externalReference": "2441", "numPhotos": 19, "floor": "2", "price": 770000.0, "propertyType": "flat", "operation": "sale", "size": 160.0, "exterior": true, "rooms": 5, "bathrooms": 2, "address": "barrio Sarri\u00e0", "province": "Barcelona", "municipality": "Barcelona", "district": "Sarri\u00e0-Sant Gervasi", "country": "es", "neighborhood": "Sarri\u00e0", "latitude": 41.3938308, "longitude": 2.1279846, "showAddress": false, "url": "https://www.idealista.com/inmueble/91903169/", "distance": "589", "hasVideo": false, "status": "good", "newDevelopment": false, "hasLift": true, "priceByArea": 4813.0, "detailedType": {"typology": "flat"}, "suggestedTexts": {"subtitle": "Sarri\u00e0, Barcelona", "title": "Piso"}, "hasPlan": true, "has3DTour": false, "has360": true, "hasStaging": false, "topNewDevelopment": false}, {"propertyCode": "91948372", "thumbnail": "https://img3.idealista.com/blur/WEB_LISTING/0/id.pro.es.image.master/99/26/ef/827115748.jpg", "externalReference": "NUMANCIA", "numPhotos": 33, "floor": "1", "price": 645000.0, "propertyType": "flat", "operation": "sale", "size": 170.0, "exterior": true, "rooms": 4, "bathrooms": 3, "address": "barrio Les Corts", "province": "Barcelona", "municipality": "Barcelona", "district": "Les Corts", "country": "es", "neighborhood": "Les Corts", "latitude": 41.3846202, "longitude": 2.136212, "showAddress": false, "url": "https://www.idealista.com/inmueble/91948372/", "distance": "694", "hasVideo": false, "status": "good", "newDevelopment": false, "hasLift": true, "priceByArea": 3794.0, "detailedType": {"typology": "flat"}, "suggestedTexts": {"subtitle": "Les Corts, Barcelona", "title": "Piso"}, "hasPlan": false, "has3DTour": false, "has360": true, "hasStaging": false, "topNewDevelopment": false}, {"propertyCode": "90072619", "thumbnail": "https://img3.idealista.com/blur/WEB_LISTING/0/id.pro.es.image.master/f1/80/20/782550589.jpg", "externalReference": "019273", "numPhotos": 30, "floor": "4", "price": 1095000.0, "propertyType": "flat", "operation": "sale", "size": 217.0, "exterior": true, "rooms": 4, "bathrooms": 4, "address": "Paseo de Manuel Girona", "province": "Barcelona", "municipality": "Barcelona", "district": "Sarri\u00e0-Sant Gervasi", "country": "es", "neighborhood": "Sarri\u00e0", "latitude": 41.3913301, "longitude": 2.1285839, "showAddress": false, "url": "https://www.idealista.com/inmueble/90072619/", "distance": "421", "hasVideo": false, "status": "good", "newDevelopment": false, "hasLift": true, "parkingSpace": {"hasParkingSpace": true, "isParkingSpaceIncludedInPrice": true}, "priceByArea": 5046.0, "detailedType": {"typology": "flat"}, "suggestedTexts": {"subtitle": "Sarri\u00e0, Barcelona", "title": "Piso en Paseo de Manuel Girona"}, "hasPlan": true, "has3DTour": false, "has360": false, "hasStaging": false, "topNewDevelopment": false}, {"propertyCode": "88551642", "thumbnail": "https://img3.idealista.com/blur/WEB_LISTING/0/id.pro.es.image.master/97/ce/01/749424997.jpg", "externalReference": "019258", "numPhotos": 30, "floor": "6", "price": 1454000.0, "propertyType": "flat", "operation": "sale", "size": 121.0, "exterior": true, "rooms": 3, "bathrooms": 2, "address": "Calle de Can Segalar", "province": "Barcelona", "municipality": "Barcelona", "district": "Les Corts", "country": "es", "neighborhood": "Les Corts", "latitude": 41.3889708, "longitude": 2.1313964, "showAddress": false, "url": "https://www.idealista.com/inmueble/88551642/", "distance": "248", "hasVideo": false, "status": "good", "newDevelopment": false, "hasLift": true, "priceByArea": 12017.0, "detailedType": {"typology": "flat"}, "suggestedTexts": {"subtitle": "Les Corts, Barcelona", "title": "Piso en Calle de Can Segalar"}, "hasPlan": true, "has3DTour": false, "has360": false, "hasStaging": false, "topNewDevelopment": false}, {"propertyCode": "39916328", "thumbnail": "https://img3.idealista.com/blur/WEB_LISTING/0/id.pro.es.image.master/8d/06/bd/272835556.jpg", "externalReference": "019107", "numPhotos": 29, "floor": "5", "price": 1082000.0, "propertyType": "flat", "operation": "sale", "size": 95.0, "exterior": true, "rooms": 3, "bathrooms": 2, "address": "Calle de Can Segalar", "province": "Barcelona", "municipality": "Barcelona", "district": "Les Corts", "country": "es", "neighborhood": "Les Corts", "latitude": 41.3871037, "longitude": 2.1336023, "showAddress": false, "url": "https://www.idealista.com/inmueble/39916328/", "distance": "381", "hasVideo": false, "status": "good", "newDevelopment": false, "hasLift": true, "priceByArea": 11389.0, "detailedType": {"typology": "flat"}, "suggestedTexts": {"subtitle": "Les Corts, Barcelona", "title": "Piso en Calle de Can Segalar"}, "hasPlan": true, "has3DTour": false, "has360": false, "hasStaging": false, "topNewDevelopment": false}, {"propertyCode": "87920816", "thumbnail": "https://img3.idealista.com/blur/WEB_LISTING/0/id.pro.es.image.master/90/1f/b4/734296870.jpg", "externalReference": "019245", "numPhotos": 27, "floor": "8", "price": 430000.0, "propertyType": "flat", "operation": "sale", "size": 73.0, "exterior": true, "rooms": 3, "bathrooms": 1, "address": "Calle del Capit\u00e0 Arenas", "province": "Barcelona", "municipality": "Barcelona", "district": "Les Corts", "country": "es", "neighborhood": "Pedralbes", "latitude": 41.3904641, "longitude": 2.1246005, "showAddress": false, "url": "https://www.idealista.com/inmueble/87920816/", "distance": "744", "hasVideo": false, "status": "renew", "newDevelopment": false, "hasLift": true, "priceByArea": 5890.0, "detailedType": {"typology": "flat"}, "suggestedTexts": {"subtitle": "Pedralbes, Barcelona", "title": "Piso en Calle del Capit\u00e0 Arenas"}, "hasPlan": true, "has3DTour": false, "has360": false, "hasStaging": false, "topNewDevelopment": false}, {"propertyCode": "92554672", "thumbnail": "https://img3.idealista.com/blur/WEB_LISTING/0/id.pro.es.image.master/6c/9a/15/842535808.jpg", "externalReference": "VB2101024", "numPhotos": 35, "floor": "1", "price": 645000.0, "propertyType": "flat", "operation": "sale", "size": 152.0, "exterior": true, "rooms": 3, "bathrooms": 4, "address": "barrio Les Corts", "province": "Barcelona", "municipality": "Barcelona", "district": "Les Corts", "country": "es", "neighborhood": "Les Corts", "latitude": 41.3842202, "longitude": 2.136812, "showAddress": false, "url": "https://www.idealista.com/inmueble/92554672/", "distance": "753", "hasVideo": true, "status": "good", "newDevelopment": false, "hasLift": true, "priceByArea": 4243.0, "detailedType": {"typology": "flat"}, "suggestedTexts": {"subtitle": "Les Corts, Barcelona", "title": "Piso"}, "hasPlan": true, "has3DTour": false, "has360": false, "hasStaging": false, "topNewDevelopment": false}, {"propertyCode": "91651726", "thumbnail": "https://img3.idealista.com/blur/WEB_LISTING/0/id.pro.es.image.master/c1/f1/4b/819956228.jpg", "externalReference": "VB2009041-4", "numPhotos": 32, "floor": "2", "price": 1690000.0, "propertyType": "flat", "operation": "sale", "size": 285.0, "exterior": true, "rooms": 5, "bathrooms": 3, "address": "barrio Sant Gervasi - Galvany", "province": "Barcelona", "municipality": "Barcelona", "district": "Sarri\u00e0-Sant Gervasi", "country": "es", "neighborhood": "Sant Gervasi - Galvany", "latitude": 41.3969861, "longitude": 2.1371653, "showAddress": false, "url": "https://www.idealista.com/inmueble/91651726/", "distance": "778", "hasVideo": false, "status": "renew", "newDevelopment": false, "hasLift": true, "parkingSpace": {"hasParkingSpace": true, "isParkingSpaceIncludedInPrice": true}, "priceByArea": 5930.0, "detailedType": {"typology": "flat"}, "suggestedTexts": {"subtitle": "Sant Gervasi - Galvany, Barcelona", "title": "Piso"}, "hasPlan": true, "has3DTour": false, "has360": false, "hasStaging": false, "topNewDevelopment": false}, {"propertyCode": "92479518", "thumbnail": "https://img3.idealista.com/blur/WEB_LISTING/0/id.pro.es.image.master/b4/d3/f3/856506153.jpg", "externalReference": "245822", "numPhotos": 24, "floor": "1", "price": 383000.0, "propertyType": "flat", "operation": "sale", "size": 78.0, "exterior": true, "rooms": 3, "bathrooms": 1, "address": "barrio Les Corts", "province": "Barcelona", "municipality": "Barcelona", "district": "Les Corts", "country": "es", "neighborhood": "Les Corts", "latitude": 41.3880165, "longitude": 2.1293806, "showAddress": false, "url": "https://www.idealista.com/inmueble/92479518/", "distance": "445", "hasVideo": false, "status": "good", "newDevelopment": false, "hasLift": true, "priceByArea": 4910.0, "detailedType": {"typology": "flat"}, "suggestedTexts": {"subtitle": "Les Corts, Barcelona", "title": "Piso"}, "hasPlan": true, "has3DTour": false, "has360": false, "hasStaging": false, "topNewDevelopment": false}, {"propertyCode": "91546116", "thumbnail": "https://img3.idealista.com/blur/WEB_LISTING/0/id.pro.es.image.master/60/b6/12/854317588.jpg", "externalReference": "243397", "numPhotos": 26, "floor": "6", "price": 415000.0, "propertyType": "flat", "operation": "sale", "size": 90.0, "exterior": true, "rooms": 5, "bathrooms": 1, "address": "barrio Les Corts", "province": "Barcelona", "municipality": "Barcelona", "district": "Les Corts", "country": "es", "neighborhood": "Les Corts", "latitude": 41.3838604, "longitude": 2.1310964, "showAddress": false, "url": "https://www.idealista.com/inmueble/91546116/", "distance": "769", "hasVideo": false, "status": "good", "newDevelopment": false, "hasLift": true, "priceByArea": 4611.0, "detailedType": {"typology": "flat"}, "suggestedTexts": {"subtitle": "Les Corts, Barcelona", "title": "Piso"}, "hasPlan": true, "has3DTour": false, "has360": false, "hasStaging": false, "topNewDevelopment": false}, {"propertyCode": "91049174", "thumbnail": "https://img3.idealista.com/blur/WEB_LISTING/0/id.pro.es.image.master/f1/2a/5e/805638008.jpg", "externalReference": "BCN25209", "numPhotos": 29, "price": 750000.0, "propertyType": "flat", "operation": "sale", "size": 95.0, "exterior": true, "rooms": 3, "bathrooms": 2, "address": "barrio Sant Gervasi - Galvany", "province": "Barcelona", "municipality": "Barcelona", "district": "Sarri\u00e0-Sant Gervasi", "country": "es", "neighborhood": "Sant Gervasi - Galvany", "latitude": 41.3936734, "longitude": 2.1395822, "showAddress": false, "url": "https://www.idealista.com/inmueble/91049174/", "distance": "613", "hasVideo": false, "status": "good", "newDevelopment": false, "hasLift": true, "parkingSpace": {"hasParkingSpace": true, "isParkingSpaceIncludedInPrice": true}, "priceByArea": 7895.0, "detailedType": {"typology": "flat"}, "suggestedTexts": {"subtitle": "Sant Gervasi - Galvany, Barcelona", "title": "Piso"}, "hasPlan": true, "has3DTour": false, "has360": false, "hasStaging": false, "topNewDevelopment": false}, {"propertyCode": "81345140", "thumbnail": "https://img3.idealista.com/blur/WEB_LISTING/0/id.pro.es.image.master/a1/59/83/575091742.jpg", "externalReference": "BCN11347", "numPhotos": 45, "price": 2750000.0, "propertyType": "chalet", "operation": "sale", "size": 224.0, "exterior": false, "rooms": 2, "bathrooms": 3, "address": "barrio Les Tres Torres", "province": "Barcelona", "municipality": "Barcelona", "district": "Sarri\u00e0-Sant Gervasi", "country": "es", "neighborhood": "Les Tres Torres", "latitude": 41.396468, "longitude": 2.1333346, "showAddress": false, "url": "https://www.idealista.com/inmueble/81345140/", "distance": "659", "hasVideo": false, "status": "good", "newDevelopment": false, "parkingSpace": {"hasParkingSpace": true, "isParkingSpaceIncludedInPrice": true}, "priceByArea": 12277.0, "detailedType": {"typology": "chalet"}, "suggestedTexts": {"subtitle": "Les Tres Torres, Barcelona", "title": "Chalet"}, "hasPlan": true, "has3DTour": false, "has360": false, "hasStaging": false, "topNewDevelopment": false}, {"propertyCode": "88898889", "thumbnail": "https://img3.idealista.com/blur/WEB_LISTING/0/id.pro.es.image.master/56/fa/9f/762893137.jpg", "externalReference": "BCN22334", "numPhotos": 26, "price": 1450000.0, "propertyType": "flat", "operation": "sale", "size": 215.0, "exterior": true, "rooms": 5, "bathrooms": 3, "address": "barrio Sant Gervasi - Galvany", "province": "Barcelona", "municipality": "Barcelona", "district": "Sarri\u00e0-Sant Gervasi", "country": "es", "neighborhood": "Sant Gervasi - Galvany", "latitude": 41.3943721, "longitude": 2.1424166, "showAddress": false, "url": "https://www.idealista.com/inmueble/88898889/", "distance": "855", "hasVideo": false, "status": "good", "newDevelopment": false, "hasLift": true, "priceByArea": 6744.0, "detailedType": {"typology": "flat"}, "suggestedTexts": {"subtitle": "Sant Gervasi - Galvany, Barcelona", "title": "Piso"}, "hasPlan": true, "has3DTour": false, "has360": false, "hasStaging": false, "topNewDevelopment": false}, {"propertyCode": "86370052", "thumbnail": "https://img3.idealista.com/blur/WEB_LISTING/0/id.pro.es.image.master/fa/a3/41/754619008.jpg", "externalReference": "6805", "numPhotos": 32, "price": 739000.0, "propertyType": "flat", "operation": "sale", "size": 105.0, "exterior": true, "rooms": 3, "bathrooms": 2, "address": "Calle de Castellnou", "province": "Barcelona", "municipality": "Barcelona", "district": "Sarri\u00e0-Sant Gervasi", "country": "es", "neighborhood": "Les Tres Torres", "latitude": 41.3953605, "longitude": 2.1287565, "showAddress": false, "url": "https://www.idealista.com/inmueble/86370052/", "distance": "667", "hasVideo": true, "status": "good", "newDevelopment": false, "hasLift": false, "parkingSpace": {"hasParkingSpace": true, "isParkingSpaceIncludedInPrice": true}, "priceByArea": 7038.0, "detailedType": {"typology": "flat"}, "suggestedTexts": {"subtitle": "Les Tres Torres, Barcelona", "title": "Piso en Calle de Castellnou"}, "hasPlan": true, "has3DTour": false, "has360": false, "hasStaging": false, "topNewDevelopment": false}, {"propertyCode": "40123363", "thumbnail": "https://img3.idealista.com/blur/WEB_LISTING/0/id.pro.es.image.master/64/0f/86/274272858.jpg", "externalReference": "019116", "numPhotos": 26, "floor": "4", "price": 862000.0, "propertyType": "flat", "operation": "sale", "size": 82.0, "exterior": true, "rooms": 2, "bathrooms": 2, "address": "Calle de Can Segalar", "province": "Barcelona", "municipality": "Barcelona", "district": "Les Corts", "country": "es", "neighborhood": "Les Corts", "latitude": 41.3874037, "longitude": 2.1334023, "showAddress": false, "url": "https://www.idealista.com/inmueble/40123363/", "distance": "348", "hasVideo": false, "status": "good", "newDevelopment": false, "hasLift": true, "priceByArea": 10512.0, "detailedType": {"typology": "flat"}, "suggestedTexts": {"subtitle": "Les Corts, Barcelona", "title": "Piso en Calle de Can Segalar"}, "hasPlan": false, "has3DTour": false, "has360": false, "hasStaging": false, "topNewDevelopment": false}, {"propertyCode": "92957508", "thumbnail": "https://img3.idealista.com/blur/WEB_LISTING/0/id.pro.es.image.master/d4/57/aa/851991294.jpg", "externalReference": "VB2102052", "numPhotos": 24, "floor": "4", "price": 895000.0, "propertyType": "flat", "operation": "sale", "size": 139.0, "exterior": true, "rooms": 3, "bathrooms": 2, "address": "Avenida Diagonal", "province": "Barcelona", "municipality": "Barcelona", "district": "Les Corts", "country": "es", "neighborhood": "Les Corts", "latitude": 41.3893928, "longitude": 2.136692, "showAddress": false, "url": "https://www.idealista.com/inmueble/92957508/", "distance": "293", "hasVideo": true, "status": "good", "newDevelopment": false, "hasLift": true, "priceByArea": 6439.0, "detailedType": {"typology": "flat"}, "suggestedTexts": {"subtitle": "Les Corts, Barcelona", "title": "Piso en Avenida Diagonal"}, "hasPlan": false, "has3DTour": false, "has360": false, "hasStaging": false, "topNewDevelopment": false}, {"propertyCode": "93086874", "thumbnail": "https://img3.idealista.com/blur/WEB_LISTING/0/id.pro.es.image.master/be/dd/07/854169056.jpg", "externalReference": "C.A.G.", "numPhotos": 39, "price": 2490000.0, "propertyType": "chalet", "operation": "sale", "size": 340.0, "exterior": false, "rooms": 5, "bathrooms": 5, "address": "Angel Guimer\u00e1", "province": "Barcelona", "municipality": "Barcelona", "district": "Sarri\u00e0-Sant Gervasi", "country": "es", "neighborhood": "Les Tres Torres", "latitude": 41.3971669, "longitude": 2.1341217, "showAddress": false, "url": "https://www.idealista.com/inmueble/93086874/", "distance": "738", "hasVideo": true, "status": "good", "newDevelopment": false, "priceByArea": 7324.0, "detailedType": {"typology": "chalet", "subTypology": "independantHouse"}, "suggestedTexts": {"subtitle": "Les Tres Torres, Barcelona", "title": "Casa independiente en Angel Guimer\u00e1"}, "hasPlan": true, "has3DTour": false, "has360": false, "hasStaging": false, "topNewDevelopment": false}, {"propertyCode": "92763078", "thumbnail": "https://img3.idealista.com/blur/WEB_LISTING/0/id.pro.es.image.master/dd/04/17/847556345.jpg", "externalReference": "TANDEM-CARLES-III", "numPhotos": 30, "floor": "1", "price": 480000.0, "propertyType": "flat", "operation": "sale", "size": 113.0, "exterior": true, "rooms": 3, "bathrooms": 2, "address": "CARLES III", "province": "Barcelona", "municipality": "Barcelona", "district": "Les Corts", "country": "es", "neighborhood": "Les Corts", "latitude": 41.3875279, "longitude": 2.1259932, "showAddress": false, "url": "https://www.idealista.com/inmueble/92763078/", "distance": "711", "hasVideo": false, "status": "good", "newDevelopment": false, "hasLift": true, "priceByArea": 4248.0, "detailedType": {"typology": "flat"}, "suggestedTexts": {"subtitle": "Les Corts, Barcelona", "title": "Piso en CARLES III"}, "hasPlan": true, "has3DTour": false, "has360": false, "hasStaging": false, "topNewDevelopment": false}, {"propertyCode": "92600671", "thumbnail": "https://img3.idealista.com/blur/WEB_LISTING/0/id.pro.es.image.master/98/17/89/855823062.jpg", "externalReference": "GV534", "numPhotos": 28, "floor": "1", "price": 725000.0, "propertyType": "flat", "operation": "sale", "size": 138.0, "exterior": true, "rooms": 3, "bathrooms": 2, "address": "Calle de Bori i Fontest\u00e0", "province": "Barcelona", "municipality": "Barcelona", "district": "Sarri\u00e0-Sant Gervasi", "country": "es", "neighborhood": "Sant Gervasi - Galvany", "latitude": 41.39254, "longitude": 2.1380285, "showAddress": false, "url": "https://www.idealista.com/inmueble/92600671/", "distance": "436", "hasVideo": true, "status": "good", "newDevelopment": false, "hasLift": true, "priceByArea": 5254.0, "detailedType": {"typology": "flat"}, "suggestedTexts": {"subtitle": "Sant Gervasi - Galvany, Barcelona", "title": "Piso en Calle de Bori i Fontest\u00e0"}, "hasPlan": true, "has3DTour": false, "has360": false, "hasStaging": false, "topNewDevelopment": false}, {"propertyCode": "82328750", "thumbnail": "https://img3.idealista.com/blur/WEB_LISTING/0/id.pro.es.image.master/e2/55/42/848302134.jpg", "externalReference": "1068", "numPhotos": 21, "floor": "5", "price": 429500.0, "propertyType": "flat", "operation": "sale", "size": 100.0, "exterior": true, "rooms": 4, "bathrooms": 1, "address": "Calle de Berl\u00edn", "province": "Barcelona", "municipality": "Barcelona", "district": "Sants-Montju\u00efc", "country": "es", "neighborhood": "Sants", "latitude": 41.38437, "longitude": 2.1395, "showAddress": false, "url": "https://www.idealista.com/inmueble/82328750/", "distance": "847", "hasVideo": false, "status": "good", "newDevelopment": false, "hasLift": true, "priceByArea": 4295.0, "detailedType": {"typology": "flat"}, "suggestedTexts": {"subtitle": "Sants, Barcelona", "title": "Piso en Calle de Berl\u00edn"}, "hasPlan": true, "has3DTour": false, "has360": false, "hasStaging": false, "topNewDevelopment": false}, {"propertyCode": "85794670", "thumbnail": "https://img3.idealista.com/blur/WEB_LISTING/0/id.pro.es.image.master/6a/e6/f2/705128058.jpg", "externalReference": "019209", "numPhotos": 27, "floor": "5", "price": 460000.0, "propertyType": "flat", "operation": "sale", "size": 76.0, "exterior": true, "rooms": 3, "bathrooms": 1, "address": "Avenida de Josep Tarradellas", "province": "Barcelona", "municipality": "Barcelona", "district": "Eixample", "country": "es", "neighborhood": "L'Antiga Esquerra de l'Eixample", "latitude": 41.3910477, "longitude": 2.1438176, "showAddress": false, "url": "https://www.idealista.com/inmueble/85794670/", "distance": "860", "hasVideo": false, "status": "good", "newDevelopment": false, "hasLift": true, "priceByArea": 6053.0, "detailedType": {"typology": "flat"}, "suggestedTexts": {"subtitle": "L'Antiga Esquerra de l'Eixample, Barcelona", "title": "Piso en Avenida de Josep Tarradellas"}, "hasPlan": false, "has3DTour": false, "has360": false, "hasStaging": false, "topNewDevelopment": false}, {"propertyCode": "91631473", "thumbnail": "https://img3.idealista.com/blur/WEB_LISTING/0/id.pro.es.image.master/ab/2a/9e/819490881.jpg", "externalReference": "BCN25766", "numPhotos": 20, "price": 950000.0, "propertyType": "flat", "operation": "sale", "size": 162.0, "exterior": true, "rooms": 4, "bathrooms": 3, "address": "barrio Les Tres Torres", "province": "Barcelona", "municipality": "Barcelona", "district": "Sarri\u00e0-Sant Gervasi", "country": "es", "neighborhood": "Les Tres Torres", "latitude": 41.3950864, "longitude": 2.1311527, "showAddress": false, "url": "https://www.idealista.com/inmueble/91631473/", "distance": "543", "hasVideo": false, "status": "renew", "newDevelopment": false, "hasLift": true, "parkingSpace": {"hasParkingSpace": true, "isParkingSpaceIncludedInPrice": true}, "priceByArea": 5864.0, "detailedType": {"typology": "flat"}, "suggestedTexts": {"subtitle": "Les Tres Torres, Barcelona", "title": "Piso"}, "hasPlan": true, "has3DTour": false, "has360": false, "hasStaging": false, "topNewDevelopment": false}, {"propertyCode": "92881599", "thumbnail": "https://img3.idealista.com/blur/WEB_LISTING/0/id.pro.es.image.master/07/e1/25/850159209.jpg", "externalReference": "BCN27270", "numPhotos": 31, "price": 910000.0, "propertyType": "flat", "operation": "sale", "size": 102.0, "exterior": true, "rooms": 3, "bathrooms": 2, "address": "barrio Les Corts", "province": "Barcelona", "municipality": "Barcelona", "district": "Les Corts", "country": "es", "neighborhood": "Les Corts", "latitude": 41.3866639, "longitude": 2.1307014, "showAddress": false, "url": "https://www.idealista.com/inmueble/92881599/", "distance": "490", "hasVideo": false, "status": "good", "newDevelopment": false, "hasLift": true, "priceByArea": 8922.0, "detailedType": {"typology": "flat"}, "suggestedTexts": {"subtitle": "Les Corts, Barcelona", "title": "Piso"}, "hasPlan": false, "has3DTour": false, "has360": false, "hasStaging": false, "topNewDevelopment": false}, {"propertyCode": "91860194", "thumbnail": "https://img3.idealista.com/blur/WEB_LISTING/0/id.pro.es.image.master/e4/17/82/825020485.jpg", "externalReference": "CB_BCN_0367_V", "numPhotos": 27, "floor": "1", "price": 435000.0, "propertyType": "flat", "operation": "sale", "size": 103.0, "exterior": true, "rooms": 4, "bathrooms": 2, "address": "Calle de l'Equador", "province": "Barcelona", "municipality": "Barcelona", "district": "Les Corts", "country": "es", "neighborhood": "Les Corts", "latitude": 41.3874406, "longitude": 2.139953, "showAddress": false, "url": "https://www.idealista.com/inmueble/91860194/", "distance": "637", "hasVideo": true, "status": "good", "newDevelopment": false, "hasLift": true, "priceByArea": 4223.0, "detailedType": {"typology": "flat"}, "suggestedTexts": {"subtitle": "Les Corts, Barcelona", "title": "Piso en Calle de l'Equador"}, "hasPlan": true, "has3DTour": false, "has360": false, "hasStaging": false, "topNewDevelopment": false}, {"propertyCode": "92408785", "thumbnail": "https://img3.idealista.com/blur/WEB_LISTING/0/id.pro.es.image.master/07/4f/b5/839061866.jpg", "externalReference": "VB2002045-3", "numPhotos": 20, "floor": "1", "price": 725000.0, "propertyType": "flat", "operation": "sale", "size": 137.0, "exterior": true, "rooms": 3, "bathrooms": 2, "address": "barrio Sant Gervasi - Galvany", "province": "Barcelona", "municipality": "Barcelona", "district": "Sarri\u00e0-Sant Gervasi", "country": "es", "neighborhood": "Sant Gervasi - Galvany", "latitude": 41.39264, "longitude": 2.1402285, "showAddress": false, "url": "https://www.idealista.com/inmueble/92408785/", "distance": "606", "hasVideo": false, "status": "good", "newDevelopment": false, "hasLift": true, "priceByArea": 5292.0, "detailedType": {"typology": "flat"}, "suggestedTexts": {"subtitle": "Sant Gervasi - Galvany, Barcelona", "title": "Piso"}, "hasPlan": true, "has3DTour": false, "has360": false, "hasStaging": false, "topNewDevelopment": false}, {"propertyCode": "92811766", "thumbnail": "https://img3.idealista.com/blur/WEB_LISTING/0/id.pro.es.image.master/32/be/a5/848698746.jpg", "externalReference": "619v", "numPhotos": 33, "floor": "1", "price": 1260000.0, "propertyType": "flat", "operation": "sale", "size": 281.0, "exterior": true, "rooms": 5, "bathrooms": 4, "address": "barrio Les Tres Torres", "province": "Barcelona", "municipality": "Barcelona", "district": "Sarri\u00e0-Sant Gervasi", "country": "es", "neighborhood": "Les Tres Torres", "latitude": 41.3960258, "longitude": 2.131756, "showAddress": false, "url": "https://www.idealista.com/inmueble/92811766/", "distance": "627", "hasVideo": true, "status": "good", "newDevelopment": false, "hasLift": true, "parkingSpace": {"hasParkingSpace": true, "isParkingSpaceIncludedInPrice": true}, "priceByArea": 4484.0, "detailedType": {"typology": "flat"}, "suggestedTexts": {"subtitle": "Les Tres Torres, Barcelona", "title": "Piso"}, "hasPlan": true, "has3DTour": false, "has360": false, "hasStaging": false, "topNewDevelopment": false}, {"propertyCode": "93111005", "thumbnail": "https://img3.idealista.com/blur/WEB_LISTING/0/id.pro.es.image.master/07/e6/e1/800421182.jpg", "externalReference": "v7231", "numPhotos": 31, "floor": "7", "price": 559000.0, "propertyType": "flat", "operation": "sale", "size": 120.0, "exterior": true, "rooms": 3, "bathrooms": 2, "address": "barrio Les Corts", "province": "Barcelona", "municipality": "Barcelona", "district": "Les Corts", "country": "es", "neighborhood": "Les Corts", "latitude": 41.3872491, "longitude": 2.1357684, "showAddress": false, "url": "https://www.idealista.com/inmueble/93111005/", "distance": "410", "hasVideo": true, "status": "good", "newDevelopment": false, "hasLift": true, "parkingSpace": {"hasParkingSpace": true, "isParkingSpaceIncludedInPrice": true}, "priceByArea": 4658.0, "detailedType": {"typology": "flat"}, "suggestedTexts": {"subtitle": "Les Corts, Barcelona", "title": "Piso"}, "hasPlan": false, "has3DTour": false, "has360": false, "hasStaging": false, "topNewDevelopment": false}, {"propertyCode": "92647696", "thumbnail": "https://img3.idealista.com/blur/WEB_LISTING/0/id.pro.es.image.master/bd/ed/15/844798426.jpg", "externalReference": "BCN27268", "numPhotos": 31, "price": 1252000.0, "propertyType": "flat", "operation": "sale", "size": 130.0, "exterior": true, "rooms": 3, "bathrooms": 2, "address": "barrio Les Corts", "province": "Barcelona", "municipality": "Barcelona", "district": "Les Corts", "country": "es", "neighborhood": "Les Corts", "latitude": 41.38907, "longitude": 2.1307946, "showAddress": false, "url": "https://www.idealista.com/inmueble/92647696/", "distance": "280", "hasVideo": false, "status": "good", "newDevelopment": false, "hasLift": true, "priceByArea": 9631.0, "detailedType": {"typology": "flat"}, "suggestedTexts": {"subtitle": "Les Corts, Barcelona", "title": "Piso"}, "hasPlan": false, "has3DTour": false, "has360": false, "hasStaging": false, "topNewDevelopment": false}, {"propertyCode": "92647691", "thumbnail": "https://img3.idealista.com/blur/WEB_LISTING/0/id.pro.es.image.master/c8/fb/2b/844798254.jpg", "externalReference": "BCN27267", "numPhotos": 29, "price": 1076500.0, "propertyType": "flat", "operation": "sale", "size": 130.0, "exterior": true, "rooms": 3, "bathrooms": 2, "address": "barrio Les Corts", "province": "Barcelona", "municipality": "Barcelona", "district": "Les Corts", "country": "es", "neighborhood": "Les Corts", "latitude": 41.38927, "longitude": 2.1294946, "showAddress": false, "url": "https://www.idealista.com/inmueble/92647691/", "distance": "364", "hasVideo": false, "status": "good", "newDevelopment": false, "hasLift": true, "priceByArea": 8281.0, "detailedType": {"typology": "flat"}, "suggestedTexts": {"subtitle": "Les Corts, Barcelona", "title": "Piso"}, "hasPlan": false, "has3DTour": false, "has360": false, "hasStaging": false, "topNewDevelopment": false}, {"propertyCode": "90996277", "thumbnail": "https://img3.idealista.com/blur/WEB_LISTING/0/id.pro.es.image.master/32/61/ea/844798510.jpg", "externalReference": "BCN25173", "numPhotos": 30, "price": 1095500.0, "propertyType": "flat", "operation": "sale", "size": 102.0, "exterior": true, "rooms": 3, "bathrooms": 2, "address": "barrio Les Corts", "province": "Barcelona", "municipality": "Barcelona", "district": "Les Corts", "country": "es", "neighborhood": "Les Corts", "latitude": 41.3864784, "longitude": 2.1317448, "showAddress": false, "url": "https://www.idealista.com/inmueble/90996277/", "distance": "475", "hasVideo": false, "status": "good", "newDevelopment": false, "hasLift": true, "priceByArea": 10740.0, "detailedType": {"typology": "flat"}, "suggestedTexts": {"subtitle": "Les Corts, Barcelona", "title": "Piso"}, "hasPlan": false, "has3DTour": false, "has360": false, "hasStaging": false, "topNewDevelopment": false}, {"propertyCode": "90996261", "thumbnail": "https://img3.idealista.com/blur/WEB_LISTING/0/id.pro.es.image.master/af/b5/d8/844798488.jpg", "externalReference": "BCN25172", "numPhotos": 30, "price": 978000.0, "propertyType": "flat", "operation": "sale", "size": 87.0, "exterior": true, "rooms": 3, "bathrooms": 2, "address": "barrio Les Corts", "province": "Barcelona", "municipality": "Barcelona", "district": "Les Corts", "country": "es", "neighborhood": "Les Corts", "latitude": 41.3866784, "longitude": 2.1303448, "showAddress": false, "url": "https://www.idealista.com/inmueble/90996261/", "distance": "504", "hasVideo": false, "status": "good", "newDevelopment": false, "hasLift": true, "priceByArea": 11241.0, "detailedType": {"typology": "flat"}, "suggestedTexts": {"subtitle": "Les Corts, Barcelona", "title": "Piso"}, "hasPlan": false, "has3DTour": false, "has360": false, "hasStaging": false, "topNewDevelopment": false}, {"propertyCode": "89237439", "thumbnail": "https://img3.idealista.com/blur/WEB_LISTING/0/id.pro.es.image.master/5a/a9/3b/766728448.jpg", "externalReference": "BCN23066", "numPhotos": 35, "price": 2200000.0, "propertyType": "flat", "operation": "sale", "size": 330.0, "exterior": true, "rooms": 5, "bathrooms": 5, "address": "barrio Sant Gervasi - Galvany", "province": "Barcelona", "municipality": "Barcelona", "district": "Sarri\u00e0-Sant Gervasi", "country": "es", "neighborhood": "Sant Gervasi - Galvany", "latitude": 41.3964254, "longitude": 2.1366062, "showAddress": false, "url": "https://www.idealista.com/inmueble/89237439/", "distance": "703", "hasVideo": false, "status": "good", "newDevelopment": false, "hasLift": true, "parkingSpace": {"hasParkingSpace": true, "isParkingSpaceIncludedInPrice": true}, "priceByArea": 6667.0, "detailedType": {"typology": "flat"}, "suggestedTexts": {"subtitle": "Sant Gervasi - Galvany, Barcelona", "title": "Piso"}, "hasPlan": false, "has3DTour": false, "has360": false, "hasStaging": false, "topNewDevelopment": false}, {"propertyCode": "89414003", "thumbnail": "https://img3.idealista.com/blur/WEB_LISTING/0/id.pro.es.image.master/9b/00/fd/770860390.jpg", "externalReference": "210-2127", "numPhotos": 30, "floor": "6", "price": 465000.0, "propertyType": "flat", "operation": "sale", "size": 94.0, "exterior": true, "rooms": 3, "bathrooms": 2, "address": "Traves\u00eda de les Corts", "province": "Barcelona", "municipality": "Barcelona", "district": "Les Corts", "country": "es", "neighborhood": "Les Corts", "latitude": 41.3867193, "longitude": 2.1332299, "showAddress": false, "url": "https://www.idealista.com/inmueble/89414003/", "distance": "425", "hasVideo": false, "status": "good", "newDevelopment": false, "hasLift": true, "priceByArea": 4947.0, "detailedType": {"typology": "flat"}, "suggestedTexts": {"subtitle": "Les Corts, Barcelona", "title": "Piso en Traves\u00eda de les Corts"}, "hasPlan": true, "has3DTour": false, "has360": false, "hasStaging": false, "topNewDevelopment": false}, {"propertyCode": "91610311", "thumbnail": "https://img3.idealista.com/blur/WEB_LISTING/0/id.pro.es.image.master/8f/b2/63/818949007.jpg", "externalReference": "4291", "numPhotos": 35, "floor": "6", "price": 450000.0, "propertyType": "flat", "operation": "sale", "size": 63.0, "exterior": true, "rooms": 2, "bathrooms": 2, "address": "Calle del Capit\u00e0 Arenas", "province": "Barcelona", "municipality": "Barcelona", "district": "Les Corts", "country": "es", "neighborhood": "Pedralbes", "latitude": 41.3890641, "longitude": 2.1253005, "showAddress": false, "url": "https://www.idealista.com/inmueble/91610311/", "distance": "705", "hasVideo": true, "status": "good", "newDevelopment": false, "hasLift": true, "priceByArea": 7143.0, "detailedType": {"typology": "flat"}, "suggestedTexts": {"subtitle": "Pedralbes, Barcelona", "title": "Piso en Calle del Capit\u00e0 Arenas"}, "hasPlan": true, "has3DTour": false, "has360": false, "hasStaging": false, "topNewDevelopment": false}, {"propertyCode": "89906379", "thumbnail": "https://img3.idealista.com/blur/WEB_LISTING/0/id.pro.es.image.master/f8/4e/82/815032972.jpg", "externalReference": "4325", "numPhotos": 24, "floor": "2", "price": 1450000.0, "propertyType": "flat", "operation": "sale", "size": 264.0, "exterior": true, "rooms": 3, "bathrooms": 3, "address": "Calle de la Reina Vict\u00f2ria", "province": "Barcelona", "municipality": "Barcelona", "district": "Sarri\u00e0-Sant Gervasi", "country": "es", "neighborhood": "Sant Gervasi - Galvany", "latitude": 41.3966775, "longitude": 2.1386205, "showAddress": false, "url": "https://www.idealista.com/inmueble/89906379/", "distance": "804", "hasVideo": false, "status": "good", "newDevelopment": false, "hasLift": true, "parkingSpace": {"hasParkingSpace": true, "isParkingSpaceIncludedInPrice": true}, "priceByArea": 5492.0, "detailedType": {"typology": "flat"}, "suggestedTexts": {"subtitle": "Sant Gervasi - Galvany, Barcelona", "title": "Piso en Calle de la Reina Vict\u00f2ria"}, "hasPlan": false, "has3DTour": false, "has360": false, "hasStaging": false, "topNewDevelopment": false}]