[{"propertyCode": "89909378", "thumbnail": "https://img3.idealista.com/blur/WEB_LISTING/0/id.pro.es.image.master/51/6b/c8/779093094.jpg", "externalReference": "BCN06385", "numPhotos": 38, "price": 2425000.0, "propertyType": "chalet", "operation": "sale", "size": 585.0, "exterior": false, "rooms": 6, "bathrooms": 5, "address": "barrio Sant Gervasi - La Bonanova", "province": "Barcelona", "municipality": "Barcelona", "district": "Sarri\u00e0-Sant Gervasi", "country": "es", "neighborhood": "Sant Gervasi - La Bonanova", "latitude": 41.4102488, "longitude": 2.1236358, "showAddress": false, "url": "https://www.idealista.com/inmueble/89909378/", "distance": "832", "hasVideo": true, "status": "good", "newDevelopment": false, "parkingSpace": {"hasParkingSpace": true, "isParkingSpaceIncludedInPrice": true}, "priceByArea": 4145.0, "detailedType": {"typology": "chalet", "subTypology": "independantHouse"}, "suggestedTexts": {"subtitle": "Sant Gervasi - La Bonanova, Barcelona", "title": "Casa independiente"}, "hasPlan": true, "has3DTour": false, "has360": false, "hasStaging": false, "topNewDevelopment": false}, {"propertyCode": "85771895", "thumbnail": "https://img3.idealista.com/blur/WEB_LISTING/0/id.pro.es.image.master/1d/84/66/674739220.jpg", "externalReference": "4338", "numPhotos": 58, "price": 1295000.0, "propertyType": "chalet", "operation": "sale", "size": 300.0, "exterior": false, "rooms": 3, "bathrooms": 3, "address": "barrio Vallvidrera - El Tibidabo i les Planes", "province": "Barcelona", "municipality": "Barcelona", "district": "Sarri\u00e0-Sant Gervasi", "country": "es", "neighborhood": "Vallvidrera - El Tibidabo i les Planes", "latitude": 41.4171709, "longitude": 2.1113274, "showAddress": false, "url": "https://www.idealista.com/inmueble/85771895/", "distance": "673", "hasVideo": true, "status": "good", "newDevelopment": false, "parkingSpace": {"hasParkingSpace": true, "isParkingSpaceIncludedInPrice": true}, "priceByArea": 4317.0, "detailedType": {"typology": "chalet", "subTypology": "independantHouse"}, "suggestedTexts": {"subtitle": "Vallvidrera - El Tibidabo i les Planes, Barcelona", "title": "Casa independiente"}, "hasPlan": true, "has3DTour": false, "has360": true, "hasStaging": false, "topNewDevelopment": false}, {"propertyCode": "88513665", "thumbnail": "https://img3.idealista.com/blur/WEB_LISTING/0/id.pro.es.image.master/ff/53/ed/748584425.jpg", "externalReference": "BCN21995", "numPhotos": 37, "price": 1950000.0, "propertyType": "chalet", "operation": "sale", "size": 284.0, "exterior": false, "rooms": 4, "bathrooms": 4, "address": "barrio Sant Gervasi - La Bonanova", "province": "Barcelona", "municipality": "Barcelona", "district": "Sarri\u00e0-Sant Gervasi", "country": "es", "neighborhood": "Sant Gervasi - La Bonanova", "latitude": 41.4100349, "longitude": 2.1221368, "showAddress": false, "url": "https://www.idealista.com/inmueble/88513665/", "distance": "810", "hasVideo": false, "status": "good", "newDevelopment": false, "parkingSpace": {"hasParkingSpace": true, "isParkingSpaceIncludedInPrice": true}, "priceByArea": 6866.0, "detailedType": {"typology": "chalet"}, "suggestedTexts": {"subtitle": "Sant Gervasi - La Bonanova, Barcelona", "title": "Chalet"}, "hasPlan": false, "has3DTour": false, "has360": true, "hasStaging": false, "topNewDevelopment": false}, {"propertyCode": "92812735", "thumbnail": "https://img3.idealista.com/blur/WEB_LISTING/0/id.pro.es.image.master/e9/a6/ff/848725691.jpg", "externalReference": "VB2102026", "numPhotos": 25, "floor": "2", "price": 785000.0, "propertyType": "flat", "operation": "sale", "size": 109.0, "exterior": true, "rooms": 3, "bathrooms": 2, "address": "barrio Sant Gervasi - La Bonanova", "province": "Barcelona", "municipality": "Barcelona", "district": "Sarri\u00e0-Sant Gervasi", "country": "es", "neighborhood": "Sant Gervasi - La Bonanova", "latitude": 41.4166408, "longitude": 2.1273696, "showAddress": false, "url": "https://www.idealista.com/inmueble/92812735/", "distance": "666", "hasVideo": true, "status": "good", "newDevelopment": false, "hasLift": true, "parkingSpace": {"hasParkingSpace": true, "isParkingSpaceIncludedInPrice": true}, "priceByArea": 7202.0, "detailedType": {"typology": "flat"}, "suggestedTexts": {"subtitle": "Sant Gervasi - La Bonanova, Barcelona", "title": "Piso"}, "hasPlan": false, "has3DTour": false, "has360": false, "hasStaging": false, "topNewDevelopment": false}, {"propertyCode": "88969840", "thumbnail": "https://img3.idealista.com/blur/WEB_LISTING/0/id.pro.es.image.master/2b/35/3c/759997569.jpg", "externalReference": "BCN22967", "numPhotos": 33, "price": 1290000.0, "propertyType": "flat", "operation": "sale", "size": 129.0, "exterior": true, "rooms": 3, "bathrooms": 2, "address": "barrio Sant Gervasi - La Bonanova", "province": "Barcelona", "municipality": "Barcelona", "district": "Sarri\u00e0-Sant Gervasi", "country": "es", "neighborhood": "Sant Gervasi - La Bonanova", "latitude": 41.41358, "longitude": 2.12297, "showAddress": false, "url": "https://www.idealista.com/inmueble/88969840/", "distance": "485", "hasVideo": false, "status": "renew", "newDevelopment": false, "hasLift": true, "parkingSpace": {"hasParkingSpace": true, "isParkingSpaceIncludedInPrice": true}, "priceByArea": 10000.0, "detailedType": {"typology": "flat"}, "suggestedTexts": {"subtitle": "Sant Gervasi - La Bonanova, Barcelona", "title": "Piso"}, "hasPlan": false, "has3DTour": false, "has360": false, "hasStaging": false, "topNewDevelopment": false}, {"propertyCode": "85682705", "thumbnail": "https://img3.idealista.com/blur/WEB_LISTING/0/id.pro.es.image.master/f3/1e/98/672646280.jpg", "externalReference": "VA451", "numPhotos": 17, "floor": "1", "price": 1200000.0, "propertyType": "flat", "operation": "sale", "size": 115.0, "exterior": true, "rooms": 3, "bathrooms": 2, "address": "Bellesguard, 71", "province": "Barcelona", "municipality": "Barcelona", "district": "Sarri\u00e0-Sant Gervasi", "country": "es", "neighborhood": "Sant Gervasi - La Bonanova", "latitude": 41.41238, "longitude": 2.12257, "showAddress": true, "url": "https://www.idealista.com/inmueble/85682705/", "distance": "580", "hasVideo": false, "status": "good", "newDevelopment": false, "hasLift": true, "parkingSpace": {"hasParkingSpace": true, "isParkingSpaceIncludedInPrice": true}, "priceByArea": 10435.0, "detailedType": {"typology": "flat"}, "suggestedTexts": {"subtitle": "Sant Gervasi - La Bonanova, Barcelona", "title": "Piso en Bellesguard, 71"}, "hasPlan": false, "has3DTour": false, "has360": false, "hasStaging": false, "topNewDevelopment": false}, {"propertyCode": "90623437", "thumbnail": "https://img3.idealista.com/blur/WEB_LISTING/0/id.pro.es.image.master/9e/d5/e5/794651020.jpg", "externalReference": "255352", "numPhotos": 28, "price": 649000.0, "propertyType": "chalet", "operation": "sale", "size": 230.0, "exterior": false, "rooms": 5, "bathrooms": 1, "address": "Escales de la Font del Mont, 4", "province": "Barcelona", "municipality": "Barcelona", "district": "Sarri\u00e0-Sant Gervasi", "country": "es", "neighborhood": "Vallvidrera - El Tibidabo i les Planes", "latitude": 41.4152117, "longitude": 2.1114452, "showAddress": true, "url": "https://www.idealista.com/inmueble/90623437/", "distance": "693", "hasVideo": true, "status": "good", "newDevelopment": false, "parkingSpace": {"hasParkingSpace": true, "isParkingSpaceIncludedInPrice": true}, "priceByArea": 2822.0, "detailedType": {"typology": "chalet"}, "suggestedTexts": {"subtitle": "Vallvidrera - El Tibidabo i les Planes, Barcelona", "title": "Chalet en Escales de la Font del Mont, 4"}, "hasPlan": true, "has3DTour": false, "has360": true, "hasStaging": false, "topNewDevelopment": false}, {"propertyCode": "87633487", "thumbnail": "https://img3.idealista.com/blur/WEB_LISTING/0/id.pro.es.image.master/16/8b/45/726787473.jpg", "externalReference": "BCN14940", "numPhotos": 43, "price": 5400000.0, "propertyType": "penthouse", "operation": "sale", "size": 447.0, "exterior": true, "rooms": 7, "bathrooms": 5, "address": "barrio Sant Gervasi - La Bonanova", "province": "Barcelona", "municipality": "Barcelona", "district": "Sarri\u00e0-Sant Gervasi", "country": "es", "neighborhood": "Sant Gervasi - La Bonanova", "latitude": 41.4131304, "longitude": 2.1238513, "showAddress": false, "url": "https://www.idealista.com/inmueble/87633487/", "distance": "570", "hasVideo": false, "status": "good", "newDevelopment": false, "hasLift": true, "parkingSpace": {"hasParkingSpace": true, "isParkingSpaceIncludedInPrice": true}, "priceByArea": 12081.0, "detailedType": {"typology": "flat", "subTypology": "penthouse"}, "suggestedTexts": {"subtitle": "Sant Gervasi - La Bonanova, Barcelona", "title": "\u00c1tico"}, "hasPlan": true, "has3DTour": false, "has360": false, "hasStaging": false, "topNewDevelopment": false}, {"propertyCode": "88969837", "thumbnail": "https://img3.idealista.com/blur/WEB_LISTING/0/id.pro.es.image.master/36/8e/91/759997499.jpg", "externalReference": "BCN22658", "numPhotos": 45, "price": 2425000.0, "propertyType": "chalet", "operation": "sale", "size": 474.0, "exterior": false, "rooms": 6, "bathrooms": 5, "address": "barrio Sant Gervasi - La Bonanova", "province": "Barcelona", "municipality": "Barcelona", "district": "Sarri\u00e0-Sant Gervasi", "country": "es", "neighborhood": "Sant Gervasi - La Bonanova", "latitude": 41.4110488, "longitude": 2.1213358, "showAddress": false, "url": "https://www.idealista.com/inmueble/88969837/", "distance": "684", "hasVideo": false, "status": "good", "newDevelopment": false, "parkingSpace": {"hasParkingSpace": true, "isParkingSpaceIncludedInPrice": true}, "priceByArea": 5116.0, "detailedType": {"typology": "chalet"}, "suggestedTexts": {"subtitle": "Sant Gervasi - La Bonanova, Barcelona", "title": "Chalet"}, "hasPlan": true, "has3DTour": false, "has360": false, "hasStaging": false, "topNewDevelopment": false}, {"propertyCode": "92397502", "thumbnail": "https://img3.idealista.com/blur/WEB_LISTING/0/id.pro.es.image.master/ce/6e/23/838795124.jpg", "externalReference": "VB1905069-6", "numPhotos": 32, "floor": "1", "price": 1200000.0, "propertyType": "flat", "operation": "sale", "size": 130.0, "exterior": true, "rooms": 3, "bathrooms": 2, "address": "barrio Sant Gervasi - La Bonanova", "province": "Barcelona", "municipality": "Barcelona", "district": "Sarri\u00e0-Sant Gervasi", "country": "es", "neighborhood": "Sant Gervasi - La Bonanova", "latitude": 41.4123985, "longitude": 2.1208907, "showAddress": false, "url": "https://www.idealista.com/inmueble/92397502/", "distance": "529", "hasVideo": false, "status": "good", "newDevelopment": false, "hasLift": true, "parkingSpace": {"hasParkingSpace": true, "isParkingSpaceIncludedInPrice": true}, "priceByArea": 9231.0, "detailedType": {"typology": "flat"}, "suggestedTexts": {"subtitle": "Sant Gervasi - La Bonanova, Barcelona", "title": "Piso"}, "hasPlan": true, "has3DTour": false, "has360": false, "hasStaging": false, "topNewDevelopment": false}, {"propertyCode": "91784809", "thumbnail": "https://img3.idealista.com/blur/WEB_LISTING/0/id.pro.es.image.master/a7/8d/b7/823218250.jpg", "externalReference": "VB1603022-6", "numPhotos": 46, "price": 1850000.0, "propertyType": "chalet", "operation": "sale", "size": 380.0, "exterior": false, "rooms": 6, "bathrooms": 6, "address": "barrio Vallvidrera - El Tibidabo i les Planes", "province": "Barcelona", "municipality": "Barcelona", "district": "Sarri\u00e0-Sant Gervasi", "country": "es", "neighborhood": "Vallvidrera - El Tibidabo i les Planes", "latitude": 41.4173708, "longitude": 2.1112366, "showAddress": false, "url": "https://www.idealista.com/inmueble/91784809/", "distance": "681", "hasVideo": false, "status": "good", "newDevelopment": false, "parkingSpace": {"hasParkingSpace": true, "isParkingSpaceIncludedInPrice": true}, "priceByArea": 4868.0, "detailedType": {"typology": "chalet"}, "suggestedTexts": {"subtitle": "Vallvidrera - El Tibidabo i les Planes, Barcelona", "title": "Chalet"}, "hasPlan": true, "has3DTour": false, "has360": false, "hasStaging": false, "topNewDevelopment": false}, {"propertyCode": "91700516", "thumbnail": "https://img3.idealista.com/blur/WEB_LISTING/0/id.pro.es.image.master/c8/f2/50/821142042.jpg", "externalReference": "VB2006040-5", "numPhotos": 61, "price": 2425000.0, "propertyType": "chalet", "operation": "sale", "size": 585.0, "exterior": false, "rooms": 5, "bathrooms": 5, "address": "barrio Sant Gervasi - La Bonanova", "province": "Barcelona", "municipality": "Barcelona", "district": "Sarri\u00e0-Sant Gervasi", "country": "es", "neighborhood": "Sant Gervasi - La Bonanova", "latitude": 41.4099488, "longitude": 2.1224358, "showAddress": false, "url": "https://www.idealista.com/inmueble/91700516/", "distance": "826", "hasVideo": true, "status": "good", "newDevelopment": false, "parkingSpace": {"hasParkingSpace": true, "isParkingSpaceIncludedInPrice": true}, "priceByArea": 4145.0, "detailedType": {"typology": "chalet"}, "suggestedTexts": {"subtitle": "Sant Gervasi - La Bonanova, Barcelona", "title": "Chalet"}, "hasPlan": true, "has3DTour": false, "has360": false, "hasStaging": false, "topNewDevelopment": false}, {"propertyCode": "91521220", "thumbnail": "https://img3.idealista.com/blur/WEB_LISTING/0/id.pro.es.image.master/77/fe/7b/816553994.jpg", "externalReference": "VB2001048-5", "numPhotos": 54, "price": 1950000.0, "propertyType": "chalet", "operation": "sale", "size": 374.0, "exterior": false, "rooms": 5, "bathrooms": 4, "address": "barrio Sant Gervasi - La Bonanova", "province": "Barcelona", "municipality": "Barcelona", "district": "Sarri\u00e0-Sant Gervasi", "country": "es", "neighborhood": "Sant Gervasi - La Bonanova", "latitude": 41.4107163, "longitude": 2.1232489, "showAddress": false, "url": "https://www.idealista.com/inmueble/91521220/", "distance": "771", "hasVideo": true, "status": "good", "newDevelopment": false, "parkingSpace": {"hasParkingSpace": true, "isParkingSpaceIncludedInPrice": true}, "priceByArea": 5214.0, "detailedType": {"typology": "chalet"}, "suggestedTexts": {"subtitle": "Sant Gervasi - La Bonanova, Barcelona", "title": "Chalet"}, "hasPlan": true, "has3DTour": false, "has360": false, "hasStaging": false, "topNewDevelopment": false}, {"propertyCode": "91784834", "thumbnail": "https://img3.idealista.com/blur/WEB_LISTING/0/id.pro.es.image.master/a8/97/e3/823218985.jpg", "externalReference": "VB1706001-6", "numPhotos": 32, "price": 2630000.0, "propertyType": "chalet", "operation": "sale", "size": 326.0, "exterior": false, "rooms": 5, "bathrooms": 3, "address": "barrio Sant Gervasi - La Bonanova", "province": "Barcelona", "municipality": "Barcelona", "district": "Sarri\u00e0-Sant Gervasi", "country": "es", "neighborhood": "Sant Gervasi - La Bonanova", "latitude": 41.4126645, "longitude": 2.120586, "showAddress": false, "url": "https://www.idealista.com/inmueble/91784834/", "distance": "495", "hasVideo": false, "status": "good", "newDevelopment": false, "parkingSpace": {"hasParkingSpace": true, "isParkingSpaceIncludedInPrice": true}, "priceByArea": 8067.0, "detailedType": {"typology": "chalet"}, "suggestedTexts": {"subtitle": "Sant Gervasi - La Bonanova, Barcelona", "title": "Chalet"}, "hasPlan": false, "has3DTour": false, "has360": false, "hasStaging": false, "topNewDevelopment": false}, {"propertyCode": "93156399", "thumbnail": "https://img3.idealista.com/blur/WEB_LISTING/0/id.pro.es.image.master/5d/4c/21/855711486.jpg", "externalReference": "BHHS-002717", "numPhotos": 32, "price": 1900000.0, "propertyType": "chalet", "operation": "sale", "size": 375.0, "exterior": false, "rooms": 5, "bathrooms": 4, "address": "barrio Sant Gervasi - La Bonanova", "province": "Barcelona", "municipality": "Barcelona", "district": "Sarri\u00e0-Sant Gervasi", "country": "es", "neighborhood": "Sant Gervasi - La Bonanova", "latitude": 41.4155855, "longitude": 2.128828, "showAddress": false, "url": "https://www.idealista.com/inmueble/93156399/", "distance": "802", "hasVideo": false, "status": "renew", "newDevelopment": false, "parkingSpace": {"hasParkingSpace": true, "isParkingSpaceIncludedInPrice": true}, "priceByArea": 5067.0, "detailedType": {"typology": "chalet"}, "suggestedTexts": {"subtitle": "Sant Gervasi - La Bonanova, Barcelona", "title": "Chalet"}, "hasPlan": false, "has3DTour": false, "has360": false, "hasStaging": false, "topNewDevelopment": false}, {"propertyCode": "91402227", "thumbnail": "https://img3.idealista.com/blur/WEB_LISTING/0/id.pro.es.image.master/c8/c5/26/813735703.jpg", "externalReference": "4332", "numPhotos": 36, "price": 890000.0, "propertyType": "chalet", "operation": "sale", "size": 224.0, "exterior": false, "rooms": 4, "bathrooms": 3, "address": "barrio Vallvidrera - El Tibidabo i les Planes", "province": "Barcelona", "municipality": "Barcelona", "district": "Sarri\u00e0-Sant Gervasi", "country": "es", "neighborhood": "Vallvidrera - El Tibidabo i les Planes", "latitude": 41.4152586, "longitude": 2.1117102, "showAddress": false, "url": "https://www.idealista.com/inmueble/91402227/", "distance": "670", "hasVideo": false, "status": "good", "newDevelopment": false, "parkingSpace": {"hasParkingSpace": true, "isParkingSpaceIncludedInPrice": true}, "priceByArea": 3973.0, "detailedType": {"typology": "chalet", "subTypology": "semidetachedHouse"}, "suggestedTexts": {"subtitle": "Vallvidrera - El Tibidabo i les Planes, Barcelona", "title": "Chalet pareado"}, "hasPlan": false, "has3DTour": false, "has360": false, "hasStaging": false, "topNewDevelopment": false}, {"propertyCode": "89186452", "thumbnail": "https://img3.idealista.com/blur/WEB_LISTING/0/id.pro.es.image.master/ed/b8/73/765284814.jpg", "numPhotos": 26, "price": 2350000.0, "propertyType": "chalet", "operation": "sale", "size": 584.0, "exterior": false, "rooms": 5, "bathrooms": 5, "address": "Calle GAZIEL, 31", "province": "Barcelona", "municipality": "Barcelona", "district": "Sarri\u00e0-Sant Gervasi", "country": "es", "neighborhood": "Sant Gervasi - La Bonanova", "latitude": 41.4109488, "longitude": 2.1230358, "showAddress": true, "url": "https://www.idealista.com/inmueble/89186452/", "distance": "740", "hasVideo": false, "status": "good", "newDevelopment": false, "parkingSpace": {"hasParkingSpace": true, "isParkingSpaceIncludedInPrice": true}, "priceByArea": 4024.0, "detailedType": {"typology": "chalet", "subTypology": "semidetachedHouse"}, "suggestedTexts": {"subtitle": "Sant Gervasi - La Bonanova, Barcelona", "title": "Chalet pareado en Calle GAZIEL, 31"}, "hasPlan": false, "has3DTour": false, "has360": false, "hasStaging": false, "topNewDevelopment": false}, {"propertyCode": "90396911", "thumbnail": "https://img3.idealista.com/blur/WEB_LISTING/0/id.pro.es.image.master/11/59/e3/846508494.jpg", "externalReference": "TU909MC", "numPhotos": 41, "floor": "bj", "price": 1100000.0, "propertyType": "duplex", "operation": "sale", "size": 265.0, "exterior": true, "rooms": 4, "bathrooms": 3, "address": "Calle de Teodor Roviralta", "province": "Barcelona", "municipality": "Barcelona", "district": "Sarri\u00e0-Sant Gervasi", "country": "es", "neighborhood": "Sant Gervasi - La Bonanova", "latitude": 41.4162985, "longitude": 2.1283214, "showAddress": false, "url": "https://www.idealista.com/inmueble/90396911/", "distance": "748", "hasVideo": true, "status": "good", "newDevelopment": false, "hasLift": true, "parkingSpace": {"hasParkingSpace": true, "isParkingSpaceIncludedInPrice": true}, "priceByArea": 4151.0, "detailedType": {"typology": "flat", "subTypology": "duplex"}, "suggestedTexts": {"subtitle": "Sant Gervasi - La Bonanova, Barcelona", "title": "D\u00faplex en Calle de Teodor Roviralta"}, "hasPlan": false, "has3DTour": false, "has360": false, "hasStaging": false, "topNewDevelopment": false}, {"propertyCode": "84831479", "thumbnail": "https://img3.idealista.com/blur/WEB_LISTING/0/id.pro.es.image.master/46/db/7d/647829445.jpg", "externalReference": "SP113AS", "numPhotos": 35, "floor": "1", "price": 2450000.0, "propertyType": "flat", "operation": "sale", "size": 274.0, "exterior": true, "rooms": 4, "bathrooms": 3, "address": "barrio Sant Gervasi - La Bonanova", "province": "Barcelona", "municipality": "Barcelona", "district": "Sarri\u00e0-Sant Gervasi", "country": "es", "neighborhood": "Sant Gervasi - La Bonanova", "latitude": 41.4130018, "longitude": 2.1235247, "showAddress": false, "url": "https://www.idealista.com/inmueble/84831479/", "distance": "564", "hasVideo": false, "status": "good", "newDevelopment": false, "hasLift": true, "parkingSpace": {"hasParkingSpace": true, "isParkingSpaceIncludedInPrice": true}, "priceByArea": 8942.0, "detailedType": {"typology": "flat"}, "suggestedTexts": {"subtitle": "Sant Gervasi - La Bonanova, Barcelona", "title": "Piso"}, "hasPlan": false, "has3DTour": false, "has360": false, "hasStaging": false, "topNewDevelopment": false}, {"propertyCode": "34234916", "thumbnail": "https://img3.idealista.com/blur/WEB_LISTING/0/id.pro.es.image.master/57/05/c9/258841462.jpg", "externalReference": "SP283JO", "numPhotos": 31, "price": 6800000.0, "propertyType": "chalet", "operation": "sale", "size": 870.0, "exterior": false, "rooms": 5, "bathrooms": 7, "address": "barrio Sant Gervasi - La Bonanova", "province": "Barcelona", "municipality": "Barcelona", "district": "Sarri\u00e0-Sant Gervasi", "country": "es", "neighborhood": "Sant Gervasi - La Bonanova", "latitude": 41.413874, "longitude": 2.1276171, "showAddress": false, "url": "https://www.idealista.com/inmueble/34234916/", "distance": "769", "hasVideo": false, "status": "good", "newDevelopment": false, "parkingSpace": {"hasParkingSpace": true, "isParkingSpaceIncludedInPrice": true}, "priceByArea": 7816.0, "detailedType": {"typology": "chalet", "subTypology": "independantHouse"}, "suggestedTexts": {"subtitle": "Sant Gervasi - La Bonanova, Barcelona", "title": "Casa independiente"}, "hasPlan": false, "has3DTour": false, "has360": false, "hasStaging": false, "topNewDevelopment": false}, {"propertyCode": "91074131", "thumbnail": "https://img3.idealista.com/blur/WEB_LISTING/0/id.pro.es.image.master/75/1d/1e/806198275.jpg", "externalReference": "Ho20-37", "numPhotos": 36, "price": 890000.0, "propertyType": "chalet", "operation": "sale", "size": 224.0, "exterior": false, "rooms": 4, "bathrooms": 3, "address": "Calle del Parc de la Budellera", "province": "Barcelona", "municipality": "Barcelona", "district": "Sarri\u00e0-Sant Gervasi", "country": "es", "neighborhood": "Vallvidrera - El Tibidabo i les Planes", "latitude": 41.4175586, "longitude": 2.1099102, "showAddress": false, "url": "https://www.idealista.com/inmueble/91074131/", "distance": "793", "hasVideo": false, "status": "good", "newDevelopment": false, "parkingSpace": {"hasParkingSpace": true, "isParkingSpaceIncludedInPrice": true}, "priceByArea": 3973.0, "detailedType": {"typology": "chalet", "subTypology": "semidetachedHouse"}, "suggestedTexts": {"subtitle": "Vallvidrera - El Tibidabo i les Planes, Barcelona", "title": "Chalet pareado en Calle del Parc de la Budellera"}, "hasPlan": true, "has3DTour": true, "has360": false, "hasStaging": false, "topNewDevelopment": false}, {"propertyCode": "90832102", "thumbnail": "https://img3.idealista.com/blur/WEB_LISTING/0/id.pro.es.image.master/ee/14/d8/799614426.jpg", "externalReference": "W-02APLQ", "numPhotos": 46, "price": 2975000.0, "propertyType": "chalet", "operation": "sale", "size": 554.0, "exterior": false, "rooms": 5, "bathrooms": 5, "address": "barrio Sarri\u00e0", "province": "Barcelona", "municipality": "Barcelona", "district": "Sarri\u00e0-Sant Gervasi", "country": "es", "neighborhood": "Sarri\u00e0", "latitude": 41.40948, "longitude": 2.11695, "showAddress": false, "url": "https://www.idealista.com/inmueble/90832102/", "distance": "863", "hasVideo": false, "status": "good", "newDevelopment": false, "parkingSpace": {"hasParkingSpace": true, "isParkingSpaceIncludedInPrice": true}, "priceByArea": 5370.0, "detailedType": {"typology": "chalet", "subTypology": "independantHouse"}, "suggestedTexts": {"subtitle": "Sarri\u00e0, Barcelona", "title": "Casa independiente"}, "hasPlan": true, "has3DTour": false, "has360": true, "hasStaging": false, "topNewDevelopment": false}, {"propertyCode": "93215144", "thumbnail": "https://img3.idealista.com/blur/WEB_LISTING/0/id.pro.es.image.master/32/5b/27/857191055.jpg", "externalReference": "PVBB090321", "numPhotos": 74, "floor": "1", "price": 1290000.0, "propertyType": "flat", "operation": "sale", "size": 145.0, "exterior": true, "rooms": 3, "bathrooms": 2, "address": "bellesguard", "province": "Barcelona", "municipality": "Barcelona", "district": "Sarri\u00e0-Sant Gervasi", "country": "es", "neighborhood": "Sant Gervasi - La Bonanova", "latitude": 41.4104579, "longitude": 2.1231427, "showAddress": false, "url": "https://www.idealista.com/inmueble/93215144/", "distance": "794", "hasVideo": true, "status": "good", "newDevelopment": false, "hasLift": true, "parkingSpace": {"hasParkingSpace": true, "isParkingSpaceIncludedInPrice": true}, "priceByArea": 8897.0, "detailedType": {"typology": "flat"}, "suggestedTexts": {"subtitle": "Sant Gervasi - La Bonanova, Barcelona", "title": "Piso en bellesguard"}, "hasPlan": true, "has3DTour": false, "has360": false, "hasStaging": false, "topNewDevelopment": false}, {"propertyCode": "91910721", "thumbnail": "https://img3.idealista.com/blur/WEB_LISTING/0/id.pro.es.image.master/ce/e4/af/826245829.jpg", "externalReference": "002647", "numPhotos": 72, "floor": "bj", "price": 1150000.0, "propertyType": "chalet", "operation": "sale", "size": 376.0, "exterior": false, "rooms": 4, "bathrooms": 3, "address": "barrio Sarri\u00e0", "province": "Barcelona", "municipality": "Barcelona", "district": "Sarri\u00e0-Sant Gervasi", "country": "es", "neighborhood": "Sarri\u00e0", "latitude": 41.411451, "longitude": 2.1131519, "showAddress": false, "url": "https://www.idealista.com/inmueble/91910721/", "distance": "809", "hasVideo": true, "status": "renew", "newDevelopment": false, "parkingSpace": {"hasParkingSpace": true, "isParkingSpaceIncludedInPrice": true}, "priceByArea": 3059.0, "detailedType": {"typology": "chalet"}, "suggestedTexts": {"subtitle": "Sarri\u00e0, Barcelona", "title": "Chalet"}, "hasPlan": true, "has3DTour": false, "has360": true, "hasStaging": false, "topNewDevelopment": false}, {"propertyCode": "92077481", "thumbnail": "https://img3.idealista.com/blur/WEB_LISTING/0/id.pro.es.image.master/b4/2b/6d/830354015.jpg", "externalReference": "BCN26615", "numPhotos": 35, "price": 890000.0, "propertyType": "chalet", "operation": "sale", "size": 224.0, "exterior": false, "rooms": 4, "bathrooms": 3, "address": "barrio Vallvidrera - El Tibidabo i les Planes", "province": "Barcelona", "municipality": "Barcelona", "district": "Sarri\u00e0-Sant Gervasi", "country": "es", "neighborhood": "Vallvidrera - El Tibidabo i les Planes", "latitude": 41.4151586, "longitude": 2.1102102, "showAddress": false, "url": "https://www.idealista.com/inmueble/92077481/", "distance": "793", "hasVideo": false, "status": "good", "newDevelopment": false, "parkingSpace": {"hasParkingSpace": true, "isParkingSpaceIncludedInPrice": true}, "priceByArea": 3973.0, "detailedType": {"typology": "chalet"}, "suggestedTexts": {"subtitle": "Vallvidrera - El Tibidabo i les Planes, Barcelona", "title": "Chalet"}, "hasPlan": true, "has3DTour": false, "has360": false, "hasStaging": false, "topNewDevelopment": false}, {"propertyCode": "91865875", "thumbnail": "https://img3.idealista.com/blur/WEB_LISTING/0/id.pro.es.image.master/f0/03/5c/843396551.jpg", "externalReference": "CO-253", "numPhotos": 38, "floor": "1", "price": 1200000.0, "propertyType": "flat", "operation": "sale", "size": 135.0, "exterior": true, "rooms": 3, "bathrooms": 2, "address": "Calle de Bellesguard", "province": "Barcelona", "municipality": "Barcelona", "district": "Sarri\u00e0-Sant Gervasi", "country": "es", "neighborhood": "Sant Gervasi - La Bonanova", "latitude": 41.4134985, "longitude": 2.1207907, "showAddress": false, "url": "https://www.idealista.com/inmueble/91865875/", "distance": "409", "hasVideo": false, "status": "good", "newDevelopment": false, "hasLift": true, "parkingSpace": {"hasParkingSpace": true, "isParkingSpaceIncludedInPrice": true}, "priceByArea": 8889.0, "detailedType": {"typology": "flat"}, "suggestedTexts": {"subtitle": "Sant Gervasi - La Bonanova, Barcelona", "title": "Piso en Calle de Bellesguard"}, "hasPlan": false, "has3DTour": false, "has360": false, "hasStaging": false, "topNewDevelopment": false}, {"propertyCode": "88852590", "thumbnail": "https://img3.idealista.com/blur/WEB_LISTING/0/id.pro.es.image.master/80/ce/4c/757031973.jpg", "externalReference": "BV711", "numPhotos": 76, "floor": "1", "price": 1290000.0, "propertyType": "flat", "operation": "sale", "size": 145.0, "exterior": true, "rooms": 3, "bathrooms": 2, "address": "Calle de Bellesguard", "province": "Barcelona", "municipality": "Barcelona", "district": "Sarri\u00e0-Sant Gervasi", "country": "es", "neighborhood": "Sant Gervasi - La Bonanova", "latitude": 41.4135614, "longitude": 2.123098, "showAddress": false, "url": "https://www.idealista.com/inmueble/88852590/", "distance": "493", "hasVideo": true, "status": "good", "newDevelopment": false, "hasLift": true, "parkingSpace": {"hasParkingSpace": true, "isParkingSpaceIncludedInPrice": true}, "priceByArea": 8897.0, "detailedType": {"typology": "flat"}, "suggestedTexts": {"subtitle": "Sant Gervasi - La Bonanova, Barcelona", "title": "Piso en Calle de Bellesguard"}, "hasPlan": true, "has3DTour": false, "has360": false, "hasStaging": true, "topNewDevelopment": false}, {"propertyCode": "92505424", "thumbnail": "https://img3.idealista.com/blur/WEB_LISTING/0/id.pro.es.image.master/36/05/f9/841265481.jpg", "externalReference": "AR1370", "numPhotos": 39, "price": 2425000.0, "propertyType": "chalet", "operation": "sale", "size": 507.0, "exterior": false, "rooms": 6, "bathrooms": 5, "address": "Calle de Gaziel", "province": "Barcelona", "municipality": "Barcelona", "district": "Sarri\u00e0-Sant Gervasi", "country": "es", "neighborhood": "Sant Gervasi - La Bonanova", "latitude": 41.4120488, "longitude": 2.1239358, "showAddress": false, "url": "https://www.idealista.com/inmueble/92505424/", "distance": "670", "hasVideo": false, "status": "good", "newDevelopment": false, "parkingSpace": {"hasParkingSpace": true, "isParkingSpaceIncludedInPrice": true}, "priceByArea": 4783.0, "detailedType": {"typology": "chalet", "subTypology": "semidetachedHouse"}, "suggestedTexts": {"subtitle": "Sant Gervasi - La Bonanova, Barcelona", "title": "Chalet pareado en Calle de Gaziel"}, "hasPlan": true, "has3DTour": false, "has360": true, "hasStaging": false, "topNewDevelopment": false}, {"propertyCode": "88971501", "thumbnail": "https://img3.idealista.com/blur/WEB_LISTING/0/id.pro.es.image.master/eb/ef/03/760043881.jpg", "externalReference": "V02093", "numPhotos": 60, "price": 1950000.0, "propertyType": "chalet", "operation": "sale", "size": 286.0, "exterior": false, "rooms": 5, "bathrooms": 4, "address": "Gaziel", "province": "Barcelona", "municipality": "Barcelona", "district": "Sarri\u00e0-Sant Gervasi", "country": "es", "neighborhood": "Sant Gervasi - La Bonanova", "latitude": 41.4133349, "longitude": 2.1210368, "showAddress": false, "url": "https://www.idealista.com/inmueble/88971501/", "distance": "432", "hasVideo": false, "status": "good", "newDevelopment": false, "parkingSpace": {"hasParkingSpace": true, "isParkingSpaceIncludedInPrice": true}, "priceByArea": 6818.0, "detailedType": {"typology": "chalet", "subTypology": "independantHouse"}, "suggestedTexts": {"subtitle": "Sant Gervasi - La Bonanova, Barcelona", "title": "Casa independiente en Gaziel"}, "hasPlan": false, "has3DTour": false, "has360": false, "hasStaging": false, "topNewDevelopment": false}, {"propertyCode": "92532453", "thumbnail": "https://img3.idealista.com/blur/WEB_LISTING/0/id.pro.es.image.master/84/2d/57/841941223.jpg", "externalReference": "W-02KMSC", "numPhotos": 35, "floor": "3", "price": 1390000.0, "propertyType": "flat", "operation": "sale", "size": 125.0, "exterior": false, "rooms": 3, "bathrooms": 2, "address": "barrio Sant Gervasi - La Bonanova", "province": "Barcelona", "municipality": "Barcelona", "district": "Sarri\u00e0-Sant Gervasi", "country": "es", "neighborhood": "Sant Gervasi - La Bonanova", "latitude": 41.4109252, "longitude": 2.1249739, "showAddress": false, "url": "https://www.idealista.com/inmueble/92532453/", "distance": "822", "hasVideo": false, "status": "good", "newDevelopment": false, "hasLift": true, "parkingSpace": {"hasParkingSpace": true, "isParkingSpaceIncludedInPrice": true}, "priceByArea": 11120.0, "detailedType": {"typology": "flat"}, "suggestedTexts": {"subtitle": "Sant Gervasi - La Bonanova, Barcelona", "title": "Piso"}, "hasPlan": false, "has3DTour": false, "has360": false, "hasStaging": false, "topNewDevelopment": false}, {"propertyCode": "87668823", "thumbnail": "https://img3.idealista.com/blur/WEB_LISTING/0/id.pro.es.image.master/ef/f3/1b/755896790.jpg", "externalReference": "W-022TIH", "numPhotos": 27, "price": 2750000.0, "propertyType": "chalet", "operation": "sale", "size": 880.0, "exterior": false, "rooms": 6, "bathrooms": 6, "address": "barrio Vallvidrera - El Tibidabo i les Planes", "province": "Barcelona", "municipality": "Barcelona", "district": "Sarri\u00e0-Sant Gervasi", "country": "es", "neighborhood": "Vallvidrera - El Tibidabo i les Planes", "latitude": 41.4163452, "longitude": 2.1095745, "showAddress": false, "url": "https://www.idealista.com/inmueble/87668823/", "distance": "822", "hasVideo": false, "status": "good", "newDevelopment": false, "parkingSpace": {"hasParkingSpace": true, "isParkingSpaceIncludedInPrice": true}, "priceByArea": 3125.0, "detailedType": {"typology": "chalet", "subTypology": "independantHouse"}, "suggestedTexts": {"subtitle": "Vallvidrera - El Tibidabo i les Planes, Barcelona", "title": "Casa independiente"}, "hasPlan": false, "has3DTour": false, "has360": false, "hasStaging": false, "topNewDevelopment": false}, {"propertyCode": "92609604", "thumbnail": "https://img3.idealista.com/blur/WEB_LISTING/0/id.pro.es.image.master/13/c5/4b/843933001.jpg", "externalReference": "rot2651", "numPhotos": 29, "floor": "3", "price": 265000.0, "propertyType": "flat", "operation": "sale", "size": 65.0, "exterior": true, "rooms": 2, "bathrooms": 1, "address": "barrio Sant Gervasi - La Bonanova", "province": "Barcelona", "municipality": "Barcelona", "district": "Sarri\u00e0-Sant Gervasi", "country": "es", "neighborhood": "Sant Gervasi - La Bonanova", "latitude": 41.4113024, "longitude": 2.1218647, "showAddress": false, "url": "https://www.idealista.com/inmueble/92609604/", "distance": "669", "hasVideo": true, "status": "good", "newDevelopment": false, "hasLift": false, "priceByArea": 4077.0, "detailedType": {"typology": "flat"}, "suggestedTexts": {"subtitle": "Sant Gervasi - La Bonanova, Barcelona", "title": "Piso"}, "hasPlan": true, "has3DTour": false, "has360": false, "hasStaging": false, "topNewDevelopment": false}, {"propertyCode": "91748190", "thumbnail": "https://img3.idealista.com/blur/WEB_LISTING/0/id.pro.es.image.master/ac/f8/8c/822304960.jpg", "externalReference": "V-CO-BELLESGUARD", "numPhotos": 51, "floor": "1", "price": 1200000.0, "propertyType": "flat", "operation": "sale", "size": 115.0, "exterior": true, "rooms": 3, "bathrooms": 2, "address": "Calle de Bellesguard", "province": "Barcelona", "municipality": "Barcelona", "district": "Sarri\u00e0-Sant Gervasi", "country": "es", "neighborhood": "Sant Gervasi - La Bonanova", "latitude": 41.4104985, "longitude": 2.1231907, "showAddress": false, "url": "https://www.idealista.com/inmueble/91748190/", "distance": "791", "hasVideo": false, "status": "good", "newDevelopment": false, "hasLift": true, "parkingSpace": {"hasParkingSpace": true, "isParkingSpaceIncludedInPrice": true}, "priceByArea": 10435.0, "detailedType": {"typology": "flat"}, "suggestedTexts": {"subtitle": "Sant Gervasi - La Bonanova, Barcelona", "title": "Piso en Calle de Bellesguard"}, "hasPlan": false, "has3DTour": false, "has360": false, "hasStaging": false, "topNewDevelopment": false}, {"propertyCode": "81880690", "thumbnail": "https://img3.idealista.com/blur/WEB_LISTING/0/id.pro.es.image.master/f7/10/81/731317969.jpg", "externalReference": "v00145-FOCM1", "numPhotos": 75, "price": 8000000.0, "propertyType": "chalet", "operation": "sale", "size": 894.0, "exterior": false, "rooms": 5, "bathrooms": 5, "address": "Avenida del Tibidabo, Barcelona", "province": "Barcelona", "municipality": "Barcelona", "district": "Sarri\u00e0-Sant Gervasi", "country": "es", "neighborhood": "Sant Gervasi - La Bonanova", "latitude": 41.4160012, "longitude": 2.1275926, "showAddress": false, "url": "https://www.idealista.com/inmueble/81880690/", "distance": "692", "hasVideo": false, "status": "good", "newDevelopment": false, "parkingSpace": {"hasParkingSpace": true, "isParkingSpaceIncludedInPrice": true}, "priceByArea": 8949.0, "detailedType": {"typology": "chalet", "subTypology": "independantHouse"}, "suggestedTexts": {"subtitle": "Sant Gervasi - La Bonanova, Barcelona", "title": "Casa independiente en Avenida del Tibidabo, Barcelona"}, "hasPlan": false, "has3DTour": false, "has360": false, "hasStaging": false, "topNewDevelopment": false}, {"propertyCode": "82460833", "thumbnail": "https://img3.idealista.com/blur/WEB_LISTING/0/id.pro.es.image.master/57/3b/cf/277102524.jpg", "externalReference": "Carlesribame", "numPhotos": 29, "floor": "bj", "price": 2350000.0, "propertyType": "duplex", "operation": "sale", "size": 280.0, "exterior": true, "rooms": 5, "bathrooms": 4, "address": "carles riba", "province": "Barcelona", "municipality": "Barcelona", "district": "Sarri\u00e0-Sant Gervasi", "country": "es", "neighborhood": "Sant Gervasi - La Bonanova", "latitude": 41.4112018, "longitude": 2.1239247, "showAddress": false, "url": "https://www.idealista.com/inmueble/82460833/", "distance": "749", "hasVideo": false, "status": "good", "newDevelopment": false, "hasLift": true, "parkingSpace": {"hasParkingSpace": true, "isParkingSpaceIncludedInPrice": true}, "priceByArea": 8393.0, "detailedType": {"typology": "flat", "subTypology": "duplex"}, "suggestedTexts": {"subtitle": "Sant Gervasi - La Bonanova, Barcelona", "title": "D\u00faplex en carles riba"}, "hasPlan": false, "has3DTour": false, "has360": false, "hasStaging": false, "topNewDevelopment": false}, {"propertyCode": "91807579", "thumbnail": "https://img3.idealista.com/blur/WEB_LISTING/0/id.pro.es.image.master/14/ab/36/823783551.jpg", "externalReference": "244234", "numPhotos": 31, "floor": "bj", "price": 1900000.0, "propertyType": "chalet", "operation": "sale", "size": 390.0, "exterior": false, "rooms": 6, "bathrooms": 4, "address": "barrio Sant Gervasi - La Bonanova", "province": "Barcelona", "municipality": "Barcelona", "district": "Sarri\u00e0-Sant Gervasi", "country": "es", "neighborhood": "Sant Gervasi - La Bonanova", "latitude": 41.4097494, "longitude": 2.1226223, "showAddress": false, "url": "https://www.idealista.com/inmueble/91807579/", "distance": "852", "hasVideo": false, "status": "good", "newDevelopment": false, "priceByArea": 4872.0, "detailedType": {"typology": "chalet", "subTypology": "terracedHouse"}, "suggestedTexts": {"subtitle": "Sant Gervasi - La Bonanova, Barcelona", "title": "Chalet adosado"}, "hasPlan": false, "has3DTour": false, "has360": false, "hasStaging": false, "topNewDevelopment": false}, {"propertyCode": "91558005", "thumbnail": "https://img3.idealista.com/blur/WEB_LISTING/0/id.pro.es.image.master/91/3f/57/817438616.jpg", "externalReference": "BCN261", "numPhotos": 21, "floor": "bj", "price": 1150000.0, "propertyType": "chalet", "operation": "sale", "size": 500.0, "exterior": false, "rooms": 5, "bathrooms": 3, "address": "barrio Sarri\u00e0", "province": "Barcelona", "municipality": "Barcelona", "district": "Sarri\u00e0-Sant Gervasi", "country": "es", "neighborhood": "Sarri\u00e0", "latitude": 41.4111965, "longitude": 2.1140643, "showAddress": false, "url": "https://www.idealista.com/inmueble/91558005/", "distance": "786", "hasVideo": true, "status": "renew", "newDevelopment": false, "priceByArea": 2300.0, "detailedType": {"typology": "chalet"}, "suggestedTexts": {"subtitle": "Sarri\u00e0, Barcelona", "title": "Chalet"}, "hasPlan": true, "has3DTour": false, "has360": false, "hasStaging": false, "topNewDevelopment": false}, {"propertyCode": "91140132", "thumbnail": "https://img3.idealista.com/blur/WEB_LISTING/0/id.pro.es.image.master/70/96/48/807660204.jpg", "externalReference": "897", "numPhotos": 26, "price": 850000.0, "propertyType": "chalet", "operation": "sale", "size": 170.0, "exterior": false, "rooms": 5, "bathrooms": 3, "address": "Calle de la Font del Mont", "province": "Barcelona", "municipality": "Barcelona", "district": "Sarri\u00e0-Sant Gervasi", "country": "es", "neighborhood": "Vallvidrera - El Tibidabo i les Planes", "latitude": 41.4133678, "longitude": 2.1113998, "showAddress": false, "url": "https://www.idealista.com/inmueble/91140132/", "distance": "781", "hasVideo": false, "status": "good", "newDevelopment": false, "priceByArea": 5000.0, "detailedType": {"typology": "chalet", "subTypology": "independantHouse"}, "suggestedTexts": {"subtitle": "Vallvidrera - El Tibidabo i les Planes, Barcelona", "title": "Casa independiente en Calle de la Font del Mont"}, "hasPlan": false, "has3DTour": false, "has360": false, "hasStaging": false, "topNewDevelopment": false}, {"propertyCode": "88871452", "thumbnail": "https://img3.idealista.com/blur/WEB_LISTING/0/id.pro.es.image.master/8d/e2/b6/757521013.jpg", "externalReference": "VILANA -GRAZIEL", "numPhotos": 31, "price": 2350000.0, "propertyType": "chalet", "operation": "sale", "size": 585.0, "exterior": false, "rooms": 6, "bathrooms": 4, "address": "GRAZIEL", "province": "Barcelona", "municipality": "Barcelona", "district": "Sarri\u00e0-Sant Gervasi", "country": "es", "neighborhood": "Sant Gervasi - La Bonanova", "latitude": 41.4127488, "longitude": 2.1232358, "showAddress": false, "url": "https://www.idealista.com/inmueble/88871452/", "distance": "573", "hasVideo": false, "status": "good", "newDevelopment": false, "parkingSpace": {"hasParkingSpace": true, "isParkingSpaceIncludedInPrice": true}, "priceByArea": 4017.0, "detailedType": {"typology": "chalet", "subTypology": "independantHouse"}, "suggestedTexts": {"subtitle": "Sant Gervasi - La Bonanova, Barcelona", "title": "Casa independiente en GRAZIEL"}, "hasPlan": false, "has3DTour": false, "has360": false, "hasStaging": false, "topNewDevelopment": false}, {"propertyCode": "87480600", "thumbnail": "https://img3.idealista.com/blur/WEB_LISTING/0/id.pro.es.image.master/00/93/40/722655667.jpg", "externalReference": "BCNP2502", "numPhotos": 22, "floor": "1", "price": 1290000.0, "propertyType": "flat", "operation": "sale", "size": 145.0, "exterior": true, "rooms": 3, "bathrooms": 2, "address": "barrio Sant Gervasi - La Bonanova", "province": "Barcelona", "municipality": "Barcelona", "district": "Sarri\u00e0-Sant Gervasi", "country": "es", "neighborhood": "Sant Gervasi - La Bonanova", "latitude": 41.41108, "longitude": 2.12427, "showAddress": false, "url": "https://www.idealista.com/inmueble/87480600/", "distance": "776", "hasVideo": true, "status": "good", "newDevelopment": false, "hasLift": true, "priceByArea": 8897.0, "detailedType": {"typology": "flat"}, "suggestedTexts": {"subtitle": "Sant Gervasi - La Bonanova, Barcelona", "title": "Piso"}, "hasPlan": false, "has3DTour": false, "has360": false, "hasStaging": false, "topNewDevelopment": false}, {"propertyCode": "86104553", "thumbnail": "https://img3.idealista.com/blur/WEB_LISTING/0/id.pro.es.image.master/47/6f/d6/683636188.jpg", "externalReference": "BCN10888V", "numPhotos": 23, "price": 2500000.0, "propertyType": "flat", "operation": "sale", "size": 244.0, "exterior": true, "rooms": 4, "bathrooms": 4, "address": "barrio Sant Gervasi - La Bonanova", "province": "Barcelona", "municipality": "Barcelona", "district": "Sarri\u00e0-Sant Gervasi", "country": "es", "neighborhood": "Sant Gervasi - La Bonanova", "latitude": 41.4105324, "longitude": 2.1246745, "showAddress": false, "url": "https://www.idealista.com/inmueble/86104553/", "distance": "845", "hasVideo": true, "status": "good", "newDevelopment": false, "hasLift": true, "priceByArea": 10246.0, "detailedType": {"typology": "flat"}, "suggestedTexts": {"subtitle": "Sant Gervasi - La Bonanova, Barcelona", "title": "Piso"}, "hasPlan": false, "has3DTour": false, "has360": false, "hasStaging": false, "topNewDevelopment": false}, {"propertyCode": "85668597", "thumbnail": "https://img3.idealista.com/blur/WEB_LISTING/0/id.pro.es.image.master/e1/da/17/677800822.jpg", "externalReference": "BCN10877V", "numPhotos": 23, "price": 1290000.0, "propertyType": "flat", "operation": "sale", "size": 130.0, "exterior": true, "rooms": 3, "bathrooms": 2, "address": "barrio Sant Gervasi - La Bonanova", "province": "Barcelona", "municipality": "Barcelona", "district": "Sarri\u00e0-Sant Gervasi", "country": "es", "neighborhood": "Sant Gervasi - La Bonanova", "latitude": 41.4112344, "longitude": 2.1223886, "showAddress": false, "url": "https://www.idealista.com/inmueble/85668597/", "distance": "690", "hasVideo": true, "status": "good", "newDevelopment": false, "hasLift": true, "priceByArea": 9923.0, "detailedType": {"typology": "flat"}, "suggestedTexts": {"subtitle": "Sant Gervasi - La Bonanova, Barcelona", "title": "Piso"}, "hasPlan": false, "has3DTour": false, "has360": false, "hasStaging": false, "topNewDevelopment": false}, {"propertyCode": "36884379", "thumbnail": "https://img3.idealista.com/blur/WEB_LISTING/0/id.pro.es.image.master/c9/71/b1/205712638.jpg", "numPhotos": 27, "price": 2960000.0, "propertyType": "chalet", "operation": "sale", "size": 390.0, "exterior": false, "rooms": 5, "bathrooms": 3, "address": "barrio Sant Gervasi - La Bonanova", "province": "Barcelona", "municipality": "Barcelona", "district": "Sarri\u00e0-Sant Gervasi", "country": "es", "neighborhood": "Sant Gervasi - La Bonanova", "latitude": 41.4130746, "longitude": 2.124131, "showAddress": false, "url": "https://www.idealista.com/inmueble/36884379/", "distance": "590", "hasVideo": false, "status": "good", "newDevelopment": false, "parkingSpace": {"hasParkingSpace": true, "isParkingSpaceIncludedInPrice": true}, "priceByArea": 7590.0, "detailedType": {"typology": "chalet", "subTypology": "terracedHouse"}, "suggestedTexts": {"subtitle": "Sant Gervasi - La Bonanova, Barcelona", "title": "Chalet adosado"}, "hasPlan": false, "has3DTour": false, "has360": false, "hasStaging": false, "topNewDevelopment": false}, {"propertyCode": "31563299", "thumbnail": "https://img3.idealista.com/blur/WEB_LISTING/0/id.pro.es.image.master/5d/37/a2/118498049.jpg", "externalReference": "2907AV", "numPhotos": 15, "price": 3000000.0, "propertyType": "chalet", "operation": "sale", "size": 600.0, "exterior": false, "rooms": 5, "bathrooms": 5, "address": "barrio Sarri\u00e0", "province": "Barcelona", "municipality": "Barcelona", "district": "Sarri\u00e0-Sant Gervasi", "country": "es", "neighborhood": "Sarri\u00e0", "latitude": 41.40973, "longitude": 2.12148, "showAddress": false, "url": "https://www.idealista.com/inmueble/31563299/", "distance": "829", "hasVideo": false, "status": "renew", "newDevelopment": false, "parkingSpace": {"hasParkingSpace": true, "isParkingSpaceIncludedInPrice": true}, "priceByArea": 5000.0, "detailedType": {"typology": "chalet", "subTypology": "independantHouse"}, "suggestedTexts": {"subtitle": "Sarri\u00e0, Barcelona", "title": "Casa independiente"}, "hasPlan": true, "has3DTour": false, "has360": false, "hasStaging": false, "topNewDevelopment": false}, {"propertyCode": "91412222", "thumbnail": "https://img3.idealista.com/blur/WEB_LISTING/0/id.pro.es.image.master/8c/1b/6f/813969567.jpg", "externalReference": "BN1-213", "numPhotos": 17, "price": 850000.0, "propertyType": "chalet", "operation": "sale", "size": 193.0, "exterior": false, "rooms": 6, "bathrooms": 3, "address": "Calle FONT DEL MONT", "province": "Barcelona", "municipality": "Barcelona", "district": "Sarri\u00e0-Sant Gervasi", "country": "es", "neighborhood": "Vallvidrera - El Tibidabo i les Planes", "latitude": 41.4155495, "longitude": 2.1130149, "showAddress": false, "url": "https://www.idealista.com/inmueble/91412222/", "distance": "557", "hasVideo": false, "status": "good", "newDevelopment": false, "priceByArea": 4404.0, "detailedType": {"typology": "chalet", "subTypology": "independantHouse"}, "suggestedTexts": {"subtitle": "Vallvidrera - El Tibidabo i les Planes, Barcelona", "title": "Casa independiente en Calle FONT DEL MONT"}, "hasPlan": false, "has3DTour": false, "has360": false, "hasStaging": false, "topNewDevelopment": false}, {"propertyCode": "82519408", "thumbnail": "https://img3.idealista.com/blur/WEB_LISTING/0/id.pro.es.image.master/53/75/4c/855707257.jpg", "externalReference": "1969", "numPhotos": 34, "price": 1295000.0, "propertyType": "chalet", "operation": "sale", "size": 300.0, "exterior": false, "rooms": 3, "bathrooms": 3, "address": "barrio Vallvidrera - El Tibidabo i les Planes", "province": "Barcelona", "municipality": "Barcelona", "district": "Sarri\u00e0-Sant Gervasi", "country": "es", "neighborhood": "Vallvidrera - El Tibidabo i les Planes", "latitude": 41.4162153, "longitude": 2.1108566, "showAddress": false, "url": "https://www.idealista.com/inmueble/82519408/", "distance": "717", "hasVideo": false, "status": "good", "newDevelopment": false, "parkingSpace": {"hasParkingSpace": true, "isParkingSpaceIncludedInPrice": true}, "priceByArea": 4317.0, "detailedType": {"typology": "chalet", "subTypology": "independantHouse"}, "suggestedTexts": {"subtitle": "Vallvidrera - El Tibidabo i les Planes, Barcelona", "title": "Casa independiente"}, "hasPlan": false, "has3DTour": false, "has360": false, "hasStaging": false, "topNewDevelopment": false}, {"propertyCode": "90159315", "thumbnail": "https://img3.idealista.com/blur/WEB_LISTING/0/id.pro.es.image.master/56/a5/17/855708599.jpg", "externalReference": "AKE0364", "numPhotos": 34, "floor": "1", "price": 1580000.0, "propertyType": "penthouse", "operation": "sale", "size": 203.0, "exterior": false, "rooms": 3, "bathrooms": 2, "address": "barrio Sant Gervasi - La Bonanova", "province": "Barcelona", "municipality": "Barcelona", "district": "Sarri\u00e0-Sant Gervasi", "country": "es", "neighborhood": "Sant Gervasi - La Bonanova", "latitude": 41.4133276, "longitude": 2.128461, "showAddress": false, "url": "https://www.idealista.com/inmueble/90159315/", "distance": "860", "hasVideo": false, "status": "good", "newDevelopment": false, "hasLift": true, "priceByArea": 7783.0, "detailedType": {"typology": "flat", "subTypology": "penthouse"}, "suggestedTexts": {"subtitle": "Sant Gervasi - La Bonanova, Barcelona", "title": "\u00c1tico"}, "hasPlan": false, "has3DTour": false, "has360": false, "hasStaging": false, "topNewDevelopment": false}, {"propertyCode": "86879721", "thumbnail": "https://img3.idealista.com/blur/WEB_LISTING/0/id.pro.es.image.master/44/8d/6e/705410074.jpg", "externalReference": "PJ-38", "numPhotos": 18, "floor": "1", "price": 1290000.0, "propertyType": "flat", "operation": "sale", "size": 145.0, "exterior": true, "rooms": 3, "bathrooms": 2, "address": "Calle de Bellesguard, 61", "province": "Barcelona", "municipality": "Barcelona", "district": "Sarri\u00e0-Sant Gervasi", "country": "es", "neighborhood": "Sant Gervasi - La Bonanova", "latitude": 41.4118168, "longitude": 2.1234498, "showAddress": true, "url": "https://www.idealista.com/inmueble/86879721/", "distance": "670", "hasVideo": false, "status": "good", "newDevelopment": false, "hasLift": true, "parkingSpace": {"hasParkingSpace": true, "isParkingSpaceIncludedInPrice": true}, "priceByArea": 8897.0, "detailedType": {"typology": "flat"}, "suggestedTexts": {"subtitle": "Sant Gervasi - La Bonanova, Barcelona", "title": "Piso en Calle de Bellesguard, 61"}, "hasPlan": false, "has3DTour": false, "has360": false, "hasStaging": false, "topNewDevelopment": false}, {"propertyCode": "91238530", "thumbnail": "https://img3.idealista.com/blur/WEB_LISTING/0/id.pro.es.image.master/ae/b4/e0/816145285.jpg", "externalReference": "C2-192", "numPhotos": 19, "price": 1900000.0, "propertyType": "chalet", "operation": "sale", "size": 370.0, "exterior": false, "rooms": 5, "bathrooms": 4, "address": "Calle de Gaziel", "province": "Barcelona", "municipality": "Barcelona", "district": "Sarri\u00e0-Sant Gervasi", "country": "es", "neighborhood": "Sant Gervasi - La Bonanova", "latitude": 41.4106494, "longitude": 2.1242223, "showAddress": false, "url": "https://www.idealista.com/inmueble/91238530/", "distance": "815", "hasVideo": false, "status": "good", "newDevelopment": false, "parkingSpace": {"hasParkingSpace": true, "isParkingSpaceIncludedInPrice": true}, "priceByArea": 5135.0, "detailedType": {"typology": "chalet", "subTypology": "semidetachedHouse"}, "suggestedTexts": {"subtitle": "Sant Gervasi - La Bonanova, Barcelona", "title": "Chalet pareado en Calle de Gaziel"}, "hasPlan": false, "has3DTour": false, "has360": false, "hasStaging": false, "topNewDevelopment": false}, {"propertyCode": "91794746", "thumbnail": "https://img3.idealista.com/blur/WEB_LISTING/0/id.pro.es.image.master/98/af/8e/823466611.jpg", "externalReference": "PV584T", "numPhotos": 17, "floor": "3", "price": 1390000.0, "propertyType": "flat", "operation": "sale", "size": 120.0, "exterior": false, "rooms": 3, "bathrooms": 2, "address": "barrio Sant Gervasi - La Bonanova", "province": "Barcelona", "municipality": "Barcelona", "district": "Sarri\u00e0-Sant Gervasi", "country": "es", "neighborhood": "Sant Gervasi - La Bonanova", "latitude": 41.41186, "longitude": 2.12108, "showAddress": false, "url": "https://www.idealista.com/inmueble/91794746/", "distance": "591", "hasVideo": false, "status": "good", "newDevelopment": false, "hasLift": true, "priceByArea": 11583.0, "detailedType": {"typology": "flat"}, "suggestedTexts": {"subtitle": "Sant Gervasi - La Bonanova, Barcelona", "title": "Piso"}, "hasPlan": false, "has3DTour": false, "has360": false, "hasStaging": false, "topNewDevelopment": false}]