[{"propertyCode": "90495287", "thumbnail": "https://img3.idealista.com/blur/WEB_LISTING/0/id.pro.es.image.master/94/5f/9f/795875929.jpg", "externalReference": "B07298BA", "numPhotos": 40, "floor": "bj", "price": 1750000.0, "propertyType": "chalet", "operation": "sale", "size": 380.0, "exterior": false, "rooms": 5, "bathrooms": 5, "address": "barrio Sarri\u00e0", "province": "Barcelona", "municipality": "Barcelona", "district": "Sarri\u00e0-Sant Gervasi", "country": "es", "neighborhood": "Sarri\u00e0", "latitude": 41.4012851, "longitude": 2.108661, "showAddress": false, "url": "https://www.idealista.com/inmueble/90495287/", "distance": "2996", "hasVideo": true, "status": "good", "newDevelopment": false, "parkingSpace": {"hasParkingSpace": true, "isParkingSpaceIncludedInPrice": true}, "priceByArea": 4605.0, "detailedType": {"typology": "chalet"}, "suggestedTexts": {"subtitle": "Sarri\u00e0, Barcelona", "title": "Chalet"}, "hasPlan": true, "has3DTour": false, "has360": true, "hasStaging": false, "topNewDevelopment": false}, {"propertyCode": "87817365", "thumbnail": "https://img3.idealista.com/blur/WEB_LISTING/0/id.pro.es.image.master/36/b1/c9/732768562.jpg", "externalReference": "4307", "numPhotos": 53, "price": 650000.0, "propertyType": "chalet", "operation": "sale", "size": 304.0, "exterior": false, "rooms": 4, "bathrooms": 4, "address": "barrio Vallvidrera - El Tibidabo i les Planes", "province": "Barcelona", "municipality": "Barcelona", "district": "Sarri\u00e0-Sant Gervasi", "country": "es", "neighborhood": "Vallvidrera - El Tibidabo i les Planes", "latitude": 41.4148924, "longitude": 2.0946575, "showAddress": false, "url": "https://www.idealista.com/inmueble/87817365/", "distance": "1317", "hasVideo": true, "status": "good", "newDevelopment": false, "parkingSpace": {"hasParkingSpace": true, "isParkingSpaceIncludedInPrice": true}, "priceByArea": 2138.0, "detailedType": {"typology": "chalet", "subTypology": "independantHouse"}, "suggestedTexts": {"subtitle": "Vallvidrera - El Tibidabo i les Planes, Barcelona", "title": "Casa independiente"}, "hasPlan": true, "has3DTour": false, "has360": true, "hasStaging": true, "topNewDevelopment": false}, {"propertyCode": "85771895", "thumbnail": "https://img3.idealista.com/blur/WEB_LISTING/0/id.pro.es.image.master/1d/84/66/674739220.jpg", "externalReference": "4338", "numPhotos": 58, "price": 1295000.0, "propertyType": "chalet", "operation": "sale", "size": 300.0, "exterior": false, "rooms": 3, "bathrooms": 3, "address": "barrio Vallvidrera - El Tibidabo i les Planes", "province": "Barcelona", "municipality": "Barcelona", "district": "Sarri\u00e0-Sant Gervasi", "country": "es", "neighborhood": "Vallvidrera - El Tibidabo i les Planes", "latitude": 41.4171709, "longitude": 2.1113274, "showAddress": false, "url": "https://www.idealista.com/inmueble/85771895/", "distance": "2695", "hasVideo": true, "status": "good", "newDevelopment": false, "parkingSpace": {"hasParkingSpace": true, "isParkingSpaceIncludedInPrice": true}, "priceByArea": 4317.0, "detailedType": {"typology": "chalet", "subTypology": "independantHouse"}, "suggestedTexts": {"subtitle": "Vallvidrera - El Tibidabo i les Planes, Barcelona", "title": "Casa independiente"}, "hasPlan": true, "has3DTour": false, "has360": true, "hasStaging": false, "topNewDevelopment": false}, {"propertyCode": "35492296", "thumbnail": "https://img3.idealista.com/blur/WEB_LISTING/0/id.pro.es.image.master/03/cd/d2/709998753.jpg", "externalReference": "3413c", "numPhotos": 48, "price": 830000.0, "propertyType": "chalet", "operation": "sale", "size": 380.0, "exterior": false, "rooms": 5, "bathrooms": 5, "address": "Calle de Can Basseda", "province": "Barcelona", "municipality": "Barcelona", "district": "Sarri\u00e0-Sant Gervasi", "country": "es", "neighborhood": "Vallvidrera - El Tibidabo i les Planes", "latitude": 41.4143264, "longitude": 2.108542, "showAddress": false, "url": "https://www.idealista.com/inmueble/35492296/", "distance": "2474", "hasVideo": true, "status": "good", "newDevelopment": false, "parkingSpace": {"hasParkingSpace": true, "isParkingSpaceIncludedInPrice": true}, "priceByArea": 2184.0, "detailedType": {"typology": "chalet", "subTypology": "independantHouse"}, "suggestedTexts": {"subtitle": "Vallvidrera - El Tibidabo i les Planes, Barcelona", "title": "Casa independiente en Calle de Can Basseda"}, "hasPlan": true, "has3DTour": false, "has360": true, "hasStaging": false, "topNewDevelopment": false}, {"propertyCode": "85122263", "thumbnail": "https://img3.idealista.com/blur/WEB_LISTING/0/id.pro.es.image.master/78/66/9c/755940168.jpg", "externalReference": "W-02FD4V", "numPhotos": 31, "price": 570000.0, "propertyType": "chalet", "operation": "sale", "size": 265.0, "exterior": false, "rooms": 3, "bathrooms": 3, "address": "La Floresta - Les Planes", "province": "Barcelona", "municipality": "Sant Cugat del Vall\u00e8s", "district": "La Floresta - Les Planes", "country": "es", "latitude": 41.4392438, "longitude": 2.0845078, "showAddress": false, "url": "https://www.idealista.com/inmueble/85122263/", "distance": "2568", "hasVideo": false, "status": "good", "newDevelopment": false, "parkingSpace": {"hasParkingSpace": true, "isParkingSpaceIncludedInPrice": true}, "priceByArea": 2151.0, "detailedType": {"typology": "chalet", "subTypology": "independantHouse"}, "suggestedTexts": {"subtitle": "La Floresta - Les Planes, Sant Cugat del Vall\u00e8s", "title": "Casa independiente"}, "hasPlan": false, "has3DTour": false, "has360": true, "hasStaging": false, "topNewDevelopment": false}, {"propertyCode": "92296704", "thumbnail": "https://img3.idealista.com/blur/WEB_LISTING/0/id.pro.es.image.master/f1/e4/2e/836090468.jpg", "externalReference": "BCN26829", "numPhotos": 45, "price": 1750000.0, "propertyType": "chalet", "operation": "sale", "size": 320.0, "exterior": false, "rooms": 5, "bathrooms": 4, "address": "barrio Sarri\u00e0", "province": "Barcelona", "municipality": "Barcelona", "district": "Sarri\u00e0-Sant Gervasi", "country": "es", "neighborhood": "Sarri\u00e0", "latitude": 41.4015851, "longitude": 2.110361, "showAddress": false, "url": "https://www.idealista.com/inmueble/92296704/", "distance": "3096", "hasVideo": false, "status": "good", "newDevelopment": false, "parkingSpace": {"hasParkingSpace": true, "isParkingSpaceIncludedInPrice": true}, "priceByArea": 5469.0, "detailedType": {"typology": "chalet"}, "suggestedTexts": {"subtitle": "Sarri\u00e0, Barcelona", "title": "Chalet"}, "hasPlan": true, "has3DTour": false, "has360": false, "hasStaging": false, "topNewDevelopment": false}, {"propertyCode": "34591620", "thumbnail": "https://img3.idealista.com/blur/WEB_LISTING/0/id.pro.es.image.master/56/6b/7a/264812548.jpg", "externalReference": "BCN2354", "numPhotos": 38, "price": 3000000.0, "propertyType": "chalet", "operation": "sale", "size": 672.0, "exterior": false, "rooms": 5, "bathrooms": 8, "address": "barrio Sarri\u00e0", "province": "Barcelona", "municipality": "Barcelona", "district": "Sarri\u00e0-Sant Gervasi", "country": "es", "neighborhood": "Sarri\u00e0", "latitude": 41.4007566, "longitude": 2.1081092, "showAddress": false, "url": "https://www.idealista.com/inmueble/34591620/", "distance": "2993", "hasVideo": false, "status": "good", "newDevelopment": false, "parkingSpace": {"hasParkingSpace": true, "isParkingSpaceIncludedInPrice": true}, "priceByArea": 4464.0, "detailedType": {"typology": "chalet"}, "suggestedTexts": {"subtitle": "Sarri\u00e0, Barcelona", "title": "Chalet"}, "hasPlan": true, "has3DTour": false, "has360": false, "hasStaging": false, "topNewDevelopment": false}, {"propertyCode": "85198866", "thumbnail": "https://img3.idealista.com/blur/WEB_LISTING/0/id.pro.es.image.master/cf/81/02/656815866.jpg", "externalReference": "BCN15936", "numPhotos": 35, "price": 1950000.0, "propertyType": "chalet", "operation": "sale", "size": 391.0, "exterior": false, "rooms": 4, "bathrooms": 5, "address": "La Miranda - Ciutat Diagonal", "province": "Barcelona", "municipality": "Esplugues de Llobregat", "district": "La Miranda - Ciutat Diagonal", "country": "es", "latitude": 41.3877974, "longitude": 2.0850112, "showAddress": false, "url": "https://www.idealista.com/inmueble/85198866/", "distance": "3231", "hasVideo": false, "status": "good", "newDevelopment": false, "parkingSpace": {"hasParkingSpace": true, "isParkingSpaceIncludedInPrice": true}, "priceByArea": 4987.0, "detailedType": {"typology": "chalet"}, "suggestedTexts": {"subtitle": "La Miranda - Ciutat Diagonal, Esplugues de Llobregat", "title": "Chalet"}, "hasPlan": true, "has3DTour": false, "has360": false, "hasStaging": false, "topNewDevelopment": false}, {"propertyCode": "91784841", "thumbnail": "https://img3.idealista.com/blur/WEB_LISTING/0/id.pro.es.image.master/70/e1/fd/823218921.jpg", "externalReference": "VB1703044-6", "numPhotos": 39, "price": 1500000.0, "propertyType": "chalet", "operation": "sale", "size": 480.0, "exterior": false, "rooms": 5, "bathrooms": 4, "address": "La Plana - Bellsoleig", "province": "Barcelona", "municipality": "Sant Just Desvern", "district": "La Plana - Bellsoleig", "country": "es", "latitude": 41.3972758, "longitude": 2.0735675, "showAddress": false, "url": "https://www.idealista.com/inmueble/91784841/", "distance": "2186", "hasVideo": false, "status": "good", "newDevelopment": false, "parkingSpace": {"hasParkingSpace": true, "isParkingSpaceIncludedInPrice": true}, "priceByArea": 3125.0, "detailedType": {"typology": "chalet"}, "suggestedTexts": {"subtitle": "La Plana - Bellsoleig, Sant Just Desvern", "title": "Chalet"}, "hasPlan": true, "has3DTour": false, "has360": false, "hasStaging": false, "topNewDevelopment": false}, {"propertyCode": "88028329", "thumbnail": "https://img3.idealista.com/blur/WEB_LISTING/0/id.pro.es.image.master/a8/3a/1f/736805906.jpg", "externalReference": "v7046", "numPhotos": 19, "price": 599000.0, "propertyType": "chalet", "operation": "sale", "size": 275.0, "exterior": false, "rooms": 4, "bathrooms": 3, "address": "La Floresta - Les Planes", "province": "Barcelona", "municipality": "Sant Cugat del Vall\u00e8s", "district": "La Floresta - Les Planes", "country": "es", "latitude": 41.44042, "longitude": 2.08671, "showAddress": false, "url": "https://www.idealista.com/inmueble/88028329/", "distance": "2734", "hasVideo": true, "status": "good", "newDevelopment": false, "parkingSpace": {"hasParkingSpace": true, "isParkingSpaceIncludedInPrice": true}, "priceByArea": 2178.0, "detailedType": {"typology": "chalet", "subTypology": "independantHouse"}, "suggestedTexts": {"subtitle": "La Floresta - Les Planes, Sant Cugat del Vall\u00e8s", "title": "Casa independiente"}, "hasPlan": true, "has3DTour": false, "has360": false, "hasStaging": false, "topNewDevelopment": false}, {"propertyCode": "91613068", "thumbnail": "https://img3.idealista.com/blur/WEB_LISTING/0/id.pro.es.image.master/80/91/e9/819021095.jpg", "externalReference": "VSC2008009-2", "numPhotos": 34, "price": 1350000.0, "propertyType": "chalet", "operation": "sale", "size": 519.0, "exterior": false, "rooms": 6, "bathrooms": 4, "address": "Avenida d'Antoni Griera", "province": "Barcelona", "municipality": "Sant Cugat del Vall\u00e8s", "district": "La Floresta - Les Planes", "country": "es", "latitude": 41.42985, "longitude": 2.10415, "showAddress": false, "url": "https://www.idealista.com/inmueble/91613068/", "distance": "2567", "hasVideo": true, "status": "good", "newDevelopment": false, "parkingSpace": {"hasParkingSpace": true, "isParkingSpaceIncludedInPrice": true}, "priceByArea": 2601.0, "detailedType": {"typology": "chalet"}, "suggestedTexts": {"subtitle": "La Floresta - Les Planes, Sant Cugat del Vall\u00e8s", "title": "Chalet en Avenida d'Antoni Griera"}, "hasPlan": true, "has3DTour": false, "has360": false, "hasStaging": false, "topNewDevelopment": false}, {"propertyCode": "88509850", "thumbnail": "https://img3.idealista.com/blur/WEB_LISTING/0/id.pro.es.image.master/79/ff/3c/748474452.jpg", "externalReference": "V7097", "numPhotos": 31, "price": 1350000.0, "propertyType": "chalet", "operation": "sale", "size": 519.0, "exterior": false, "rooms": 6, "bathrooms": 5, "address": "La Floresta - Les Planes", "province": "Barcelona", "municipality": "Sant Cugat del Vall\u00e8s", "district": "La Floresta - Les Planes", "country": "es", "latitude": 41.42905, "longitude": 2.10655, "showAddress": false, "url": "https://www.idealista.com/inmueble/88509850/", "distance": "2686", "hasVideo": true, "status": "good", "newDevelopment": false, "parkingSpace": {"hasParkingSpace": true, "isParkingSpaceIncludedInPrice": true}, "priceByArea": 2601.0, "detailedType": {"typology": "chalet", "subTypology": "independantHouse"}, "suggestedTexts": {"subtitle": "La Floresta - Les Planes, Sant Cugat del Vall\u00e8s", "title": "Casa independiente"}, "hasPlan": true, "has3DTour": false, "has360": false, "hasStaging": false, "topNewDevelopment": false}, {"propertyCode": "91835727", "thumbnail": "https://img3.idealista.com/blur/WEB_LISTING/0/id.pro.es.image.master/13/07/d4/824427352.jpg", "externalReference": "VSC2011003", "numPhotos": 49, "price": 1375000.0, "propertyType": "chalet", "operation": "sale", "size": 445.0, "exterior": false, "rooms": 4, "bathrooms": 4, "address": "La Floresta - Les Planes", "province": "Barcelona", "municipality": "Sant Cugat del Vall\u00e8s", "district": "La Floresta - Les Planes", "country": "es", "latitude": 41.442387, "longitude": 2.0800514, "showAddress": false, "url": "https://www.idealista.com/inmueble/91835727/", "distance": "2878", "hasVideo": true, "status": "good", "newDevelopment": false, "parkingSpace": {"hasParkingSpace": true, "isParkingSpaceIncludedInPrice": true}, "priceByArea": 3090.0, "detailedType": {"typology": "chalet"}, "suggestedTexts": {"subtitle": "La Floresta - Les Planes, Sant Cugat del Vall\u00e8s", "title": "Chalet"}, "hasPlan": true, "has3DTour": false, "has360": false, "hasStaging": false, "topNewDevelopment": false}, {"propertyCode": "86164011", "thumbnail": "https://img3.idealista.com/blur/WEB_LISTING/0/id.pro.es.image.master/56/a7/2b/685249598.jpg", "externalReference": "BCN19123", "numPhotos": 38, "price": 1590000.0, "propertyType": "chalet", "operation": "sale", "size": 310.0, "exterior": false, "rooms": 5, "bathrooms": 5, "address": "barrio Sarri\u00e0", "province": "Barcelona", "municipality": "Barcelona", "district": "Sarri\u00e0-Sant Gervasi", "country": "es", "neighborhood": "Sarri\u00e0", "latitude": 41.4033455, "longitude": 2.1089046, "showAddress": false, "url": "https://www.idealista.com/inmueble/86164011/", "distance": "2891", "hasVideo": false, "status": "good", "newDevelopment": false, "parkingSpace": {"hasParkingSpace": true, "isParkingSpaceIncludedInPrice": true}, "priceByArea": 5129.0, "detailedType": {"typology": "chalet"}, "suggestedTexts": {"subtitle": "Sarri\u00e0, Barcelona", "title": "Chalet"}, "hasPlan": false, "has3DTour": false, "has360": false, "hasStaging": false, "topNewDevelopment": false}, {"propertyCode": "93157259", "thumbnail": "https://img3.idealista.com/blur/WEB_LISTING/0/id.pro.es.image.master/71/a0/cb/855734281.jpg", "externalReference": "W-02JZQW", "numPhotos": 27, "price": 1300000.0, "propertyType": "chalet", "operation": "sale", "size": 466.0, "exterior": false, "rooms": 4, "bathrooms": 4, "address": "La Miranda - Can Candeler", "province": "Barcelona", "municipality": "Sant Just Desvern", "district": "La Miranda - Can Candeler", "country": "es", "latitude": 41.389146, "longitude": 2.0827594, "showAddress": false, "url": "https://www.idealista.com/inmueble/93157259/", "distance": "3058", "hasVideo": false, "status": "good", "newDevelopment": false, "parkingSpace": {"hasParkingSpace": true, "isParkingSpaceIncludedInPrice": true}, "priceByArea": 2790.0, "detailedType": {"typology": "chalet", "subTypology": "independantHouse"}, "suggestedTexts": {"subtitle": "La Miranda - Can Candeler, Sant Just Desvern", "title": "Casa independiente"}, "hasPlan": false, "has3DTour": false, "has360": false, "hasStaging": false, "topNewDevelopment": false}, {"propertyCode": "89913649", "thumbnail": "https://img3.idealista.com/blur/WEB_LISTING/0/id.pro.es.image.master/cc/ed/e1/779196776.jpg", "externalReference": "W-02ISUF", "numPhotos": 23, "price": 650000.0, "propertyType": "chalet", "operation": "sale", "size": 304.0, "exterior": false, "rooms": 4, "bathrooms": 4, "address": "barrio Vallvidrera - El Tibidabo i les Planes", "province": "Barcelona", "municipality": "Barcelona", "district": "Sarri\u00e0-Sant Gervasi", "country": "es", "neighborhood": "Vallvidrera - El Tibidabo i les Planes", "latitude": 41.4150425, "longitude": 2.097507, "showAddress": false, "url": "https://www.idealista.com/inmueble/89913649/", "distance": "1551", "hasVideo": false, "status": "good", "newDevelopment": false, "parkingSpace": {"hasParkingSpace": true, "isParkingSpaceIncludedInPrice": true}, "priceByArea": 2138.0, "detailedType": {"typology": "chalet", "subTypology": "independantHouse"}, "suggestedTexts": {"subtitle": "Vallvidrera - El Tibidabo i les Planes, Barcelona", "title": "Casa independiente"}, "hasPlan": false, "has3DTour": false, "has360": false, "hasStaging": false, "topNewDevelopment": false}, {"propertyCode": "93083161", "thumbnail": "https://img3.idealista.com/blur/WEB_LISTING/0/id.pro.es.image.master/89/b8/90/854058028.jpg", "externalReference": "Orsa", "numPhotos": 23, "floor": "5", "price": 835000.0, "propertyType": "penthouse", "operation": "sale", "size": 187.0, "exterior": true, "rooms": 3, "bathrooms": 2, "address": "Calle del Mont d'Ors\u00e0", "province": "Barcelona", "municipality": "Barcelona", "district": "Sarri\u00e0-Sant Gervasi", "country": "es", "neighborhood": "Vallvidrera - El Tibidabo i les Planes", "latitude": 41.4127093, "longitude": 2.1050867, "showAddress": false, "url": "https://www.idealista.com/inmueble/93083161/", "distance": "2215", "hasVideo": false, "status": "good", "newDevelopment": false, "hasLift": true, "parkingSpace": {"hasParkingSpace": true, "isParkingSpaceIncludedInPrice": true}, "priceByArea": 4465.0, "detailedType": {"typology": "flat", "subTypology": "penthouse"}, "suggestedTexts": {"subtitle": "Vallvidrera - El Tibidabo i les Planes, Barcelona", "title": "\u00c1tico en Calle del Mont d'Ors\u00e0"}, "hasPlan": false, "has3DTour": false, "has360": false, "hasStaging": false, "topNewDevelopment": false}, {"propertyCode": "40177072", "thumbnail": "https://img3.idealista.com/blur/WEB_LISTING/0/id.pro.es.image.master/5b/13/56/275351043.jpg", "externalReference": "BCN05229", "numPhotos": 23, "price": 4500000.0, "propertyType": "chalet", "operation": "sale", "size": 800.0, "exterior": false, "rooms": 6, "bathrooms": 6, "address": "La Plana - Bellsoleig", "province": "Barcelona", "municipality": "Sant Just Desvern", "district": "La Plana - Bellsoleig", "country": "es", "latitude": 41.39527, "longitude": 2.07322, "showAddress": false, "url": "https://www.idealista.com/inmueble/40177072/", "distance": "2410", "hasVideo": false, "status": "good", "newDevelopment": false, "parkingSpace": {"hasParkingSpace": true, "isParkingSpaceIncludedInPrice": true}, "priceByArea": 5625.0, "detailedType": {"typology": "chalet", "subTypology": "independantHouse"}, "suggestedTexts": {"subtitle": "La Plana - Bellsoleig, Sant Just Desvern", "title": "Casa independiente"}, "hasPlan": false, "has3DTour": false, "has360": false, "hasStaging": false, "topNewDevelopment": false}, {"propertyCode": "93084753", "thumbnail": "https://img3.idealista.com/blur/WEB_LISTING/0/id.pro.es.image.master/da/02/56/854109385.jpg", "externalReference": "W-00N32I", "numPhotos": 41, "price": 1269000.0, "propertyType": "chalet", "operation": "sale", "size": 417.0, "exterior": false, "rooms": 7, "bathrooms": 5, "address": "La Plana - Bellsoleig", "province": "Barcelona", "municipality": "Sant Just Desvern", "district": "La Plana - Bellsoleig", "country": "es", "latitude": 41.3958252, "longitude": 2.0722956, "showAddress": false, "url": "https://www.idealista.com/inmueble/93084753/", "distance": "2367", "hasVideo": false, "status": "good", "newDevelopment": false, "parkingSpace": {"hasParkingSpace": true, "isParkingSpaceIncludedInPrice": true}, "priceByArea": 3043.0, "detailedType": {"typology": "chalet", "subTypology": "independantHouse"}, "suggestedTexts": {"subtitle": "La Plana - Bellsoleig, Sant Just Desvern", "title": "Casa independiente"}, "hasPlan": false, "has3DTour": false, "has360": false, "hasStaging": false, "topNewDevelopment": false}, {"propertyCode": "84119209", "thumbnail": "https://img3.idealista.com/blur/WEB_LISTING/0/id.pro.es.image.master/df/5f/e0/764361063.jpg", "externalReference": "1050", "numPhotos": 25, "price": 1500000.0, "propertyType": "chalet", "operation": "sale", "size": 657.0, "exterior": false, "rooms": 5, "bathrooms": 4, "address": "Calle de les Perdius", "province": "Barcelona", "municipality": "Sant Just Desvern", "district": "La Plana - Bellsoleig", "country": "es", "latitude": 41.3969092, "longitude": 2.0766478, "showAddress": false, "url": "https://www.idealista.com/inmueble/84119209/", "distance": "2188", "hasVideo": true, "status": "good", "newDevelopment": false, "parkingSpace": {"hasParkingSpace": true, "isParkingSpaceIncludedInPrice": true}, "priceByArea": 2283.0, "detailedType": {"typology": "chalet", "subTypology": "independantHouse"}, "suggestedTexts": {"subtitle": "La Plana - Bellsoleig, Sant Just Desvern", "title": "Casa independiente en Calle de les Perdius"}, "hasPlan": false, "has3DTour": false, "has360": false, "hasStaging": false, "topNewDevelopment": false}, {"propertyCode": "85222438", "thumbnail": "https://img3.idealista.com/blur/WEB_LISTING/0/id.pro.es.image.master/02/61/17/657422314.jpg", "externalReference": "10814", "numPhotos": 27, "price": 970000.0, "propertyType": "chalet", "operation": "sale", "size": 256.0, "exterior": false, "rooms": 5, "bathrooms": 5, "address": "La Miranda - Can Candeler", "province": "Barcelona", "municipality": "Sant Just Desvern", "district": "La Miranda - Can Candeler", "country": "es", "latitude": 41.3875454, "longitude": 2.0825004, "showAddress": false, "url": "https://www.idealista.com/inmueble/85222438/", "distance": "3234", "hasVideo": false, "status": "good", "newDevelopment": false, "parkingSpace": {"hasParkingSpace": true, "isParkingSpaceIncludedInPrice": true}, "priceByArea": 3789.0, "detailedType": {"typology": "chalet", "subTypology": "terracedHouse"}, "suggestedTexts": {"subtitle": "La Miranda - Can Candeler, Sant Just Desvern", "title": "Chalet adosado"}, "hasPlan": false, "has3DTour": false, "has360": false, "hasStaging": false, "topNewDevelopment": false}, {"propertyCode": "88313009", "thumbnail": "https://img3.idealista.com/blur/WEB_LISTING/0/id.pro.es.image.master/fa/7b/80/756028324.jpg", "externalReference": "W-02HCLG", "numPhotos": 24, "floor": "bj", "price": 1700000.0, "propertyType": "chalet", "operation": "sale", "size": 320.0, "exterior": false, "rooms": 5, "bathrooms": 4, "address": "barrio Sarri\u00e0", "province": "Barcelona", "municipality": "Barcelona", "district": "Sarri\u00e0-Sant Gervasi", "country": "es", "neighborhood": "Sarri\u00e0", "latitude": 41.4047655, "longitude": 2.1101951, "showAddress": false, "url": "https://www.idealista.com/inmueble/88313009/", "distance": "2910", "hasVideo": false, "status": "good", "newDevelopment": false, "parkingSpace": {"hasParkingSpace": true, "isParkingSpaceIncludedInPrice": true}, "priceByArea": 5313.0, "detailedType": {"typology": "chalet", "subTypology": "terracedHouse"}, "suggestedTexts": {"subtitle": "Sarri\u00e0, Barcelona", "title": "Chalet adosado"}, "hasPlan": false, "has3DTour": true, "has360": false, "hasStaging": false, "topNewDevelopment": false}, {"propertyCode": "40369285", "thumbnail": "https://img3.idealista.com/blur/WEB_LISTING/0/id.pro.es.image.master/ec/93/bd/769960365.jpg", "externalReference": "VB1804042", "numPhotos": 44, "price": 2100000.0, "propertyType": "chalet", "operation": "sale", "size": 412.0, "exterior": false, "rooms": 5, "bathrooms": 5, "address": "barrio Vallvidrera - El Tibidabo i les Planes", "province": "Barcelona", "municipality": "Barcelona", "district": "Sarri\u00e0-Sant Gervasi", "country": "es", "neighborhood": "Vallvidrera - El Tibidabo i les Planes", "latitude": 41.4140397, "longitude": 2.105309, "showAddress": false, "url": "https://www.idealista.com/inmueble/40369285/", "distance": "2210", "hasVideo": false, "status": "good", "newDevelopment": false, "parkingSpace": {"hasParkingSpace": true, "isParkingSpaceIncludedInPrice": true}, "priceByArea": 5097.0, "detailedType": {"typology": "chalet"}, "suggestedTexts": {"subtitle": "Vallvidrera - El Tibidabo i les Planes, Barcelona", "title": "Chalet"}, "hasPlan": true, "has3DTour": false, "has360": true, "hasStaging": false, "topNewDevelopment": false}, {"propertyCode": "88884195", "thumbnail": "https://img3.idealista.com/blur/WEB_LISTING/0/id.pro.es.image.master/d0/a1/87/764059622.jpg", "externalReference": "0062-00229", "numPhotos": 37, "floor": "bj", "price": 295000.0, "propertyType": "flat", "operation": "sale", "size": 93.0, "exterior": true, "rooms": 3, "bathrooms": 1, "address": "Calle Major de la Floresta", "province": "Barcelona", "municipality": "Sant Cugat del Vall\u00e8s", "district": "La Floresta - Les Planes", "country": "es", "latitude": 41.4416018, "longitude": 2.0785517, "showAddress": false, "url": "https://www.idealista.com/inmueble/88884195/", "distance": "2789", "hasVideo": false, "status": "good", "newDevelopment": false, "hasLift": false, "parkingSpace": {"hasParkingSpace": true, "isParkingSpaceIncludedInPrice": true}, "priceByArea": 3172.0, "detailedType": {"typology": "flat"}, "suggestedTexts": {"subtitle": "La Floresta - Les Planes, Sant Cugat del Vall\u00e8s", "title": "Piso en Calle Major de la Floresta"}, "hasPlan": true, "has3DTour": false, "has360": true, "hasStaging": true, "topNewDevelopment": false}, {"propertyCode": "90623437", "thumbnail": "https://img3.idealista.com/blur/WEB_LISTING/0/id.pro.es.image.master/9e/d5/e5/794651020.jpg", "externalReference": "255352", "numPhotos": 28, "price": 649000.0, "propertyType": "chalet", "operation": "sale", "size": 230.0, "exterior": false, "rooms": 5, "bathrooms": 1, "address": "Escales de la Font del Mont, 4", "province": "Barcelona", "municipality": "Barcelona", "district": "Sarri\u00e0-Sant Gervasi", "country": "es", "neighborhood": "Vallvidrera - El Tibidabo i les Planes", "latitude": 41.4152117, "longitude": 2.1114452, "showAddress": true, "url": "https://www.idealista.com/inmueble/90623437/", "distance": "2708", "hasVideo": true, "status": "good", "newDevelopment": false, "parkingSpace": {"hasParkingSpace": true, "isParkingSpaceIncludedInPrice": true}, "priceByArea": 2822.0, "detailedType": {"typology": "chalet"}, "suggestedTexts": {"subtitle": "Vallvidrera - El Tibidabo i les Planes, Barcelona", "title": "Chalet en Escales de la Font del Mont, 4"}, "hasPlan": true, "has3DTour": false, "has360": true, "hasStaging": false, "topNewDevelopment": false}, {"propertyCode": "84736513", "thumbnail": "https://img3.idealista.com/blur/WEB_LISTING/0/id.pro.es.image.master/eb/ac/73/645677831.jpg", "externalReference": "4343", "numPhotos": 65, "price": 875000.0, "propertyType": "chalet", "operation": "sale", "size": 455.0, "exterior": false, "rooms": 5, "bathrooms": 4, "address": "barrio Vallvidrera - El Tibidabo i les Planes", "province": "Barcelona", "municipality": "Barcelona", "district": "Sarri\u00e0-Sant Gervasi", "country": "es", "neighborhood": "Vallvidrera - El Tibidabo i les Planes", "latitude": 41.4175858, "longitude": 2.1074065, "showAddress": false, "url": "https://www.idealista.com/inmueble/84736513/", "distance": "2370", "hasVideo": true, "status": "good", "newDevelopment": false, "parkingSpace": {"hasParkingSpace": true, "isParkingSpaceIncludedInPrice": true}, "priceByArea": 1923.0, "detailedType": {"typology": "chalet", "subTypology": "independantHouse"}, "suggestedTexts": {"subtitle": "Vallvidrera - El Tibidabo i les Planes, Barcelona", "title": "Casa independiente"}, "hasPlan": true, "has3DTour": false, "has360": false, "hasStaging": false, "topNewDevelopment": false}, {"propertyCode": "92176044", "thumbnail": "https://img3.idealista.com/blur/WEB_LISTING/0/id.pro.es.image.master/fb/b6/d5/832809940.jpg", "externalReference": "Torrent de Can C.", "numPhotos": 50, "price": 1590000.0, "propertyType": "chalet", "operation": "sale", "size": 310.0, "exterior": false, "rooms": 5, "bathrooms": 5, "address": "Calle Torrent de Can Caralleu", "province": "Barcelona", "municipality": "Barcelona", "district": "Sarri\u00e0-Sant Gervasi", "country": "es", "neighborhood": "Sarri\u00e0", "latitude": 41.4028455, "longitude": 2.1087046, "showAddress": false, "url": "https://www.idealista.com/inmueble/92176044/", "distance": "2905", "hasVideo": true, "status": "good", "newDevelopment": false, "parkingSpace": {"hasParkingSpace": true, "isParkingSpaceIncludedInPrice": true}, "priceByArea": 5129.0, "detailedType": {"typology": "chalet", "subTypology": "terracedHouse"}, "suggestedTexts": {"subtitle": "Sarri\u00e0, Barcelona", "title": "Chalet adosado en Calle Torrent de Can Caralleu"}, "hasPlan": true, "has3DTour": false, "has360": true, "hasStaging": false, "topNewDevelopment": false}, {"propertyCode": "83698852", "thumbnail": "https://img3.idealista.com/blur/WEB_LISTING/0/id.pro.es.image.master/c9/33/02/623988432.jpg", "externalReference": "ALBERES", "numPhotos": 34, "price": 2750000.0, "propertyType": "chalet", "operation": "sale", "size": 807.0, "exterior": false, "rooms": 6, "bathrooms": 7, "address": "Calle de les Alberes, Barcelona", "province": "Barcelona", "municipality": "Barcelona", "district": "Sarri\u00e0-Sant Gervasi", "country": "es", "neighborhood": "Vallvidrera - El Tibidabo i les Planes", "latitude": 41.4137866, "longitude": 2.107332, "showAddress": false, "url": "https://www.idealista.com/inmueble/83698852/", "distance": "2381", "hasVideo": false, "status": "good", "newDevelopment": false, "parkingSpace": {"hasParkingSpace": true, "isParkingSpaceIncludedInPrice": true}, "priceByArea": 3408.0, "detailedType": {"typology": "chalet", "subTypology": "independantHouse"}, "suggestedTexts": {"subtitle": "Vallvidrera - El Tibidabo i les Planes, Barcelona", "title": "Casa independiente en Calle de les Alberes, Barcelona"}, "hasPlan": true, "has3DTour": false, "has360": true, "hasStaging": false, "topNewDevelopment": false}, {"propertyCode": "91599983", "thumbnail": "https://img3.idealista.com/blur/WEB_LISTING/0/id.pro.es.image.master/ea/a0/94/818653050.jpg", "externalReference": "4333", "numPhotos": 74, "price": 1350000.0, "propertyType": "chalet", "operation": "sale", "size": 519.0, "exterior": false, "rooms": 6, "bathrooms": 4, "address": "barrio Vallvidrera - El Tibidabo i les Planes", "province": "Barcelona", "municipality": "Barcelona", "district": "Sarri\u00e0-Sant Gervasi", "country": "es", "neighborhood": "Vallvidrera - El Tibidabo i les Planes", "latitude": 41.4294592, "longitude": 2.0989615, "showAddress": false, "url": "https://www.idealista.com/inmueble/91599983/", "distance": "2199", "hasVideo": false, "status": "good", "newDevelopment": false, "parkingSpace": {"hasParkingSpace": true, "isParkingSpaceIncludedInPrice": true}, "priceByArea": 2601.0, "detailedType": {"typology": "chalet", "subTypology": "independantHouse"}, "suggestedTexts": {"subtitle": "Vallvidrera - El Tibidabo i les Planes, Barcelona", "title": "Casa independiente"}, "hasPlan": true, "has3DTour": false, "has360": true, "hasStaging": false, "topNewDevelopment": false}, {"propertyCode": "89059714", "thumbnail": "https://img3.idealista.com/blur/WEB_LISTING/0/id.pro.es.image.master/64/f2/4b/762238320.jpg", "externalReference": "4318", "numPhotos": 54, "price": 595000.0, "propertyType": "chalet", "operation": "sale", "size": 220.0, "exterior": false, "rooms": 5, "bathrooms": 3, "address": "barrio Vallvidrera - El Tibidabo i les Planes", "province": "Barcelona", "municipality": "Barcelona", "district": "Sarri\u00e0-Sant Gervasi", "country": "es", "neighborhood": "Vallvidrera - El Tibidabo i les Planes", "latitude": 41.4233409, "longitude": 2.0951122, "showAddress": false, "url": "https://www.idealista.com/inmueble/89059714/", "distance": "1542", "hasVideo": true, "status": "good", "newDevelopment": false, "parkingSpace": {"hasParkingSpace": true, "isParkingSpaceIncludedInPrice": true}, "priceByArea": 2705.0, "detailedType": {"typology": "chalet", "subTypology": "independantHouse"}, "suggestedTexts": {"subtitle": "Vallvidrera - El Tibidabo i les Planes, Barcelona", "title": "Casa independiente"}, "hasPlan": true, "has3DTour": false, "has360": true, "hasStaging": false, "topNewDevelopment": false}, {"propertyCode": "88762065", "thumbnail": "https://img3.idealista.com/blur/WEB_LISTING/0/id.pro.es.image.master/5a/c5/49/830945491.jpg", "externalReference": "3166", "numPhotos": 49, "floor": "3", "price": 649000.0, "propertyType": "flat", "operation": "sale", "size": 128.0, "exterior": true, "rooms": 4, "bathrooms": 2, "address": "barrio Vallvidrera - El Tibidabo i les Planes", "province": "Barcelona", "municipality": "Barcelona", "district": "Sarri\u00e0-Sant Gervasi", "country": "es", "neighborhood": "Vallvidrera - El Tibidabo i les Planes", "latitude": 41.4127201, "longitude": 2.1031851, "showAddress": false, "url": "https://www.idealista.com/inmueble/88762065/", "distance": "2059", "hasVideo": true, "status": "good", "newDevelopment": false, "hasLift": true, "parkingSpace": {"hasParkingSpace": true, "isParkingSpaceIncludedInPrice": true}, "priceByArea": 5070.0, "detailedType": {"typology": "flat"}, "suggestedTexts": {"subtitle": "Vallvidrera - El Tibidabo i les Planes, Barcelona", "title": "Piso"}, "hasPlan": true, "has3DTour": false, "has360": true, "hasStaging": false, "topNewDevelopment": false}, {"propertyCode": "88740695", "thumbnail": "https://img3.idealista.com/blur/WEB_LISTING/0/id.pro.es.image.master/66/dc/a1/754059502.jpg", "externalReference": "4316", "numPhotos": 50, "price": 650000.0, "propertyType": "chalet", "operation": "sale", "size": 243.0, "exterior": false, "rooms": 4, "bathrooms": 3, "address": "barrio Vallvidrera - El Tibidabo i les Planes", "province": "Barcelona", "municipality": "Barcelona", "district": "Sarri\u00e0-Sant Gervasi", "country": "es", "neighborhood": "Vallvidrera - El Tibidabo i les Planes", "latitude": 41.4292756, "longitude": 2.0940321, "showAddress": false, "url": "https://www.idealista.com/inmueble/88740695/", "distance": "1892", "hasVideo": true, "status": "good", "newDevelopment": false, "priceByArea": 2675.0, "detailedType": {"typology": "chalet", "subTypology": "independantHouse"}, "suggestedTexts": {"subtitle": "Vallvidrera - El Tibidabo i les Planes, Barcelona", "title": "Casa independiente"}, "hasPlan": true, "has3DTour": false, "has360": true, "hasStaging": false, "topNewDevelopment": false}, {"propertyCode": "92440599", "thumbnail": "https://img3.idealista.com/blur/WEB_LISTING/0/id.pro.es.image.master/0e/b3/a7/845333668.jpg", "externalReference": "3185", "numPhotos": 26, "floor": "2", "price": 560000.0, "propertyType": "flat", "operation": "sale", "size": 120.0, "exterior": true, "rooms": 3, "bathrooms": 2, "address": "Carretera de Sarri\u00e0 a Vallvidrera", "province": "Barcelona", "municipality": "Barcelona", "district": "Sarri\u00e0-Sant Gervasi", "country": "es", "neighborhood": "Vallvidrera - El Tibidabo i les Planes", "latitude": 41.4128772, "longitude": 2.1032661, "showAddress": false, "url": "https://www.idealista.com/inmueble/92440599/", "distance": "2062", "hasVideo": false, "status": "good", "newDevelopment": false, "hasLift": true, "parkingSpace": {"hasParkingSpace": true, "isParkingSpaceIncludedInPrice": true}, "priceByArea": 4667.0, "detailedType": {"typology": "flat"}, "suggestedTexts": {"subtitle": "Vallvidrera - El Tibidabo i les Planes, Barcelona", "title": "Piso en Carretera de Sarri\u00e0 a Vallvidrera"}, "hasPlan": false, "has3DTour": false, "has360": true, "hasStaging": false, "topNewDevelopment": false}, {"propertyCode": "36369350", "thumbnail": "https://img3.idealista.com/blur/WEB_LISTING/0/id.pro.es.image.master/7e/fb/40/214248780.jpg", "externalReference": "4220", "numPhotos": 29, "price": 2750000.0, "propertyType": "chalet", "operation": "sale", "size": 483.0, "exterior": false, "rooms": 8, "bathrooms": 6, "address": "barrio Vallvidrera - El Tibidabo i les Planes", "province": "Barcelona", "municipality": "Barcelona", "district": "Sarri\u00e0-Sant Gervasi", "country": "es", "neighborhood": "Vallvidrera - El Tibidabo i les Planes", "latitude": 41.4160601, "longitude": 2.1084237, "showAddress": false, "url": "https://www.idealista.com/inmueble/36369350/", "distance": "2453", "hasVideo": true, "status": "good", "newDevelopment": false, "parkingSpace": {"hasParkingSpace": true, "isParkingSpaceIncludedInPrice": true}, "priceByArea": 5694.0, "detailedType": {"typology": "chalet", "subTypology": "independantHouse"}, "suggestedTexts": {"subtitle": "Vallvidrera - El Tibidabo i les Planes, Barcelona", "title": "Casa independiente"}, "hasPlan": false, "has3DTour": false, "has360": true, "hasStaging": false, "topNewDevelopment": false}, {"propertyCode": "33932885", "thumbnail": "https://img3.idealista.com/blur/WEB_LISTING/0/id.pro.es.image.master/83/4e/b1/219456106.jpg", "externalReference": "4207", "numPhotos": 25, "price": 1850000.0, "propertyType": "chalet", "operation": "sale", "size": 380.0, "exterior": false, "rooms": 6, "bathrooms": 6, "address": "barrio Vallvidrera - El Tibidabo i les Planes", "province": "Barcelona", "municipality": "Barcelona", "district": "Sarri\u00e0-Sant Gervasi", "country": "es", "neighborhood": "Vallvidrera - El Tibidabo i les Planes", "latitude": 41.4152481, "longitude": 2.108565, "showAddress": false, "url": "https://www.idealista.com/inmueble/33932885/", "distance": "2468", "hasVideo": true, "status": "good", "newDevelopment": false, "priceByArea": 4868.0, "detailedType": {"typology": "chalet", "subTypology": "independantHouse"}, "suggestedTexts": {"subtitle": "Vallvidrera - El Tibidabo i les Planes, Barcelona", "title": "Casa independiente"}, "hasPlan": false, "has3DTour": false, "has360": true, "hasStaging": false, "topNewDevelopment": false}, {"propertyCode": "89357492", "thumbnail": "https://img3.idealista.com/blur/WEB_LISTING/0/id.pro.es.image.master/6d/ae/82/769725303.jpg", "externalReference": "3188", "numPhotos": 24, "floor": "bj", "price": 410000.0, "propertyType": "flat", "operation": "sale", "size": 130.0, "exterior": true, "rooms": 1, "bathrooms": 2, "address": "barrio Vallvidrera - El Tibidabo i les Planes", "province": "Barcelona", "municipality": "Barcelona", "district": "Sarri\u00e0-Sant Gervasi", "country": "es", "neighborhood": "Vallvidrera - El Tibidabo i les Planes", "latitude": 41.411284, "longitude": 2.1053934, "showAddress": false, "url": "https://www.idealista.com/inmueble/89357492/", "distance": "2275", "hasVideo": true, "status": "good", "newDevelopment": false, "hasLift": true, "priceByArea": 3154.0, "detailedType": {"typology": "flat"}, "suggestedTexts": {"subtitle": "Vallvidrera - El Tibidabo i les Planes, Barcelona", "title": "Piso"}, "hasPlan": true, "has3DTour": false, "has360": false, "hasStaging": false, "topNewDevelopment": false}, {"propertyCode": "93106528", "thumbnail": "https://img3.idealista.com/blur/WEB_LISTING/0/id.pro.es.image.master/fd/d1/79/854646844.jpg", "externalReference": "PLANES-21", "numPhotos": 49, "price": 500000.0, "propertyType": "chalet", "operation": "sale", "size": 160.0, "exterior": false, "rooms": 3, "bathrooms": 1, "address": "Avenida tots sants, 13", "province": "Barcelona", "municipality": "Barcelona", "district": "Sarri\u00e0-Sant Gervasi", "country": "es", "neighborhood": "Vallvidrera - El Tibidabo i les Planes", "latitude": 41.4298798, "longitude": 2.0969514, "showAddress": true, "url": "https://www.idealista.com/inmueble/93106528/", "distance": "2108", "hasVideo": false, "status": "good", "newDevelopment": false, "parkingSpace": {"hasParkingSpace": true, "isParkingSpaceIncludedInPrice": true}, "priceByArea": 3125.0, "detailedType": {"typology": "chalet", "subTypology": "independantHouse"}, "suggestedTexts": {"subtitle": "Vallvidrera - El Tibidabo i les Planes, Barcelona", "title": "Casa independiente en Avenida tots sants, 13"}, "hasPlan": true, "has3DTour": false, "has360": false, "hasStaging": false, "topNewDevelopment": false}, {"propertyCode": "93000870", "thumbnail": "https://img3.idealista.com/blur/WEB_LISTING/0/id.pro.es.image.master/8c/fc/6a/852767273.jpg", "externalReference": "VB2102060", "numPhotos": 32, "floor": "bj", "price": 1300000.0, "propertyType": "flat", "operation": "sale", "size": 278.0, "exterior": true, "rooms": 5, "bathrooms": 5, "address": "barrio Vallvidrera - El Tibidabo i les Planes", "province": "Barcelona", "municipality": "Barcelona", "district": "Sarri\u00e0-Sant Gervasi", "country": "es", "neighborhood": "Vallvidrera - El Tibidabo i les Planes", "latitude": 41.416385, "longitude": 2.1057974, "showAddress": false, "url": "https://www.idealista.com/inmueble/93000870/", "distance": "2233", "hasVideo": false, "status": "good", "newDevelopment": false, "hasLift": true, "parkingSpace": {"hasParkingSpace": true, "isParkingSpaceIncludedInPrice": true}, "priceByArea": 4676.0, "detailedType": {"typology": "flat"}, "suggestedTexts": {"subtitle": "Vallvidrera - El Tibidabo i les Planes, Barcelona", "title": "Piso"}, "hasPlan": true, "has3DTour": false, "has360": false, "hasStaging": false, "topNewDevelopment": false}, {"propertyCode": "85613129", "thumbnail": "https://img3.idealista.com/blur/WEB_LISTING/0/id.pro.es.image.master/e3/71/92/669229816.jpg", "externalReference": "BCN18245", "numPhotos": 39, "price": 6500000.0, "propertyType": "chalet", "operation": "sale", "size": 800.0, "exterior": false, "rooms": 6, "bathrooms": 7, "address": "barrio Pedralbes", "province": "Barcelona", "municipality": "Barcelona", "district": "Les Corts", "country": "es", "neighborhood": "Pedralbes", "latitude": 41.396078, "longitude": 2.1053344, "showAddress": false, "url": "https://www.idealista.com/inmueble/85613129/", "distance": "3159", "hasVideo": false, "status": "renew", "newDevelopment": false, "parkingSpace": {"hasParkingSpace": true, "isParkingSpaceIncludedInPrice": true}, "priceByArea": 8125.0, "detailedType": {"typology": "chalet"}, "suggestedTexts": {"subtitle": "Pedralbes, Barcelona", "title": "Chalet"}, "hasPlan": true, "has3DTour": false, "has360": false, "hasStaging": false, "topNewDevelopment": false}, {"propertyCode": "92423732", "thumbnail": "https://img3.idealista.com/blur/WEB_LISTING/0/id.pro.es.image.master/d9/e3/78/839291032.jpg", "externalReference": "VB2101009", "numPhotos": 50, "price": 1550000.0, "propertyType": "chalet", "operation": "sale", "size": 484.0, "exterior": false, "rooms": 7, "bathrooms": 6, "address": "Centre", "province": "Barcelona", "municipality": "Sant Just Desvern", "district": "Centre", "country": "es", "latitude": 41.3879609, "longitude": 2.0739157, "showAddress": false, "url": "https://www.idealista.com/inmueble/92423732/", "distance": "3202", "hasVideo": false, "status": "good", "newDevelopment": false, "parkingSpace": {"hasParkingSpace": true, "isParkingSpaceIncludedInPrice": true}, "priceByArea": 3202.0, "detailedType": {"typology": "chalet"}, "suggestedTexts": {"subtitle": "Centre, Sant Just Desvern", "title": "Chalet"}, "hasPlan": true, "has3DTour": false, "has360": false, "hasStaging": false, "topNewDevelopment": false}, {"propertyCode": "91876285", "thumbnail": "https://img3.idealista.com/blur/WEB_LISTING/0/id.pro.es.image.master/83/f1/67/825403774.jpg", "externalReference": "VB1807006-6", "numPhotos": 27, "price": 1250000.0, "propertyType": "chalet", "operation": "sale", "size": 460.0, "exterior": false, "rooms": 6, "bathrooms": 6, "address": "La Miranda - Can Candeler", "province": "Barcelona", "municipality": "Sant Just Desvern", "district": "La Miranda - Can Candeler", "country": "es", "latitude": 41.3912773, "longitude": 2.0846936, "showAddress": false, "url": "https://www.idealista.com/inmueble/91876285/", "distance": "2845", "hasVideo": false, "status": "good", "newDevelopment": false, "parkingSpace": {"hasParkingSpace": true, "isParkingSpaceIncludedInPrice": true}, "priceByArea": 2717.0, "detailedType": {"typology": "chalet"}, "suggestedTexts": {"subtitle": "La Miranda - Can Candeler, Sant Just Desvern", "title": "Chalet"}, "hasPlan": true, "has3DTour": false, "has360": false, "hasStaging": false, "topNewDevelopment": false}, {"propertyCode": "91784836", "thumbnail": "https://img3.idealista.com/blur/WEB_LISTING/0/id.pro.es.image.master/e9/5e/56/823218826.jpg", "externalReference": "VB1611044-6", "numPhotos": 45, "price": 1750000.0, "propertyType": "chalet", "operation": "sale", "size": 546.0, "exterior": false, "rooms": 6, "bathrooms": 6, "address": "barrio Vallvidrera - El Tibidabo i les Planes", "province": "Barcelona", "municipality": "Barcelona", "district": "Sarri\u00e0-Sant Gervasi", "country": "es", "neighborhood": "Vallvidrera - El Tibidabo i les Planes", "latitude": 41.4219158, "longitude": 2.093368, "showAddress": false, "url": "https://www.idealista.com/inmueble/91784836/", "distance": "1339", "hasVideo": false, "status": "good", "newDevelopment": false, "parkingSpace": {"hasParkingSpace": true, "isParkingSpaceIncludedInPrice": true}, "priceByArea": 3205.0, "detailedType": {"typology": "chalet"}, "suggestedTexts": {"subtitle": "Vallvidrera - El Tibidabo i les Planes, Barcelona", "title": "Chalet"}, "hasPlan": true, "has3DTour": false, "has360": false, "hasStaging": false, "topNewDevelopment": false}, {"propertyCode": "91784809", "thumbnail": "https://img3.idealista.com/blur/WEB_LISTING/0/id.pro.es.image.master/a7/8d/b7/823218250.jpg", "externalReference": "VB1603022-6", "numPhotos": 46, "price": 1850000.0, "propertyType": "chalet", "operation": "sale", "size": 380.0, "exterior": false, "rooms": 6, "bathrooms": 6, "address": "barrio Vallvidrera - El Tibidabo i les Planes", "province": "Barcelona", "municipality": "Barcelona", "district": "Sarri\u00e0-Sant Gervasi", "country": "es", "neighborhood": "Vallvidrera - El Tibidabo i les Planes", "latitude": 41.4173708, "longitude": 2.1112366, "showAddress": false, "url": "https://www.idealista.com/inmueble/91784809/", "distance": "2689", "hasVideo": false, "status": "good", "newDevelopment": false, "parkingSpace": {"hasParkingSpace": true, "isParkingSpaceIncludedInPrice": true}, "priceByArea": 4868.0, "detailedType": {"typology": "chalet"}, "suggestedTexts": {"subtitle": "Vallvidrera - El Tibidabo i les Planes, Barcelona", "title": "Chalet"}, "hasPlan": true, "has3DTour": false, "has360": false, "hasStaging": false, "topNewDevelopment": false}, {"propertyCode": "91784806", "thumbnail": "https://img3.idealista.com/blur/WEB_LISTING/0/id.pro.es.image.master/f8/a6/d6/823218144.jpg", "externalReference": "VB1602021-6", "numPhotos": 30, "price": 1150000.0, "propertyType": "chalet", "operation": "sale", "size": 376.0, "exterior": false, "rooms": 5, "bathrooms": 3, "address": "barrio Sarri\u00e0", "province": "Barcelona", "municipality": "Barcelona", "district": "Sarri\u00e0-Sant Gervasi", "country": "es", "neighborhood": "Sarri\u00e0", "latitude": 41.4075965, "longitude": 2.1120643, "showAddress": false, "url": "https://www.idealista.com/inmueble/91784806/", "distance": "2929", "hasVideo": false, "status": "good", "newDevelopment": false, "parkingSpace": {"hasParkingSpace": true, "isParkingSpaceIncludedInPrice": true}, "priceByArea": 3059.0, "detailedType": {"typology": "chalet"}, "suggestedTexts": {"subtitle": "Sarri\u00e0, Barcelona", "title": "Chalet"}, "hasPlan": true, "has3DTour": false, "has360": false, "hasStaging": false, "topNewDevelopment": false}, {"propertyCode": "88392629", "thumbnail": "https://img3.idealista.com/blur/WEB_LISTING/0/id.pro.es.image.master/cf/c1/0c/745689431.jpg", "externalReference": "4314", "numPhotos": 26, "price": 1150000.0, "propertyType": "chalet", "operation": "sale", "size": 376.0, "exterior": false, "rooms": 3, "bathrooms": 2, "address": "Bosc", "province": "Barcelona", "municipality": "Barcelona", "district": "Sarri\u00e0-Sant Gervasi", "country": "es", "neighborhood": "Sarri\u00e0", "latitude": 41.4100937, "longitude": 2.1130812, "showAddress": false, "url": "https://www.idealista.com/inmueble/88392629/", "distance": "2929", "hasVideo": true, "status": "renew", "newDevelopment": false, "parkingSpace": {"hasParkingSpace": true, "isParkingSpaceIncludedInPrice": true}, "priceByArea": 3059.0, "detailedType": {"typology": "chalet", "subTypology": "independantHouse"}, "suggestedTexts": {"subtitle": "Sarri\u00e0, Barcelona", "title": "Casa independiente en Bosc"}, "hasPlan": true, "has3DTour": false, "has360": false, "hasStaging": false, "topNewDevelopment": false}, {"propertyCode": "93180669", "thumbnail": "https://img3.idealista.com/blur/WEB_LISTING/0/id.pro.es.image.master/60/a3/24/856324121.jpg", "externalReference": "18026", "numPhotos": 40, "floor": "bj", "price": 4950000.0, "propertyType": "chalet", "operation": "sale", "size": 765.0, "exterior": false, "rooms": 8, "bathrooms": 9, "address": "Carretera de Sarri\u00e0 a Vallvidrera", "province": "Barcelona", "municipality": "Barcelona", "district": "Sarri\u00e0-Sant Gervasi", "country": "es", "neighborhood": "Sarri\u00e0", "latitude": 41.4085165, "longitude": 2.1103355, "showAddress": false, "url": "https://www.idealista.com/inmueble/93180669/", "distance": "2759", "hasVideo": false, "status": "good", "newDevelopment": false, "priceByArea": 6471.0, "detailedType": {"typology": "chalet"}, "suggestedTexts": {"subtitle": "Sarri\u00e0, Barcelona", "title": "Chalet en Carretera de Sarri\u00e0 a Vallvidrera"}, "hasPlan": false, "has3DTour": false, "has360": false, "hasStaging": false, "topNewDevelopment": false}, {"propertyCode": "92903689", "thumbnail": "https://img3.idealista.com/blur/WEB_LISTING/0/id.pro.es.image.master/a1/ff/39/855248310.jpg", "externalReference": "V0220", "numPhotos": 50, "price": 835000.0, "propertyType": "chalet", "operation": "sale", "size": 255.0, "exterior": false, "rooms": 5, "bathrooms": 3, "address": "Avenida Pere Planas", "province": "Barcelona", "municipality": "Sant Cugat del Vall\u00e8s", "district": "La Floresta - Les Planes", "country": "es", "latitude": 41.4402703, "longitude": 2.090618, "showAddress": false, "url": "https://www.idealista.com/inmueble/92903689/", "distance": "2813", "hasVideo": false, "status": "good", "newDevelopment": false, "parkingSpace": {"hasParkingSpace": true, "isParkingSpaceIncludedInPrice": true}, "priceByArea": 3275.0, "detailedType": {"typology": "chalet", "subTypology": "independantHouse"}, "suggestedTexts": {"subtitle": "La Floresta - Les Planes, Sant Cugat del Vall\u00e8s", "title": "Casa independiente en Avenida Pere Planas"}, "hasPlan": false, "has3DTour": false, "has360": false, "hasStaging": false, "topNewDevelopment": false}, {"propertyCode": "35585730", "thumbnail": "https://img3.idealista.com/blur/WEB_LISTING/0/id.pro.es.image.master/a0/a2/c7/183446781.jpg", "externalReference": "W-008P7L", "numPhotos": 17, "price": 950000.0, "propertyType": "chalet", "operation": "sale", "size": 380.0, "exterior": false, "rooms": 6, "bathrooms": 4, "address": "La Plana - Bellsoleig", "province": "Barcelona", "municipality": "Sant Just Desvern", "district": "La Plana - Bellsoleig", "country": "es", "latitude": 41.3925034, "longitude": 2.0781518, "showAddress": false, "url": "https://www.idealista.com/inmueble/35585730/", "distance": "2670", "hasVideo": false, "status": "good", "newDevelopment": false, "parkingSpace": {"hasParkingSpace": true, "isParkingSpaceIncludedInPrice": true}, "priceByArea": 2500.0, "detailedType": {"typology": "chalet", "subTypology": "independantHouse"}, "suggestedTexts": {"subtitle": "La Plana - Bellsoleig, Sant Just Desvern", "title": "Casa independiente"}, "hasPlan": false, "has3DTour": false, "has360": false, "hasStaging": false, "topNewDevelopment": false}, {"propertyCode": "93148162", "thumbnail": "https://img3.idealista.com/blur/WEB_LISTING/0/id.pro.es.image.master/a6/24/31/855554541.jpg", "externalReference": "3189", "numPhotos": 21, "floor": "bj", "price": 440000.0, "propertyType": "flat", "operation": "sale", "size": 86.0, "exterior": true, "rooms": 2, "bathrooms": 2, "address": "barrio Vallvidrera - El Tibidabo i les Planes", "province": "Barcelona", "municipality": "Barcelona", "district": "Sarri\u00e0-Sant Gervasi", "country": "es", "neighborhood": "Vallvidrera - El Tibidabo i les Planes", "latitude": 41.4118422, "longitude": 2.1044525, "showAddress": false, "url": "https://www.idealista.com/inmueble/93148162/", "distance": "2184", "hasVideo": false, "status": "good", "newDevelopment": false, "hasLift": true, "parkingSpace": {"hasParkingSpace": true, "isParkingSpaceIncludedInPrice": true}, "priceByArea": 5116.0, "detailedType": {"typology": "flat"}, "suggestedTexts": {"subtitle": "Vallvidrera - El Tibidabo i les Planes, Barcelona", "title": "Piso"}, "hasPlan": false, "has3DTour": false, "has360": false, "hasStaging": false, "topNewDevelopment": false}, {"propertyCode": "92042087", "thumbnail": "https://img3.idealista.com/blur/WEB_LISTING/0/id.pro.es.image.master/2a/67/4e/829363869.jpg", "externalReference": "4337", "numPhotos": 26, "price": 345000.0, "propertyType": "chalet", "operation": "sale", "size": 67.0, "exterior": false, "rooms": 3, "bathrooms": 1, "address": "barrio Vallvidrera - El Tibidabo i les Planes", "province": "Barcelona", "municipality": "Barcelona", "district": "Sarri\u00e0-Sant Gervasi", "country": "es", "neighborhood": "Vallvidrera - El Tibidabo i les Planes", "latitude": 41.4273992, "longitude": 2.101403, "showAddress": false, "url": "https://www.idealista.com/inmueble/92042087/", "distance": "2225", "hasVideo": false, "status": "renew", "newDevelopment": false, "priceByArea": 5149.0, "detailedType": {"typology": "chalet", "subTypology": "independantHouse"}, "suggestedTexts": {"subtitle": "Vallvidrera - El Tibidabo i les Planes, Barcelona", "title": "Casa independiente"}, "hasPlan": true, "has3DTour": false, "has360": false, "hasStaging": false, "topNewDevelopment": false}]