[{"propertyCode": "92369991", "thumbnail": "https://img3.idealista.com/blur/WEB_LISTING/0/id.pro.es.image.master/bd/26/f0/838186320.jpg", "numPhotos": 16, "floor": "bj", "price": 160000.0, "propertyType": "flat", "operation": "sale", "size": 65.0, "exterior": true, "rooms": 2, "bathrooms": 1, "address": "JOSEP CARNER, 47", "province": "Barcelona", "municipality": "Barcelona", "district": "Sants-Montju\u00efc", "country": "es", "neighborhood": "El Poble Sec - Parc de Montju\u00efc", "latitude": 41.3707354, "longitude": 2.1742408, "showAddress": true, "url": "https://www.idealista.com/inmueble/92369991/", "distance": "450", "hasVideo": true, "status": "good", "newDevelopment": false, "hasLift": false, "priceByArea": 2462.0, "detailedType": {"typology": "flat"}, "suggestedTexts": {"subtitle": "El Poble Sec - Parc de Montju\u00efc, Barcelona", "title": "Piso en JOSEP CARNER, 47"}, "hasPlan": false, "has3DTour": false, "has360": false, "hasStaging": false, "topNewDevelopment": false}, {"propertyCode": "92244109", "thumbnail": "https://img3.idealista.com/blur/WEB_LISTING/0/id.pro.es.image.master/83/af/ac/834597976.jpg", "externalReference": "E1 PARALEL", "numPhotos": 20, "floor": "bj", "price": 160000.0, "propertyType": "flat", "operation": "sale", "size": 65.0, "exterior": true, "rooms": 2, "bathrooms": 1, "address": "Paseo Josep Carner, 47", "province": "Barcelona", "municipality": "Barcelona", "district": "Sants-Montju\u00efc", "country": "es", "neighborhood": "El Poble Sec - Parc de Montju\u00efc", "latitude": 41.3705261, "longitude": 2.1740048, "showAddress": true, "url": "https://www.idealista.com/inmueble/92244109/", "distance": "423", "hasVideo": true, "status": "good", "newDevelopment": false, "hasLift": false, "parkingSpace": {"hasParkingSpace": true, "isParkingSpaceIncludedInPrice": true}, "priceByArea": 2462.0, "detailedType": {"typology": "flat"}, "suggestedTexts": {"subtitle": "El Poble Sec - Parc de Montju\u00efc, Barcelona", "title": "Piso en Paseo Josep Carner, 47"}, "hasPlan": true, "has3DTour": false, "has360": false, "hasStaging": false, "topNewDevelopment": false}, {"propertyCode": "91850885", "thumbnail": "https://img3.idealista.com/blur/WEB_LISTING/0/id.pro.es.image.master/16/ed/63/824783631.jpg", "externalReference": "001432", "numPhotos": 15, "floor": "1", "price": 290000.0, "propertyType": "flat", "operation": "sale", "size": 54.0, "exterior": true, "rooms": 2, "bathrooms": 2, "address": "Calle de Vila i Vil\u00e0", "province": "Barcelona", "municipality": "Barcelona", "district": "Sants-Montju\u00efc", "country": "es", "neighborhood": "El Poble Sec - Parc de Montju\u00efc", "latitude": 41.371037, "longitude": 2.1740533, "showAddress": false, "url": "https://www.idealista.com/inmueble/91850885/", "distance": "480", "hasVideo": false, "status": "good", "newDevelopment": false, "hasLift": true, "priceByArea": 5370.0, "detailedType": {"typology": "flat"}, "suggestedTexts": {"subtitle": "El Poble Sec - Parc de Montju\u00efc, Barcelona", "title": "Piso en Calle de Vila i Vil\u00e0"}, "hasPlan": true, "has3DTour": false, "has360": false, "hasStaging": false, "topNewDevelopment": false}, {"propertyCode": "92396120", "thumbnail": "https://img3.idealista.com/blur/WEB_LISTING/0/id.pro.es.image.master/97/c4/1a/838759278.jpg", "externalReference": "JP-C160", "numPhotos": 18, "floor": "bj", "price": 160000.0, "propertyType": "flat", "operation": "sale", "size": 65.0, "exterior": false, "rooms": 2, "bathrooms": 1, "address": "JOSEP CARNER, 47", "province": "Barcelona", "municipality": "Barcelona", "district": "Sants-Montju\u00efc", "country": "es", "neighborhood": "El Poble Sec - Parc de Montju\u00efc", "latitude": 41.3707354, "longitude": 2.1742408, "showAddress": true, "url": "https://www.idealista.com/inmueble/92396120/", "distance": "450", "hasVideo": false, "status": "good", "newDevelopment": false, "hasLift": false, "priceByArea": 2462.0, "detailedType": {"typology": "flat"}, "suggestedTexts": {"subtitle": "El Poble Sec - Parc de Montju\u00efc, Barcelona", "title": "Piso en JOSEP CARNER, 47"}, "hasPlan": false, "has3DTour": false, "has360": false, "hasStaging": false, "topNewDevelopment": false}, {"propertyCode": "91369073", "thumbnail": "https://img3.idealista.com/blur/WEB_LISTING/0/id.pro.es.image.master/e8/40/4f/812958078.jpg", "externalReference": "IV-5", "numPhotos": 12, "floor": "3", "price": 152000.0, "propertyType": "flat", "operation": "sale", "size": 68.0, "exterior": true, "rooms": 3, "bathrooms": 1, "address": "barrio El Poble Sec - Parc de Montju\u00efc", "province": "Barcelona", "municipality": "Barcelona", "district": "Sants-Montju\u00efc", "country": "es", "neighborhood": "El Poble Sec - Parc de Montju\u00efc", "latitude": 41.3700354, "longitude": 2.1740408, "showAddress": false, "url": "https://www.idealista.com/inmueble/91369073/", "distance": "370", "hasVideo": true, "status": "renew", "newDevelopment": false, "hasLift": false, "priceByArea": 2235.0, "detailedType": {"typology": "flat"}, "suggestedTexts": {"subtitle": "El Poble Sec - Parc de Montju\u00efc, Barcelona", "title": "Piso"}, "hasPlan": false, "has3DTour": false, "has360": false, "hasStaging": false, "topNewDevelopment": false}, {"propertyCode": "91099454", "thumbnail": "https://img3.idealista.com/blur/WEB_LISTING/0/id.pro.es.image.master/1f/dd/cd/824953289.jpg", "externalReference": "242039", "numPhotos": 25, "floor": "1", "price": 169000.0, "propertyType": "flat", "operation": "sale", "size": 65.0, "exterior": true, "rooms": 3, "bathrooms": 1, "address": "barrio El Poble Sec - Parc de Montju\u00efc", "province": "Barcelona", "municipality": "Barcelona", "district": "Sants-Montju\u00efc", "country": "es", "neighborhood": "El Poble Sec - Parc de Montju\u00efc", "latitude": 41.3684971, "longitude": 2.1754346, "showAddress": false, "url": "https://www.idealista.com/inmueble/91099454/", "distance": "267", "hasVideo": false, "status": "good", "newDevelopment": false, "hasLift": false, "priceByArea": 2600.0, "detailedType": {"typology": "flat"}, "suggestedTexts": {"subtitle": "El Poble Sec - Parc de Montju\u00efc, Barcelona", "title": "Piso"}, "hasPlan": true, "has3DTour": false, "has360": true, "hasStaging": false, "topNewDevelopment": false}, {"propertyCode": "92382754", "thumbnail": "https://img3.idealista.com/blur/WEB_LISTING/0/id.pro.es.image.master/e7/9e/37/838489850.jpg", "externalReference": "NC831A", "numPhotos": 14, "floor": "6", "price": 259000.0, "propertyType": "flat", "operation": "sale", "size": 75.0, "exterior": false, "rooms": 3, "bathrooms": 1, "address": "Calle de Vila i Vil\u00e0", "province": "Barcelona", "municipality": "Barcelona", "district": "Sants-Montju\u00efc", "country": "es", "neighborhood": "El Poble Sec - Parc de Montju\u00efc", "latitude": 41.3710675, "longitude": 2.1731802, "showAddress": false, "url": "https://www.idealista.com/inmueble/92382754/", "distance": "478", "hasVideo": false, "status": "good", "newDevelopment": false, "hasLift": true, "priceByArea": 3453.0, "detailedType": {"typology": "flat"}, "suggestedTexts": {"subtitle": "El Poble Sec - Parc de Montju\u00efc, Barcelona", "title": "Piso en Calle de Vila i Vil\u00e0"}, "hasPlan": true, "has3DTour": false, "has360": false, "hasStaging": false, "topNewDevelopment": false}]