[{"propertyCode": "92195991", "thumbnail": "https://img3.idealista.com/blur/WEB_LISTING/0/id.pro.es.image.master/98/e8/c9/833295208.jpg", "externalReference": "VB2011060-1", "numPhotos": 32, "floor": "2", "price": 680000.0, "propertyType": "flat", "operation": "sale", "size": 119.0, "exterior": true, "rooms": 3, "bathrooms": 2, "address": "Calle de Pau Claris", "province": "Barcelona", "municipality": "Barcelona", "district": "Eixample", "country": "es", "neighborhood": "La Dreta de l'Eixample", "latitude": 41.3895802, "longitude": 2.1664227, "showAddress": false, "url": "https://www.idealista.com/inmueble/92195991/", "distance": "796", "hasVideo": true, "status": "renew", "newDevelopment": false, "hasLift": true, "priceByArea": 5714.0, "detailedType": {"typology": "flat"}, "suggestedTexts": {"subtitle": "La Dreta de l'Eixample, Barcelona", "title": "Piso en Calle de Pau Claris"}, "hasPlan": true, "has3DTour": true, "has360": false, "hasStaging": false, "topNewDevelopment": false}, {"propertyCode": "88080251", "thumbnail": "https://img3.idealista.com/blur/WEB_LISTING/0/id.pro.es.image.master/3e/a4/94/743378551.jpg", "externalReference": "BCN21749", "numPhotos": 36, "price": 700000.0, "propertyType": "flat", "operation": "sale", "size": 205.0, "exterior": true, "rooms": 6, "bathrooms": 3, "address": "barrio La Dreta de l'Eixample", "province": "Barcelona", "municipality": "Barcelona", "district": "Eixample", "country": "es", "neighborhood": "La Dreta de l'Eixample", "latitude": 41.3983667, "longitude": 2.169047, "showAddress": false, "url": "https://www.idealista.com/inmueble/88080251/", "distance": "668", "hasVideo": false, "status": "renew", "newDevelopment": false, "hasLift": true, "priceByArea": 3415.0, "detailedType": {"typology": "flat"}, "suggestedTexts": {"subtitle": "La Dreta de l'Eixample, Barcelona", "title": "Piso"}, "hasPlan": true, "has3DTour": true, "has360": false, "hasStaging": false, "topNewDevelopment": false}, {"propertyCode": "91956445", "thumbnail": "https://img3.idealista.com/blur/WEB_LISTING/0/id.pro.es.image.master/3f/6e/06/827319076.jpg", "externalReference": "BCN21032", "numPhotos": 30, "price": 1975000.0, "propertyType": "flat", "operation": "sale", "size": 227.0, "exterior": true, "rooms": 4, "bathrooms": 3, "address": "barrio La Dreta de l'Eixample", "province": "Barcelona", "municipality": "Barcelona", "district": "Eixample", "country": "es", "neighborhood": "La Dreta de l'Eixample", "latitude": 41.3954477, "longitude": 2.1623459, "showAddress": false, "url": "https://www.idealista.com/inmueble/91956445/", "distance": "63", "hasVideo": false, "status": "good", "newDevelopment": false, "hasLift": true, "priceByArea": 8700.0, "detailedType": {"typology": "flat"}, "suggestedTexts": {"subtitle": "La Dreta de l'Eixample, Barcelona", "title": "Piso"}, "hasPlan": true, "has3DTour": true, "has360": false, "hasStaging": false, "topNewDevelopment": false}, {"propertyCode": "85119461", "thumbnail": "https://img3.idealista.com/blur/WEB_LISTING/0/id.pro.es.image.master/29/fe/ce/654772857.jpg", "externalReference": "BCN7672", "numPhotos": 30, "price": 950000.0, "propertyType": "flat", "operation": "sale", "size": 169.0, "exterior": true, "rooms": 3, "bathrooms": 2, "address": "barrio La Dreta de l'Eixample", "province": "Barcelona", "municipality": "Barcelona", "district": "Eixample", "country": "es", "neighborhood": "La Dreta de l'Eixample", "latitude": 41.3927453, "longitude": 2.1596452, "showAddress": false, "url": "https://www.idealista.com/inmueble/85119461/", "distance": "387", "hasVideo": false, "status": "good", "newDevelopment": false, "hasLift": true, "priceByArea": 5621.0, "detailedType": {"typology": "flat"}, "suggestedTexts": {"subtitle": "La Dreta de l'Eixample, Barcelona", "title": "Piso"}, "hasPlan": true, "has3DTour": true, "has360": false, "hasStaging": false, "topNewDevelopment": false}, {"propertyCode": "88471656", "thumbnail": "https://img3.idealista.com/blur/WEB_LISTING/0/id.pro.es.image.master/44/27/f8/747584274.jpg", "externalReference": "BCN21499", "numPhotos": 33, "price": 1395000.0, "propertyType": "flat", "operation": "sale", "size": 207.0, "exterior": true, "rooms": 5, "bathrooms": 3, "address": "barrio La Dreta de l'Eixample", "province": "Barcelona", "municipality": "Barcelona", "district": "Eixample", "country": "es", "neighborhood": "La Dreta de l'Eixample", "latitude": 41.3904222, "longitude": 2.1609085, "showAddress": false, "url": "https://www.idealista.com/inmueble/88471656/", "distance": "606", "hasVideo": false, "status": "renew", "newDevelopment": false, "hasLift": true, "priceByArea": 6739.0, "detailedType": {"typology": "flat"}, "suggestedTexts": {"subtitle": "La Dreta de l'Eixample, Barcelona", "title": "Piso"}, "hasPlan": true, "has3DTour": true, "has360": false, "hasStaging": false, "topNewDevelopment": false}, {"propertyCode": "91637762", "thumbnail": "https://img3.idealista.com/blur/WEB_LISTING/0/id.pro.es.image.master/18/b8/b8/819618578.jpg", "externalReference": "14725", "numPhotos": 47, "floor": "4", "price": 1600000.0, "propertyType": "flat", "operation": "sale", "size": 169.0, "exterior": true, "rooms": 3, "bathrooms": 2, "address": "barrio La Dreta de l'Eixample", "province": "Barcelona", "municipality": "Barcelona", "district": "Eixample", "country": "es", "neighborhood": "La Dreta de l'Eixample", "latitude": 41.3943032, "longitude": 2.1622767, "showAddress": false, "url": "https://www.idealista.com/inmueble/91637762/", "distance": "175", "hasVideo": false, "status": "good", "newDevelopment": false, "priceByArea": 9467.0, "detailedType": {"typology": "flat"}, "suggestedTexts": {"subtitle": "La Dreta de l'Eixample, Barcelona", "title": "Piso"}, "hasPlan": true, "has3DTour": true, "has360": false, "hasStaging": false, "topNewDevelopment": false}, {"propertyCode": "89854790", "thumbnail": "https://img3.idealista.com/blur/WEB_LISTING/0/id.pro.es.image.master/6a/79/4e/778082835.jpg", "externalReference": "14092", "numPhotos": 33, "floor": "1", "price": 999000.0, "propertyType": "flat", "operation": "sale", "size": 250.0, "exterior": true, "rooms": 5, "bathrooms": 3, "address": "barrio Sant Gervasi - Galvany", "province": "Barcelona", "municipality": "Barcelona", "district": "Sarri\u00e0-Sant Gervasi", "country": "es", "neighborhood": "Sant Gervasi - Galvany", "latitude": 41.3956444, "longitude": 2.1549884, "showAddress": false, "url": "https://www.idealista.com/inmueble/89854790/", "distance": "566", "hasVideo": false, "status": "renew", "newDevelopment": false, "hasLift": true, "priceByArea": 3996.0, "detailedType": {"typology": "flat"}, "suggestedTexts": {"subtitle": "Sant Gervasi - Galvany, Barcelona", "title": "Piso"}, "hasPlan": true, "has3DTour": true, "has360": false, "hasStaging": false, "topNewDevelopment": false}, {"propertyCode": "88585464", "thumbnail": "https://img3.idealista.com/blur/WEB_LISTING/0/id.pro.es.image.master/c7/07/04/756034472.jpg", "externalReference": "W-02I18U", "numPhotos": 32, "floor": "3", "price": 850000.0, "propertyType": "flat", "operation": "sale", "size": 150.0, "exterior": false, "rooms": 4, "bathrooms": 2, "address": "barrio Sant Gervasi - Galvany", "province": "Barcelona", "municipality": "Barcelona", "district": "Sarri\u00e0-Sant Gervasi", "country": "es", "neighborhood": "Sant Gervasi - Galvany", "latitude": 41.3964793, "longitude": 2.1517862, "showAddress": false, "url": "https://www.idealista.com/inmueble/88585464/", "distance": "836", "hasVideo": false, "status": "good", "newDevelopment": false, "hasLift": true, "priceByArea": 5667.0, "detailedType": {"typology": "flat"}, "suggestedTexts": {"subtitle": "Sant Gervasi - Galvany, Barcelona", "title": "Piso"}, "hasPlan": true, "has3DTour": true, "has360": false, "hasStaging": false, "topNewDevelopment": false}, {"propertyCode": "85493774", "thumbnail": "https://img3.idealista.com/blur/WEB_LISTING/0/id.pro.es.image.master/b4/84/0a/771646001.jpg", "externalReference": "W-02ECLK", "numPhotos": 36, "floor": "bj", "price": 750000.0, "propertyType": "flat", "operation": "sale", "size": 202.0, "exterior": false, "rooms": 1, "bathrooms": 2, "address": "barrio Vila de Gr\u00e0cia", "province": "Barcelona", "municipality": "Barcelona", "district": "Gr\u00e0cia", "country": "es", "neighborhood": "Vila de Gr\u00e0cia", "latitude": 41.4005828, "longitude": 2.1558008, "showAddress": false, "url": "https://www.idealista.com/inmueble/85493774/", "distance": "726", "hasVideo": false, "status": "good", "newDevelopment": false, "hasLift": false, "parkingSpace": {"hasParkingSpace": true, "isParkingSpaceIncludedInPrice": true}, "priceByArea": 3713.0, "detailedType": {"typology": "flat"}, "suggestedTexts": {"subtitle": "Vila de Gr\u00e0cia, Barcelona", "title": "Piso"}, "hasPlan": true, "has3DTour": true, "has360": false, "hasStaging": false, "topNewDevelopment": false}, {"propertyCode": "89359380", "thumbnail": "https://img3.idealista.com/blur/WEB_LISTING/0/id.pro.es.image.master/c6/af/d1/769770739.jpg", "externalReference": "3432", "numPhotos": 28, "price": 320000.0, "propertyType": "flat", "operation": "sale", "size": 60.0, "exterior": true, "rooms": 1, "bathrooms": 1, "address": "Calle del Consell de Cent", "province": "Barcelona", "municipality": "Barcelona", "district": "Eixample", "country": "es", "neighborhood": "La Dreta de l'Eixample", "latitude": 41.3944857, "longitude": 2.1669098, "showAddress": false, "url": "https://www.idealista.com/inmueble/89359380/", "distance": "453", "hasVideo": false, "status": "good", "newDevelopment": false, "hasLift": true, "priceByArea": 5333.0, "detailedType": {"typology": "flat"}, "suggestedTexts": {"subtitle": "La Dreta de l'Eixample, Barcelona", "title": "Piso en Calle del Consell de Cent"}, "hasPlan": true, "has3DTour": false, "has360": true, "hasStaging": false, "topNewDevelopment": false}, {"propertyCode": "92472112", "thumbnail": "https://img3.idealista.com/blur/WEB_LISTING/0/id.pro.es.image.master/ff/7b/99/840484158.jpg", "externalReference": "VB2011024-1", "numPhotos": 24, "floor": "5", "price": 870000.0, "propertyType": "flat", "operation": "sale", "size": 86.0, "exterior": true, "rooms": 1, "bathrooms": 1, "address": "Paseo de Gr\u00e0cia", "province": "Barcelona", "municipality": "Barcelona", "district": "Eixample", "country": "es", "neighborhood": "La Dreta de l'Eixample", "latitude": 41.3941412, "longitude": 2.1609541, "showAddress": false, "url": "https://www.idealista.com/inmueble/92472112/", "distance": "200", "hasVideo": true, "status": "good", "newDevelopment": false, "hasLift": true, "priceByArea": 10116.0, "detailedType": {"typology": "flat"}, "suggestedTexts": {"subtitle": "La Dreta de l'Eixample, Barcelona", "title": "Piso en Paseo de Gr\u00e0cia"}, "hasPlan": true, "has3DTour": false, "has360": true, "hasStaging": false, "topNewDevelopment": false}, {"propertyCode": "91520865", "thumbnail": "https://img3.idealista.com/blur/WEB_LISTING/0/id.pro.es.image.master/92/2d/77/816546198.jpg", "externalReference": "G-40654", "numPhotos": 25, "floor": "5", "price": 285000.0, "propertyType": "flat", "operation": "sale", "size": 76.0, "exterior": true, "rooms": 3, "bathrooms": 1, "address": "Calle de Puigmart\u00ed", "province": "Barcelona", "municipality": "Barcelona", "district": "Gr\u00e0cia", "country": "es", "neighborhood": "Vila de Gr\u00e0cia", "latitude": 41.4003694, "longitude": 2.1624695, "showAddress": false, "url": "https://www.idealista.com/inmueble/91520865/", "distance": "507", "hasVideo": true, "status": "good", "newDevelopment": false, "hasLift": true, "priceByArea": 3750.0, "detailedType": {"typology": "flat"}, "suggestedTexts": {"subtitle": "Vila de Gr\u00e0cia, Barcelona", "title": "Piso en Calle de Puigmart\u00ed"}, "hasPlan": true, "has3DTour": false, "has360": true, "hasStaging": false, "topNewDevelopment": false}, {"propertyCode": "91332200", "thumbnail": "https://img3.idealista.com/blur/WEB_LISTING/0/id.pro.es.image.master/84/9d/f8/812136352.jpg", "externalReference": "W-02JUTK", "numPhotos": 24, "floor": "1", "price": 395000.0, "propertyType": "flat", "operation": "sale", "size": 113.0, "exterior": false, "rooms": 4, "bathrooms": 1, "address": "barrio Vila de Gr\u00e0cia", "province": "Barcelona", "municipality": "Barcelona", "district": "Gr\u00e0cia", "country": "es", "neighborhood": "Vila de Gr\u00e0cia", "latitude": 41.4017637, "longitude": 2.1628004, "showAddress": false, "url": "https://www.idealista.com/inmueble/91332200/", "distance": "664", "hasVideo": false, "status": "good", "newDevelopment": false, "hasLift": false, "priceByArea": 3496.0, "detailedType": {"typology": "flat"}, "suggestedTexts": {"subtitle": "Vila de Gr\u00e0cia, Barcelona", "title": "Piso"}, "hasPlan": true, "has3DTour": false, "has360": true, "hasStaging": false, "topNewDevelopment": false}, {"propertyCode": "91648855", "thumbnail": "https://img3.idealista.com/blur/WEB_LISTING/0/id.pro.es.image.master/7b/29/57/819899456.jpg", "externalReference": "BCN25860", "numPhotos": 34, "price": 995000.0, "propertyType": "flat", "operation": "sale", "size": 187.0, "exterior": true, "rooms": 4, "bathrooms": 2, "address": "barrio La Dreta de l'Eixample", "province": "Barcelona", "municipality": "Barcelona", "district": "Eixample", "country": "es", "neighborhood": "La Dreta de l'Eixample", "latitude": 41.3944203, "longitude": 2.1705542, "showAddress": false, "url": "https://www.idealista.com/inmueble/91648855/", "distance": "748", "hasVideo": false, "status": "renew", "newDevelopment": false, "hasLift": true, "priceByArea": 5321.0, "detailedType": {"typology": "flat"}, "suggestedTexts": {"subtitle": "La Dreta de l'Eixample, Barcelona", "title": "Piso"}, "hasPlan": true, "has3DTour": false, "has360": true, "hasStaging": false, "topNewDevelopment": false}, {"propertyCode": "91546114", "thumbnail": "https://img3.idealista.com/blur/WEB_LISTING/0/id.pro.es.image.master/29/a7/5b/831103325.jpg", "externalReference": "243104", "numPhotos": 27, "floor": "3", "price": 490000.0, "propertyType": "flat", "operation": "sale", "size": 100.0, "exterior": true, "rooms": 3, "bathrooms": 1, "address": "barrio L'Antiga Esquerra de l'Eixample", "province": "Barcelona", "municipality": "Barcelona", "district": "Eixample", "country": "es", "neighborhood": "L'Antiga Esquerra de l'Eixample", "latitude": 41.3885004, "longitude": 2.1586319, "showAddress": false, "url": "https://www.idealista.com/inmueble/91546114/", "distance": "856", "hasVideo": false, "status": "good", "newDevelopment": false, "hasLift": true, "priceByArea": 4900.0, "detailedType": {"typology": "flat"}, "suggestedTexts": {"subtitle": "L'Antiga Esquerra de l'Eixample, Barcelona", "title": "Piso"}, "hasPlan": true, "has3DTour": true, "has360": true, "hasStaging": false, "topNewDevelopment": false}, {"propertyCode": "86560022", "thumbnail": "https://img3.idealista.com/blur/WEB_LISTING/0/id.pro.es.image.master/5a/6e/31/702857077.jpg", "externalReference": "019197", "numPhotos": 40, "floor": "4", "price": 1600000.0, "propertyType": "flat", "operation": "sale", "size": 175.0, "exterior": true, "rooms": 3, "bathrooms": 2, "address": "barrio La Dreta de l'Eixample", "province": "Barcelona", "municipality": "Barcelona", "district": "Eixample", "country": "es", "neighborhood": "La Dreta de l'Eixample", "latitude": 41.3978964, "longitude": 2.1624854, "showAddress": false, "url": "https://www.idealista.com/inmueble/86560022/", "distance": "236", "hasVideo": false, "status": "good", "newDevelopment": false, "hasLift": true, "priceByArea": 9143.0, "detailedType": {"typology": "flat"}, "suggestedTexts": {"subtitle": "La Dreta de l'Eixample, Barcelona", "title": "Piso"}, "hasPlan": true, "has3DTour": false, "has360": true, "hasStaging": false, "topNewDevelopment": false}, {"propertyCode": "84869947", "thumbnail": "https://img3.idealista.com/blur/WEB_LISTING/0/id.pro.es.image.master/3c/43/a8/853139579.jpg", "externalReference": "BCN05929", "numPhotos": 23, "floor": "1", "price": 595000.0, "propertyType": "flat", "operation": "sale", "size": 180.0, "exterior": true, "rooms": 4, "bathrooms": 2, "address": "barrio La Dreta de l'Eixample", "province": "Barcelona", "municipality": "Barcelona", "district": "Eixample", "country": "es", "neighborhood": "La Dreta de l'Eixample", "latitude": 41.3985575, "longitude": 2.1601092, "showAddress": false, "url": "https://www.idealista.com/inmueble/84869947/", "distance": "333", "hasVideo": true, "status": "renew", "newDevelopment": false, "hasLift": true, "parkingSpace": {"hasParkingSpace": true, "isParkingSpaceIncludedInPrice": false, "parkingSpacePrice": 30000.0}, "priceByArea": 3306.0, "detailedType": {"typology": "flat"}, "suggestedTexts": {"subtitle": "La Dreta de l'Eixample, Barcelona", "title": "Piso"}, "hasPlan": true, "has3DTour": false, "has360": false, "hasStaging": false, "topNewDevelopment": false}, {"propertyCode": "87780999", "thumbnail": "https://img3.idealista.com/blur/WEB_LISTING/0/id.pro.es.image.master/89/16/22/821885115.jpg", "externalReference": "BCN06262", "numPhotos": 24, "floor": "3", "price": 920000.0, "propertyType": "flat", "operation": "sale", "size": 148.0, "exterior": true, "rooms": 3, "bathrooms": 2, "address": "barrio La Dreta de l'Eixample", "province": "Barcelona", "municipality": "Barcelona", "district": "Eixample", "country": "es", "neighborhood": "La Dreta de l'Eixample", "latitude": 41.3951624, "longitude": 2.1671727, "showAddress": false, "url": "https://www.idealista.com/inmueble/87780999/", "distance": "455", "hasVideo": true, "status": "good", "newDevelopment": false, "hasLift": true, "priceByArea": 6216.0, "detailedType": {"typology": "flat"}, "suggestedTexts": {"subtitle": "La Dreta de l'Eixample, Barcelona", "title": "Piso"}, "hasPlan": true, "has3DTour": true, "has360": true, "hasStaging": false, "topNewDevelopment": false}, {"propertyCode": "87362371", "thumbnail": "https://img3.idealista.com/blur/WEB_LISTING/0/id.pro.es.image.master/1f/30/b9/849513899.jpg", "externalReference": "7488", "numPhotos": 39, "floor": "1", "price": 769000.0, "propertyType": "flat", "operation": "sale", "size": 210.0, "exterior": true, "rooms": 5, "bathrooms": 3, "address": "Traves\u00eda de Gr\u00e0cia", "province": "Barcelona", "municipality": "Barcelona", "district": "Sarri\u00e0-Sant Gervasi", "country": "es", "neighborhood": "Sant Gervasi - Galvany", "latitude": 41.4001304, "longitude": 2.1538031, "showAddress": false, "url": "https://www.idealista.com/inmueble/87362371/", "distance": "819", "hasVideo": true, "status": "renew", "newDevelopment": false, "hasLift": true, "priceByArea": 3662.0, "detailedType": {"typology": "flat"}, "suggestedTexts": {"subtitle": "Sant Gervasi - Galvany, Barcelona", "title": "Piso en Traves\u00eda de Gr\u00e0cia"}, "hasPlan": true, "has3DTour": true, "has360": true, "hasStaging": false, "topNewDevelopment": false}, {"propertyCode": "90304054", "thumbnail": "https://img3.idealista.com/blur/WEB_LISTING/0/id.pro.es.image.master/88/64/8c/787661218.jpg", "externalReference": "BCN5366", "numPhotos": 28, "price": 795000.0, "propertyType": "flat", "operation": "sale", "size": 142.0, "exterior": true, "rooms": 2, "bathrooms": 2, "address": "barrio La Dreta de l'Eixample", "province": "Barcelona", "municipality": "Barcelona", "district": "Eixample", "country": "es", "neighborhood": "La Dreta de l'Eixample", "latitude": 41.3896408, "longitude": 2.1612985, "showAddress": false, "url": "https://www.idealista.com/inmueble/90304054/", "distance": "690", "hasVideo": false, "status": "good", "newDevelopment": false, "hasLift": true, "priceByArea": 5599.0, "detailedType": {"typology": "flat"}, "suggestedTexts": {"subtitle": "La Dreta de l'Eixample, Barcelona", "title": "Piso"}, "hasPlan": false, "has3DTour": false, "has360": true, "hasStaging": false, "topNewDevelopment": false}, {"propertyCode": "91627282", "thumbnail": "https://img3.idealista.com/blur/WEB_LISTING/0/id.pro.es.image.master/b6/d0/4d/822814221.jpg", "externalReference": "BCN06436", "numPhotos": 22, "floor": "1", "price": 990000.0, "propertyType": "flat", "operation": "sale", "size": 192.0, "exterior": true, "rooms": 5, "bathrooms": 2, "address": "barrio La Dreta de l'Eixample", "province": "Barcelona", "municipality": "Barcelona", "district": "Eixample", "country": "es", "neighborhood": "La Dreta de l'Eixample", "latitude": 41.3940567, "longitude": 2.1597249, "showAddress": false, "url": "https://www.idealista.com/inmueble/91627282/", "distance": "261", "hasVideo": false, "status": "renew", "newDevelopment": false, "hasLift": true, "priceByArea": 5156.0, "detailedType": {"typology": "flat"}, "suggestedTexts": {"subtitle": "La Dreta de l'Eixample, Barcelona", "title": "Piso"}, "hasPlan": true, "has3DTour": false, "has360": true, "hasStaging": false, "topNewDevelopment": false}, {"propertyCode": "91334131", "thumbnail": "https://img3.idealista.com/blur/WEB_LISTING/0/id.pro.es.image.master/84/cb/71/812175912.jpg", "externalReference": "B07380BA", "numPhotos": 30, "floor": "4", "price": 480000.0, "propertyType": "flat", "operation": "sale", "size": 59.0, "exterior": true, "rooms": 1, "bathrooms": 1, "address": "barrio La Dreta de l'Eixample", "province": "Barcelona", "municipality": "Barcelona", "district": "Eixample", "country": "es", "neighborhood": "La Dreta de l'Eixample", "latitude": 41.393186, "longitude": 2.1659337, "showAddress": false, "url": "https://www.idealista.com/inmueble/91334131/", "distance": "454", "hasVideo": true, "status": "good", "newDevelopment": false, "hasLift": true, "priceByArea": 8136.0, "detailedType": {"typology": "flat"}, "suggestedTexts": {"subtitle": "La Dreta de l'Eixample, Barcelona", "title": "Piso"}, "hasPlan": true, "has3DTour": false, "has360": true, "hasStaging": false, "topNewDevelopment": false}, {"propertyCode": "92359403", "thumbnail": "https://img3.idealista.com/blur/WEB_LISTING/0/id.pro.es.image.master/80/96/c8/837866919.jpg", "numPhotos": 56, "floor": "3", "price": 1800000.0, "propertyType": "flat", "operation": "sale", "size": 364.0, "exterior": true, "rooms": 5, "bathrooms": 4, "address": "Calle del Consell de Cent", "province": "Barcelona", "municipality": "Barcelona", "district": "Eixample", "country": "es", "neighborhood": "La Dreta de l'Eixample", "latitude": 41.3906269, "longitude": 2.1640133, "showAddress": false, "url": "https://www.idealista.com/inmueble/92359403/", "distance": "608", "hasVideo": false, "status": "good", "newDevelopment": false, "hasLift": true, "priceByArea": 4945.0, "detailedType": {"typology": "flat"}, "suggestedTexts": {"subtitle": "La Dreta de l'Eixample, Barcelona", "title": "Piso en Calle del Consell de Cent"}, "hasPlan": true, "has3DTour": false, "has360": true, "hasStaging": false, "topNewDevelopment": false}, {"propertyCode": "91748693", "thumbnail": "https://img3.idealista.com/blur/WEB_LISTING/0/id.pro.es.image.master/5f/0c/05/831845846.jpg", "externalReference": "V1644", "numPhotos": 26, "floor": "4", "price": 435000.0, "propertyType": "flat", "operation": "sale", "size": 107.0, "exterior": true, "rooms": 4, "bathrooms": 2, "address": "barrio La Dreta de l'Eixample", "province": "Barcelona", "municipality": "Barcelona", "district": "Eixample", "country": "es", "neighborhood": "La Dreta de l'Eixample", "latitude": 41.3953328, "longitude": 2.167456, "showAddress": false, "url": "https://www.idealista.com/inmueble/91748693/", "distance": "476", "hasVideo": false, "status": "good", "newDevelopment": false, "hasLift": true, "priceByArea": 4065.0, "detailedType": {"typology": "flat"}, "suggestedTexts": {"subtitle": "La Dreta de l'Eixample, Barcelona", "title": "Piso"}, "hasPlan": true, "has3DTour": false, "has360": true, "hasStaging": false, "topNewDevelopment": false}, {"propertyCode": "90308877", "thumbnail": "https://img3.idealista.com/blur/WEB_LISTING/0/id.pro.es.image.master/95/17/c6/787774312.jpg", "externalReference": "BCN11050V", "numPhotos": 36, "price": 980000.0, "propertyType": "flat", "operation": "sale", "size": 176.0, "exterior": false, "rooms": 3, "bathrooms": 2, "address": "barrio La Dreta de l'Eixample", "province": "Barcelona", "municipality": "Barcelona", "district": "Eixample", "country": "es", "neighborhood": "La Dreta de l'Eixample", "latitude": 41.3987989, "longitude": 2.1649563, "showAddress": false, "url": "https://www.idealista.com/inmueble/90308877/", "distance": "422", "hasVideo": false, "status": "good", "newDevelopment": false, "hasLift": true, "priceByArea": 5568.0, "detailedType": {"typology": "flat"}, "suggestedTexts": {"subtitle": "La Dreta de l'Eixample, Barcelona", "title": "Piso"}, "hasPlan": true, "has3DTour": false, "has360": true, "hasStaging": false, "topNewDevelopment": false}, {"propertyCode": "91420072", "thumbnail": "https://img3.idealista.com/blur/WEB_LISTING/0/id.pro.es.image.master/d5/bb/15/843346559.jpg", "externalReference": "b", "numPhotos": 25, "floor": "4", "price": 1080000.0, "propertyType": "flat", "operation": "sale", "size": 189.0, "exterior": false, "rooms": 3, "bathrooms": 2, "address": "Calle de C\u00f2rsega", "province": "Barcelona", "municipality": "Barcelona", "district": "Gr\u00e0cia", "country": "es", "neighborhood": "Vila de Gr\u00e0cia", "latitude": 41.3960798, "longitude": 2.1605514, "showAddress": false, "url": "https://www.idealista.com/inmueble/91420072/", "distance": "106", "hasVideo": false, "status": "good", "newDevelopment": false, "hasLift": true, "priceByArea": 5714.0, "detailedType": {"typology": "flat"}, "suggestedTexts": {"subtitle": "Vila de Gr\u00e0cia, Barcelona", "title": "Piso en Calle de C\u00f2rsega"}, "hasPlan": false, "has3DTour": false, "has360": true, "hasStaging": false, "topNewDevelopment": false}, {"propertyCode": "92625235", "thumbnail": "https://img3.idealista.com/blur/WEB_LISTING/0/id.pro.es.image.master/9a/da/df/855811463.jpg", "externalReference": "FG61-31", "numPhotos": 23, "floor": "3", "price": 488000.0, "propertyType": "flat", "operation": "sale", "size": 118.0, "exterior": false, "rooms": 3, "bathrooms": 1, "address": "Calle Gran de Gr\u00e0cia", "province": "Barcelona", "municipality": "Barcelona", "district": "Gr\u00e0cia", "country": "es", "neighborhood": "Vila de Gr\u00e0cia", "latitude": 41.4011023, "longitude": 2.1574188, "showAddress": false, "url": "https://www.idealista.com/inmueble/92625235/", "distance": "689", "hasVideo": false, "status": "good", "newDevelopment": false, "hasLift": true, "priceByArea": 4136.0, "detailedType": {"typology": "flat"}, "suggestedTexts": {"subtitle": "Vila de Gr\u00e0cia, Barcelona", "title": "Piso en Calle Gran de Gr\u00e0cia"}, "hasPlan": true, "has3DTour": false, "has360": false, "hasStaging": false, "topNewDevelopment": false}, {"propertyCode": "93181159", "thumbnail": "https://img3.idealista.com/blur/WEB_LISTING/0/id.pro.es.image.master/be/ac/0a/856337956.jpg", "externalReference": "VB2103013", "numPhotos": 39, "floor": "1", "price": 395000.0, "propertyType": "flat", "operation": "sale", "size": 76.0, "exterior": true, "rooms": 2, "bathrooms": 1, "address": "barrio Vila de Gr\u00e0cia", "province": "Barcelona", "municipality": "Barcelona", "district": "Gr\u00e0cia", "country": "es", "neighborhood": "Vila de Gr\u00e0cia", "latitude": 41.4019072, "longitude": 2.1592846, "showAddress": false, "url": "https://www.idealista.com/inmueble/93181159/", "distance": "706", "hasVideo": true, "status": "good", "newDevelopment": false, "hasLift": false, "priceByArea": 5197.0, "detailedType": {"typology": "flat"}, "suggestedTexts": {"subtitle": "Vila de Gr\u00e0cia, Barcelona", "title": "Piso"}, "hasPlan": true, "has3DTour": false, "has360": false, "hasStaging": false, "topNewDevelopment": false}, {"propertyCode": "93080432", "thumbnail": "https://img3.idealista.com/blur/WEB_LISTING/0/id.pro.es.image.master/0d/dd/8d/853995529.jpg", "externalReference": "VB2102072", "numPhotos": 40, "floor": "5", "price": 539000.0, "propertyType": "flat", "operation": "sale", "size": 92.0, "exterior": true, "rooms": 3, "bathrooms": 2, "address": "Calle de Girona", "province": "Barcelona", "municipality": "Barcelona", "district": "Eixample", "country": "es", "neighborhood": "La Dreta de l'Eixample", "latitude": 41.3981165, "longitude": 2.1641944, "showAddress": false, "url": "https://www.idealista.com/inmueble/93080432/", "distance": "323", "hasVideo": true, "status": "good", "newDevelopment": false, "hasLift": true, "parkingSpace": {"hasParkingSpace": true, "isParkingSpaceIncludedInPrice": false, "parkingSpacePrice": 30000.0}, "priceByArea": 5859.0, "detailedType": {"typology": "flat"}, "suggestedTexts": {"subtitle": "La Dreta de l'Eixample, Barcelona", "title": "Piso en Calle de Girona"}, "hasPlan": true, "has3DTour": false, "has360": false, "hasStaging": false, "topNewDevelopment": false}, {"propertyCode": "92911172", "thumbnail": "https://img3.idealista.com/blur/WEB_LISTING/0/id.pro.es.image.master/c8/97/66/850881797.jpg", "externalReference": "VB2102040", "numPhotos": 22, "floor": "2", "price": 310000.0, "propertyType": "flat", "operation": "sale", "size": 91.0, "exterior": true, "rooms": 3, "bathrooms": 2, "address": "Calle de la Ind\u00fastria", "province": "Barcelona", "municipality": "Barcelona", "district": "Gr\u00e0cia", "country": "es", "neighborhood": "El Camp d'En Grassot i Gr\u00e0cia Nova", "latitude": 41.4004149, "longitude": 2.1626076, "showAddress": false, "url": "https://www.idealista.com/inmueble/92911172/", "distance": "513", "hasVideo": false, "status": "good", "newDevelopment": false, "hasLift": true, "priceByArea": 3407.0, "detailedType": {"typology": "flat"}, "suggestedTexts": {"subtitle": "El Camp d'En Grassot i Gr\u00e0cia Nova, Barcelona", "title": "Piso en Calle de la Ind\u00fastria"}, "hasPlan": true, "has3DTour": false, "has360": false, "hasStaging": false, "topNewDevelopment": false}, {"propertyCode": "92855502", "thumbnail": "https://img3.idealista.com/blur/WEB_LISTING/0/id.pro.es.image.master/2c/de/0d/849588160.jpg", "externalReference": "VB2102031", "numPhotos": 38, "floor": "3", "price": 1080000.0, "propertyType": "flat", "operation": "sale", "size": 177.0, "exterior": true, "rooms": 3, "bathrooms": 2, "address": "Calle de C\u00f2rsega", "province": "Barcelona", "municipality": "Barcelona", "district": "Gr\u00e0cia", "country": "es", "neighborhood": "Vila de Gr\u00e0cia", "latitude": 41.3961095, "longitude": 2.1617514, "showAddress": false, "url": "https://www.idealista.com/inmueble/92855502/", "distance": "30", "hasVideo": true, "status": "good", "newDevelopment": false, "hasLift": true, "priceByArea": 6102.0, "detailedType": {"typology": "flat"}, "suggestedTexts": {"subtitle": "Vila de Gr\u00e0cia, Barcelona", "title": "Piso en Calle de C\u00f2rsega"}, "hasPlan": true, "has3DTour": false, "has360": false, "hasStaging": false, "topNewDevelopment": false}, {"propertyCode": "93162209", "thumbnail": "https://img3.idealista.com/blur/WEB_LISTING/0/id.pro.es.image.master/c0/04/7a/855868134.jpg", "externalReference": "141VE882ARA4", "numPhotos": 43, "floor": "4", "price": 1150000.0, "propertyType": "flat", "operation": "sale", "size": 159.0, "exterior": false, "rooms": 5, "bathrooms": 5, "address": "Calle d'Arag\u00f3", "province": "Barcelona", "municipality": "Barcelona", "district": "Eixample", "country": "es", "neighborhood": "La Dreta de l'Eixample", "latitude": 41.3952624, "longitude": 2.1668727, "showAddress": false, "url": "https://www.idealista.com/inmueble/93162209/", "distance": "429", "hasVideo": false, "status": "good", "newDevelopment": false, "hasLift": true, "priceByArea": 7233.0, "detailedType": {"typology": "flat"}, "suggestedTexts": {"subtitle": "La Dreta de l'Eixample, Barcelona", "title": "Piso en Calle d'Arag\u00f3"}, "hasPlan": false, "has3DTour": false, "has360": false, "hasStaging": false, "topNewDevelopment": false}, {"propertyCode": "92556791", "thumbnail": "https://img3.idealista.com/blur/WEB_LISTING/0/id.pro.es.image.master/9e/8b/43/842586836.jpg", "externalReference": "VB2011031-2", "numPhotos": 42, "floor": "en", "price": 1200000.0, "propertyType": "flat", "operation": "sale", "size": 171.0, "exterior": true, "rooms": 3, "bathrooms": 2, "address": "Calle de Val\u00e8ncia", "province": "Barcelona", "municipality": "Barcelona", "district": "Eixample", "country": "es", "neighborhood": "L'Antiga Esquerra de l'Eixample", "latitude": 41.3898412, "longitude": 2.1588543, "showAddress": false, "url": "https://www.idealista.com/inmueble/92556791/", "distance": "709", "hasVideo": false, "status": "good", "newDevelopment": false, "hasLift": true, "priceByArea": 7018.0, "detailedType": {"typology": "flat"}, "suggestedTexts": {"subtitle": "L'Antiga Esquerra de l'Eixample, Barcelona", "title": "Piso en Calle de Val\u00e8ncia"}, "hasPlan": true, "has3DTour": false, "has360": false, "hasStaging": false, "topNewDevelopment": false}, {"propertyCode": "91700388", "thumbnail": "https://img3.idealista.com/blur/WEB_LISTING/0/id.pro.es.image.master/c0/a7/5c/821138875.jpg", "externalReference": "VB2006003-5", "numPhotos": 32, "floor": "4", "price": 1095000.0, "propertyType": "flat", "operation": "sale", "size": 206.0, "exterior": true, "rooms": 5, "bathrooms": 2, "address": "Calle de Proven\u00e7a", "province": "Barcelona", "municipality": "Barcelona", "district": "Eixample", "country": "es", "neighborhood": "La Dreta de l'Eixample", "latitude": 41.3990905, "longitude": 2.1691948, "showAddress": false, "url": "https://www.idealista.com/inmueble/91700388/", "distance": "716", "hasVideo": true, "status": "good", "newDevelopment": false, "hasLift": true, "priceByArea": 5316.0, "detailedType": {"typology": "flat"}, "suggestedTexts": {"subtitle": "La Dreta de l'Eixample, Barcelona", "title": "Piso en Calle de Proven\u00e7a"}, "hasPlan": true, "has3DTour": false, "has360": false, "hasStaging": false, "topNewDevelopment": false}, {"propertyCode": "91626728", "thumbnail": "https://img3.idealista.com/blur/WEB_LISTING/0/id.pro.es.image.master/90/b9/4a/819372556.jpg", "externalReference": "VB2002058-5", "numPhotos": 30, "floor": "en", "price": 580000.0, "propertyType": "flat", "operation": "sale", "size": 132.0, "exterior": true, "rooms": 2, "bathrooms": 2, "address": "Calle de Par\u00eds", "province": "Barcelona", "municipality": "Barcelona", "district": "Eixample", "country": "es", "neighborhood": "L'Antiga Esquerra de l'Eixample", "latitude": 41.3932354, "longitude": 2.1522716, "showAddress": false, "url": "https://www.idealista.com/inmueble/91626728/", "distance": "844", "hasVideo": false, "status": "good", "newDevelopment": false, "hasLift": true, "priceByArea": 4394.0, "detailedType": {"typology": "flat"}, "suggestedTexts": {"subtitle": "L'Antiga Esquerra de l'Eixample, Barcelona", "title": "Piso en Calle de Par\u00eds"}, "hasPlan": true, "has3DTour": false, "has360": false, "hasStaging": false, "topNewDevelopment": false}, {"propertyCode": "91341897", "thumbnail": "https://img3.idealista.com/blur/WEB_LISTING/0/id.pro.es.image.master/2c/d3/e5/812376311.jpg", "externalReference": "VB2004005-4", "numPhotos": 37, "floor": "3", "price": 825000.0, "propertyType": "flat", "operation": "sale", "size": 141.0, "exterior": true, "rooms": 3, "bathrooms": 2, "address": "Calle d'Aribau", "province": "Barcelona", "municipality": "Barcelona", "district": "Eixample", "country": "es", "neighborhood": "L'Antiga Esquerra de l'Eixample", "latitude": 41.3937431, "longitude": 2.1549649, "showAddress": false, "url": "https://www.idealista.com/inmueble/91341897/", "distance": "614", "hasVideo": false, "status": "good", "newDevelopment": false, "hasLift": true, "priceByArea": 5851.0, "detailedType": {"typology": "flat"}, "suggestedTexts": {"subtitle": "L'Antiga Esquerra de l'Eixample, Barcelona", "title": "Piso en Calle d'Aribau"}, "hasPlan": true, "has3DTour": false, "has360": false, "hasStaging": false, "topNewDevelopment": false}, {"propertyCode": "91153536", "thumbnail": "https://img3.idealista.com/blur/WEB_LISTING/0/id.pro.es.image.master/d1/70/9a/807998515.jpg", "externalReference": "VB2001003-4", "numPhotos": 24, "floor": "3", "price": 660000.0, "propertyType": "flat", "operation": "sale", "size": 170.0, "exterior": true, "rooms": 4, "bathrooms": 1, "address": "Calle d'Arag\u00f3", "province": "Barcelona", "municipality": "Barcelona", "district": "Eixample", "country": "es", "neighborhood": "L'Antiga Esquerra de l'Eixample", "latitude": 41.3888408, "longitude": 2.1591667, "showAddress": false, "url": "https://www.idealista.com/inmueble/91153536/", "distance": "807", "hasVideo": false, "status": "renew", "newDevelopment": false, "hasLift": true, "priceByArea": 3882.0, "detailedType": {"typology": "flat"}, "suggestedTexts": {"subtitle": "L'Antiga Esquerra de l'Eixample, Barcelona", "title": "Piso en Calle d'Arag\u00f3"}, "hasPlan": true, "has3DTour": false, "has360": false, "hasStaging": false, "topNewDevelopment": false}, {"propertyCode": "86073242", "thumbnail": "https://img3.idealista.com/blur/WEB_LISTING/0/id.pro.es.image.master/74/77/e3/682850289.jpg", "externalReference": "019215", "numPhotos": 22, "floor": "4", "price": 1200000.0, "propertyType": "flat", "operation": "sale", "size": 200.0, "exterior": true, "rooms": 5, "bathrooms": 2, "address": "Rambla de Catalunya", "province": "Barcelona", "municipality": "Barcelona", "district": "Eixample", "country": "es", "neighborhood": "La Dreta de l'Eixample", "latitude": 41.392094, "longitude": 2.1628807, "showAddress": false, "url": "https://www.idealista.com/inmueble/86073242/", "distance": "426", "hasVideo": false, "status": "renew", "newDevelopment": false, "hasLift": true, "priceByArea": 6000.0, "detailedType": {"typology": "flat"}, "suggestedTexts": {"subtitle": "La Dreta de l'Eixample, Barcelona", "title": "Piso en Rambla de Catalunya"}, "hasPlan": true, "has3DTour": false, "has360": false, "hasStaging": false, "topNewDevelopment": false}, {"propertyCode": "92935615", "thumbnail": "https://img3.idealista.com/blur/WEB_LISTING/0/id.pro.es.image.master/35/f0/e6/851509623.jpg", "externalReference": "BCN27433", "numPhotos": 32, "price": 1550000.0, "propertyType": "flat", "operation": "sale", "size": 166.0, "exterior": true, "rooms": 3, "bathrooms": 3, "address": "barrio La Dreta de l'Eixample", "province": "Barcelona", "municipality": "Barcelona", "district": "Eixample", "country": "es", "neighborhood": "La Dreta de l'Eixample", "latitude": 41.399758, "longitude": 2.1681455, "showAddress": false, "url": "https://www.idealista.com/inmueble/92935615/", "distance": "686", "hasVideo": false, "status": "good", "newDevelopment": false, "hasLift": true, "priceByArea": 9337.0, "detailedType": {"typology": "flat"}, "suggestedTexts": {"subtitle": "La Dreta de l'Eixample, Barcelona", "title": "Piso"}, "hasPlan": true, "has3DTour": false, "has360": false, "hasStaging": false, "topNewDevelopment": false}, {"propertyCode": "93156492", "thumbnail": "https://img3.idealista.com/blur/WEB_LISTING/0/id.pro.es.image.master/1b/78/f7/855714437.jpg", "externalReference": "65580", "numPhotos": 27, "floor": "7", "price": 539000.0, "propertyType": "flat", "operation": "sale", "size": 130.0, "exterior": false, "rooms": 4, "bathrooms": 2, "address": "Calle del Consell de Cent con enric granados", "province": "Barcelona", "municipality": "Barcelona", "district": "Eixample", "country": "es", "neighborhood": "L'Antiga Esquerra de l'Eixample", "latitude": 41.3884917, "longitude": 2.1627386, "showAddress": false, "url": "https://www.idealista.com/inmueble/93156492/", "distance": "820", "hasVideo": false, "status": "good", "newDevelopment": false, "hasLift": true, "priceByArea": 4146.0, "detailedType": {"typology": "flat"}, "suggestedTexts": {"subtitle": "L'Antiga Esquerra de l'Eixample, Barcelona", "title": "Piso en Calle del Consell de Cent con enric granados"}, "hasPlan": true, "has3DTour": false, "has360": false, "hasStaging": false, "topNewDevelopment": false}, {"propertyCode": "39976370", "thumbnail": "https://img3.idealista.com/blur/WEB_LISTING/0/id.pro.es.image.master/2b/69/06/668624885.jpg", "externalReference": "B03728BA", "numPhotos": 21, "floor": "1", "price": 1879000.0, "propertyType": "flat", "operation": "sale", "size": 210.0, "exterior": false, "rooms": 4, "bathrooms": 4, "address": "Calle de Balmes, 167", "province": "Barcelona", "municipality": "Barcelona", "district": "Eixample", "country": "es", "neighborhood": "L'Antiga Esquerra de l'Eixample", "latitude": 41.394799, "longitude": 2.1550967, "showAddress": true, "url": "https://www.idealista.com/inmueble/39976370/", "distance": "569", "hasVideo": true, "status": "good", "newDevelopment": false, "hasLift": true, "priceByArea": 8948.0, "detailedType": {"typology": "flat"}, "suggestedTexts": {"subtitle": "L'Antiga Esquerra de l'Eixample, Barcelona", "title": "Piso en Calle de Balmes, 167"}, "hasPlan": true, "has3DTour": false, "has360": false, "hasStaging": false, "topNewDevelopment": false}, {"propertyCode": "84758673", "thumbnail": "https://img3.idealista.com/blur/WEB_LISTING/0/id.pro.es.image.master/29/b1/9c/754572145.jpg", "externalReference": "1752", "numPhotos": 27, "floor": "2", "price": 1650000.0, "propertyType": "flat", "operation": "sale", "size": 212.0, "exterior": true, "rooms": 7, "bathrooms": 2, "address": "Paseo de Gr\u00e0cia", "province": "Barcelona", "municipality": "Barcelona", "district": "Eixample", "country": "es", "neighborhood": "La Dreta de l'Eixample", "latitude": 41.396241, "longitude": 2.1599987, "showAddress": false, "url": "https://www.idealista.com/inmueble/84758673/", "distance": "155", "hasVideo": false, "status": "renew", "newDevelopment": false, "hasLift": true, "priceByArea": 7783.0, "detailedType": {"typology": "flat"}, "suggestedTexts": {"subtitle": "La Dreta de l'Eixample, Barcelona", "title": "Piso en Paseo de Gr\u00e0cia"}, "hasPlan": true, "has3DTour": false, "has360": false, "hasStaging": false, "topNewDevelopment": false}, {"propertyCode": "93117407", "thumbnail": "https://img3.idealista.com/blur/WEB_LISTING/0/id.pro.es.image.master/62/6a/8e/856227406.jpg", "externalReference": "VB2103003", "numPhotos": 36, "floor": "en", "price": 1050000.0, "propertyType": "flat", "operation": "sale", "size": 208.0, "exterior": true, "rooms": 4, "bathrooms": 3, "address": "barrio Sant Gervasi - Galvany", "province": "Barcelona", "municipality": "Barcelona", "district": "Sarri\u00e0-Sant Gervasi", "country": "es", "neighborhood": "Sant Gervasi - Galvany", "latitude": 41.3943636, "longitude": 2.1523745, "showAddress": false, "url": "https://www.idealista.com/inmueble/93117407/", "distance": "801", "hasVideo": false, "status": "good", "newDevelopment": false, "hasLift": true, "priceByArea": 5048.0, "detailedType": {"typology": "flat"}, "suggestedTexts": {"subtitle": "Sant Gervasi - Galvany, Barcelona", "title": "Piso"}, "hasPlan": true, "has3DTour": false, "has360": false, "hasStaging": false, "topNewDevelopment": false}, {"propertyCode": "92847091", "thumbnail": "https://img3.idealista.com/blur/WEB_LISTING/0/id.pro.es.image.master/29/77/50/849377347.jpg", "externalReference": "W-02JSFC", "numPhotos": 31, "floor": "1", "price": 1500000.0, "propertyType": "flat", "operation": "sale", "size": 150.0, "exterior": false, "rooms": 3, "bathrooms": 3, "address": "barrio La Dreta de l'Eixample", "province": "Barcelona", "municipality": "Barcelona", "district": "Eixample", "country": "es", "neighborhood": "La Dreta de l'Eixample", "latitude": 41.3966291, "longitude": 2.1617948, "showAddress": false, "url": "https://www.idealista.com/inmueble/92847091/", "distance": "88", "hasVideo": false, "status": "good", "newDevelopment": false, "hasLift": true, "parkingSpace": {"hasParkingSpace": true, "isParkingSpaceIncludedInPrice": true}, "priceByArea": 10000.0, "detailedType": {"typology": "flat"}, "suggestedTexts": {"subtitle": "La Dreta de l'Eixample, Barcelona", "title": "Piso"}, "hasPlan": true, "has3DTour": false, "has360": false, "hasStaging": false, "topNewDevelopment": false}, {"propertyCode": "91327136", "thumbnail": "https://img3.idealista.com/blur/WEB_LISTING/0/id.pro.es.image.master/d3/b9/3e/812045752.jpg", "externalReference": "W-02JGVB", "numPhotos": 42, "price": 1225000.0, "propertyType": "penthouse", "operation": "sale", "size": 175.0, "exterior": false, "rooms": 2, "bathrooms": 3, "address": "barrio La Dreta de l'Eixample", "province": "Barcelona", "municipality": "Barcelona", "district": "Eixample", "country": "es", "neighborhood": "La Dreta de l'Eixample", "latitude": 41.3916779, "longitude": 2.1639351, "showAddress": false, "url": "https://www.idealista.com/inmueble/91327136/", "distance": "496", "hasVideo": false, "status": "good", "newDevelopment": false, "hasLift": true, "priceByArea": 7000.0, "detailedType": {"typology": "flat", "subTypology": "penthouse"}, "suggestedTexts": {"subtitle": "La Dreta de l'Eixample, Barcelona", "title": "\u00c1tico"}, "hasPlan": true, "has3DTour": false, "has360": false, "hasStaging": false, "topNewDevelopment": false}, {"propertyCode": "92480222", "thumbnail": "https://img3.idealista.com/blur/WEB_LISTING/0/id.pro.es.image.master/5a/37/dd/840712211.jpg", "externalReference": "BCN26639", "numPhotos": 28, "price": 1280000.0, "propertyType": "flat", "operation": "sale", "size": 306.0, "exterior": true, "rooms": 8, "bathrooms": 4, "address": "barrio Vila de Gr\u00e0cia", "province": "Barcelona", "municipality": "Barcelona", "district": "Gr\u00e0cia", "country": "es", "neighborhood": "Vila de Gr\u00e0cia", "latitude": 41.4008588, "longitude": 2.155351, "showAddress": false, "url": "https://www.idealista.com/inmueble/92480222/", "distance": "774", "hasVideo": false, "status": "renew", "newDevelopment": false, "hasLift": true, "priceByArea": 4183.0, "detailedType": {"typology": "flat"}, "suggestedTexts": {"subtitle": "Vila de Gr\u00e0cia, Barcelona", "title": "Piso"}, "hasPlan": true, "has3DTour": false, "has360": false, "hasStaging": false, "topNewDevelopment": false}, {"propertyCode": "92093975", "thumbnail": "https://img3.idealista.com/blur/WEB_LISTING/0/id.pro.es.image.master/c0/83/f7/830786172.jpg", "externalReference": "BCN25437", "numPhotos": 26, "price": 550000.0, "propertyType": "flat", "operation": "sale", "size": 88.0, "exterior": true, "rooms": 2, "bathrooms": 2, "address": "barrio L'Antiga Esquerra de l'Eixample", "province": "Barcelona", "municipality": "Barcelona", "district": "Eixample", "country": "es", "neighborhood": "L'Antiga Esquerra de l'Eixample", "latitude": 41.393346, "longitude": 2.1594006, "showAddress": false, "url": "https://www.idealista.com/inmueble/92093975/", "distance": "340", "hasVideo": false, "status": "good", "newDevelopment": false, "hasLift": true, "priceByArea": 6250.0, "detailedType": {"typology": "flat"}, "suggestedTexts": {"subtitle": "L'Antiga Esquerra de l'Eixample, Barcelona", "title": "Piso"}, "hasPlan": true, "has3DTour": false, "has360": false, "hasStaging": false, "topNewDevelopment": false}, {"propertyCode": "92048508", "thumbnail": "https://img3.idealista.com/blur/WEB_LISTING/0/id.pro.es.image.master/81/29/99/829556355.jpg", "externalReference": "BCN26358", "numPhotos": 33, "price": 947500.0, "propertyType": "flat", "operation": "sale", "size": 118.0, "exterior": true, "rooms": 3, "bathrooms": 2, "address": "barrio L'Antiga Esquerra de l'Eixample", "province": "Barcelona", "municipality": "Barcelona", "district": "Eixample", "country": "es", "neighborhood": "L'Antiga Esquerra de l'Eixample", "latitude": 41.3918618, "longitude": 2.1578978, "showAddress": false, "url": "https://www.idealista.com/inmueble/92048508/", "distance": "547", "hasVideo": false, "status": "good", "newDevelopment": false, "hasLift": true, "priceByArea": 8030.0, "detailedType": {"typology": "flat"}, "suggestedTexts": {"subtitle": "L'Antiga Esquerra de l'Eixample, Barcelona", "title": "Piso"}, "hasPlan": true, "has3DTour": false, "has360": false, "hasStaging": false, "topNewDevelopment": false}, {"propertyCode": "91178037", "thumbnail": "https://img3.idealista.com/blur/WEB_LISTING/0/id.pro.es.image.master/ee/d8/51/808572338.jpg", "externalReference": "BCN19869", "numPhotos": 24, "price": 1850000.0, "propertyType": "flat", "operation": "sale", "size": 174.0, "exterior": true, "rooms": 3, "bathrooms": 3, "address": "barrio La Dreta de l'Eixample", "province": "Barcelona", "municipality": "Barcelona", "district": "Eixample", "country": "es", "neighborhood": "La Dreta de l'Eixample", "latitude": 41.3948533, "longitude": 2.1578979, "showAddress": false, "url": "https://www.idealista.com/inmueble/91178037/", "distance": "341", "hasVideo": false, "status": "good", "newDevelopment": false, "hasLift": true, "priceByArea": 10632.0, "detailedType": {"typology": "flat"}, "suggestedTexts": {"subtitle": "La Dreta de l'Eixample, Barcelona", "title": "Piso"}, "hasPlan": true, "has3DTour": false, "has360": false, "hasStaging": false, "topNewDevelopment": false}, {"propertyCode": "89087278", "thumbnail": "https://img3.idealista.com/blur/WEB_LISTING/0/id.pro.es.image.master/59/e1/b0/762893033.jpg", "externalReference": "BCN22170", "numPhotos": 49, "price": 1396000.0, "propertyType": "flat", "operation": "sale", "size": 122.0, "exterior": true, "rooms": 3, "bathrooms": 2, "address": "barrio La Dreta de l'Eixample", "province": "Barcelona", "municipality": "Barcelona", "district": "Eixample", "country": "es", "neighborhood": "La Dreta de l'Eixample", "latitude": 41.3928244, "longitude": 2.1657739, "showAddress": false, "url": "https://www.idealista.com/inmueble/89087278/", "distance": "472", "hasVideo": false, "status": "good", "newDevelopment": false, "hasLift": true, "priceByArea": 11443.0, "detailedType": {"typology": "flat"}, "suggestedTexts": {"subtitle": "La Dreta de l'Eixample, Barcelona", "title": "Piso"}, "hasPlan": true, "has3DTour": false, "has360": false, "hasStaging": false, "topNewDevelopment": false}]