[{"propertyCode": "92195991", "thumbnail": "https://img3.idealista.com/blur/WEB_LISTING/0/id.pro.es.image.master/98/e8/c9/833295208.jpg", "externalReference": "VB2011060-1", "numPhotos": 32, "floor": "2", "price": 680000.0, "propertyType": "flat", "operation": "sale", "size": 119.0, "exterior": true, "rooms": 3, "bathrooms": 2, "address": "Calle de Pau Claris", "province": "Barcelona", "municipality": "Barcelona", "district": "Eixample", "country": "es", "neighborhood": "La Dreta de l'Eixample", "latitude": 41.3895802, "longitude": 2.1664227, "showAddress": false, "url": "https://www.idealista.com/inmueble/92195991/", "distance": "618", "hasVideo": true, "status": "renew", "newDevelopment": false, "hasLift": true, "priceByArea": 5714.0, "detailedType": {"typology": "flat"}, "suggestedTexts": {"subtitle": "La Dreta de l'Eixample, Barcelona", "title": "Piso en Calle de Pau Claris"}, "hasPlan": true, "has3DTour": true, "has360": false, "hasStaging": false, "topNewDevelopment": false}, {"propertyCode": "91595372", "thumbnail": "https://img3.idealista.com/blur/WEB_LISTING/0/id.pro.es.image.master/31/24/ea/818539379.jpg", "externalReference": "BCN24794", "numPhotos": 34, "price": 850000.0, "propertyType": "flat", "operation": "sale", "size": 109.0, "exterior": true, "rooms": 2, "bathrooms": 2, "address": "barrio L'Antiga Esquerra de l'Eixample", "province": "Barcelona", "municipality": "Barcelona", "district": "Eixample", "country": "es", "neighborhood": "L'Antiga Esquerra de l'Eixample", "latitude": 41.3882412, "longitude": 2.1593543, "showAddress": false, "url": "https://www.idealista.com/inmueble/91595372/", "distance": "390", "hasVideo": false, "status": "renew", "newDevelopment": false, "hasLift": true, "priceByArea": 7798.0, "detailedType": {"typology": "flat"}, "suggestedTexts": {"subtitle": "L'Antiga Esquerra de l'Eixample, Barcelona", "title": "Piso"}, "hasPlan": true, "has3DTour": true, "has360": false, "hasStaging": false, "topNewDevelopment": false}, {"propertyCode": "85119461", "thumbnail": "https://img3.idealista.com/blur/WEB_LISTING/0/id.pro.es.image.master/29/fe/ce/654772857.jpg", "externalReference": "BCN7672", "numPhotos": 30, "price": 950000.0, "propertyType": "flat", "operation": "sale", "size": 169.0, "exterior": true, "rooms": 3, "bathrooms": 2, "address": "barrio La Dreta de l'Eixample", "province": "Barcelona", "municipality": "Barcelona", "district": "Eixample", "country": "es", "neighborhood": "La Dreta de l'Eixample", "latitude": 41.3927453, "longitude": 2.1596452, "showAddress": false, "url": "https://www.idealista.com/inmueble/85119461/", "distance": "853", "hasVideo": false, "status": "good", "newDevelopment": false, "hasLift": true, "priceByArea": 5621.0, "detailedType": {"typology": "flat"}, "suggestedTexts": {"subtitle": "La Dreta de l'Eixample, Barcelona", "title": "Piso"}, "hasPlan": true, "has3DTour": true, "has360": false, "hasStaging": false, "topNewDevelopment": false}, {"propertyCode": "88471656", "thumbnail": "https://img3.idealista.com/blur/WEB_LISTING/0/id.pro.es.image.master/44/27/f8/747584274.jpg", "externalReference": "BCN21499", "numPhotos": 33, "price": 1395000.0, "propertyType": "flat", "operation": "sale", "size": 207.0, "exterior": true, "rooms": 5, "bathrooms": 3, "address": "barrio La Dreta de l'Eixample", "province": "Barcelona", "municipality": "Barcelona", "district": "Eixample", "country": "es", "neighborhood": "La Dreta de l'Eixample", "latitude": 41.3904222, "longitude": 2.1609085, "showAddress": false, "url": "https://www.idealista.com/inmueble/88471656/", "distance": "581", "hasVideo": false, "status": "renew", "newDevelopment": false, "hasLift": true, "priceByArea": 6739.0, "detailedType": {"typology": "flat"}, "suggestedTexts": {"subtitle": "La Dreta de l'Eixample, Barcelona", "title": "Piso"}, "hasPlan": true, "has3DTour": true, "has360": false, "hasStaging": false, "topNewDevelopment": false}, {"propertyCode": "88343855", "thumbnail": "https://img3.idealista.com/blur/WEB_LISTING/0/id.pro.es.image.master/4b/1a/c0/755922999.jpg", "externalReference": "W-02EV4Q", "numPhotos": 36, "floor": "2", "price": 465000.0, "propertyType": "flat", "operation": "sale", "size": 105.0, "exterior": false, "rooms": 2, "bathrooms": 2, "address": "barrio L'Antiga Esquerra de l'Eixample", "province": "Barcelona", "municipality": "Barcelona", "district": "Eixample", "country": "es", "neighborhood": "L'Antiga Esquerra de l'Eixample", "latitude": 41.3847224, "longitude": 2.1608534, "showAddress": false, "url": "https://www.idealista.com/inmueble/88343855/", "distance": "96", "hasVideo": false, "status": "good", "newDevelopment": false, "hasLift": true, "parkingSpace": {"hasParkingSpace": true, "isParkingSpaceIncludedInPrice": false, "parkingSpacePrice": 25000.0}, "priceByArea": 4429.0, "detailedType": {"typology": "flat"}, "suggestedTexts": {"subtitle": "L'Antiga Esquerra de l'Eixample, Barcelona", "title": "Piso"}, "hasPlan": true, "has3DTour": true, "has360": false, "hasStaging": false, "topNewDevelopment": false}, {"propertyCode": "92529277", "thumbnail": "https://img3.idealista.com/blur/WEB_LISTING/0/id.pro.es.image.master/a4/78/ee/841859867.jpg", "externalReference": "VB2101020", "numPhotos": 19, "floor": "4", "price": 337000.0, "propertyType": "penthouse", "operation": "sale", "size": 89.0, "exterior": true, "rooms": 3, "bathrooms": 1, "address": "barrio El Raval", "province": "Barcelona", "municipality": "Barcelona", "district": "Ciutat Vella", "country": "es", "neighborhood": "El Raval", "latitude": 41.3813681, "longitude": 2.168363, "showAddress": false, "url": "https://www.idealista.com/inmueble/92529277/", "distance": "697", "hasVideo": false, "status": "good", "newDevelopment": false, "hasLift": true, "priceByArea": 3787.0, "detailedType": {"typology": "flat", "subTypology": "penthouse"}, "suggestedTexts": {"subtitle": "El Raval, Barcelona", "title": "\u00c1tico"}, "hasPlan": true, "has3DTour": true, "has360": false, "hasStaging": false, "topNewDevelopment": false}, {"propertyCode": "88980995", "thumbnail": "https://img3.idealista.com/blur/WEB_LISTING/0/id.pro.es.image.master/a1/0d/39/760254447.jpg", "externalReference": "3350", "numPhotos": 14, "price": 1020000.0, "propertyType": "flat", "operation": "sale", "size": 400.0, "exterior": false, "rooms": 3, "bathrooms": 2, "address": "Calle del Consell de Cent", "province": "Barcelona", "municipality": "Barcelona", "district": "Eixample", "country": "es", "neighborhood": "L'Antiga Esquerra de l'Eixample", "latitude": 41.3871925, "longitude": 2.1599495, "showAddress": false, "url": "https://www.idealista.com/inmueble/88980995/", "distance": "265", "hasVideo": true, "status": "good", "newDevelopment": false, "hasLift": false, "priceByArea": 2550.0, "detailedType": {"typology": "flat"}, "suggestedTexts": {"subtitle": "L'Antiga Esquerra de l'Eixample, Barcelona", "title": "Piso en Calle del Consell de Cent"}, "hasPlan": true, "has3DTour": false, "has360": true, "hasStaging": false, "topNewDevelopment": false}, {"propertyCode": "89103723", "thumbnail": "https://img3.idealista.com/blur/WEB_LISTING/0/id.pro.es.image.master/55/02/7f/763335757.jpg", "externalReference": "019264", "numPhotos": 26, "price": 1200000.0, "propertyType": "flat", "operation": "sale", "size": 149.0, "exterior": true, "rooms": 2, "bathrooms": 3, "address": "Calle de la Diputaci\u00f3", "province": "Barcelona", "municipality": "Barcelona", "district": "Eixample", "country": "es", "neighborhood": "L'Antiga Esquerra de l'Eixample", "latitude": 41.3874885, "longitude": 2.1594455, "showAddress": false, "url": "https://www.idealista.com/inmueble/89103723/", "distance": "317", "hasVideo": true, "status": "good", "newDevelopment": false, "hasLift": true, "priceByArea": 8054.0, "detailedType": {"typology": "flat"}, "suggestedTexts": {"subtitle": "L'Antiga Esquerra de l'Eixample, Barcelona", "title": "Piso en Calle de la Diputaci\u00f3"}, "hasPlan": true, "has3DTour": false, "has360": false, "hasStaging": false, "topNewDevelopment": false}, {"propertyCode": "91229353", "thumbnail": "https://img3.idealista.com/blur/WEB_LISTING/0/id.pro.es.image.master/91/1d/ce/809680282.jpg", "externalReference": "VB2010003", "numPhotos": 36, "floor": "2", "price": 995000.0, "propertyType": "flat", "operation": "sale", "size": 181.0, "exterior": true, "rooms": 5, "bathrooms": 3, "address": "Calle de Viladomat", "province": "Barcelona", "municipality": "Barcelona", "district": "Eixample", "country": "es", "neighborhood": "Sant Antoni", "latitude": 41.3816805, "longitude": 2.1561999, "showAddress": false, "url": "https://www.idealista.com/inmueble/91229353/", "distance": "610", "hasVideo": true, "status": "good", "newDevelopment": false, "hasLift": true, "priceByArea": 5497.0, "detailedType": {"typology": "flat"}, "suggestedTexts": {"subtitle": "Sant Antoni, Barcelona", "title": "Piso en Calle de Viladomat"}, "hasPlan": true, "has3DTour": false, "has360": true, "hasStaging": false, "topNewDevelopment": false}, {"propertyCode": "91858346", "thumbnail": "https://img3.idealista.com/blur/WEB_LISTING/0/id.pro.es.image.master/b7/a4/aa/824985790.jpg", "externalReference": "BCN25812", "numPhotos": 23, "price": 1180000.0, "propertyType": "flat", "operation": "sale", "size": 300.0, "exterior": true, "rooms": 6, "bathrooms": 4, "address": "barrio Sant Antoni", "province": "Barcelona", "municipality": "Barcelona", "district": "Eixample", "country": "es", "neighborhood": "Sant Antoni", "latitude": 41.3856653, "longitude": 2.1638793, "showAddress": false, "url": "https://www.idealista.com/inmueble/91858346/", "distance": "181", "hasVideo": false, "status": "good", "newDevelopment": false, "hasLift": true, "priceByArea": 3933.0, "detailedType": {"typology": "flat"}, "suggestedTexts": {"subtitle": "Sant Antoni, Barcelona", "title": "Piso"}, "hasPlan": true, "has3DTour": false, "has360": true, "hasStaging": false, "topNewDevelopment": false}, {"propertyCode": "91631474", "thumbnail": "https://img3.idealista.com/blur/WEB_LISTING/0/id.pro.es.image.master/9f/c9/66/819490912.jpg", "externalReference": "BCN25906", "numPhotos": 37, "price": 540000.0, "propertyType": "flat", "operation": "sale", "size": 116.0, "exterior": true, "rooms": 3, "bathrooms": 2, "address": "barrio Sant Antoni", "province": "Barcelona", "municipality": "Barcelona", "district": "Eixample", "country": "es", "neighborhood": "Sant Antoni", "latitude": 41.3803905, "longitude": 2.158935, "showAddress": false, "url": "https://www.idealista.com/inmueble/91631474/", "distance": "588", "hasVideo": false, "status": "good", "newDevelopment": false, "hasLift": true, "priceByArea": 4655.0, "detailedType": {"typology": "flat"}, "suggestedTexts": {"subtitle": "Sant Antoni, Barcelona", "title": "Piso"}, "hasPlan": true, "has3DTour": false, "has360": true, "hasStaging": false, "topNewDevelopment": false}, {"propertyCode": "91546114", "thumbnail": "https://img3.idealista.com/blur/WEB_LISTING/0/id.pro.es.image.master/29/a7/5b/831103325.jpg", "externalReference": "243104", "numPhotos": 27, "floor": "3", "price": 490000.0, "propertyType": "flat", "operation": "sale", "size": 100.0, "exterior": true, "rooms": 3, "bathrooms": 1, "address": "barrio L'Antiga Esquerra de l'Eixample", "province": "Barcelona", "municipality": "Barcelona", "district": "Eixample", "country": "es", "neighborhood": "L'Antiga Esquerra de l'Eixample", "latitude": 41.3885004, "longitude": 2.1586319, "showAddress": false, "url": "https://www.idealista.com/inmueble/91546114/", "distance": "447", "hasVideo": false, "status": "good", "newDevelopment": false, "hasLift": true, "priceByArea": 4900.0, "detailedType": {"typology": "flat"}, "suggestedTexts": {"subtitle": "L'Antiga Esquerra de l'Eixample, Barcelona", "title": "Piso"}, "hasPlan": true, "has3DTour": true, "has360": true, "hasStaging": false, "topNewDevelopment": false}, {"propertyCode": "87668541", "thumbnail": "https://img3.idealista.com/blur/WEB_LISTING/0/id.pro.es.image.master/3a/b1/06/844034941.jpg", "externalReference": "218065", "numPhotos": 25, "floor": "3", "price": 380000.0, "propertyType": "flat", "operation": "sale", "size": 82.0, "exterior": true, "rooms": 2, "bathrooms": 1, "address": "barrio L'Antiga Esquerra de l'Eixample", "province": "Barcelona", "municipality": "Barcelona", "district": "Eixample", "country": "es", "neighborhood": "L'Antiga Esquerra de l'Eixample", "latitude": 41.3891518, "longitude": 2.1542236, "showAddress": false, "url": "https://www.idealista.com/inmueble/87668541/", "distance": "766", "hasVideo": false, "status": "good", "newDevelopment": false, "hasLift": true, "priceByArea": 4634.0, "detailedType": {"typology": "flat"}, "suggestedTexts": {"subtitle": "L'Antiga Esquerra de l'Eixample, Barcelona", "title": "Piso"}, "hasPlan": true, "has3DTour": true, "has360": true, "hasStaging": false, "topNewDevelopment": false}, {"propertyCode": "86810531", "thumbnail": "https://img3.idealista.com/blur/WEB_LISTING/0/id.pro.es.image.master/1f/da/07/818681943.jpg", "externalReference": "0469", "numPhotos": 30, "floor": "3", "price": 530000.0, "propertyType": "flat", "operation": "sale", "size": 124.0, "exterior": true, "rooms": 4, "bathrooms": 2, "address": "Calle del Consell de Cent", "province": "Barcelona", "municipality": "Barcelona", "district": "Eixample", "country": "es", "neighborhood": "L'Antiga Esquerra de l'Eixample", "latitude": 41.3865725, "longitude": 2.1619442, "showAddress": false, "url": "https://www.idealista.com/inmueble/86810531/", "distance": "149", "hasVideo": true, "status": "good", "newDevelopment": false, "hasLift": true, "priceByArea": 4274.0, "detailedType": {"typology": "flat"}, "suggestedTexts": {"subtitle": "L'Antiga Esquerra de l'Eixample, Barcelona", "title": "Piso en Calle del Consell de Cent"}, "hasPlan": true, "has3DTour": false, "has360": true, "hasStaging": false, "topNewDevelopment": false}, {"propertyCode": "89971236", "thumbnail": "https://img3.idealista.com/blur/WEB_LISTING/0/id.pro.es.image.master/90/03/6a/830595507.jpg", "externalReference": "BCN06389", "numPhotos": 28, "floor": "5", "price": 795000.0, "propertyType": "duplex", "operation": "sale", "size": 100.0, "exterior": true, "rooms": 2, "bathrooms": 2, "address": "Paseo de Gr\u00e0cia", "province": "Barcelona", "municipality": "Barcelona", "district": "Eixample", "country": "es", "neighborhood": "La Dreta de l'Eixample", "latitude": 41.3861627, "longitude": 2.1687864, "showAddress": false, "url": "https://www.idealista.com/inmueble/89971236/", "distance": "593", "hasVideo": false, "status": "good", "newDevelopment": false, "hasLift": true, "priceByArea": 7950.0, "detailedType": {"typology": "flat", "subTypology": "duplex"}, "suggestedTexts": {"subtitle": "La Dreta de l'Eixample, Barcelona", "title": "D\u00faplex en Paseo de Gr\u00e0cia"}, "hasPlan": true, "has3DTour": false, "has360": true, "hasStaging": false, "topNewDevelopment": false}, {"propertyCode": "92744895", "thumbnail": "https://img3.idealista.com/blur/WEB_LISTING/0/id.pro.es.image.master/9e/55/9c/857057910.jpg", "externalReference": "210009", "numPhotos": 28, "floor": "3", "price": 259000.0, "propertyType": "flat", "operation": "sale", "size": 79.0, "exterior": false, "rooms": 3, "bathrooms": 2, "address": "barrio El Raval", "province": "Barcelona", "municipality": "Barcelona", "district": "Ciutat Vella", "country": "es", "neighborhood": "El Raval", "latitude": 41.3817305, "longitude": 2.1646298, "showAddress": false, "url": "https://www.idealista.com/inmueble/92744895/", "distance": "456", "hasVideo": false, "status": "good", "newDevelopment": false, "hasLift": true, "priceByArea": 3278.0, "detailedType": {"typology": "flat"}, "suggestedTexts": {"subtitle": "El Raval, Barcelona", "title": "Piso"}, "hasPlan": true, "has3DTour": false, "has360": true, "hasStaging": false, "topNewDevelopment": false}, {"propertyCode": "91389206", "thumbnail": "https://img3.idealista.com/blur/WEB_LISTING/0/id.pro.es.image.master/98/12/9c/813441367.jpg", "externalReference": "SP185FM", "numPhotos": 26, "floor": "3", "price": 560000.0, "propertyType": "flat", "operation": "sale", "size": 120.0, "exterior": true, "rooms": 3, "bathrooms": 2, "address": "Gran Via de les Corts Catalanes", "province": "Barcelona", "municipality": "Barcelona", "district": "Eixample", "country": "es", "neighborhood": "La Nova Esquerra de l'Eixample", "latitude": 41.3803851, "longitude": 2.156777, "showAddress": false, "url": "https://www.idealista.com/inmueble/91389206/", "distance": "682", "hasVideo": false, "status": "good", "newDevelopment": false, "hasLift": true, "priceByArea": 4667.0, "detailedType": {"typology": "flat"}, "suggestedTexts": {"subtitle": "La Nova Esquerra de l'Eixample, Barcelona", "title": "Piso en Gran Via de les Corts Catalanes"}, "hasPlan": false, "has3DTour": false, "has360": true, "hasStaging": false, "topNewDevelopment": false}, {"propertyCode": "90304054", "thumbnail": "https://img3.idealista.com/blur/WEB_LISTING/0/id.pro.es.image.master/88/64/8c/787661218.jpg", "externalReference": "BCN5366", "numPhotos": 28, "price": 795000.0, "propertyType": "flat", "operation": "sale", "size": 142.0, "exterior": true, "rooms": 2, "bathrooms": 2, "address": "barrio La Dreta de l'Eixample", "province": "Barcelona", "municipality": "Barcelona", "district": "Eixample", "country": "es", "neighborhood": "La Dreta de l'Eixample", "latitude": 41.3896408, "longitude": 2.1612985, "showAddress": false, "url": "https://www.idealista.com/inmueble/90304054/", "distance": "491", "hasVideo": false, "status": "good", "newDevelopment": false, "hasLift": true, "priceByArea": 5599.0, "detailedType": {"typology": "flat"}, "suggestedTexts": {"subtitle": "La Dreta de l'Eixample, Barcelona", "title": "Piso"}, "hasPlan": false, "has3DTour": false, "has360": true, "hasStaging": false, "topNewDevelopment": false}, {"propertyCode": "92517661", "thumbnail": "https://img3.idealista.com/blur/WEB_LISTING/0/id.pro.es.image.master/3d/4e/be/841568010.jpg", "externalReference": "BCN06001", "numPhotos": 32, "floor": "1", "price": 990000.0, "propertyType": "flat", "operation": "sale", "size": 211.0, "exterior": true, "rooms": 5, "bathrooms": 2, "address": "barrio La Nova Esquerra de l'Eixample", "province": "Barcelona", "municipality": "Barcelona", "district": "Eixample", "country": "es", "neighborhood": "La Nova Esquerra de l'Eixample", "latitude": 41.3805792, "longitude": 2.1549631, "showAddress": false, "url": "https://www.idealista.com/inmueble/92517661/", "distance": "769", "hasVideo": false, "status": "good", "newDevelopment": false, "hasLift": true, "priceByArea": 4692.0, "detailedType": {"typology": "flat"}, "suggestedTexts": {"subtitle": "La Nova Esquerra de l'Eixample, Barcelona", "title": "Piso"}, "hasPlan": true, "has3DTour": false, "has360": true, "hasStaging": false, "topNewDevelopment": false}, {"propertyCode": "88808085", "thumbnail": "https://img3.idealista.com/blur/WEB_LISTING/0/id.pro.es.image.master/a9/55/2d/755880239.jpg", "externalReference": "BCN05790", "numPhotos": 30, "floor": "1", "price": 680000.0, "propertyType": "flat", "operation": "sale", "size": 145.0, "exterior": true, "rooms": 3, "bathrooms": 2, "address": "barrio El Raval", "province": "Barcelona", "municipality": "Barcelona", "district": "Ciutat Vella", "country": "es", "neighborhood": "El Raval", "latitude": 41.382741, "longitude": 2.1707406, "showAddress": false, "url": "https://www.idealista.com/inmueble/88808085/", "distance": "797", "hasVideo": false, "status": "good", "newDevelopment": false, "hasLift": true, "priceByArea": 4690.0, "detailedType": {"typology": "flat"}, "suggestedTexts": {"subtitle": "El Raval, Barcelona", "title": "Piso"}, "hasPlan": true, "has3DTour": true, "has360": true, "hasStaging": false, "topNewDevelopment": false}, {"propertyCode": "88952861", "thumbnail": "https://img3.idealista.com/blur/WEB_LISTING/0/id.pro.es.image.master/84/a0/77/847404090.jpg", "externalReference": "ADD1539", "numPhotos": 42, "floor": "3", "price": 990000.0, "propertyType": "flat", "operation": "sale", "size": 115.0, "exterior": true, "rooms": 3, "bathrooms": 2, "address": "Calle de Casp", "province": "Barcelona", "municipality": "Barcelona", "district": "Eixample", "country": "es", "neighborhood": "La Dreta de l'Eixample", "latitude": 41.3889692, "longitude": 2.1707308, "showAddress": false, "url": "https://www.idealista.com/inmueble/88952861/", "distance": "854", "hasVideo": true, "status": "good", "newDevelopment": false, "hasLift": true, "priceByArea": 8609.0, "detailedType": {"typology": "flat"}, "suggestedTexts": {"subtitle": "La Dreta de l'Eixample, Barcelona", "title": "Piso en Calle de Casp"}, "hasPlan": true, "has3DTour": false, "has360": true, "hasStaging": false, "topNewDevelopment": false}, {"propertyCode": "88712249", "thumbnail": "https://img3.idealista.com/blur/WEB_LISTING/0/id.pro.es.image.master/f6/8a/26/834520459.jpg", "externalReference": "ADD1531", "numPhotos": 24, "floor": "2", "price": 475000.0, "propertyType": "flat", "operation": "sale", "size": 121.0, "exterior": true, "rooms": 2, "bathrooms": 2, "address": "Calle de la Diputaci\u00f3", "province": "Barcelona", "municipality": "Barcelona", "district": "Eixample", "country": "es", "neighborhood": "L'Antiga Esquerra de l'Eixample", "latitude": 41.3861224, "longitude": 2.1611534, "showAddress": false, "url": "https://www.idealista.com/inmueble/88712249/", "distance": "111", "hasVideo": false, "status": "good", "newDevelopment": false, "hasLift": true, "priceByArea": 3926.0, "detailedType": {"typology": "flat"}, "suggestedTexts": {"subtitle": "L'Antiga Esquerra de l'Eixample, Barcelona", "title": "Piso en Calle de la Diputaci\u00f3"}, "hasPlan": true, "has3DTour": false, "has360": true, "hasStaging": false, "topNewDevelopment": false}, {"propertyCode": "87303192", "thumbnail": "https://img3.idealista.com/blur/WEB_LISTING/0/id.pro.es.image.master/31/00/f7/717155480.jpg", "externalReference": "10970", "numPhotos": 18, "floor": "5", "price": 450000.0, "propertyType": "flat", "operation": "sale", "size": 72.0, "exterior": true, "rooms": 3, "bathrooms": 1, "address": "Calle d'Aribau", "province": "Barcelona", "municipality": "Barcelona", "district": "Eixample", "country": "es", "neighborhood": "L'Antiga Esquerra de l'Eixample", "latitude": 41.3845636, "longitude": 2.1616192, "showAddress": false, "url": "https://www.idealista.com/inmueble/87303192/", "distance": "76", "hasVideo": false, "status": "good", "newDevelopment": false, "hasLift": true, "priceByArea": 6250.0, "detailedType": {"typology": "flat"}, "suggestedTexts": {"subtitle": "L'Antiga Esquerra de l'Eixample, Barcelona", "title": "Piso en Calle d'Aribau"}, "hasPlan": true, "has3DTour": false, "has360": true, "hasStaging": false, "topNewDevelopment": false}, {"propertyCode": "92359403", "thumbnail": "https://img3.idealista.com/blur/WEB_LISTING/0/id.pro.es.image.master/80/96/c8/837866919.jpg", "numPhotos": 56, "floor": "3", "price": 1800000.0, "propertyType": "flat", "operation": "sale", "size": 364.0, "exterior": true, "rooms": 5, "bathrooms": 4, "address": "Calle del Consell de Cent", "province": "Barcelona", "municipality": "Barcelona", "district": "Eixample", "country": "es", "neighborhood": "La Dreta de l'Eixample", "latitude": 41.3906269, "longitude": 2.1640133, "showAddress": false, "url": "https://www.idealista.com/inmueble/92359403/", "distance": "627", "hasVideo": false, "status": "good", "newDevelopment": false, "hasLift": true, "priceByArea": 4945.0, "detailedType": {"typology": "flat"}, "suggestedTexts": {"subtitle": "La Dreta de l'Eixample, Barcelona", "title": "Piso en Calle del Consell de Cent"}, "hasPlan": true, "has3DTour": false, "has360": true, "hasStaging": false, "topNewDevelopment": false}, {"propertyCode": "87398266", "thumbnail": "https://img3.idealista.com/blur/WEB_LISTING/0/id.pro.es.image.master/4c/74/51/719922970.jpg", "externalReference": "4216", "numPhotos": 30, "floor": "3", "price": 440000.0, "propertyType": "flat", "operation": "sale", "size": 102.0, "exterior": true, "rooms": 4, "bathrooms": 2, "address": "Calle Casanova", "province": "Barcelona", "municipality": "Barcelona", "district": "Eixample", "country": "es", "neighborhood": "L'Antiga Esquerra de l'Eixample", "latitude": 41.3858443, "longitude": 2.1605871, "showAddress": false, "url": "https://www.idealista.com/inmueble/87398266/", "distance": "120", "hasVideo": true, "status": "good", "newDevelopment": false, "hasLift": true, "parkingSpace": {"hasParkingSpace": true, "isParkingSpaceIncludedInPrice": true}, "priceByArea": 4314.0, "detailedType": {"typology": "flat"}, "suggestedTexts": {"subtitle": "L'Antiga Esquerra de l'Eixample, Barcelona", "title": "Piso en Calle Casanova"}, "hasPlan": true, "has3DTour": false, "has360": true, "hasStaging": false, "topNewDevelopment": false}, {"propertyCode": "90576929", "thumbnail": "https://img3.idealista.com/blur/WEB_LISTING/0/id.pro.es.image.master/15/0a/26/793551775.jpg", "externalReference": "SP111TV", "numPhotos": 24, "floor": "en", "price": 430000.0, "propertyType": "flat", "operation": "sale", "size": 81.0, "exterior": true, "rooms": 1, "bathrooms": 2, "address": "barrio El G\u00f2tic", "province": "Barcelona", "municipality": "Barcelona", "district": "Ciutat Vella", "country": "es", "neighborhood": "El G\u00f2tic", "latitude": 41.3866508, "longitude": 2.1708336, "showAddress": false, "url": "https://www.idealista.com/inmueble/90576929/", "distance": "771", "hasVideo": true, "status": "good", "newDevelopment": false, "hasLift": false, "priceByArea": 5309.0, "detailedType": {"typology": "flat"}, "suggestedTexts": {"subtitle": "El G\u00f2tic, Barcelona", "title": "Piso"}, "hasPlan": true, "has3DTour": false, "has360": true, "hasStaging": false, "topNewDevelopment": false}, {"propertyCode": "89813262", "thumbnail": "https://img3.idealista.com/blur/WEB_LISTING/0/id.pro.es.image.master/62/de/d6/777159251.jpg", "externalReference": "DUX0054", "numPhotos": 16, "floor": "7", "price": 475000.0, "propertyType": "flat", "operation": "sale", "size": 109.0, "exterior": true, "rooms": 4, "bathrooms": 2, "address": "Calle de Mallorca", "province": "Barcelona", "municipality": "Barcelona", "district": "Eixample", "country": "es", "neighborhood": "La Nova Esquerra de l'Eixample", "latitude": 41.3865366, "longitude": 2.1519311, "showAddress": false, "url": "https://www.idealista.com/inmueble/89813262/", "distance": "834", "hasVideo": true, "status": "good", "newDevelopment": false, "hasLift": true, "priceByArea": 4358.0, "detailedType": {"typology": "flat"}, "suggestedTexts": {"subtitle": "La Nova Esquerra de l'Eixample, Barcelona", "title": "Piso en Calle de Mallorca"}, "hasPlan": true, "has3DTour": false, "has360": true, "hasStaging": false, "topNewDevelopment": false}, {"propertyCode": "92959560", "thumbnail": "https://img3.idealista.com/blur/WEB_LISTING/0/id.pro.es.image.master/c4/63/a2/852043229.jpg", "externalReference": "VB2102054", "numPhotos": 28, "floor": "4", "price": 499000.0, "propertyType": "flat", "operation": "sale", "size": 147.0, "exterior": true, "rooms": 4, "bathrooms": 2, "address": "Gran Via de les Corts Catalanes", "province": "Barcelona", "municipality": "Barcelona", "district": "Eixample", "country": "es", "neighborhood": "La Nova Esquerra de l'Eixample", "latitude": 41.3832603, "longitude": 2.1580528, "showAddress": false, "url": "https://www.idealista.com/inmueble/92959560/", "distance": "380", "hasVideo": true, "status": "renew", "newDevelopment": false, "hasLift": true, "priceByArea": 3395.0, "detailedType": {"typology": "flat"}, "suggestedTexts": {"subtitle": "La Nova Esquerra de l'Eixample, Barcelona", "title": "Piso en Gran Via de les Corts Catalanes"}, "hasPlan": true, "has3DTour": false, "has360": false, "hasStaging": false, "topNewDevelopment": false}, {"propertyCode": "92556791", "thumbnail": "https://img3.idealista.com/blur/WEB_LISTING/0/id.pro.es.image.master/9e/8b/43/842586836.jpg", "externalReference": "VB2011031-2", "numPhotos": 42, "floor": "en", "price": 1200000.0, "propertyType": "flat", "operation": "sale", "size": 171.0, "exterior": true, "rooms": 3, "bathrooms": 2, "address": "Calle de Val\u00e8ncia", "province": "Barcelona", "municipality": "Barcelona", "district": "Eixample", "country": "es", "neighborhood": "L'Antiga Esquerra de l'Eixample", "latitude": 41.3898412, "longitude": 2.1588543, "showAddress": false, "url": "https://www.idealista.com/inmueble/92556791/", "distance": "567", "hasVideo": false, "status": "good", "newDevelopment": false, "hasLift": true, "priceByArea": 7018.0, "detailedType": {"typology": "flat"}, "suggestedTexts": {"subtitle": "L'Antiga Esquerra de l'Eixample, Barcelona", "title": "Piso en Calle de Val\u00e8ncia"}, "hasPlan": true, "has3DTour": false, "has360": false, "hasStaging": false, "topNewDevelopment": false}, {"propertyCode": "92157464", "thumbnail": "https://img3.idealista.com/blur/WEB_LISTING/0/id.pro.es.image.master/41/68/c5/832330077.jpg", "externalReference": "10303", "numPhotos": 34, "price": 645000.0, "propertyType": "flat", "operation": "sale", "size": 130.0, "exterior": true, "rooms": 3, "bathrooms": 2, "address": "Calle del Parlament", "province": "Barcelona", "municipality": "Barcelona", "district": "Eixample", "country": "es", "neighborhood": "Sant Antoni", "latitude": 41.3786153, "longitude": 2.164354, "showAddress": false, "url": "https://www.idealista.com/inmueble/92157464/", "distance": "766", "hasVideo": false, "status": "good", "newDevelopment": false, "hasLift": true, "priceByArea": 4962.0, "detailedType": {"typology": "flat"}, "suggestedTexts": {"subtitle": "Sant Antoni, Barcelona", "title": "Piso en Calle del Parlament"}, "hasPlan": true, "has3DTour": true, "has360": false, "hasStaging": false, "topNewDevelopment": false}, {"propertyCode": "91976914", "thumbnail": "https://img3.idealista.com/blur/WEB_LISTING/0/id.pro.es.image.master/0f/8e/48/827776982.jpg", "externalReference": "VB2010024-3", "numPhotos": 25, "floor": "3", "price": 645000.0, "propertyType": "flat", "operation": "sale", "size": 110.0, "exterior": true, "rooms": 3, "bathrooms": 2, "address": "Calle de Muntaner", "province": "Barcelona", "municipality": "Barcelona", "district": "Eixample", "country": "es", "neighborhood": "L'Antiga Esquerra de l'Eixample", "latitude": 41.3895392, "longitude": 2.1553507, "showAddress": false, "url": "https://www.idealista.com/inmueble/91976914/", "distance": "718", "hasVideo": true, "status": "good", "newDevelopment": false, "hasLift": true, "priceByArea": 5864.0, "detailedType": {"typology": "flat"}, "suggestedTexts": {"subtitle": "L'Antiga Esquerra de l'Eixample, Barcelona", "title": "Piso en Calle de Muntaner"}, "hasPlan": true, "has3DTour": false, "has360": false, "hasStaging": false, "topNewDevelopment": false}, {"propertyCode": "91700607", "thumbnail": "https://img3.idealista.com/blur/WEB_LISTING/0/id.pro.es.image.master/bf/0a/14/821144245.jpg", "externalReference": "VB2007054-5", "numPhotos": 27, "floor": "en", "price": 1325000.0, "propertyType": "flat", "operation": "sale", "size": 148.0, "exterior": true, "rooms": 2, "bathrooms": 3, "address": "Calle de la Diputaci\u00f3", "province": "Barcelona", "municipality": "Barcelona", "district": "Eixample", "country": "es", "neighborhood": "L'Antiga Esquerra de l'Eixample", "latitude": 41.3858885, "longitude": 2.1606455, "showAddress": false, "url": "https://www.idealista.com/inmueble/91700607/", "distance": "119", "hasVideo": true, "status": "good", "newDevelopment": false, "hasLift": true, "priceByArea": 8953.0, "detailedType": {"typology": "flat"}, "suggestedTexts": {"subtitle": "L'Antiga Esquerra de l'Eixample, Barcelona", "title": "Piso en Calle de la Diputaci\u00f3"}, "hasPlan": true, "has3DTour": false, "has360": false, "hasStaging": false, "topNewDevelopment": false}, {"propertyCode": "91700577", "thumbnail": "https://img3.idealista.com/blur/WEB_LISTING/0/id.pro.es.image.master/41/89/84/821143642.jpg", "externalReference": "VB2007019-5", "numPhotos": 22, "floor": "2", "price": 660000.0, "propertyType": "flat", "operation": "sale", "size": 120.0, "exterior": true, "rooms": 3, "bathrooms": 2, "address": "Ronda de la Universitat", "province": "Barcelona", "municipality": "Barcelona", "district": "Eixample", "country": "es", "neighborhood": "La Dreta de l'Eixample", "latitude": 41.3865562, "longitude": 2.1652718, "showAddress": false, "url": "https://www.idealista.com/inmueble/91700577/", "distance": "326", "hasVideo": true, "status": "good", "newDevelopment": false, "hasLift": true, "priceByArea": 5500.0, "detailedType": {"typology": "flat"}, "suggestedTexts": {"subtitle": "La Dreta de l'Eixample, Barcelona", "title": "Piso en Ronda de la Universitat"}, "hasPlan": true, "has3DTour": false, "has360": false, "hasStaging": false, "topNewDevelopment": false}, {"propertyCode": "91153536", "thumbnail": "https://img3.idealista.com/blur/WEB_LISTING/0/id.pro.es.image.master/d1/70/9a/807998515.jpg", "externalReference": "VB2001003-4", "numPhotos": 24, "floor": "3", "price": 660000.0, "propertyType": "flat", "operation": "sale", "size": 170.0, "exterior": true, "rooms": 4, "bathrooms": 1, "address": "Calle d'Arag\u00f3", "province": "Barcelona", "municipality": "Barcelona", "district": "Eixample", "country": "es", "neighborhood": "L'Antiga Esquerra de l'Eixample", "latitude": 41.3888408, "longitude": 2.1591667, "showAddress": false, "url": "https://www.idealista.com/inmueble/91153536/", "distance": "456", "hasVideo": false, "status": "renew", "newDevelopment": false, "hasLift": true, "priceByArea": 3882.0, "detailedType": {"typology": "flat"}, "suggestedTexts": {"subtitle": "L'Antiga Esquerra de l'Eixample, Barcelona", "title": "Piso en Calle d'Arag\u00f3"}, "hasPlan": true, "has3DTour": false, "has360": false, "hasStaging": false, "topNewDevelopment": false}, {"propertyCode": "86073242", "thumbnail": "https://img3.idealista.com/blur/WEB_LISTING/0/id.pro.es.image.master/74/77/e3/682850289.jpg", "externalReference": "019215", "numPhotos": 22, "floor": "4", "price": 1200000.0, "propertyType": "flat", "operation": "sale", "size": 200.0, "exterior": true, "rooms": 5, "bathrooms": 2, "address": "Rambla de Catalunya", "province": "Barcelona", "municipality": "Barcelona", "district": "Eixample", "country": "es", "neighborhood": "La Dreta de l'Eixample", "latitude": 41.392094, "longitude": 2.1628807, "showAddress": false, "url": "https://www.idealista.com/inmueble/86073242/", "distance": "767", "hasVideo": false, "status": "renew", "newDevelopment": false, "hasLift": true, "priceByArea": 6000.0, "detailedType": {"typology": "flat"}, "suggestedTexts": {"subtitle": "La Dreta de l'Eixample, Barcelona", "title": "Piso en Rambla de Catalunya"}, "hasPlan": true, "has3DTour": false, "has360": false, "hasStaging": false, "topNewDevelopment": false}, {"propertyCode": "93168442", "thumbnail": "https://img3.idealista.com/blur/WEB_LISTING/0/id.pro.es.image.master/40/bf/84/856016822.jpg", "externalReference": "BCN06481", "numPhotos": 34, "floor": "4", "price": 750000.0, "propertyType": "flat", "operation": "sale", "size": 108.0, "exterior": true, "rooms": 2, "bathrooms": 2, "address": "barrio L'Antiga Esquerra de l'Eixample", "province": "Barcelona", "municipality": "Barcelona", "district": "Eixample", "country": "es", "neighborhood": "L'Antiga Esquerra de l'Eixample", "latitude": 41.3853572, "longitude": 2.1585799, "showAddress": false, "url": "https://www.idealista.com/inmueble/93168442/", "distance": "267", "hasVideo": false, "status": "good", "newDevelopment": false, "hasLift": true, "priceByArea": 6944.0, "detailedType": {"typology": "flat"}, "suggestedTexts": {"subtitle": "L'Antiga Esquerra de l'Eixample, Barcelona", "title": "Piso"}, "hasPlan": true, "has3DTour": false, "has360": false, "hasStaging": false, "topNewDevelopment": false}, {"propertyCode": "93202118", "thumbnail": "https://img3.idealista.com/blur/WEB_LISTING/0/id.pro.es.image.master/da/de/9f/856874112.jpg", "externalReference": "LG00636", "numPhotos": 19, "floor": "1", "price": 427000.0, "propertyType": "flat", "operation": "sale", "size": 69.0, "exterior": true, "rooms": 2, "bathrooms": 2, "address": "Calle del Comte d'Urgell", "province": "Barcelona", "municipality": "Barcelona", "district": "Eixample", "country": "es", "neighborhood": "L'Antiga Esquerra de l'Eixample", "latitude": 41.3834538, "longitude": 2.1599617, "showAddress": false, "url": "https://www.idealista.com/inmueble/93202118/", "distance": "249", "hasVideo": false, "status": "good", "newDevelopment": false, "hasLift": true, "priceByArea": 6188.0, "detailedType": {"typology": "flat"}, "suggestedTexts": {"subtitle": "L'Antiga Esquerra de l'Eixample, Barcelona", "title": "Piso en Calle del Comte d'Urgell"}, "hasPlan": false, "has3DTour": false, "has360": false, "hasStaging": false, "topNewDevelopment": false}, {"propertyCode": "93156492", "thumbnail": "https://img3.idealista.com/blur/WEB_LISTING/0/id.pro.es.image.master/1b/78/f7/855714437.jpg", "externalReference": "65580", "numPhotos": 27, "floor": "7", "price": 539000.0, "propertyType": "flat", "operation": "sale", "size": 130.0, "exterior": false, "rooms": 4, "bathrooms": 2, "address": "Calle del Consell de Cent con enric granados", "province": "Barcelona", "municipality": "Barcelona", "district": "Eixample", "country": "es", "neighborhood": "L'Antiga Esquerra de l'Eixample", "latitude": 41.3884917, "longitude": 2.1627386, "showAddress": false, "url": "https://www.idealista.com/inmueble/93156492/", "distance": "370", "hasVideo": false, "status": "good", "newDevelopment": false, "hasLift": true, "priceByArea": 4146.0, "detailedType": {"typology": "flat"}, "suggestedTexts": {"subtitle": "L'Antiga Esquerra de l'Eixample, Barcelona", "title": "Piso en Calle del Consell de Cent con enric granados"}, "hasPlan": true, "has3DTour": false, "has360": false, "hasStaging": false, "topNewDevelopment": false}, {"propertyCode": "91899046", "thumbnail": "https://img3.idealista.com/blur/WEB_LISTING/0/id.pro.es.image.master/59/fc/9a/825966217.jpg", "externalReference": "4286", "numPhotos": 24, "floor": "3", "price": 590000.0, "propertyType": "flat", "operation": "sale", "size": 154.0, "exterior": true, "rooms": 4, "bathrooms": 1, "address": "Ronda de Sant Pere", "province": "Barcelona", "municipality": "Barcelona", "district": "Eixample", "country": "es", "neighborhood": "La Dreta de l'Eixample", "latitude": 41.3888751, "longitude": 2.1698471, "showAddress": false, "url": "https://www.idealista.com/inmueble/91899046/", "distance": "785", "hasVideo": false, "status": "good", "newDevelopment": false, "hasLift": true, "priceByArea": 3831.0, "detailedType": {"typology": "flat"}, "suggestedTexts": {"subtitle": "La Dreta de l'Eixample, Barcelona", "title": "Piso en Ronda de Sant Pere"}, "hasPlan": true, "has3DTour": false, "has360": false, "hasStaging": false, "topNewDevelopment": false}, {"propertyCode": "91327136", "thumbnail": "https://img3.idealista.com/blur/WEB_LISTING/0/id.pro.es.image.master/d3/b9/3e/812045752.jpg", "externalReference": "W-02JGVB", "numPhotos": 42, "price": 1225000.0, "propertyType": "penthouse", "operation": "sale", "size": 175.0, "exterior": false, "rooms": 2, "bathrooms": 3, "address": "barrio La Dreta de l'Eixample", "province": "Barcelona", "municipality": "Barcelona", "district": "Eixample", "country": "es", "neighborhood": "La Dreta de l'Eixample", "latitude": 41.3916779, "longitude": 2.1639351, "showAddress": false, "url": "https://www.idealista.com/inmueble/91327136/", "distance": "738", "hasVideo": false, "status": "good", "newDevelopment": false, "hasLift": true, "priceByArea": 7000.0, "detailedType": {"typology": "flat", "subTypology": "penthouse"}, "suggestedTexts": {"subtitle": "La Dreta de l'Eixample, Barcelona", "title": "\u00c1tico"}, "hasPlan": true, "has3DTour": false, "has360": false, "hasStaging": false, "topNewDevelopment": false}, {"propertyCode": "92304343", "thumbnail": "https://img3.idealista.com/blur/WEB_LISTING/0/id.pro.es.image.master/37/fa/61/838114369.jpg", "externalReference": "242401", "numPhotos": 22, "floor": "4", "price": 225000.0, "propertyType": "flat", "operation": "sale", "size": 66.0, "exterior": true, "rooms": 2, "bathrooms": 2, "address": "barrio El Raval", "province": "Barcelona", "municipality": "Barcelona", "district": "Ciutat Vella", "country": "es", "neighborhood": "El Raval", "latitude": 41.3820552, "longitude": 2.1655939, "showAddress": false, "url": "https://www.idealista.com/inmueble/92304343/", "distance": "475", "hasVideo": false, "status": "good", "newDevelopment": false, "hasLift": false, "priceByArea": 3409.0, "detailedType": {"typology": "flat"}, "suggestedTexts": {"subtitle": "El Raval, Barcelona", "title": "Piso"}, "hasPlan": true, "has3DTour": false, "has360": true, "hasStaging": false, "topNewDevelopment": false}, {"propertyCode": "92048508", "thumbnail": "https://img3.idealista.com/blur/WEB_LISTING/0/id.pro.es.image.master/81/29/99/829556355.jpg", "externalReference": "BCN26358", "numPhotos": 33, "price": 947500.0, "propertyType": "flat", "operation": "sale", "size": 118.0, "exterior": true, "rooms": 3, "bathrooms": 2, "address": "barrio L'Antiga Esquerra de l'Eixample", "province": "Barcelona", "municipality": "Barcelona", "district": "Eixample", "country": "es", "neighborhood": "L'Antiga Esquerra de l'Eixample", "latitude": 41.3918618, "longitude": 2.1578978, "showAddress": false, "url": "https://www.idealista.com/inmueble/92048508/", "distance": "804", "hasVideo": false, "status": "good", "newDevelopment": false, "hasLift": true, "priceByArea": 8030.0, "detailedType": {"typology": "flat"}, "suggestedTexts": {"subtitle": "L'Antiga Esquerra de l'Eixample, Barcelona", "title": "Piso"}, "hasPlan": true, "has3DTour": false, "has360": false, "hasStaging": false, "topNewDevelopment": false}, {"propertyCode": "91289845", "thumbnail": "https://img3.idealista.com/blur/WEB_LISTING/0/id.pro.es.image.master/b0/f3/a1/826423976.jpg", "externalReference": "241255", "numPhotos": 36, "floor": "5", "price": 349000.0, "propertyType": "penthouse", "operation": "sale", "size": 63.0, "exterior": true, "rooms": 2, "bathrooms": 1, "address": "barrio El Raval", "province": "Barcelona", "municipality": "Barcelona", "district": "Ciutat Vella", "country": "es", "neighborhood": "El Raval", "latitude": 41.3850112, "longitude": 2.1631025, "showAddress": false, "url": "https://www.idealista.com/inmueble/91289845/", "distance": "113", "hasVideo": false, "status": "good", "newDevelopment": false, "hasLift": true, "priceByArea": 5540.0, "detailedType": {"typology": "flat", "subTypology": "penthouse"}, "suggestedTexts": {"subtitle": "El Raval, Barcelona", "title": "\u00c1tico"}, "hasPlan": true, "has3DTour": false, "has360": true, "hasStaging": false, "topNewDevelopment": false}, {"propertyCode": "84957725", "thumbnail": "https://img3.idealista.com/blur/WEB_LISTING/0/id.pro.es.image.master/10/6d/19/667492761.jpg", "externalReference": "BCN17235", "numPhotos": 33, "price": 1150000.0, "propertyType": "flat", "operation": "sale", "size": 149.0, "exterior": true, "rooms": 3, "bathrooms": 4, "address": "barrio La Dreta de l'Eixample", "province": "Barcelona", "municipality": "Barcelona", "district": "Eixample", "country": "es", "neighborhood": "La Dreta de l'Eixample", "latitude": 41.3923115, "longitude": 2.1635691, "showAddress": false, "url": "https://www.idealista.com/inmueble/84957725/", "distance": "800", "hasVideo": false, "status": "good", "newDevelopment": false, "hasLift": true, "priceByArea": 7718.0, "detailedType": {"typology": "flat"}, "suggestedTexts": {"subtitle": "La Dreta de l'Eixample, Barcelona", "title": "Piso"}, "hasPlan": true, "has3DTour": false, "has360": false, "hasStaging": false, "topNewDevelopment": false}, {"propertyCode": "82879646", "thumbnail": "https://img3.idealista.com/blur/WEB_LISTING/0/id.pro.es.image.master/94/10/9e/856777070.jpg", "externalReference": "199907", "numPhotos": 25, "floor": "1", "price": 575000.0, "propertyType": "flat", "operation": "sale", "size": 145.0, "exterior": true, "rooms": 4, "bathrooms": 2, "address": "barrio L'Antiga Esquerra de l'Eixample", "province": "Barcelona", "municipality": "Barcelona", "district": "Eixample", "country": "es", "neighborhood": "L'Antiga Esquerra de l'Eixample", "latitude": 41.387073, "longitude": 2.1528988, "showAddress": false, "url": "https://www.idealista.com/inmueble/82879646/", "distance": "768", "hasVideo": false, "status": "good", "newDevelopment": false, "hasLift": true, "parkingSpace": {"hasParkingSpace": true, "isParkingSpaceIncludedInPrice": true}, "priceByArea": 3966.0, "detailedType": {"typology": "flat"}, "suggestedTexts": {"subtitle": "L'Antiga Esquerra de l'Eixample, Barcelona", "title": "Piso"}, "hasPlan": true, "has3DTour": false, "has360": false, "hasStaging": false, "topNewDevelopment": false}, {"propertyCode": "92602497", "thumbnail": "https://img3.idealista.com/blur/WEB_LISTING/0/id.pro.es.image.master/aa/7e/40/843747784.jpg", "externalReference": "BCN05348", "numPhotos": 30, "floor": "7", "price": 949000.0, "propertyType": "penthouse", "operation": "sale", "size": 118.0, "exterior": true, "rooms": 2, "bathrooms": 2, "address": "Paseo de Gracia", "province": "Barcelona", "municipality": "Barcelona", "district": "Eixample", "country": "es", "neighborhood": "La Dreta de l'Eixample", "latitude": 41.3923376, "longitude": 2.1652268, "showAddress": false, "url": "https://www.idealista.com/inmueble/92602497/", "distance": "840", "hasVideo": false, "status": "renew", "newDevelopment": false, "hasLift": true, "priceByArea": 8042.0, "detailedType": {"typology": "flat", "subTypology": "penthouse"}, "suggestedTexts": {"subtitle": "La Dreta de l'Eixample, Barcelona", "title": "\u00c1tico en Paseo de Gracia"}, "hasPlan": true, "has3DTour": false, "has360": false, "hasStaging": false, "topNewDevelopment": false}, {"propertyCode": "91627999", "thumbnail": "https://img3.idealista.com/blur/WEB_LISTING/0/id.pro.es.image.master/3d/7e/2c/819404388.jpg", "externalReference": "SE-40665", "numPhotos": 33, "floor": "2", "price": 880000.0, "propertyType": "flat", "operation": "sale", "size": 185.0, "exterior": true, "rooms": 8, "bathrooms": 4, "address": "Calle de Sant Antoni Abat", "province": "Barcelona", "municipality": "Barcelona", "district": "Ciutat Vella", "country": "es", "neighborhood": "El Raval", "latitude": 41.3779211, "longitude": 2.1648076, "showAddress": false, "url": "https://www.idealista.com/inmueble/91627999/", "distance": "851", "hasVideo": true, "status": "good", "newDevelopment": false, "hasLift": true, "priceByArea": 4757.0, "detailedType": {"typology": "flat"}, "suggestedTexts": {"subtitle": "El Raval, Barcelona", "title": "Piso en Calle de Sant Antoni Abat"}, "hasPlan": true, "has3DTour": false, "has360": false, "hasStaging": false, "topNewDevelopment": false}, {"propertyCode": "89100117", "thumbnail": "https://img3.idealista.com/blur/WEB_LISTING/0/id.pro.es.image.master/e2/91/96/763236636.jpg", "externalReference": "G-40549", "numPhotos": 36, "floor": "1", "price": 725000.0, "propertyType": "flat", "operation": "sale", "size": 175.0, "exterior": true, "rooms": 5, "bathrooms": 2, "address": "Calle de Gravina", "province": "Barcelona", "municipality": "Barcelona", "district": "Ciutat Vella", "country": "es", "neighborhood": "El Raval", "latitude": 41.3837241, "longitude": 2.1644689, "showAddress": false, "url": "https://www.idealista.com/inmueble/89100117/", "distance": "280", "hasVideo": false, "status": "renew", "newDevelopment": false, "hasLift": true, "priceByArea": 4143.0, "detailedType": {"typology": "flat"}, "suggestedTexts": {"subtitle": "El Raval, Barcelona", "title": "Piso en Calle de Gravina"}, "hasPlan": true, "has3DTour": false, "has360": false, "hasStaging": false, "topNewDevelopment": false}, {"propertyCode": "87343182", "thumbnail": "https://img3.idealista.com/blur/WEB_LISTING/0/id.pro.es.image.master/b8/8e/ae/722068405.jpg", "externalReference": "A2115", "numPhotos": 32, "floor": "1", "price": 195000.0, "propertyType": "flat", "operation": "sale", "size": 47.0, "exterior": true, "rooms": 1, "bathrooms": 1, "address": "cardona, 3", "province": "Barcelona", "municipality": "Barcelona", "district": "Ciutat Vella", "country": "es", "neighborhood": "El Raval", "latitude": 41.3812067, "longitude": 2.1653383, "showAddress": true, "url": "https://www.idealista.com/inmueble/87343182/", "distance": "537", "hasVideo": true, "status": "good", "newDevelopment": false, "hasLift": true, "priceByArea": 4149.0, "detailedType": {"typology": "flat"}, "suggestedTexts": {"subtitle": "El Raval, Barcelona", "title": "Piso en cardona, 3"}, "hasPlan": true, "has3DTour": false, "has360": false, "hasStaging": false, "topNewDevelopment": false}, {"propertyCode": "91992343", "thumbnail": "https://img3.idealista.com/blur/WEB_LISTING/0/id.pro.es.image.master/1d/b7/f2/828138764.jpg", "externalReference": "VB2011057", "numPhotos": 24, "floor": "2", "price": 462000.0, "propertyType": "flat", "operation": "sale", "size": 127.0, "exterior": true, "rooms": 3, "bathrooms": 2, "address": "barrio Sant Antoni", "province": "Barcelona", "municipality": "Barcelona", "district": "Eixample", "country": "es", "neighborhood": "Sant Antoni", "latitude": 41.3835404, "longitude": 2.1617695, "showAddress": false, "url": "https://www.idealista.com/inmueble/91992343/", "distance": "188", "hasVideo": true, "status": "renew", "newDevelopment": false, "hasLift": true, "priceByArea": 3638.0, "detailedType": {"typology": "flat"}, "suggestedTexts": {"subtitle": "Sant Antoni, Barcelona", "title": "Piso"}, "hasPlan": true, "has3DTour": false, "has360": false, "hasStaging": false, "topNewDevelopment": false}]