[{"propertyCode": "93169921", "thumbnail": "https://img3.idealista.com/blur/WEB_LISTING/0/id.pro.es.image.master/b7/29/7c/856054786.jpg", "externalReference": "V7347", "numPhotos": 94, "price": 980000.0, "propertyType": "chalet", "operation": "sale", "size": 452.0, "exterior": false, "rooms": 5, "bathrooms": 4, "address": "La Floresta - Les Planes", "province": "Barcelona", "municipality": "Sant Cugat del Vall\u00e8s", "district": "La Floresta - Les Planes", "country": "es", "latitude": 41.44627, "longitude": 2.07569, "showAddress": false, "url": "https://www.idealista.com/inmueble/93169921/", "distance": "2223", "hasVideo": true, "status": "good", "newDevelopment": false, "parkingSpace": {"hasParkingSpace": true, "isParkingSpaceIncludedInPrice": true}, "priceByArea": 2168.0, "detailedType": {"typology": "chalet", "subTypology": "independantHouse"}, "suggestedTexts": {"subtitle": "La Floresta - Les Planes, Sant Cugat del Vall\u00e8s", "title": "Casa independiente"}, "hasPlan": true, "has3DTour": true, "has360": false, "hasStaging": false, "topNewDevelopment": false}, {"propertyCode": "85122263", "thumbnail": "https://img3.idealista.com/blur/WEB_LISTING/0/id.pro.es.image.master/78/66/9c/755940168.jpg", "externalReference": "W-02FD4V", "numPhotos": 31, "price": 570000.0, "propertyType": "chalet", "operation": "sale", "size": 265.0, "exterior": false, "rooms": 3, "bathrooms": 3, "address": "La Floresta - Les Planes", "province": "Barcelona", "municipality": "Sant Cugat del Vall\u00e8s", "district": "La Floresta - Les Planes", "country": "es", "latitude": 41.4392438, "longitude": 2.0845078, "showAddress": false, "url": "https://www.idealista.com/inmueble/85122263/", "distance": "2687", "hasVideo": false, "status": "good", "newDevelopment": false, "parkingSpace": {"hasParkingSpace": true, "isParkingSpaceIncludedInPrice": true}, "priceByArea": 2151.0, "detailedType": {"typology": "chalet", "subTypology": "independantHouse"}, "suggestedTexts": {"subtitle": "La Floresta - Les Planes, Sant Cugat del Vall\u00e8s", "title": "Casa independiente"}, "hasPlan": false, "has3DTour": false, "has360": true, "hasStaging": false, "topNewDevelopment": false}, {"propertyCode": "92230293", "thumbnail": "https://img3.idealista.com/blur/WEB_LISTING/0/id.pro.es.image.master/42/46/b8/834261327.jpg", "externalReference": "VSC2012003", "numPhotos": 35, "price": 1185000.0, "propertyType": "chalet", "operation": "sale", "size": 420.0, "exterior": false, "rooms": 7, "bathrooms": 4, "address": "Paseo Font", "province": "Barcelona", "municipality": "Sant Cugat del Vall\u00e8s", "district": "Valldoreix", "country": "es", "latitude": 41.4575345, "longitude": 2.0388173, "showAddress": false, "url": "https://www.idealista.com/inmueble/92230293/", "distance": "2612", "hasVideo": true, "status": "good", "newDevelopment": false, "parkingSpace": {"hasParkingSpace": true, "isParkingSpaceIncludedInPrice": true}, "priceByArea": 2821.0, "detailedType": {"typology": "chalet"}, "suggestedTexts": {"subtitle": "Valldoreix, Sant Cugat del Vall\u00e8s", "title": "Chalet en Paseo Font"}, "hasPlan": false, "has3DTour": false, "has360": true, "hasStaging": false, "topNewDevelopment": false}, {"propertyCode": "92813886", "thumbnail": "https://img3.idealista.com/blur/WEB_LISTING/0/id.pro.es.image.master/c8/d2/25/848755666.jpg", "externalReference": "v7338", "numPhotos": 55, "price": 449000.0, "propertyType": "chalet", "operation": "sale", "size": 125.0, "exterior": false, "rooms": 3, "bathrooms": 2, "address": "La Floresta - Les Planes", "province": "Barcelona", "municipality": "Sant Cugat del Vall\u00e8s", "district": "La Floresta - Les Planes", "country": "es", "latitude": 41.44726, "longitude": 2.07853, "showAddress": false, "url": "https://www.idealista.com/inmueble/92813886/", "distance": "2483", "hasVideo": true, "status": "good", "newDevelopment": false, "parkingSpace": {"hasParkingSpace": true, "isParkingSpaceIncludedInPrice": true}, "priceByArea": 3592.0, "detailedType": {"typology": "chalet", "subTypology": "semidetachedHouse"}, "suggestedTexts": {"subtitle": "La Floresta - Les Planes, Sant Cugat del Vall\u00e8s", "title": "Chalet pareado"}, "hasPlan": true, "has3DTour": true, "has360": false, "hasStaging": false, "topNewDevelopment": false}, {"propertyCode": "89153757", "thumbnail": "https://img3.idealista.com/blur/WEB_LISTING/0/id.pro.es.image.master/00/c3/55/764768894.jpg", "externalReference": "W-02AKT9", "numPhotos": 32, "price": 390000.0, "propertyType": "chalet", "operation": "sale", "size": 122.0, "exterior": false, "rooms": 2, "bathrooms": 1, "address": "Valldoreix", "province": "Barcelona", "municipality": "Sant Cugat del Vall\u00e8s", "district": "Valldoreix", "country": "es", "latitude": 41.4543411, "longitude": 2.0627937, "showAddress": false, "url": "https://www.idealista.com/inmueble/89153757/", "distance": "2172", "hasVideo": false, "status": "renew", "newDevelopment": false, "priceByArea": 3197.0, "detailedType": {"typology": "chalet", "subTypology": "independantHouse"}, "suggestedTexts": {"subtitle": "Valldoreix, Sant Cugat del Vall\u00e8s", "title": "Casa independiente"}, "hasPlan": true, "has3DTour": false, "has360": false, "hasStaging": false, "topNewDevelopment": false}, {"propertyCode": "88028329", "thumbnail": "https://img3.idealista.com/blur/WEB_LISTING/0/id.pro.es.image.master/a8/3a/1f/736805906.jpg", "externalReference": "v7046", "numPhotos": 19, "price": 599000.0, "propertyType": "chalet", "operation": "sale", "size": 275.0, "exterior": false, "rooms": 4, "bathrooms": 3, "address": "La Floresta - Les Planes", "province": "Barcelona", "municipality": "Sant Cugat del Vall\u00e8s", "district": "La Floresta - Les Planes", "country": "es", "latitude": 41.44042, "longitude": 2.08671, "showAddress": false, "url": "https://www.idealista.com/inmueble/88028329/", "distance": "2886", "hasVideo": true, "status": "good", "newDevelopment": false, "parkingSpace": {"hasParkingSpace": true, "isParkingSpaceIncludedInPrice": true}, "priceByArea": 2178.0, "detailedType": {"typology": "chalet", "subTypology": "independantHouse"}, "suggestedTexts": {"subtitle": "La Floresta - Les Planes, Sant Cugat del Vall\u00e8s", "title": "Casa independiente"}, "hasPlan": true, "has3DTour": false, "has360": false, "hasStaging": false, "topNewDevelopment": false}, {"propertyCode": "91152704", "thumbnail": "https://img3.idealista.com/blur/WEB_LISTING/0/id.pro.es.image.master/24/ae/90/820013264.jpg", "externalReference": "VSC2001006-5", "numPhotos": 58, "price": 1800000.0, "propertyType": "chalet", "operation": "sale", "size": 635.0, "exterior": false, "rooms": 6, "bathrooms": 4, "address": "Calle del Tur\u00f3", "province": "Barcelona", "municipality": "Sant Cugat del Vall\u00e8s", "district": "La Floresta - Les Planes", "country": "es", "latitude": 41.4492269, "longitude": 2.0832857, "showAddress": false, "url": "https://www.idealista.com/inmueble/91152704/", "distance": "2936", "hasVideo": true, "status": "good", "newDevelopment": false, "parkingSpace": {"hasParkingSpace": true, "isParkingSpaceIncludedInPrice": true}, "priceByArea": 2835.0, "detailedType": {"typology": "chalet"}, "suggestedTexts": {"subtitle": "La Floresta - Les Planes, Sant Cugat del Vall\u00e8s", "title": "Chalet en Calle del Tur\u00f3"}, "hasPlan": true, "has3DTour": false, "has360": false, "hasStaging": false, "topNewDevelopment": false}, {"propertyCode": "90461192", "thumbnail": "https://img3.idealista.com/blur/WEB_LISTING/0/id.pro.es.image.master/5f/da/86/790910152.jpg", "externalReference": "VSC2006005-4", "numPhotos": 52, "price": 2200000.0, "propertyType": "chalet", "operation": "sale", "size": 1050.0, "exterior": false, "rooms": 6, "bathrooms": 6, "address": "Calle de l'Oce\u00e0 Glacial", "province": "Barcelona", "municipality": "Sant Cugat del Vall\u00e8s", "district": "Golf", "country": "es", "latitude": 41.4559742, "longitude": 2.0751854, "showAddress": false, "url": "https://www.idealista.com/inmueble/90461192/", "distance": "2883", "hasVideo": true, "status": "good", "newDevelopment": false, "parkingSpace": {"hasParkingSpace": true, "isParkingSpaceIncludedInPrice": true}, "priceByArea": 2095.0, "detailedType": {"typology": "chalet"}, "suggestedTexts": {"subtitle": "Golf, Sant Cugat del Vall\u00e8s", "title": "Chalet en Calle de l'Oce\u00e0 Glacial"}, "hasPlan": true, "has3DTour": false, "has360": false, "hasStaging": false, "topNewDevelopment": false}, {"propertyCode": "92608832", "thumbnail": "https://img3.idealista.com/blur/WEB_LISTING/0/id.pro.es.image.master/74/ce/fb/843911889.jpg", "externalReference": "01900", "numPhotos": 37, "price": 495000.0, "propertyType": "chalet", "operation": "sale", "size": 117.0, "exterior": false, "rooms": 3, "bathrooms": 2, "address": "ca n'Enric", "province": "Barcelona", "municipality": "Sant Cugat del Vall\u00e8s", "district": "Valldoreix", "country": "es", "latitude": 41.4524357, "longitude": 2.0604369, "showAddress": false, "url": "https://www.idealista.com/inmueble/92608832/", "distance": "1902", "hasVideo": false, "status": "good", "newDevelopment": false, "priceByArea": 4231.0, "detailedType": {"typology": "chalet", "subTypology": "independantHouse"}, "suggestedTexts": {"subtitle": "Valldoreix, Sant Cugat del Vall\u00e8s", "title": "Casa independiente en ca n'Enric"}, "hasPlan": false, "has3DTour": false, "has360": false, "hasStaging": false, "topNewDevelopment": false}, {"propertyCode": "82648179", "thumbnail": "https://img3.idealista.com/blur/WEB_LISTING/0/id.pro.es.image.master/7b/bf/48/609288049.jpg", "numPhotos": 49, "price": 1400000.0, "propertyType": "chalet", "operation": "sale", "size": 403.0, "exterior": false, "rooms": 6, "bathrooms": 4, "address": "Valldoreix", "province": "Barcelona", "municipality": "Sant Cugat del Vall\u00e8s", "district": "Valldoreix", "country": "es", "latitude": 41.4651447, "longitude": 2.0583864, "showAddress": false, "url": "https://www.idealista.com/inmueble/82648179/", "distance": "3234", "hasVideo": false, "status": "good", "newDevelopment": false, "parkingSpace": {"hasParkingSpace": true, "isParkingSpaceIncludedInPrice": true}, "priceByArea": 3474.0, "detailedType": {"typology": "chalet", "subTypology": "independantHouse"}, "suggestedTexts": {"subtitle": "Valldoreix, Sant Cugat del Vall\u00e8s", "title": "Casa independiente"}, "hasPlan": true, "has3DTour": false, "has360": false, "hasStaging": false, "topNewDevelopment": false}, {"propertyCode": "92604976", "thumbnail": "https://img3.idealista.com/blur/WEB_LISTING/0/id.pro.es.image.master/79/a2/19/843807211.jpg", "externalReference": "VSC2101001", "numPhotos": 34, "price": 660000.0, "propertyType": "chalet", "operation": "sale", "size": 205.0, "exterior": false, "rooms": 4, "bathrooms": 3, "address": "Valldoreix", "province": "Barcelona", "municipality": "Sant Cugat del Vall\u00e8s", "district": "Valldoreix", "country": "es", "latitude": 41.45952, "longitude": 2.0340061, "showAddress": false, "url": "https://www.idealista.com/inmueble/92604976/", "distance": "2998", "hasVideo": true, "status": "good", "newDevelopment": false, "parkingSpace": {"hasParkingSpace": true, "isParkingSpaceIncludedInPrice": true}, "priceByArea": 3220.0, "detailedType": {"typology": "chalet"}, "suggestedTexts": {"subtitle": "Valldoreix, Sant Cugat del Vall\u00e8s", "title": "Chalet"}, "hasPlan": false, "has3DTour": false, "has360": false, "hasStaging": false, "topNewDevelopment": false}, {"propertyCode": "92117395", "thumbnail": "https://img3.idealista.com/blur/WEB_LISTING/0/id.pro.es.image.master/85/7c/19/833087942.jpg", "externalReference": "10283", "numPhotos": 54, "price": 840000.0, "propertyType": "chalet", "operation": "sale", "size": 363.0, "exterior": false, "rooms": 5, "bathrooms": 5, "address": "Golf", "province": "Barcelona", "municipality": "Sant Cugat del Vall\u00e8s", "district": "Golf", "country": "es", "latitude": 41.4570836, "longitude": 2.0695816, "showAddress": false, "url": "https://www.idealista.com/inmueble/92117395/", "distance": "2705", "hasVideo": true, "status": "good", "newDevelopment": false, "parkingSpace": {"hasParkingSpace": true, "isParkingSpaceIncludedInPrice": true}, "priceByArea": 2314.0, "detailedType": {"typology": "chalet", "subTypology": "independantHouse"}, "suggestedTexts": {"subtitle": "Golf, Sant Cugat del Vall\u00e8s", "title": "Casa independiente"}, "hasPlan": true, "has3DTour": true, "has360": false, "hasStaging": false, "topNewDevelopment": false}, {"propertyCode": "91835727", "thumbnail": "https://img3.idealista.com/blur/WEB_LISTING/0/id.pro.es.image.master/13/07/d4/824427352.jpg", "externalReference": "VSC2011003", "numPhotos": 49, "price": 1375000.0, "propertyType": "chalet", "operation": "sale", "size": 445.0, "exterior": false, "rooms": 4, "bathrooms": 4, "address": "La Floresta - Les Planes", "province": "Barcelona", "municipality": "Sant Cugat del Vall\u00e8s", "district": "La Floresta - Les Planes", "country": "es", "latitude": 41.442387, "longitude": 2.0800514, "showAddress": false, "url": "https://www.idealista.com/inmueble/91835727/", "distance": "2391", "hasVideo": true, "status": "good", "newDevelopment": false, "parkingSpace": {"hasParkingSpace": true, "isParkingSpaceIncludedInPrice": true}, "priceByArea": 3090.0, "detailedType": {"typology": "chalet"}, "suggestedTexts": {"subtitle": "La Floresta - Les Planes, Sant Cugat del Vall\u00e8s", "title": "Chalet"}, "hasPlan": true, "has3DTour": false, "has360": false, "hasStaging": false, "topNewDevelopment": false}, {"propertyCode": "91784778", "thumbnail": "https://img3.idealista.com/blur/WEB_LISTING/0/id.pro.es.image.master/79/98/7d/823217841.jpg", "externalReference": "VSC2002005-5", "numPhotos": 59, "price": 2600000.0, "propertyType": "chalet", "operation": "sale", "size": 512.0, "exterior": false, "rooms": 5, "bathrooms": 5, "address": "Valldoreix", "province": "Barcelona", "municipality": "Sant Cugat del Vall\u00e8s", "district": "Valldoreix", "country": "es", "latitude": 41.4586295, "longitude": 2.0656575, "showAddress": false, "url": "https://www.idealista.com/inmueble/91784778/", "distance": "2705", "hasVideo": true, "status": "good", "newDevelopment": false, "parkingSpace": {"hasParkingSpace": true, "isParkingSpaceIncludedInPrice": true}, "priceByArea": 5078.0, "detailedType": {"typology": "chalet"}, "suggestedTexts": {"subtitle": "Valldoreix, Sant Cugat del Vall\u00e8s", "title": "Chalet"}, "hasPlan": true, "has3DTour": false, "has360": false, "hasStaging": false, "topNewDevelopment": false}, {"propertyCode": "91700695", "thumbnail": "https://img3.idealista.com/blur/WEB_LISTING/0/id.pro.es.image.master/d0/08/df/821146416.jpg", "externalReference": "VSC2010009-1", "numPhotos": 20, "price": 1150000.0, "propertyType": "chalet", "operation": "sale", "size": 350.0, "exterior": false, "rooms": 5, "bathrooms": 5, "address": "Golf", "province": "Barcelona", "municipality": "Sant Cugat del Vall\u00e8s", "district": "Golf", "country": "es", "latitude": 41.4598193, "longitude": 2.0731401, "showAddress": false, "url": "https://www.idealista.com/inmueble/91700695/", "distance": "3121", "hasVideo": true, "status": "good", "newDevelopment": false, "parkingSpace": {"hasParkingSpace": true, "isParkingSpaceIncludedInPrice": true}, "priceByArea": 3286.0, "detailedType": {"typology": "chalet", "subTypology": "independantHouse"}, "suggestedTexts": {"subtitle": "Golf, Sant Cugat del Vall\u00e8s", "title": "Casa independiente"}, "hasPlan": true, "has3DTour": false, "has360": false, "hasStaging": false, "topNewDevelopment": false}, {"propertyCode": "39705259", "thumbnail": "https://img3.idealista.com/blur/WEB_LISTING/0/id.pro.es.image.master/6b/fd/b0/819670332.jpg", "externalReference": "4188", "numPhotos": 94, "price": 1445000.0, "propertyType": "chalet", "operation": "sale", "size": 528.0, "exterior": false, "rooms": 6, "bathrooms": 5, "address": "Valldoreix", "province": "Barcelona", "municipality": "Sant Cugat del Vall\u00e8s", "district": "Valldoreix", "country": "es", "latitude": 41.45064, "longitude": 2.05543, "showAddress": false, "url": "https://www.idealista.com/inmueble/39705259/", "distance": "1603", "hasVideo": true, "status": "good", "newDevelopment": false, "priceByArea": 2737.0, "detailedType": {"typology": "chalet", "subTypology": "independantHouse"}, "suggestedTexts": {"subtitle": "Valldoreix, Sant Cugat del Vall\u00e8s", "title": "Casa independiente"}, "hasPlan": true, "has3DTour": false, "has360": false, "hasStaging": false, "topNewDevelopment": false}, {"propertyCode": "91402409", "thumbnail": "https://img3.idealista.com/blur/WEB_LISTING/0/id.pro.es.image.master/45/dd/46/813741460.jpg", "externalReference": "9805", "numPhotos": 64, "price": 990000.0, "propertyType": "chalet", "operation": "sale", "size": 369.0, "exterior": false, "rooms": 5, "bathrooms": 3, "address": "Valldoreix", "province": "Barcelona", "municipality": "Sant Cugat del Vall\u00e8s", "district": "Valldoreix", "country": "es", "latitude": 41.45135, "longitude": 2.0402767, "showAddress": false, "url": "https://www.idealista.com/inmueble/91402409/", "distance": "1950", "hasVideo": true, "status": "good", "newDevelopment": false, "parkingSpace": {"hasParkingSpace": true, "isParkingSpaceIncludedInPrice": true}, "priceByArea": 2683.0, "detailedType": {"typology": "chalet"}, "suggestedTexts": {"subtitle": "Valldoreix, Sant Cugat del Vall\u00e8s", "title": "Chalet"}, "hasPlan": true, "has3DTour": true, "has360": false, "hasStaging": false, "topNewDevelopment": false}, {"propertyCode": "89047444", "thumbnail": "https://img3.idealista.com/blur/WEB_LISTING/0/id.pro.es.image.master/d8/47/67/769894591.jpg", "externalReference": "W-02GALT", "numPhotos": 26, "floor": "2", "price": 275000.0, "propertyType": "flat", "operation": "sale", "size": 73.0, "exterior": false, "rooms": 2, "bathrooms": 1, "address": "La Floresta - Les Planes", "province": "Barcelona", "municipality": "Sant Cugat del Vall\u00e8s", "district": "La Floresta - Les Planes", "country": "es", "latitude": 41.4481306, "longitude": 2.0763116, "showAddress": false, "url": "https://www.idealista.com/inmueble/89047444/", "distance": "2375", "hasVideo": false, "status": "renew", "newDevelopment": false, "hasLift": false, "priceByArea": 3767.0, "detailedType": {"typology": "flat"}, "suggestedTexts": {"subtitle": "La Floresta - Les Planes, Sant Cugat del Vall\u00e8s", "title": "Piso"}, "hasPlan": false, "has3DTour": false, "has360": false, "hasStaging": false, "topNewDevelopment": false}, {"propertyCode": "86444300", "thumbnail": "https://img3.idealista.com/blur/WEB_LISTING/0/id.pro.es.image.master/0d/54/b5/756032359.jpg", "externalReference": "W-02FXWR", "numPhotos": 36, "floor": "bj", "price": 455000.0, "propertyType": "flat", "operation": "sale", "size": 87.0, "exterior": false, "rooms": 3, "bathrooms": 2, "address": "Golf", "province": "Barcelona", "municipality": "Sant Cugat del Vall\u00e8s", "district": "Golf", "country": "es", "latitude": 41.45994, "longitude": 2.07374, "showAddress": false, "url": "https://www.idealista.com/inmueble/86444300/", "distance": "3160", "hasVideo": false, "status": "good", "newDevelopment": false, "hasLift": true, "parkingSpace": {"hasParkingSpace": true, "isParkingSpaceIncludedInPrice": true}, "priceByArea": 5230.0, "detailedType": {"typology": "flat"}, "suggestedTexts": {"subtitle": "Golf, Sant Cugat del Vall\u00e8s", "title": "Piso"}, "hasPlan": false, "has3DTour": false, "has360": false, "hasStaging": false, "topNewDevelopment": false}, {"propertyCode": "91977456", "thumbnail": "https://img3.idealista.com/blur/WEB_LISTING/0/id.pro.es.image.master/a3/49/da/827783932.jpg", "externalReference": "VSC2010016-1", "numPhotos": 36, "price": 1350000.0, "propertyType": "chalet", "operation": "sale", "size": 512.0, "exterior": false, "rooms": 5, "bathrooms": 5, "address": "Paseo Vall", "province": "Barcelona", "municipality": "Sant Cugat del Vall\u00e8s", "district": "Valldoreix", "country": "es", "latitude": 41.4546714, "longitude": 2.0387861, "showAddress": false, "url": "https://www.idealista.com/inmueble/91977456/", "distance": "2331", "hasVideo": true, "status": "good", "newDevelopment": false, "parkingSpace": {"hasParkingSpace": true, "isParkingSpaceIncludedInPrice": true}, "priceByArea": 2637.0, "detailedType": {"typology": "chalet"}, "suggestedTexts": {"subtitle": "Valldoreix, Sant Cugat del Vall\u00e8s", "title": "Chalet en Paseo Vall"}, "hasPlan": false, "has3DTour": false, "has360": false, "hasStaging": false, "topNewDevelopment": false}, {"propertyCode": "91521602", "thumbnail": "https://img3.idealista.com/blur/WEB_LISTING/0/id.pro.es.image.master/0c/e6/53/816561027.jpg", "externalReference": "VSC2008005-3", "numPhotos": 27, "price": 955000.0, "propertyType": "chalet", "operation": "sale", "size": 3330.0, "exterior": false, "rooms": 9, "bathrooms": 5, "address": "Passatge Vall d'Or", "province": "Barcelona", "municipality": "Sant Cugat del Vall\u00e8s", "district": "Valldoreix", "country": "es", "latitude": 41.4568386, "longitude": 2.0567838, "showAddress": false, "url": "https://www.idealista.com/inmueble/91521602/", "distance": "2301", "hasVideo": true, "status": "good", "newDevelopment": false, "parkingSpace": {"hasParkingSpace": true, "isParkingSpaceIncludedInPrice": true}, "priceByArea": 287.0, "detailedType": {"typology": "chalet"}, "suggestedTexts": {"subtitle": "Valldoreix, Sant Cugat del Vall\u00e8s", "title": "Chalet en Passatge Vall d'Or"}, "hasPlan": false, "has3DTour": false, "has360": false, "hasStaging": false, "topNewDevelopment": false}, {"propertyCode": "91249808", "thumbnail": "https://img3.idealista.com/blur/WEB_LISTING/0/id.pro.es.image.master/20/0e/5e/810201708.jpg", "externalReference": "VSC2001002-5", "numPhotos": 34, "price": 840000.0, "propertyType": "chalet", "operation": "sale", "size": 385.0, "exterior": false, "rooms": 5, "bathrooms": 5, "address": "Avenida de Villadelprat", "province": "Barcelona", "municipality": "Sant Cugat del Vall\u00e8s", "district": "Golf", "country": "es", "latitude": 41.4550836, "longitude": 2.0685816, "showAddress": false, "url": "https://www.idealista.com/inmueble/91249808/", "distance": "2473", "hasVideo": true, "status": "good", "newDevelopment": false, "parkingSpace": {"hasParkingSpace": true, "isParkingSpaceIncludedInPrice": true}, "priceByArea": 2182.0, "detailedType": {"typology": "chalet"}, "suggestedTexts": {"subtitle": "Golf, Sant Cugat del Vall\u00e8s", "title": "Chalet en Avenida de Villadelprat"}, "hasPlan": false, "has3DTour": false, "has360": false, "hasStaging": false, "topNewDevelopment": false}, {"propertyCode": "92666779", "thumbnail": "https://img3.idealista.com/blur/WEB_LISTING/0/id.pro.es.image.master/c2/06/b7/845208679.jpg", "externalReference": "STC27168", "numPhotos": 38, "price": 1800000.0, "propertyType": "chalet", "operation": "sale", "size": 544.0, "exterior": false, "rooms": 5, "bathrooms": 5, "address": "La Floresta - Les Planes", "province": "Barcelona", "municipality": "Sant Cugat del Vall\u00e8s", "district": "La Floresta - Les Planes", "country": "es", "latitude": 41.4470455, "longitude": 2.0823967, "showAddress": false, "url": "https://www.idealista.com/inmueble/92666779/", "distance": "2759", "hasVideo": true, "status": "good", "newDevelopment": false, "parkingSpace": {"hasParkingSpace": true, "isParkingSpaceIncludedInPrice": true}, "priceByArea": 3309.0, "detailedType": {"typology": "chalet"}, "suggestedTexts": {"subtitle": "La Floresta - Les Planes, Sant Cugat del Vall\u00e8s", "title": "Chalet"}, "hasPlan": true, "has3DTour": false, "has360": false, "hasStaging": false, "topNewDevelopment": false}, {"propertyCode": "92485782", "thumbnail": "https://img3.idealista.com/blur/WEB_LISTING/0/id.pro.es.image.master/3e/3b/dd/840843844.jpg", "externalReference": "VSC2007015", "numPhotos": 38, "price": 1000000.0, "propertyType": "chalet", "operation": "sale", "size": 230.0, "exterior": false, "rooms": 3, "bathrooms": 4, "address": "Valldoreix", "province": "Barcelona", "municipality": "Sant Cugat del Vall\u00e8s", "district": "Valldoreix", "country": "es", "latitude": 41.4614442, "longitude": 2.0533194, "showAddress": false, "url": "https://www.idealista.com/inmueble/92485782/", "distance": "2786", "hasVideo": true, "status": "good", "newDevelopment": false, "parkingSpace": {"hasParkingSpace": true, "isParkingSpaceIncludedInPrice": true}, "priceByArea": 4348.0, "detailedType": {"typology": "chalet"}, "suggestedTexts": {"subtitle": "Valldoreix, Sant Cugat del Vall\u00e8s", "title": "Chalet"}, "hasPlan": false, "has3DTour": false, "has360": false, "hasStaging": false, "topNewDevelopment": false}, {"propertyCode": "91977434", "thumbnail": "https://img3.idealista.com/blur/WEB_LISTING/0/id.pro.es.image.master/ca/a8/bf/827783769.jpg", "externalReference": "VSC2010015-1", "numPhotos": 34, "price": 1325000.0, "propertyType": "chalet", "operation": "sale", "size": 897.0, "exterior": false, "rooms": 6, "bathrooms": 5, "address": "Valldoreix", "province": "Barcelona", "municipality": "Sant Cugat del Vall\u00e8s", "district": "Valldoreix", "country": "es", "latitude": 41.4573912, "longitude": 2.0386475, "showAddress": false, "url": "https://www.idealista.com/inmueble/91977434/", "distance": "2604", "hasVideo": true, "status": "good", "newDevelopment": false, "parkingSpace": {"hasParkingSpace": true, "isParkingSpaceIncludedInPrice": true}, "priceByArea": 1477.0, "detailedType": {"typology": "chalet", "subTypology": "independantHouse"}, "suggestedTexts": {"subtitle": "Valldoreix, Sant Cugat del Vall\u00e8s", "title": "Casa independiente"}, "hasPlan": false, "has3DTour": false, "has360": false, "hasStaging": false, "topNewDevelopment": false}, {"propertyCode": "91474685", "thumbnail": "https://img3.idealista.com/blur/WEB_LISTING/0/id.pro.es.image.master/3f/84/ea/815442107.jpg", "externalReference": "VSC2010002-1", "numPhotos": 20, "price": 1190000.0, "propertyType": "chalet", "operation": "sale", "size": 340.0, "exterior": false, "rooms": 5, "bathrooms": 3, "address": "Valldoreix", "province": "Barcelona", "municipality": "Sant Cugat del Vall\u00e8s", "district": "Valldoreix", "country": "es", "latitude": 41.4527814, "longitude": 2.0627563, "showAddress": false, "url": "https://www.idealista.com/inmueble/91474685/", "distance": "2013", "hasVideo": true, "status": "good", "newDevelopment": false, "priceByArea": 3500.0, "detailedType": {"typology": "chalet"}, "suggestedTexts": {"subtitle": "Valldoreix, Sant Cugat del Vall\u00e8s", "title": "Chalet"}, "hasPlan": false, "has3DTour": false, "has360": false, "hasStaging": false, "topNewDevelopment": false}, {"propertyCode": "90346465", "thumbnail": "https://img3.idealista.com/blur/WEB_LISTING/0/id.pro.es.image.master/a3/22/82/788660491.jpg", "externalReference": "VSC1602006-5", "numPhotos": 35, "price": 1090000.0, "propertyType": "chalet", "operation": "sale", "size": 436.0, "exterior": false, "rooms": 5, "bathrooms": 5, "address": "Valldoreix", "province": "Barcelona", "municipality": "Sant Cugat del Vall\u00e8s", "district": "Valldoreix", "country": "es", "latitude": 41.4513436, "longitude": 2.0539367, "showAddress": false, "url": "https://www.idealista.com/inmueble/90346465/", "distance": "1667", "hasVideo": true, "status": "good", "newDevelopment": false, "parkingSpace": {"hasParkingSpace": true, "isParkingSpaceIncludedInPrice": true}, "priceByArea": 2500.0, "detailedType": {"typology": "chalet"}, "suggestedTexts": {"subtitle": "Valldoreix, Sant Cugat del Vall\u00e8s", "title": "Chalet"}, "hasPlan": false, "has3DTour": false, "has360": false, "hasStaging": false, "topNewDevelopment": false}, {"propertyCode": "91977441", "thumbnail": "https://img3.idealista.com/blur/WEB_LISTING/0/id.pro.es.image.master/46/08/12/827784097.jpg", "externalReference": "VSC2010018-1", "numPhotos": 18, "price": 650000.0, "propertyType": "chalet", "operation": "sale", "size": 680.0, "exterior": false, "rooms": 3, "bathrooms": 2, "address": "Paseo Font", "province": "Barcelona", "municipality": "Sant Cugat del Vall\u00e8s", "district": "Valldoreix", "country": "es", "latitude": 41.4565939, "longitude": 2.0356424, "showAddress": false, "url": "https://www.idealista.com/inmueble/91977441/", "distance": "2649", "hasVideo": true, "status": "good", "newDevelopment": false, "parkingSpace": {"hasParkingSpace": true, "isParkingSpaceIncludedInPrice": true}, "priceByArea": 956.0, "detailedType": {"typology": "chalet"}, "suggestedTexts": {"subtitle": "Valldoreix, Sant Cugat del Vall\u00e8s", "title": "Chalet en Paseo Font"}, "hasPlan": false, "has3DTour": false, "has360": false, "hasStaging": false, "topNewDevelopment": false}, {"propertyCode": "91902571", "thumbnail": "https://img3.idealista.com/blur/WEB_LISTING/0/id.pro.es.image.master/26/ac/f6/826075670.jpg", "externalReference": "STC26315", "numPhotos": 43, "price": 1185000.0, "propertyType": "chalet", "operation": "sale", "size": 420.0, "exterior": false, "rooms": 5, "bathrooms": 4, "address": "Valldoreix", "province": "Barcelona", "municipality": "Sant Cugat del Vall\u00e8s", "district": "Valldoreix", "country": "es", "latitude": 41.4541345, "longitude": 2.0370173, "showAddress": false, "url": "https://www.idealista.com/inmueble/91902571/", "distance": "2357", "hasVideo": true, "status": "good", "newDevelopment": false, "parkingSpace": {"hasParkingSpace": true, "isParkingSpaceIncludedInPrice": true}, "priceByArea": 2821.0, "detailedType": {"typology": "chalet", "subTypology": "independantHouse"}, "suggestedTexts": {"subtitle": "Valldoreix, Sant Cugat del Vall\u00e8s", "title": "Casa independiente"}, "hasPlan": false, "has3DTour": false, "has360": false, "hasStaging": false, "topNewDevelopment": false}, {"propertyCode": "91717558", "thumbnail": "https://img3.idealista.com/blur/WEB_LISTING/0/id.pro.es.image.master/3e/21/82/821570045.jpg", "externalReference": "27869", "numPhotos": 55, "price": 890000.0, "propertyType": "chalet", "operation": "sale", "size": 264.0, "exterior": false, "rooms": 4, "bathrooms": 3, "address": "Valldoreix", "province": "Barcelona", "municipality": "Sant Cugat del Vall\u00e8s", "district": "Valldoreix", "country": "es", "latitude": 41.4557199, "longitude": 2.0353629, "showAddress": false, "url": "https://www.idealista.com/inmueble/91717558/", "distance": "2580", "hasVideo": true, "status": "good", "newDevelopment": false, "parkingSpace": {"hasParkingSpace": true, "isParkingSpaceIncludedInPrice": true}, "priceByArea": 3371.0, "detailedType": {"typology": "chalet"}, "suggestedTexts": {"subtitle": "Valldoreix, Sant Cugat del Vall\u00e8s", "title": "Chalet"}, "hasPlan": false, "has3DTour": false, "has360": false, "hasStaging": false, "topNewDevelopment": false}, {"propertyCode": "89996625", "thumbnail": "https://img3.idealista.com/blur/WEB_LISTING/0/id.pro.es.image.master/9f/44/6f/781202531.jpg", "externalReference": "27401", "numPhotos": 33, "price": 550000.0, "propertyType": "chalet", "operation": "sale", "size": 283.0, "exterior": false, "rooms": 4, "bathrooms": 1, "address": "Valldoreix", "province": "Barcelona", "municipality": "Sant Cugat del Vall\u00e8s", "district": "Valldoreix", "country": "es", "latitude": 41.4562793, "longitude": 2.0589378, "showAddress": false, "url": "https://www.idealista.com/inmueble/89996625/", "distance": "2275", "hasVideo": true, "status": "good", "newDevelopment": false, "parkingSpace": {"hasParkingSpace": true, "isParkingSpaceIncludedInPrice": true}, "priceByArea": 1943.0, "detailedType": {"typology": "chalet"}, "suggestedTexts": {"subtitle": "Valldoreix, Sant Cugat del Vall\u00e8s", "title": "Chalet"}, "hasPlan": false, "has3DTour": false, "has360": false, "hasStaging": false, "topNewDevelopment": false}, {"propertyCode": "38445709", "thumbnail": "https://img3.idealista.com/blur/WEB_LISTING/0/id.pro.es.image.master/95/0e/5d/838495343.jpg", "externalReference": "23322", "numPhotos": 24, "price": 1500000.0, "propertyType": "chalet", "operation": "sale", "size": 540.0, "exterior": false, "rooms": 5, "bathrooms": 5, "address": "Mirasol", "province": "Barcelona", "municipality": "Sant Cugat del Vall\u00e8s", "district": "Mirasol", "country": "es", "latitude": 41.4650586, "longitude": 2.0482151, "showAddress": false, "url": "https://www.idealista.com/inmueble/38445709/", "distance": "3207", "hasVideo": true, "status": "good", "newDevelopment": false, "parkingSpace": {"hasParkingSpace": true, "isParkingSpaceIncludedInPrice": true}, "priceByArea": 2778.0, "detailedType": {"typology": "chalet"}, "suggestedTexts": {"subtitle": "Mirasol, Sant Cugat del Vall\u00e8s", "title": "Chalet"}, "hasPlan": false, "has3DTour": false, "has360": false, "hasStaging": false, "topNewDevelopment": false}, {"propertyCode": "88884195", "thumbnail": "https://img3.idealista.com/blur/WEB_LISTING/0/id.pro.es.image.master/d0/a1/87/764059622.jpg", "externalReference": "0062-00229", "numPhotos": 37, "floor": "bj", "price": 295000.0, "propertyType": "flat", "operation": "sale", "size": 93.0, "exterior": true, "rooms": 3, "bathrooms": 1, "address": "Calle Major de la Floresta", "province": "Barcelona", "municipality": "Sant Cugat del Vall\u00e8s", "district": "La Floresta - Les Planes", "country": "es", "latitude": 41.4416018, "longitude": 2.0785517, "showAddress": false, "url": "https://www.idealista.com/inmueble/88884195/", "distance": "2247", "hasVideo": false, "status": "good", "newDevelopment": false, "hasLift": false, "parkingSpace": {"hasParkingSpace": true, "isParkingSpaceIncludedInPrice": true}, "priceByArea": 3172.0, "detailedType": {"typology": "flat"}, "suggestedTexts": {"subtitle": "La Floresta - Les Planes, Sant Cugat del Vall\u00e8s", "title": "Piso en Calle Major de la Floresta"}, "hasPlan": true, "has3DTour": false, "has360": true, "hasStaging": true, "topNewDevelopment": false}, {"propertyCode": "92059302", "thumbnail": "https://img3.idealista.com/blur/WEB_LISTING/0/id.pro.es.image.master/cb/5e/6d/847339229.jpg", "externalReference": "3344", "numPhotos": 53, "price": 795000.0, "propertyType": "chalet", "operation": "sale", "size": 230.0, "exterior": false, "rooms": 5, "bathrooms": 3, "address": "Valldoreix", "province": "Barcelona", "municipality": "Sant Cugat del Vall\u00e8s", "district": "Valldoreix", "country": "es", "latitude": 41.4574107, "longitude": 2.0654102, "showAddress": false, "url": "https://www.idealista.com/inmueble/92059302/", "distance": "2573", "hasVideo": false, "status": "good", "newDevelopment": false, "parkingSpace": {"hasParkingSpace": true, "isParkingSpaceIncludedInPrice": true}, "priceByArea": 3457.0, "detailedType": {"typology": "chalet"}, "suggestedTexts": {"subtitle": "Valldoreix, Sant Cugat del Vall\u00e8s", "title": "Chalet"}, "hasPlan": false, "has3DTour": false, "has360": true, "hasStaging": false, "topNewDevelopment": false}, {"propertyCode": "90968472", "thumbnail": "https://img3.idealista.com/blur/WEB_LISTING/0/id.pro.es.image.master/6c/90/32/803463315.jpg", "externalReference": "1C1964", "numPhotos": 71, "price": 660000.0, "propertyType": "chalet", "operation": "sale", "size": 205.0, "exterior": false, "rooms": 4, "bathrooms": 2, "address": "Valldoreix", "province": "Barcelona", "municipality": "Sant Cugat del Vall\u00e8s", "district": "Valldoreix", "country": "es", "latitude": 41.456721, "longitude": 2.0355058, "showAddress": false, "url": "https://www.idealista.com/inmueble/90968472/", "distance": "2667", "hasVideo": true, "status": "good", "newDevelopment": false, "parkingSpace": {"hasParkingSpace": true, "isParkingSpaceIncludedInPrice": true}, "priceByArea": 3220.0, "detailedType": {"typology": "chalet", "subTypology": "independantHouse"}, "suggestedTexts": {"subtitle": "Valldoreix, Sant Cugat del Vall\u00e8s", "title": "Casa independiente"}, "hasPlan": true, "has3DTour": false, "has360": false, "hasStaging": false, "topNewDevelopment": false}, {"propertyCode": "91696612", "thumbnail": "https://img3.idealista.com/blur/WEB_LISTING/0/id.pro.es.image.master/26/a6/d1/821050537.jpg", "externalReference": "W-02GN78", "numPhotos": 48, "price": 1350000.0, "propertyType": "chalet", "operation": "sale", "size": 515.0, "exterior": false, "rooms": 5, "bathrooms": 5, "address": "Valldoreix", "province": "Barcelona", "municipality": "Sant Cugat del Vall\u00e8s", "district": "Valldoreix", "country": "es", "latitude": 41.4550714, "longitude": 2.0356861, "showAddress": false, "url": "https://www.idealista.com/inmueble/91696612/", "distance": "2505", "hasVideo": false, "status": "good", "newDevelopment": false, "parkingSpace": {"hasParkingSpace": true, "isParkingSpaceIncludedInPrice": true}, "priceByArea": 2621.0, "detailedType": {"typology": "chalet", "subTypology": "independantHouse"}, "suggestedTexts": {"subtitle": "Valldoreix, Sant Cugat del Vall\u00e8s", "title": "Casa independiente"}, "hasPlan": true, "has3DTour": false, "has360": false, "hasStaging": false, "topNewDevelopment": false}, {"propertyCode": "91966920", "thumbnail": "https://img3.idealista.com/blur/WEB_LISTING/0/id.pro.es.image.master/b6/69/07/827589132.jpg", "externalReference": "St Cugat", "numPhotos": 24, "price": 975000.0, "propertyType": "chalet", "operation": "sale", "size": 362.0, "exterior": false, "rooms": 4, "bathrooms": 2, "address": "Vene\u00e7uela s/n", "province": "Barcelona", "municipality": "Sant Cugat del Vall\u00e8s", "district": "Mirasol", "country": "es", "latitude": 41.4628068, "longitude": 2.0612446, "showAddress": true, "url": "https://www.idealista.com/inmueble/91966920/", "distance": "3026", "hasVideo": true, "status": "renew", "newDevelopment": false, "parkingSpace": {"hasParkingSpace": true, "isParkingSpaceIncludedInPrice": true}, "priceByArea": 2693.0, "detailedType": {"typology": "chalet", "subTypology": "independantHouse"}, "suggestedTexts": {"subtitle": "Mirasol, Sant Cugat del Vall\u00e8s", "title": "Casa independiente en Vene\u00e7uela s/n"}, "hasPlan": true, "has3DTour": false, "has360": false, "hasStaging": false, "topNewDevelopment": false}, {"propertyCode": "92846414", "thumbnail": "https://img3.idealista.com/blur/WEB_LISTING/0/id.pro.es.image.master/45/69/5e/849310835.jpg", "externalReference": "CASA0060", "numPhotos": 163, "price": 1350000.0, "propertyType": "chalet", "operation": "sale", "size": 419.0, "exterior": false, "rooms": 5, "bathrooms": 5, "address": "Paseo Vall", "province": "Barcelona", "municipality": "Sant Cugat del Vall\u00e8s", "district": "Valldoreix", "country": "es", "latitude": 41.4567486, "longitude": 2.0361718, "showAddress": false, "url": "https://www.idealista.com/inmueble/92846414/", "distance": "2641", "hasVideo": false, "status": "good", "newDevelopment": false, "parkingSpace": {"hasParkingSpace": true, "isParkingSpaceIncludedInPrice": true}, "priceByArea": 3222.0, "detailedType": {"typology": "chalet", "subTypology": "independantHouse"}, "suggestedTexts": {"subtitle": "Valldoreix, Sant Cugat del Vall\u00e8s", "title": "Casa independiente en Paseo Vall"}, "hasPlan": true, "has3DTour": true, "has360": false, "hasStaging": false, "topNewDevelopment": false}, {"propertyCode": "87835348", "thumbnail": "https://img3.idealista.com/blur/WEB_LISTING/0/id.pro.es.image.master/72/c8/5f/732076937.jpg", "externalReference": "1C1888", "numPhotos": 48, "price": 2400000.0, "propertyType": "chalet", "operation": "sale", "size": 650.0, "exterior": false, "rooms": 6, "bathrooms": 5, "address": "Valldoreix", "province": "Barcelona", "municipality": "Sant Cugat del Vall\u00e8s", "district": "Valldoreix", "country": "es", "latitude": 41.4559059, "longitude": 2.0394668, "showAddress": false, "url": "https://www.idealista.com/inmueble/87835348/", "distance": "2426", "hasVideo": true, "status": "good", "newDevelopment": false, "parkingSpace": {"hasParkingSpace": true, "isParkingSpaceIncludedInPrice": true}, "priceByArea": 3692.0, "detailedType": {"typology": "chalet", "subTypology": "independantHouse"}, "suggestedTexts": {"subtitle": "Valldoreix, Sant Cugat del Vall\u00e8s", "title": "Casa independiente"}, "hasPlan": true, "has3DTour": false, "has360": false, "hasStaging": false, "topNewDevelopment": false}, {"propertyCode": "84797220", "thumbnail": "https://img3.idealista.com/blur/WEB_LISTING/0/id.pro.es.image.master/b9/de/c8/646975294.jpg", "externalReference": "1C1604", "numPhotos": 26, "price": 1390000.0, "propertyType": "chalet", "operation": "sale", "size": 488.0, "exterior": false, "rooms": 5, "bathrooms": 3, "address": "Valldoreix", "province": "Barcelona", "municipality": "Sant Cugat del Vall\u00e8s", "district": "Valldoreix", "country": "es", "latitude": 41.4576591, "longitude": 2.0364091, "showAddress": false, "url": "https://www.idealista.com/inmueble/84797220/", "distance": "2718", "hasVideo": true, "status": "good", "newDevelopment": false, "parkingSpace": {"hasParkingSpace": true, "isParkingSpaceIncludedInPrice": true}, "priceByArea": 2848.0, "detailedType": {"typology": "chalet", "subTypology": "independantHouse"}, "suggestedTexts": {"subtitle": "Valldoreix, Sant Cugat del Vall\u00e8s", "title": "Casa independiente"}, "hasPlan": true, "has3DTour": false, "has360": false, "hasStaging": false, "topNewDevelopment": false}, {"propertyCode": "84281733", "thumbnail": "https://img3.idealista.com/blur/WEB_LISTING/0/id.pro.es.image.master/be/15/4a/635698431.jpg", "externalReference": "1C1797", "numPhotos": 43, "price": 1400000.0, "propertyType": "chalet", "operation": "sale", "size": 420.0, "exterior": false, "rooms": 5, "bathrooms": 3, "address": "Valldoreix", "province": "Barcelona", "municipality": "Sant Cugat del Vall\u00e8s", "district": "Valldoreix", "country": "es", "latitude": 41.4649999, "longitude": 2.0452387, "showAddress": false, "url": "https://www.idealista.com/inmueble/84281733/", "distance": "3238", "hasVideo": true, "status": "good", "newDevelopment": false, "parkingSpace": {"hasParkingSpace": true, "isParkingSpaceIncludedInPrice": true}, "priceByArea": 3333.0, "detailedType": {"typology": "chalet", "subTypology": "independantHouse"}, "suggestedTexts": {"subtitle": "Valldoreix, Sant Cugat del Vall\u00e8s", "title": "Casa independiente"}, "hasPlan": true, "has3DTour": false, "has360": false, "hasStaging": false, "topNewDevelopment": false}, {"propertyCode": "84193816", "thumbnail": "https://img3.idealista.com/blur/WEB_LISTING/0/id.pro.es.image.master/08/19/97/633751086.jpg", "externalReference": "1C1795", "numPhotos": 43, "price": 1200000.0, "propertyType": "chalet", "operation": "sale", "size": 306.0, "exterior": false, "rooms": 6, "bathrooms": 3, "address": "Valldoreix", "province": "Barcelona", "municipality": "Sant Cugat del Vall\u00e8s", "district": "Valldoreix", "country": "es", "latitude": 41.4642322, "longitude": 2.0430369, "showAddress": false, "url": "https://www.idealista.com/inmueble/84193816/", "distance": "3194", "hasVideo": true, "status": "good", "newDevelopment": false, "parkingSpace": {"hasParkingSpace": true, "isParkingSpaceIncludedInPrice": true}, "priceByArea": 3922.0, "detailedType": {"typology": "chalet", "subTypology": "independantHouse"}, "suggestedTexts": {"subtitle": "Valldoreix, Sant Cugat del Vall\u00e8s", "title": "Casa independiente"}, "hasPlan": true, "has3DTour": false, "has360": false, "hasStaging": false, "topNewDevelopment": false}, {"propertyCode": "90402250", "thumbnail": "https://img3.idealista.com/blur/WEB_LISTING/0/id.pro.es.image.master/6f/87/9d/789999238.jpg", "numPhotos": 59, "price": 1300000.0, "propertyType": "chalet", "operation": "sale", "size": 280.0, "exterior": false, "rooms": 3, "bathrooms": 2, "address": "Can Monmany s/n", "province": "Barcelona", "municipality": "Sant Cugat del Vall\u00e8s", "district": "Valldoreix", "country": "es", "latitude": 41.4543231, "longitude": 2.0345975, "showAddress": true, "url": "https://www.idealista.com/inmueble/90402250/", "distance": "2490", "hasVideo": false, "status": "good", "newDevelopment": false, "parkingSpace": {"hasParkingSpace": true, "isParkingSpaceIncludedInPrice": true}, "priceByArea": 4643.0, "detailedType": {"typology": "chalet", "subTypology": "independantHouse"}, "suggestedTexts": {"subtitle": "Valldoreix, Sant Cugat del Vall\u00e8s", "title": "Casa independiente en Can Monmany s/n"}, "hasPlan": true, "has3DTour": false, "has360": false, "hasStaging": false, "topNewDevelopment": false}, {"propertyCode": "89781289", "thumbnail": "https://img3.idealista.com/blur/WEB_LISTING/0/id.pro.es.image.master/31/af/34/776344829.jpg", "numPhotos": 51, "price": 875000.0, "propertyType": "chalet", "operation": "sale", "size": 296.0, "exterior": false, "rooms": 5, "bathrooms": 4, "address": "Paseo havana s/n", "province": "Barcelona", "municipality": "Sant Cugat del Vall\u00e8s", "district": "Mirasol", "country": "es", "latitude": 41.463459, "longitude": 2.0629237, "showAddress": true, "url": "https://www.idealista.com/inmueble/89781289/", "distance": "3132", "hasVideo": false, "status": "good", "newDevelopment": false, "parkingSpace": {"hasParkingSpace": true, "isParkingSpaceIncludedInPrice": true}, "priceByArea": 2956.0, "detailedType": {"typology": "chalet", "subTypology": "semidetachedHouse"}, "suggestedTexts": {"subtitle": "Mirasol, Sant Cugat del Vall\u00e8s", "title": "Chalet pareado en Paseo havana s/n"}, "hasPlan": true, "has3DTour": false, "has360": false, "hasStaging": false, "topNewDevelopment": false}, {"propertyCode": "92903689", "thumbnail": "https://img3.idealista.com/blur/WEB_LISTING/0/id.pro.es.image.master/a1/ff/39/855248310.jpg", "externalReference": "V0220", "numPhotos": 50, "price": 835000.0, "propertyType": "chalet", "operation": "sale", "size": 255.0, "exterior": false, "rooms": 5, "bathrooms": 3, "address": "Avenida Pere Planas", "province": "Barcelona", "municipality": "Sant Cugat del Vall\u00e8s", "district": "La Floresta - Les Planes", "country": "es", "latitude": 41.4402703, "longitude": 2.090618, "showAddress": false, "url": "https://www.idealista.com/inmueble/92903689/", "distance": "3206", "hasVideo": false, "status": "good", "newDevelopment": false, "parkingSpace": {"hasParkingSpace": true, "isParkingSpaceIncludedInPrice": true}, "priceByArea": 3275.0, "detailedType": {"typology": "chalet", "subTypology": "independantHouse"}, "suggestedTexts": {"subtitle": "La Floresta - Les Planes, Sant Cugat del Vall\u00e8s", "title": "Casa independiente en Avenida Pere Planas"}, "hasPlan": false, "has3DTour": false, "has360": false, "hasStaging": false, "topNewDevelopment": false}, {"propertyCode": "93128116", "thumbnail": "https://img3.idealista.com/blur/WEB_LISTING/0/id.pro.es.image.master/f9/89/dd/855142802.jpg", "externalReference": "VSC2103001", "numPhotos": 24, "price": 890000.0, "propertyType": "chalet", "operation": "sale", "size": 284.0, "exterior": false, "rooms": 4, "bathrooms": 3, "address": "Valldoreix", "province": "Barcelona", "municipality": "Sant Cugat del Vall\u00e8s", "district": "Valldoreix", "country": "es", "latitude": 41.4558199, "longitude": 2.0339629, "showAddress": false, "url": "https://www.idealista.com/inmueble/93128116/", "distance": "2655", "hasVideo": true, "status": "good", "newDevelopment": false, "parkingSpace": {"hasParkingSpace": true, "isParkingSpaceIncludedInPrice": true}, "priceByArea": 3134.0, "detailedType": {"typology": "chalet", "subTypology": "independantHouse"}, "suggestedTexts": {"subtitle": "Valldoreix, Sant Cugat del Vall\u00e8s", "title": "Casa independiente"}, "hasPlan": false, "has3DTour": false, "has360": false, "hasStaging": false, "topNewDevelopment": false}, {"propertyCode": "90346478", "thumbnail": "https://img3.idealista.com/blur/WEB_LISTING/0/id.pro.es.image.master/bb/8b/23/788660919.jpg", "externalReference": "VSC1804006-5", "numPhotos": 25, "price": 795000.0, "propertyType": "chalet", "operation": "sale", "size": 305.0, "exterior": false, "rooms": 5, "bathrooms": 2, "address": "Golf", "province": "Barcelona", "municipality": "Sant Cugat del Vall\u00e8s", "district": "Golf", "country": "es", "latitude": 41.4569187, "longitude": 2.0747141, "showAddress": false, "url": "https://www.idealista.com/inmueble/90346478/", "distance": "2939", "hasVideo": true, "status": "renew", "newDevelopment": false, "parkingSpace": {"hasParkingSpace": true, "isParkingSpaceIncludedInPrice": true}, "priceByArea": 2607.0, "detailedType": {"typology": "chalet"}, "suggestedTexts": {"subtitle": "Golf, Sant Cugat del Vall\u00e8s", "title": "Chalet"}, "hasPlan": true, "has3DTour": false, "has360": false, "hasStaging": false, "topNewDevelopment": false}, {"propertyCode": "87388302", "thumbnail": "https://img3.idealista.com/blur/WEB_LISTING/0/id.pro.es.image.master/73/61/e5/754552036.jpg", "externalReference": "2788", "numPhotos": 48, "price": 590000.0, "propertyType": "chalet", "operation": "sale", "size": 351.0, "exterior": false, "rooms": 7, "bathrooms": 3, "address": "Carretera de Vallvidrera", "province": "Barcelona", "municipality": "Molins de Rei", "country": "es", "latitude": 41.4255293, "longitude": 2.0394856, "showAddress": false, "url": "https://www.idealista.com/inmueble/87388302/", "distance": "1623", "hasVideo": false, "status": "good", "newDevelopment": false, "parkingSpace": {"hasParkingSpace": true, "isParkingSpaceIncludedInPrice": true}, "priceByArea": 1681.0, "detailedType": {"typology": "chalet", "subTypology": "independantHouse"}, "suggestedTexts": {"subtitle": "Molins de Rei", "title": "Casa independiente en Carretera de Vallvidrera"}, "hasPlan": false, "has3DTour": false, "has360": false, "hasStaging": false, "topNewDevelopment": false}, {"propertyCode": "92758573", "thumbnail": "https://img3.idealista.com/blur/WEB_LISTING/0/id.pro.es.image.master/97/51/52/847440770.jpg", "externalReference": "3352", "numPhotos": 75, "price": 2100000.0, "propertyType": "chalet", "operation": "sale", "size": 800.0, "exterior": false, "rooms": 7, "bathrooms": 5, "address": "Mirasol", "province": "Barcelona", "municipality": "Sant Cugat del Vall\u00e8s", "district": "Mirasol", "country": "es", "latitude": 41.4646823, "longitude": 2.0614801, "showAddress": false, "url": "https://www.idealista.com/inmueble/92758573/", "distance": "3233", "hasVideo": false, "status": "good", "newDevelopment": false, "parkingSpace": {"hasParkingSpace": true, "isParkingSpaceIncludedInPrice": true}, "priceByArea": 2625.0, "detailedType": {"typology": "chalet"}, "suggestedTexts": {"subtitle": "Mirasol, Sant Cugat del Vall\u00e8s", "title": "Chalet"}, "hasPlan": true, "has3DTour": false, "has360": false, "hasStaging": false, "topNewDevelopment": false}, {"propertyCode": "91819836", "thumbnail": "https://img3.idealista.com/blur/WEB_LISTING/0/id.pro.es.image.master/89/19/14/824065503.jpg", "numPhotos": 44, "price": 1185000.0, "propertyType": "chalet", "operation": "sale", "size": 421.0, "exterior": false, "rooms": 5, "bathrooms": 4, "address": "Paseo Font", "province": "Barcelona", "municipality": "Sant Cugat del Vall\u00e8s", "district": "Valldoreix", "country": "es", "latitude": 41.4543132, "longitude": 2.0384472, "showAddress": false, "url": "https://www.idealista.com/inmueble/91819836/", "distance": "2311", "hasVideo": false, "status": "good", "newDevelopment": false, "parkingSpace": {"hasParkingSpace": true, "isParkingSpaceIncludedInPrice": true}, "priceByArea": 2815.0, "detailedType": {"typology": "chalet", "subTypology": "independantHouse"}, "suggestedTexts": {"subtitle": "Valldoreix, Sant Cugat del Vall\u00e8s", "title": "Casa independiente en Paseo Font"}, "hasPlan": true, "has3DTour": false, "has360": false, "hasStaging": false, "topNewDevelopment": false}]