[{"propertyCode": "92228558", "thumbnail": "https://img3.idealista.com/blur/WEB_LISTING/0/id.pro.es.image.master/8d/4c/bd/834217811.jpg", "externalReference": "4399", "numPhotos": 32, "floor": "7", "price": 490000.0, "propertyType": "flat", "operation": "sale", "size": 125.0, "exterior": true, "rooms": 4, "bathrooms": 2, "address": "Gran Via de Carles III", "province": "Barcelona", "municipality": "Barcelona", "district": "Les Corts", "country": "es", "neighborhood": "La Maternitat i Sant Ramon", "latitude": 41.3848586, "longitude": 2.1255646, "showAddress": false, "url": "https://www.idealista.com/inmueble/92228558/", "distance": "552", "hasVideo": true, "status": "renew", "newDevelopment": false, "hasLift": true, "priceByArea": 3920.0, "detailedType": {"typology": "flat"}, "suggestedTexts": {"subtitle": "La Maternitat i Sant Ramon, Barcelona", "title": "Piso en Gran Via de Carles III"}, "hasPlan": true, "has3DTour": false, "has360": true, "hasStaging": false, "topNewDevelopment": false}, {"propertyCode": "92966417", "thumbnail": "https://img3.idealista.com/blur/WEB_LISTING/0/id.pro.es.image.master/f6/53/9d/852935611.jpg", "externalReference": "246454", "numPhotos": 21, "floor": "1", "price": 235000.0, "propertyType": "flat", "operation": "sale", "size": 55.0, "exterior": true, "rooms": 2, "bathrooms": 1, "address": "barrio Sants - Badal", "province": "Barcelona", "municipality": "Barcelona", "district": "Sants-Montju\u00efc", "country": "es", "neighborhood": "Sants - Badal", "latitude": 41.3746552, "longitude": 2.1296516, "showAddress": false, "url": "https://www.idealista.com/inmueble/92966417/", "distance": "644", "hasVideo": false, "status": "good", "newDevelopment": false, "hasLift": false, "priceByArea": 4273.0, "detailedType": {"typology": "flat"}, "suggestedTexts": {"subtitle": "Sants - Badal, Barcelona", "title": "Piso"}, "hasPlan": true, "has3DTour": false, "has360": true, "hasStaging": false, "topNewDevelopment": false}, {"propertyCode": "92108611", "thumbnail": "https://img3.idealista.com/blur/WEB_LISTING/0/id.pro.es.image.master/8b/43/21/835989983.jpg", "externalReference": "VB2012017", "numPhotos": 27, "floor": "3", "price": 410000.0, "propertyType": "flat", "operation": "sale", "size": 98.0, "exterior": true, "rooms": 4, "bathrooms": 2, "address": "barrio La Maternitat i Sant Ramon", "province": "Barcelona", "municipality": "Barcelona", "district": "Les Corts", "country": "es", "neighborhood": "La Maternitat i Sant Ramon", "latitude": 41.3784791, "longitude": 2.1234518, "showAddress": false, "url": "https://www.idealista.com/inmueble/92108611/", "distance": "298", "hasVideo": true, "status": "good", "newDevelopment": false, "hasLift": true, "priceByArea": 4184.0, "detailedType": {"typology": "flat"}, "suggestedTexts": {"subtitle": "La Maternitat i Sant Ramon, Barcelona", "title": "Piso"}, "hasPlan": true, "has3DTour": false, "has360": true, "hasStaging": false, "topNewDevelopment": false}, {"propertyCode": "92002091", "thumbnail": "https://img3.idealista.com/blur/WEB_LISTING/0/id.pro.es.image.master/bf/8e/86/828369627.jpg", "externalReference": "v40", "numPhotos": 30, "floor": "3", "price": 410000.0, "propertyType": "flat", "operation": "sale", "size": 101.0, "exterior": true, "rooms": 4, "bathrooms": 2, "address": "Calle Benavent, 8", "province": "Barcelona", "municipality": "Barcelona", "district": "Les Corts", "country": "es", "neighborhood": "La Maternitat i Sant Ramon", "latitude": 41.3779791, "longitude": 2.1254518, "showAddress": true, "url": "https://www.idealista.com/inmueble/92002091/", "distance": "233", "hasVideo": true, "status": "good", "newDevelopment": false, "hasLift": true, "priceByArea": 4059.0, "detailedType": {"typology": "flat"}, "suggestedTexts": {"subtitle": "La Maternitat i Sant Ramon, Barcelona", "title": "Piso en Calle Benavent, 8"}, "hasPlan": true, "has3DTour": false, "has360": true, "hasStaging": false, "topNewDevelopment": false}, {"propertyCode": "92811075", "thumbnail": "https://img3.idealista.com/blur/WEB_LISTING/0/id.pro.es.image.master/94/86/92/848677750.jpg", "externalReference": "GVVSA38", "numPhotos": 27, "floor": "2", "price": 695000.0, "propertyType": "flat", "operation": "sale", "size": 146.0, "exterior": true, "rooms": 4, "bathrooms": 3, "address": "Calle de Sabino Arana", "province": "Barcelona", "municipality": "Barcelona", "district": "Les Corts", "country": "es", "neighborhood": "La Maternitat i Sant Ramon", "latitude": 41.3844759, "longitude": 2.1230717, "showAddress": false, "url": "https://www.idealista.com/inmueble/92811075/", "distance": "578", "hasVideo": true, "status": "good", "newDevelopment": false, "hasLift": true, "priceByArea": 4760.0, "detailedType": {"typology": "flat"}, "suggestedTexts": {"subtitle": "La Maternitat i Sant Ramon, Barcelona", "title": "Piso en Calle de Sabino Arana"}, "hasPlan": true, "has3DTour": false, "has360": true, "hasStaging": false, "topNewDevelopment": false}, {"propertyCode": "91903585", "thumbnail": "https://img3.idealista.com/blur/WEB_LISTING/0/id.pro.es.image.master/2d/db/44/826096760.jpg", "externalReference": "CB_BCN_0376_V", "numPhotos": 33, "floor": "9", "price": 475000.0, "propertyType": "penthouse", "operation": "sale", "size": 124.0, "exterior": true, "rooms": 3, "bathrooms": 2, "address": "Calle del Comandant Ben\u00edtez", "province": "Barcelona", "municipality": "Barcelona", "district": "Les Corts", "country": "es", "neighborhood": "La Maternitat i Sant Ramon", "latitude": 41.3799546, "longitude": 2.1285386, "showAddress": false, "url": "https://www.idealista.com/inmueble/91903585/", "distance": "173", "hasVideo": true, "status": "good", "newDevelopment": false, "hasLift": true, "priceByArea": 3831.0, "detailedType": {"typology": "flat", "subTypology": "penthouse"}, "suggestedTexts": {"subtitle": "La Maternitat i Sant Ramon, Barcelona", "title": "\u00c1tico en Calle del Comandant Ben\u00edtez"}, "hasPlan": true, "has3DTour": false, "has360": true, "hasStaging": false, "topNewDevelopment": false}, {"propertyCode": "92604975", "thumbnail": "https://img3.idealista.com/blur/WEB_LISTING/0/id.pro.es.image.master/7d/5f/22/843807498.jpg", "externalReference": "VB2101034", "numPhotos": 19, "floor": "5", "price": 199000.0, "propertyType": "flat", "operation": "sale", "size": 48.0, "exterior": true, "rooms": 2, "bathrooms": 1, "address": "barrio Sants - Badal", "province": "Barcelona", "municipality": "Barcelona", "district": "Sants-Montju\u00efc", "country": "es", "neighborhood": "Sants - Badal", "latitude": 41.3764138, "longitude": 2.1240547, "showAddress": false, "url": "https://www.idealista.com/inmueble/92604975/", "distance": "440", "hasVideo": true, "status": "renew", "newDevelopment": false, "hasLift": true, "priceByArea": 4146.0, "detailedType": {"typology": "flat"}, "suggestedTexts": {"subtitle": "Sants - Badal, Barcelona", "title": "Piso"}, "hasPlan": true, "has3DTour": false, "has360": true, "hasStaging": false, "topNewDevelopment": false}, {"propertyCode": "92775766", "thumbnail": "https://img3.idealista.com/blur/WEB_LISTING/0/id.pro.es.image.master/c0/33/f5/847840861.jpg", "externalReference": "0105-679-924-V", "numPhotos": 24, "floor": "6", "price": 433000.0, "propertyType": "flat", "operation": "sale", "size": 120.0, "exterior": true, "rooms": 3, "bathrooms": 2, "address": "Avenida de Madrid", "province": "Barcelona", "municipality": "Barcelona", "district": "Sants-Montju\u00efc", "country": "es", "neighborhood": "Sants - Badal", "latitude": 41.3755234, "longitude": 2.1263978, "showAddress": false, "url": "https://www.idealista.com/inmueble/92775766/", "distance": "490", "hasVideo": true, "status": "good", "newDevelopment": false, "hasLift": true, "priceByArea": 3608.0, "detailedType": {"typology": "flat"}, "suggestedTexts": {"subtitle": "Sants - Badal, Barcelona", "title": "Piso en Avenida de Madrid"}, "hasPlan": true, "has3DTour": false, "has360": false, "hasStaging": false, "topNewDevelopment": false}, {"propertyCode": "92783681", "thumbnail": "https://img3.idealista.com/blur/WEB_LISTING/0/id.pro.es.image.master/03/f5/ce/848047886.jpg", "externalReference": "246446", "numPhotos": 26, "floor": "7", "price": 340000.0, "propertyType": "flat", "operation": "sale", "size": 89.0, "exterior": true, "rooms": 4, "bathrooms": 2, "address": "barrio Sants", "province": "Barcelona", "municipality": "Barcelona", "district": "Sants-Montju\u00efc", "country": "es", "neighborhood": "Sants", "latitude": 41.3741143, "longitude": 2.1321366, "showAddress": false, "url": "https://www.idealista.com/inmueble/92783681/", "distance": "802", "hasVideo": false, "status": "good", "newDevelopment": false, "hasLift": true, "priceByArea": 3820.0, "detailedType": {"typology": "flat"}, "suggestedTexts": {"subtitle": "Sants, Barcelona", "title": "Piso"}, "hasPlan": true, "has3DTour": false, "has360": true, "hasStaging": false, "topNewDevelopment": false}, {"propertyCode": "93170341", "thumbnail": "https://img3.idealista.com/blur/WEB_LISTING/0/id.pro.es.image.master/fb/5f/25/856071155.jpg", "externalReference": "CB_BCN_0448_V", "numPhotos": 25, "floor": "6", "price": 300000.0, "propertyType": "flat", "operation": "sale", "size": 83.0, "exterior": true, "rooms": 4, "bathrooms": 2, "address": "Calle del Tenor Masini", "province": "Barcelona", "municipality": "Barcelona", "district": "Sants-Montju\u00efc", "country": "es", "neighborhood": "Sants", "latitude": 41.3788714, "longitude": 2.1294036, "showAddress": false, "url": "https://www.idealista.com/inmueble/93170341/", "distance": "272", "hasVideo": true, "status": "good", "newDevelopment": false, "hasLift": true, "priceByArea": 3614.0, "detailedType": {"typology": "flat"}, "suggestedTexts": {"subtitle": "Sants, Barcelona", "title": "Piso en Calle del Tenor Masini"}, "hasPlan": true, "has3DTour": false, "has360": false, "hasStaging": false, "topNewDevelopment": false}, {"propertyCode": "93135069", "thumbnail": "https://img3.idealista.com/blur/WEB_LISTING/0/id.pro.es.image.master/32/53/74/855314268.jpg", "externalReference": "4688", "numPhotos": 26, "floor": "9", "price": 620000.0, "propertyType": "penthouse", "operation": "sale", "size": 109.0, "exterior": true, "rooms": 3, "bathrooms": 2, "address": "Gran Via de Carles III", "province": "Barcelona", "municipality": "Barcelona", "district": "Les Corts", "country": "es", "neighborhood": "La Maternitat i Sant Ramon", "latitude": 41.3825586, "longitude": 2.1255646, "showAddress": false, "url": "https://www.idealista.com/inmueble/93135069/", "distance": "300", "hasVideo": false, "status": "good", "newDevelopment": false, "hasLift": true, "priceByArea": 5688.0, "detailedType": {"typology": "flat", "subTypology": "penthouse"}, "suggestedTexts": {"subtitle": "La Maternitat i Sant Ramon, Barcelona", "title": "\u00c1tico en Gran Via de Carles III"}, "hasPlan": false, "has3DTour": false, "has360": false, "hasStaging": false, "topNewDevelopment": false}, {"propertyCode": "92002837", "thumbnail": "https://img3.idealista.com/blur/WEB_LISTING/0/id.pro.es.image.master/2c/5b/4b/828390468.jpg", "externalReference": "244501", "numPhotos": 24, "floor": "1", "price": 217000.0, "propertyType": "flat", "operation": "sale", "size": 72.0, "exterior": true, "rooms": 4, "bathrooms": 1, "address": "barrio Sants", "province": "Barcelona", "municipality": "Barcelona", "district": "Sants-Montju\u00efc", "country": "es", "neighborhood": "Sants", "latitude": 41.3792557, "longitude": 2.135577, "showAddress": false, "url": "https://www.idealista.com/inmueble/92002837/", "distance": "764", "hasVideo": false, "status": "renew", "newDevelopment": false, "hasLift": false, "priceByArea": 3014.0, "detailedType": {"typology": "flat"}, "suggestedTexts": {"subtitle": "Sants, Barcelona", "title": "Piso"}, "hasPlan": true, "has3DTour": false, "has360": false, "hasStaging": false, "topNewDevelopment": false}, {"propertyCode": "91546116", "thumbnail": "https://img3.idealista.com/blur/WEB_LISTING/0/id.pro.es.image.master/60/b6/12/854317588.jpg", "externalReference": "243397", "numPhotos": 26, "floor": "6", "price": 415000.0, "propertyType": "flat", "operation": "sale", "size": 90.0, "exterior": true, "rooms": 5, "bathrooms": 1, "address": "barrio Les Corts", "province": "Barcelona", "municipality": "Barcelona", "district": "Les Corts", "country": "es", "neighborhood": "Les Corts", "latitude": 41.3838604, "longitude": 2.1310964, "showAddress": false, "url": "https://www.idealista.com/inmueble/91546116/", "distance": "582", "hasVideo": false, "status": "good", "newDevelopment": false, "hasLift": true, "priceByArea": 4611.0, "detailedType": {"typology": "flat"}, "suggestedTexts": {"subtitle": "Les Corts, Barcelona", "title": "Piso"}, "hasPlan": true, "has3DTour": false, "has360": false, "hasStaging": false, "topNewDevelopment": false}, {"propertyCode": "91561354", "thumbnail": "https://img3.idealista.com/blur/WEB_LISTING/0/id.pro.es.image.master/27/cb/e4/817510035.jpg", "externalReference": "W-02D6M9", "numPhotos": 26, "floor": "3", "price": 399000.0, "propertyType": "flat", "operation": "sale", "size": 117.0, "exterior": false, "rooms": 3, "bathrooms": 2, "address": "barrio La Maternitat i Sant Ramon", "province": "Barcelona", "municipality": "Barcelona", "district": "Les Corts", "country": "es", "neighborhood": "La Maternitat i Sant Ramon", "latitude": 41.3780895, "longitude": 2.1173664, "showAddress": false, "url": "https://www.idealista.com/inmueble/91561354/", "distance": "786", "hasVideo": false, "status": "good", "newDevelopment": false, "hasLift": true, "priceByArea": 3410.0, "detailedType": {"typology": "flat"}, "suggestedTexts": {"subtitle": "La Maternitat i Sant Ramon, Barcelona", "title": "Piso"}, "hasPlan": true, "has3DTour": false, "has360": false, "hasStaging": false, "topNewDevelopment": false}, {"propertyCode": "91113514", "thumbnail": "https://img3.idealista.com/blur/WEB_LISTING/0/id.pro.es.image.master/df/49/62/847931018.jpg", "externalReference": "W-02JTHV", "numPhotos": 22, "price": 235000.0, "propertyType": "flat", "operation": "sale", "size": 60.0, "exterior": false, "rooms": 2, "bathrooms": 1, "address": "barrio Les Corts", "province": "Barcelona", "municipality": "Barcelona", "district": "Les Corts", "country": "es", "neighborhood": "Les Corts", "latitude": 41.3820867, "longitude": 2.1322806, "showAddress": false, "url": "https://www.idealista.com/inmueble/91113514/", "distance": "541", "hasVideo": false, "status": "renew", "newDevelopment": false, "hasLift": true, "priceByArea": 3917.0, "detailedType": {"typology": "flat"}, "suggestedTexts": {"subtitle": "Les Corts, Barcelona", "title": "Piso"}, "hasPlan": true, "has3DTour": false, "has360": false, "hasStaging": false, "topNewDevelopment": false}, {"propertyCode": "91094188", "thumbnail": "https://img3.idealista.com/blur/WEB_LISTING/0/id.pro.es.image.master/62/1b/f4/806621965.jpg", "externalReference": "W-02I1QN", "numPhotos": 28, "floor": "1", "price": 295000.0, "propertyType": "flat", "operation": "sale", "size": 80.0, "exterior": false, "rooms": 3, "bathrooms": 2, "address": "barrio La Maternitat i Sant Ramon", "province": "Barcelona", "municipality": "Barcelona", "district": "Les Corts", "country": "es", "neighborhood": "La Maternitat i Sant Ramon", "latitude": 41.3785883, "longitude": 2.1233407, "showAddress": false, "url": "https://www.idealista.com/inmueble/91094188/", "distance": "300", "hasVideo": false, "status": "good", "newDevelopment": false, "hasLift": true, "priceByArea": 3688.0, "detailedType": {"typology": "flat"}, "suggestedTexts": {"subtitle": "La Maternitat i Sant Ramon, Barcelona", "title": "Piso"}, "hasPlan": true, "has3DTour": false, "has360": false, "hasStaging": false, "topNewDevelopment": false}, {"propertyCode": "92479519", "thumbnail": "https://img3.idealista.com/blur/WEB_LISTING/0/id.pro.es.image.master/0a/3f/58/856506202.jpg", "externalReference": "245887", "numPhotos": 20, "floor": "1", "price": 195000.0, "propertyType": "flat", "operation": "sale", "size": 62.0, "exterior": true, "rooms": 2, "bathrooms": 1, "address": "barrio Sants - Badal", "province": "Barcelona", "municipality": "Barcelona", "district": "Sants-Montju\u00efc", "country": "es", "neighborhood": "Sants - Badal", "latitude": 41.3779113, "longitude": 2.1255687, "showAddress": false, "url": "https://www.idealista.com/inmueble/92479519/", "distance": "237", "hasVideo": false, "status": "good", "newDevelopment": false, "hasLift": true, "priceByArea": 3145.0, "detailedType": {"typology": "flat"}, "suggestedTexts": {"subtitle": "Sants - Badal, Barcelona", "title": "Piso"}, "hasPlan": true, "has3DTour": false, "has360": false, "hasStaging": false, "topNewDevelopment": false}, {"propertyCode": "93112341", "thumbnail": "https://img3.idealista.com/blur/WEB_LISTING/0/id.pro.es.image.master/6e/84/d7/854783114.jpg", "numPhotos": 25, "floor": "1", "price": 489000.0, "propertyType": "flat", "operation": "sale", "size": 118.0, "exterior": true, "rooms": 4, "bathrooms": 2, "address": "Avenida de Madrid s/n", "province": "Barcelona", "municipality": "Barcelona", "district": "Les Corts", "country": "es", "neighborhood": "Les Corts", "latitude": 41.3793697, "longitude": 2.1291354, "showAddress": true, "url": "https://www.idealista.com/inmueble/93112341/", "distance": "231", "hasVideo": false, "status": "good", "newDevelopment": false, "hasLift": true, "priceByArea": 4144.0, "detailedType": {"typology": "flat"}, "suggestedTexts": {"subtitle": "Les Corts, Barcelona", "title": "Piso en Avenida de Madrid s/n"}, "hasPlan": false, "has3DTour": false, "has360": false, "hasStaging": false, "topNewDevelopment": false}, {"propertyCode": "92962742", "thumbnail": "https://img3.idealista.com/blur/WEB_LISTING/0/id.pro.es.image.master/0f/fe/56/852124019.jpg", "externalReference": "0109-679-224-V", "numPhotos": 25, "floor": "1", "price": 283000.0, "propertyType": "flat", "operation": "sale", "size": 77.0, "exterior": true, "rooms": 3, "bathrooms": 1, "address": "Calle d'Em\u00e8rita Augusta", "province": "Barcelona", "municipality": "Barcelona", "district": "Les Corts", "country": "es", "neighborhood": "La Maternitat i Sant Ramon", "latitude": 41.3786525, "longitude": 2.1277291, "showAddress": false, "url": "https://www.idealista.com/inmueble/92962742/", "distance": "177", "hasVideo": true, "status": "renew", "newDevelopment": false, "hasLift": true, "priceByArea": 3675.0, "detailedType": {"typology": "flat"}, "suggestedTexts": {"subtitle": "La Maternitat i Sant Ramon, Barcelona", "title": "Piso en Calle d'Em\u00e8rita Augusta"}, "hasPlan": true, "has3DTour": false, "has360": false, "hasStaging": false, "topNewDevelopment": false}, {"propertyCode": "92957827", "thumbnail": "https://img3.idealista.com/blur/WEB_LISTING/0/id.pro.es.image.master/67/0a/69/851998857.jpg", "externalReference": "CB_BCN_0434_V", "numPhotos": 33, "floor": "6", "price": 720000.0, "propertyType": "flat", "operation": "sale", "size": 190.0, "exterior": true, "rooms": 5, "bathrooms": 3, "address": "Calle d'Em\u00e8rita Augusta", "province": "Barcelona", "municipality": "Barcelona", "district": "Les Corts", "country": "es", "neighborhood": "La Maternitat i Sant Ramon", "latitude": 41.3773888, "longitude": 2.1252041, "showAddress": false, "url": "https://www.idealista.com/inmueble/92957827/", "distance": "302", "hasVideo": true, "status": "good", "newDevelopment": false, "hasLift": true, "priceByArea": 3789.0, "detailedType": {"typology": "flat"}, "suggestedTexts": {"subtitle": "La Maternitat i Sant Ramon, Barcelona", "title": "Piso en Calle d'Em\u00e8rita Augusta"}, "hasPlan": true, "has3DTour": false, "has360": false, "hasStaging": false, "topNewDevelopment": false}, {"propertyCode": "92807156", "thumbnail": "https://img3.idealista.com/blur/WEB_LISTING/0/id.pro.es.image.master/cd/e5/24/848587794.jpg", "externalReference": "0104-655-935-V", "numPhotos": 27, "floor": "bj", "price": 298500.0, "propertyType": "flat", "operation": "sale", "size": 77.0, "exterior": false, "rooms": 4, "bathrooms": 2, "address": "Calle del Comandant Ben\u00edtez", "province": "Barcelona", "municipality": "Barcelona", "district": "Les Corts", "country": "es", "neighborhood": "La Maternitat i Sant Ramon", "latitude": 41.3804659, "longitude": 2.127825, "showAddress": false, "url": "https://www.idealista.com/inmueble/92807156/", "distance": "128", "hasVideo": true, "status": "good", "newDevelopment": false, "hasLift": true, "priceByArea": 3877.0, "detailedType": {"typology": "flat"}, "suggestedTexts": {"subtitle": "La Maternitat i Sant Ramon, Barcelona", "title": "Piso en Calle del Comandant Ben\u00edtez"}, "hasPlan": true, "has3DTour": true, "has360": false, "hasStaging": false, "topNewDevelopment": false}, {"propertyCode": "92759121", "thumbnail": "https://img3.idealista.com/blur/WEB_LISTING/0/id.pro.es.image.master/40/d1/12/847454846.jpg", "externalReference": "CB_BCN_0424_V", "numPhotos": 23, "floor": "1", "price": 378500.0, "propertyType": "flat", "operation": "sale", "size": 106.0, "exterior": true, "rooms": 4, "bathrooms": 2, "address": "Avenida de Madrid", "province": "Barcelona", "municipality": "Barcelona", "district": "Les Corts", "country": "es", "neighborhood": "La Maternitat i Sant Ramon", "latitude": 41.379582, "longitude": 2.1281851, "showAddress": false, "url": "https://www.idealista.com/inmueble/92759121/", "distance": "149", "hasVideo": true, "status": "good", "newDevelopment": false, "hasLift": true, "priceByArea": 3571.0, "detailedType": {"typology": "flat"}, "suggestedTexts": {"subtitle": "La Maternitat i Sant Ramon, Barcelona", "title": "Piso en Avenida de Madrid"}, "hasPlan": true, "has3DTour": true, "has360": false, "hasStaging": false, "topNewDevelopment": false}, {"propertyCode": "92763078", "thumbnail": "https://img3.idealista.com/blur/WEB_LISTING/0/id.pro.es.image.master/dd/04/17/847556345.jpg", "externalReference": "TANDEM-CARLES-III", "numPhotos": 30, "floor": "1", "price": 480000.0, "propertyType": "flat", "operation": "sale", "size": 113.0, "exterior": true, "rooms": 3, "bathrooms": 2, "address": "CARLES III", "province": "Barcelona", "municipality": "Barcelona", "district": "Les Corts", "country": "es", "neighborhood": "Les Corts", "latitude": 41.3875279, "longitude": 2.1259932, "showAddress": false, "url": "https://www.idealista.com/inmueble/92763078/", "distance": "844", "hasVideo": false, "status": "good", "newDevelopment": false, "hasLift": true, "priceByArea": 4248.0, "detailedType": {"typology": "flat"}, "suggestedTexts": {"subtitle": "Les Corts, Barcelona", "title": "Piso en CARLES III"}, "hasPlan": true, "has3DTour": false, "has360": false, "hasStaging": false, "topNewDevelopment": false}, {"propertyCode": "92544629", "thumbnail": "https://img3.idealista.com/blur/WEB_LISTING/0/id.pro.es.image.master/c4/a0/bd/842260086.jpg", "externalReference": "abcn15", "numPhotos": 33, "floor": "8", "price": 385000.0, "propertyType": "flat", "operation": "sale", "size": 101.0, "exterior": true, "rooms": 4, "bathrooms": 1, "address": "Avenida madrid, 184", "province": "Barcelona", "municipality": "Barcelona", "district": "Sants-Montju\u00efc", "country": "es", "neighborhood": "Sants", "latitude": 41.3807631, "longitude": 2.1327324, "showAddress": true, "url": "https://www.idealista.com/inmueble/92544629/", "distance": "531", "hasVideo": false, "status": "good", "newDevelopment": false, "hasLift": true, "priceByArea": 3812.0, "detailedType": {"typology": "flat"}, "suggestedTexts": {"subtitle": "Sants, Barcelona", "title": "Piso en Avenida madrid, 184"}, "hasPlan": true, "has3DTour": false, "has360": false, "hasStaging": false, "topNewDevelopment": false}, {"propertyCode": "92474916", "thumbnail": "https://img3.idealista.com/blur/WEB_LISTING/0/id.pro.es.image.master/a5/c7/35/841811482.jpg", "externalReference": "abcn14", "numPhotos": 33, "floor": "8", "price": 385000.0, "propertyType": "flat", "operation": "sale", "size": 101.0, "exterior": true, "rooms": 4, "bathrooms": 1, "address": "Avenida de Madrid, 141", "province": "Barcelona", "municipality": "Barcelona", "district": "Les Corts", "country": "es", "neighborhood": "Les Corts", "latitude": 41.3804133, "longitude": 2.1307074, "showAddress": true, "url": "https://www.idealista.com/inmueble/92474916/", "distance": "358", "hasVideo": false, "status": "good", "newDevelopment": false, "hasLift": true, "priceByArea": 3812.0, "detailedType": {"typology": "flat"}, "suggestedTexts": {"subtitle": "Les Corts, Barcelona", "title": "Piso en Avenida de Madrid, 141"}, "hasPlan": true, "has3DTour": false, "has360": false, "hasStaging": false, "topNewDevelopment": false}, {"propertyCode": "92329758", "thumbnail": "https://img3.idealista.com/blur/WEB_LISTING/0/id.pro.es.image.master/33/f9/ee/842141424.jpg", "externalReference": "220973", "numPhotos": 14, "floor": "1", "price": 595000.0, "propertyType": "flat", "operation": "sale", "size": 138.0, "exterior": true, "rooms": 3, "bathrooms": 2, "address": "barrio Les Corts", "province": "Barcelona", "municipality": "Barcelona", "district": "Les Corts", "country": "es", "neighborhood": "Les Corts", "latitude": 41.3841492, "longitude": 2.1271823, "showAddress": false, "url": "https://www.idealista.com/inmueble/92329758/", "distance": "472", "hasVideo": false, "status": "good", "newDevelopment": false, "hasLift": true, "priceByArea": 4312.0, "detailedType": {"typology": "flat"}, "suggestedTexts": {"subtitle": "Les Corts, Barcelona", "title": "Piso"}, "hasPlan": true, "has3DTour": false, "has360": false, "hasStaging": false, "topNewDevelopment": false}, {"propertyCode": "92881599", "thumbnail": "https://img3.idealista.com/blur/WEB_LISTING/0/id.pro.es.image.master/07/e1/25/850159209.jpg", "externalReference": "BCN27270", "numPhotos": 31, "price": 910000.0, "propertyType": "flat", "operation": "sale", "size": 102.0, "exterior": true, "rooms": 3, "bathrooms": 2, "address": "barrio Les Corts", "province": "Barcelona", "municipality": "Barcelona", "district": "Les Corts", "country": "es", "neighborhood": "Les Corts", "latitude": 41.3866639, "longitude": 2.1307014, "showAddress": false, "url": "https://www.idealista.com/inmueble/92881599/", "distance": "827", "hasVideo": false, "status": "good", "newDevelopment": false, "hasLift": true, "priceByArea": 8922.0, "detailedType": {"typology": "flat"}, "suggestedTexts": {"subtitle": "Les Corts, Barcelona", "title": "Piso"}, "hasPlan": false, "has3DTour": false, "has360": false, "hasStaging": false, "topNewDevelopment": false}, {"propertyCode": "92452950", "thumbnail": "https://img3.idealista.com/blur/WEB_LISTING/0/id.pro.es.image.master/4f/e6/fd/854718734.jpg", "externalReference": "CB_BCN_0408_V", "numPhotos": 27, "floor": "bj", "price": 145000.0, "propertyType": "flat", "operation": "sale", "size": 52.0, "exterior": false, "rooms": 2, "bathrooms": 2, "address": "Calle del Comandant Ben\u00edtez", "province": "Barcelona", "municipality": "Barcelona", "district": "Les Corts", "country": "es", "neighborhood": "La Maternitat i Sant Ramon", "latitude": 41.378424, "longitude": 2.1273001, "showAddress": false, "url": "https://www.idealista.com/inmueble/92452950/", "distance": "182", "hasVideo": true, "status": "renew", "newDevelopment": false, "hasLift": false, "priceByArea": 2788.0, "detailedType": {"typology": "flat"}, "suggestedTexts": {"subtitle": "La Maternitat i Sant Ramon, Barcelona", "title": "Piso en Calle del Comandant Ben\u00edtez"}, "hasPlan": true, "has3DTour": false, "has360": false, "hasStaging": false, "topNewDevelopment": false}, {"propertyCode": "92398551", "thumbnail": "https://img3.idealista.com/blur/WEB_LISTING/0/id.pro.es.image.master/1b/ab/ae/838820053.jpg", "externalReference": "CB_BCN_0390_V", "numPhotos": 36, "price": 985000.0, "propertyType": "chalet", "operation": "sale", "size": 400.0, "exterior": false, "rooms": 3, "bathrooms": 4, "address": "Calle del Tenor Masini", "province": "Barcelona", "municipality": "Barcelona", "district": "Sants-Montju\u00efc", "country": "es", "neighborhood": "Sants", "latitude": 41.3763834, "longitude": 2.1306499, "showAddress": false, "url": "https://www.idealista.com/inmueble/92398551/", "distance": "527", "hasVideo": true, "status": "good", "newDevelopment": false, "parkingSpace": {"hasParkingSpace": true, "isParkingSpaceIncludedInPrice": true}, "priceByArea": 2463.0, "detailedType": {"typology": "chalet", "subTypology": "independantHouse"}, "suggestedTexts": {"subtitle": "Sants, Barcelona", "title": "Casa independiente en Calle del Tenor Masini"}, "hasPlan": true, "has3DTour": false, "has360": false, "hasStaging": false, "topNewDevelopment": false}, {"propertyCode": "91957685", "thumbnail": "https://img3.idealista.com/blur/WEB_LISTING/0/id.pro.es.image.master/68/0a/55/827347572.jpg", "externalReference": "CB_BCN_0373_VV", "numPhotos": 34, "floor": "4", "price": 365000.0, "propertyType": "flat", "operation": "sale", "size": 88.0, "exterior": true, "rooms": 3, "bathrooms": 2, "address": "Calle de Joan G\u00fcell", "province": "Barcelona", "municipality": "Barcelona", "district": "Les Corts", "country": "es", "neighborhood": "Les Corts", "latitude": 41.3807139, "longitude": 2.134086, "showAddress": false, "url": "https://www.idealista.com/inmueble/91957685/", "distance": "641", "hasVideo": true, "status": "good", "newDevelopment": false, "hasLift": true, "priceByArea": 4148.0, "detailedType": {"typology": "flat"}, "suggestedTexts": {"subtitle": "Les Corts, Barcelona", "title": "Piso en Calle de Joan G\u00fcell"}, "hasPlan": true, "has3DTour": false, "has360": false, "hasStaging": false, "topNewDevelopment": false}, {"propertyCode": "91695977", "thumbnail": "https://img3.idealista.com/blur/WEB_LISTING/0/id.pro.es.image.master/4c/22/b4/821030757.jpg", "externalReference": "CB_BCN_0373_V", "numPhotos": 34, "floor": "4", "price": 365000.0, "propertyType": "flat", "operation": "sale", "size": 88.0, "exterior": true, "rooms": 3, "bathrooms": 2, "address": "Calle de Joan G\u00fcell", "province": "Barcelona", "municipality": "Barcelona", "district": "Sants-Montju\u00efc", "country": "es", "neighborhood": "Sants", "latitude": 41.3819381, "longitude": 2.1337164, "showAddress": false, "url": "https://www.idealista.com/inmueble/91695977/", "distance": "644", "hasVideo": true, "status": "good", "newDevelopment": false, "hasLift": true, "priceByArea": 4148.0, "detailedType": {"typology": "flat"}, "suggestedTexts": {"subtitle": "Sants, Barcelona", "title": "Piso en Calle de Joan G\u00fcell"}, "hasPlan": true, "has3DTour": false, "has360": false, "hasStaging": false, "topNewDevelopment": false}, {"propertyCode": "91627605", "thumbnail": "https://img3.idealista.com/blur/WEB_LISTING/0/id.pro.es.image.master/c6/b4/d7/819395339.jpg", "externalReference": "CB_BCN_0361_V", "numPhotos": 21, "floor": "bj", "price": 199000.0, "propertyType": "flat", "operation": "sale", "size": 41.0, "exterior": true, "rooms": 1, "bathrooms": 1, "address": "Calle de Juan de Sada", "province": "Barcelona", "municipality": "Barcelona", "district": "Sants-Montju\u00efc", "country": "es", "neighborhood": "Sants - Badal", "latitude": 41.3773638, "longitude": 2.1289425, "showAddress": false, "url": "https://www.idealista.com/inmueble/91627605/", "distance": "353", "hasVideo": true, "status": "good", "newDevelopment": false, "hasLift": false, "priceByArea": 4854.0, "detailedType": {"typology": "flat"}, "suggestedTexts": {"subtitle": "Sants - Badal, Barcelona", "title": "Piso en Calle de Juan de Sada"}, "hasPlan": true, "has3DTour": false, "has360": false, "hasStaging": false, "topNewDevelopment": false}, {"propertyCode": "90204735", "thumbnail": "https://img3.idealista.com/blur/WEB_LISTING/0/id.pro.es.image.master/b5/db/85/785418323.jpg", "externalReference": "CB_BCN_0297_V", "numPhotos": 39, "price": 1450000.0, "propertyType": "chalet", "operation": "sale", "size": 480.0, "exterior": false, "rooms": 4, "bathrooms": 3, "address": "Calle d'Alcolea", "province": "Barcelona", "municipality": "Barcelona", "district": "Sants-Montju\u00efc", "country": "es", "neighborhood": "Sants", "latitude": 41.3785656, "longitude": 2.1343299, "showAddress": false, "url": "https://www.idealista.com/inmueble/90204735/", "distance": "673", "hasVideo": true, "status": "good", "newDevelopment": false, "priceByArea": 3021.0, "detailedType": {"typology": "chalet", "subTypology": "independantHouse"}, "suggestedTexts": {"subtitle": "Sants, Barcelona", "title": "Casa independiente en Calle d'Alcolea"}, "hasPlan": true, "has3DTour": false, "has360": false, "hasStaging": false, "topNewDevelopment": false}, {"propertyCode": "89826810", "thumbnail": "https://img3.idealista.com/blur/WEB_LISTING/0/id.pro.es.image.master/65/5f/6a/783486465.jpg", "externalReference": "CB_BCN_0284_V", "numPhotos": 22, "price": 598000.0, "propertyType": "chalet", "operation": "sale", "size": 242.0, "exterior": false, "rooms": 3, "bathrooms": 3, "address": "Calle del Tenor Masini", "province": "Barcelona", "municipality": "Barcelona", "district": "Sants-Montju\u00efc", "country": "es", "neighborhood": "Sants", "latitude": 41.3788835, "longitude": 2.1335534, "showAddress": false, "url": "https://www.idealista.com/inmueble/89826810/", "distance": "603", "hasVideo": true, "status": "good", "newDevelopment": false, "parkingSpace": {"hasParkingSpace": true, "isParkingSpaceIncludedInPrice": true}, "priceByArea": 2471.0, "detailedType": {"typology": "chalet", "subTypology": "independantHouse"}, "suggestedTexts": {"subtitle": "Sants, Barcelona", "title": "Casa independiente en Calle del Tenor Masini"}, "hasPlan": true, "has3DTour": false, "has360": false, "hasStaging": false, "topNewDevelopment": false}, {"propertyCode": "92771991", "thumbnail": "https://img3.idealista.com/blur/WEB_LISTING/0/id.pro.es.image.master/3b/f0/3f/847754452.jpg", "externalReference": "0101-662-809-V", "numPhotos": 17, "floor": "1", "price": 170000.0, "propertyType": "flat", "operation": "sale", "size": 49.0, "exterior": true, "rooms": 2, "bathrooms": 1, "address": "Calle del Tenor Masini", "province": "Barcelona", "municipality": "Barcelona", "district": "Sants-Montju\u00efc", "country": "es", "neighborhood": "Sants", "latitude": 41.3777369, "longitude": 2.1332916, "showAddress": false, "url": "https://www.idealista.com/inmueble/92771991/", "distance": "620", "hasVideo": true, "status": "renew", "newDevelopment": false, "hasLift": false, "priceByArea": 3469.0, "detailedType": {"typology": "flat"}, "suggestedTexts": {"subtitle": "Sants, Barcelona", "title": "Piso en Calle del Tenor Masini"}, "hasPlan": true, "has3DTour": true, "has360": false, "hasStaging": false, "topNewDevelopment": false}, {"propertyCode": "92051592", "thumbnail": "https://img3.idealista.com/blur/WEB_LISTING/0/id.pro.es.image.master/fa/e6/58/841539687.jpg", "externalReference": "11271", "numPhotos": 19, "floor": "1", "price": 300000.0, "propertyType": "flat", "operation": "sale", "size": 99.0, "exterior": false, "rooms": 3, "bathrooms": 2, "address": "Avenida de Madrid", "province": "Barcelona", "municipality": "Barcelona", "district": "Les Corts", "country": "es", "neighborhood": "Les Corts", "latitude": 41.382056, "longitude": 2.1321005, "showAddress": false, "url": "https://www.idealista.com/inmueble/92051592/", "distance": "526", "hasVideo": false, "status": "good", "newDevelopment": false, "hasLift": true, "priceByArea": 3030.0, "detailedType": {"typology": "flat"}, "suggestedTexts": {"subtitle": "Les Corts, Barcelona", "title": "Piso en Avenida de Madrid"}, "hasPlan": true, "has3DTour": false, "has360": false, "hasStaging": false, "topNewDevelopment": false}, {"propertyCode": "91996613", "thumbnail": "https://img3.idealista.com/blur/WEB_LISTING/0/id.pro.es.image.master/b2/e2/dc/835798882.jpg", "externalReference": "4313", "numPhotos": 29, "floor": "3", "price": 410000.0, "propertyType": "flat", "operation": "sale", "size": 101.0, "exterior": false, "rooms": 4, "bathrooms": 2, "address": "Calle de Benavent", "province": "Barcelona", "municipality": "Barcelona", "district": "Les Corts", "country": "es", "neighborhood": "La Maternitat i Sant Ramon", "latitude": 41.3760791, "longitude": 2.1261518, "showAddress": false, "url": "https://www.idealista.com/inmueble/91996613/", "distance": "429", "hasVideo": false, "status": "good", "newDevelopment": false, "hasLift": true, "priceByArea": 4059.0, "detailedType": {"typology": "flat"}, "suggestedTexts": {"subtitle": "La Maternitat i Sant Ramon, Barcelona", "title": "Piso en Calle de Benavent"}, "hasPlan": false, "has3DTour": false, "has360": false, "hasStaging": false, "topNewDevelopment": false}, {"propertyCode": "90996277", "thumbnail": "https://img3.idealista.com/blur/WEB_LISTING/0/id.pro.es.image.master/32/61/ea/844798510.jpg", "externalReference": "BCN25173", "numPhotos": 30, "price": 1095500.0, "propertyType": "flat", "operation": "sale", "size": 102.0, "exterior": true, "rooms": 3, "bathrooms": 2, "address": "barrio Les Corts", "province": "Barcelona", "municipality": "Barcelona", "district": "Les Corts", "country": "es", "neighborhood": "Les Corts", "latitude": 41.3864784, "longitude": 2.1317448, "showAddress": false, "url": "https://www.idealista.com/inmueble/90996277/", "distance": "850", "hasVideo": false, "status": "good", "newDevelopment": false, "hasLift": true, "priceByArea": 10740.0, "detailedType": {"typology": "flat"}, "suggestedTexts": {"subtitle": "Les Corts, Barcelona", "title": "Piso"}, "hasPlan": false, "has3DTour": false, "has360": false, "hasStaging": false, "topNewDevelopment": false}, {"propertyCode": "90996261", "thumbnail": "https://img3.idealista.com/blur/WEB_LISTING/0/id.pro.es.image.master/af/b5/d8/844798488.jpg", "externalReference": "BCN25172", "numPhotos": 30, "price": 978000.0, "propertyType": "flat", "operation": "sale", "size": 87.0, "exterior": true, "rooms": 3, "bathrooms": 2, "address": "barrio Les Corts", "province": "Barcelona", "municipality": "Barcelona", "district": "Les Corts", "country": "es", "neighborhood": "Les Corts", "latitude": 41.3866784, "longitude": 2.1303448, "showAddress": false, "url": "https://www.idealista.com/inmueble/90996261/", "distance": "816", "hasVideo": false, "status": "good", "newDevelopment": false, "hasLift": true, "priceByArea": 11241.0, "detailedType": {"typology": "flat"}, "suggestedTexts": {"subtitle": "Les Corts, Barcelona", "title": "Piso"}, "hasPlan": false, "has3DTour": false, "has360": false, "hasStaging": false, "topNewDevelopment": false}, {"propertyCode": "92584682", "thumbnail": "https://img3.idealista.com/blur/WEB_LISTING/0/id.pro.es.image.master/3f/8e/0e/843878194.jpg", "externalReference": "S-30370", "numPhotos": 39, "floor": "en", "price": 355000.0, "propertyType": "flat", "operation": "sale", "size": 79.0, "exterior": true, "rooms": 2, "bathrooms": 1, "address": "Calle de la Pobla de Lillet", "province": "Barcelona", "municipality": "Barcelona", "district": "Les Corts", "country": "es", "neighborhood": "Les Corts", "latitude": 41.3806321, "longitude": 2.128766, "showAddress": false, "url": "https://www.idealista.com/inmueble/92584682/", "distance": "207", "hasVideo": false, "status": "good", "newDevelopment": false, "hasLift": true, "priceByArea": 4494.0, "detailedType": {"typology": "flat"}, "suggestedTexts": {"subtitle": "Les Corts, Barcelona", "title": "Piso en Calle de la Pobla de Lillet"}, "hasPlan": true, "has3DTour": false, "has360": false, "hasStaging": false, "topNewDevelopment": false}, {"propertyCode": "92522783", "thumbnail": "https://img3.idealista.com/blur/WEB_LISTING/0/id.pro.es.image.master/ea/cf/d1/841687297.jpg", "externalReference": "S-30609", "numPhotos": 33, "floor": "1", "price": 439000.0, "propertyType": "duplex", "operation": "sale", "size": 149.0, "exterior": true, "rooms": 5, "bathrooms": 3, "address": "Calle del Pintor Pahissa", "province": "Barcelona", "municipality": "Barcelona", "district": "Les Corts", "country": "es", "neighborhood": "La Maternitat i Sant Ramon", "latitude": 41.3772613, "longitude": 2.122286, "showAddress": false, "url": "https://www.idealista.com/inmueble/92522783/", "distance": "458", "hasVideo": false, "status": "good", "newDevelopment": false, "hasLift": true, "priceByArea": 2946.0, "detailedType": {"typology": "flat", "subTypology": "duplex"}, "suggestedTexts": {"subtitle": "La Maternitat i Sant Ramon, Barcelona", "title": "D\u00faplex en Calle del Pintor Pahissa"}, "hasPlan": true, "has3DTour": true, "has360": false, "hasStaging": false, "topNewDevelopment": false}, {"propertyCode": "92066182", "thumbnail": "https://img3.idealista.com/blur/WEB_LISTING/0/id.pro.es.image.master/79/35/99/830033481.jpg", "externalReference": "JS2011-064JS", "numPhotos": 20, "floor": "4", "price": 188000.0, "propertyType": "flat", "operation": "sale", "size": 37.0, "exterior": true, "rooms": 1, "bathrooms": 1, "address": "SANTS", "province": "Barcelona", "municipality": "Barcelona", "district": "Sants-Montju\u00efc", "country": "es", "neighborhood": "Sants - Badal", "latitude": 41.3769124, "longitude": 2.1254448, "showAddress": false, "url": "https://www.idealista.com/inmueble/92066182/", "distance": "346", "hasVideo": true, "status": "good", "newDevelopment": false, "hasLift": true, "priceByArea": 5081.0, "detailedType": {"typology": "flat"}, "suggestedTexts": {"subtitle": "Sants - Badal, Barcelona", "title": "Piso en SANTS"}, "hasPlan": false, "has3DTour": false, "has360": false, "hasStaging": false, "topNewDevelopment": false}, {"propertyCode": "92763654", "thumbnail": "https://img3.idealista.com/blur/WEB_LISTING/0/id.pro.es.image.master/4f/de/58/847570320.jpg", "externalReference": "0100-679-275-V", "numPhotos": 16, "floor": "2", "price": 285500.0, "propertyType": "flat", "operation": "sale", "size": 86.0, "exterior": true, "rooms": 4, "bathrooms": 2, "address": "Calle de Melcior de Palau", "province": "Barcelona", "municipality": "Barcelona", "district": "Sants-Montju\u00efc", "country": "es", "neighborhood": "Sants", "latitude": 41.3806838, "longitude": 2.1345422, "showAddress": false, "url": "https://www.idealista.com/inmueble/92763654/", "distance": "679", "hasVideo": true, "status": "renew", "newDevelopment": false, "hasLift": false, "priceByArea": 3320.0, "detailedType": {"typology": "flat"}, "suggestedTexts": {"subtitle": "Sants, Barcelona", "title": "Piso en Calle de Melcior de Palau"}, "hasPlan": true, "has3DTour": true, "has360": false, "hasStaging": false, "topNewDevelopment": false}, {"propertyCode": "92749662", "thumbnail": "https://img3.idealista.com/blur/WEB_LISTING/0/id.pro.es.image.master/47/75/cc/847192072.jpg", "externalReference": "TANDEM-RIERA", "numPhotos": 20, "floor": "8", "price": 275000.0, "propertyType": "flat", "operation": "sale", "size": 70.0, "exterior": true, "rooms": 4, "bathrooms": 1, "address": "Riera blanca", "province": "Barcelona", "municipality": "Barcelona", "district": "Les Corts", "country": "es", "neighborhood": "La Maternitat i Sant Ramon", "latitude": 41.3767203, "longitude": 2.1233422, "showAddress": false, "url": "https://www.idealista.com/inmueble/92749662/", "distance": "442", "hasVideo": false, "status": "renew", "newDevelopment": false, "hasLift": true, "priceByArea": 3929.0, "detailedType": {"typology": "flat"}, "suggestedTexts": {"subtitle": "La Maternitat i Sant Ramon, Barcelona", "title": "Piso en Riera blanca"}, "hasPlan": true, "has3DTour": false, "has360": false, "hasStaging": false, "topNewDevelopment": false}, {"propertyCode": "91405551", "thumbnail": "https://img3.idealista.com/blur/WEB_LISTING/0/id.pro.es.image.master/7f/17/c6/856663155.jpg", "externalReference": "00002", "numPhotos": 20, "floor": "4", "price": 310000.0, "propertyType": "flat", "operation": "sale", "size": 71.0, "exterior": false, "rooms": 4, "bathrooms": 1, "address": "Calle de Felipe de Paz", "province": "Barcelona", "municipality": "Barcelona", "district": "Les Corts", "country": "es", "neighborhood": "La Maternitat i Sant Ramon", "latitude": 41.3778461, "longitude": 2.1253702, "showAddress": false, "url": "https://www.idealista.com/inmueble/91405551/", "distance": "249", "hasVideo": false, "status": "good", "newDevelopment": false, "hasLift": true, "priceByArea": 4366.0, "detailedType": {"typology": "flat"}, "suggestedTexts": {"subtitle": "La Maternitat i Sant Ramon, Barcelona", "title": "Piso en Calle de Felipe de Paz"}, "hasPlan": false, "has3DTour": false, "has360": false, "hasStaging": false, "topNewDevelopment": false}, {"propertyCode": "92355707", "thumbnail": "https://img3.idealista.com/blur/WEB_LISTING/0/id.pro.es.image.master/51/d2/a6/837770817.jpg", "externalReference": "VB2101005", "numPhotos": 16, "floor": "2", "price": 190000.0, "propertyType": "studio", "operation": "sale", "size": 48.0, "exterior": true, "rooms": 0, "bathrooms": 2, "address": "barrio Sants", "province": "Barcelona", "municipality": "Barcelona", "district": "Sants-Montju\u00efc", "country": "es", "neighborhood": "Sants", "latitude": 41.3747978, "longitude": 2.1308509, "showAddress": false, "url": "https://www.idealista.com/inmueble/92355707/", "distance": "678", "hasVideo": true, "status": "good", "newDevelopment": false, "hasLift": true, "priceByArea": 3958.0, "detailedType": {"typology": "flat", "subTypology": "studio"}, "suggestedTexts": {"subtitle": "Sants, Barcelona", "title": "Estudio"}, "hasPlan": false, "has3DTour": false, "has360": false, "hasStaging": false, "topNewDevelopment": false}, {"propertyCode": "91894276", "thumbnail": "https://img3.idealista.com/blur/WEB_LISTING/0/id.pro.es.image.master/9f/f8/ae/825839974.jpg", "externalReference": "CB_BCN_0381_V", "numPhotos": 15, "floor": "1", "price": 275000.0, "propertyType": "flat", "operation": "sale", "size": 80.0, "exterior": true, "rooms": 4, "bathrooms": 1, "address": "Calle del Comandant Ben\u00edtez", "province": "Barcelona", "municipality": "Barcelona", "district": "Les Corts", "country": "es", "neighborhood": "La Maternitat i Sant Ramon", "latitude": 41.3810855, "longitude": 2.12744, "showAddress": false, "url": "https://www.idealista.com/inmueble/91894276/", "distance": "151", "hasVideo": true, "status": "good", "newDevelopment": false, "hasLift": true, "priceByArea": 3438.0, "detailedType": {"typology": "flat"}, "suggestedTexts": {"subtitle": "La Maternitat i Sant Ramon, Barcelona", "title": "Piso en Calle del Comandant Ben\u00edtez"}, "hasPlan": true, "has3DTour": false, "has360": false, "hasStaging": false, "topNewDevelopment": false}, {"propertyCode": "92329745", "thumbnail": "https://img3.idealista.com/blur/WEB_LISTING/0/id.pro.es.image.master/4b/a5/a1/843348956.jpg", "externalReference": "220970", "numPhotos": 13, "floor": "1", "price": 385000.0, "propertyType": "flat", "operation": "sale", "size": 88.0, "exterior": true, "rooms": 2, "bathrooms": 2, "address": "barrio La Maternitat i Sant Ramon", "province": "Barcelona", "municipality": "Barcelona", "district": "Les Corts", "country": "es", "neighborhood": "La Maternitat i Sant Ramon", "latitude": 41.3774721, "longitude": 2.1278128, "showAddress": false, "url": "https://www.idealista.com/inmueble/92329745/", "distance": "296", "hasVideo": false, "status": "good", "newDevelopment": false, "hasLift": true, "priceByArea": 4375.0, "detailedType": {"typology": "flat"}, "suggestedTexts": {"subtitle": "La Maternitat i Sant Ramon, Barcelona", "title": "Piso"}, "hasPlan": true, "has3DTour": false, "has360": false, "hasStaging": false, "topNewDevelopment": false}, {"propertyCode": "90751405", "thumbnail": "https://img3.idealista.com/blur/WEB_LISTING/0/id.pro.es.image.master/46/9c/7d/797709755.jpg", "externalReference": "11186", "numPhotos": 26, "floor": "bj", "price": 244000.0, "propertyType": "flat", "operation": "sale", "size": 62.0, "exterior": true, "rooms": 2, "bathrooms": 1, "address": "Calle de Ventura Plaja", "province": "Barcelona", "municipality": "Barcelona", "district": "Sants-Montju\u00efc", "country": "es", "neighborhood": "Sants - Badal", "latitude": 41.3745774, "longitude": 2.1270806, "showAddress": false, "url": "https://www.idealista.com/inmueble/90751405/", "distance": "598", "hasVideo": false, "status": "good", "newDevelopment": false, "hasLift": false, "priceByArea": 3935.0, "detailedType": {"typology": "flat"}, "suggestedTexts": {"subtitle": "Sants - Badal, Barcelona", "title": "Piso en Calle de Ventura Plaja"}, "hasPlan": false, "has3DTour": false, "has360": false, "hasStaging": false, "topNewDevelopment": false}, {"propertyCode": "87055436", "thumbnail": "https://img3.idealista.com/blur/WEB_LISTING/0/id.pro.es.image.master/ca/c4/32/848301690.jpg", "externalReference": "1167", "numPhotos": 19, "floor": "1", "price": 190000.0, "propertyType": "flat", "operation": "sale", "size": 54.0, "exterior": true, "rooms": 3, "bathrooms": 1, "address": "Calle de la Riera Blanca, 57", "province": "Barcelona", "municipality": "Barcelona", "district": "Sants-Montju\u00efc", "country": "es", "neighborhood": "Sants - Badal", "latitude": 41.3735319, "longitude": 2.1245069, "showAddress": true, "url": "https://www.idealista.com/inmueble/87055436/", "distance": "730", "hasVideo": false, "status": "good", "newDevelopment": false, "hasLift": true, "priceByArea": 3519.0, "detailedType": {"typology": "flat"}, "suggestedTexts": {"subtitle": "Sants - Badal, Barcelona", "title": "Piso en Calle de la Riera Blanca, 57"}, "hasPlan": false, "has3DTour": false, "has360": false, "hasStaging": false, "topNewDevelopment": false}]