[{"propertyCode": "91612870", "thumbnail": "https://img3.idealista.com/blur/WEB_LISTING/0/id.pro.es.image.master/47/c8/82/819015532.jpg", "externalReference": "VB1902010-5", "numPhotos": 30, "floor": "3", "price": 1650000.0, "propertyType": "flat", "operation": "sale", "size": 298.0, "exterior": true, "rooms": 5, "bathrooms": 4, "address": "Via Augusta", "province": "Barcelona", "municipality": "Barcelona", "district": "Sarri\u00e0-Sant Gervasi", "country": "es", "neighborhood": "Sant Gervasi - Galvany", "latitude": 41.3964622, "longitude": 2.1379163, "showAddress": false, "url": "https://www.idealista.com/inmueble/91612870/", "distance": "233", "hasVideo": false, "status": "good", "newDevelopment": false, "hasLift": true, "parkingSpace": {"hasParkingSpace": true, "isParkingSpaceIncludedInPrice": true}, "priceByArea": 5537.0, "detailedType": {"typology": "flat"}, "suggestedTexts": {"subtitle": "Sant Gervasi - Galvany, Barcelona", "title": "Piso en Via Augusta"}, "hasPlan": true, "has3DTour": true, "has360": false, "hasStaging": false, "topNewDevelopment": false}, {"propertyCode": "90288790", "thumbnail": "https://img3.idealista.com/blur/WEB_LISTING/0/id.pro.es.image.master/54/4e/f1/787287928.jpg", "externalReference": "BCN19980", "numPhotos": 39, "price": 1400000.0, "propertyType": "flat", "operation": "sale", "size": 200.0, "exterior": true, "rooms": 4, "bathrooms": 2, "address": "barrio Sant Gervasi - Galvany", "province": "Barcelona", "municipality": "Barcelona", "district": "Sarri\u00e0-Sant Gervasi", "country": "es", "neighborhood": "Sant Gervasi - Galvany", "latitude": 41.3943689, "longitude": 2.1483246, "showAddress": false, "url": "https://www.idealista.com/inmueble/90288790/", "distance": "665", "hasVideo": false, "status": "good", "newDevelopment": false, "hasLift": true, "priceByArea": 7000.0, "detailedType": {"typology": "flat"}, "suggestedTexts": {"subtitle": "Sant Gervasi - Galvany, Barcelona", "title": "Piso"}, "hasPlan": true, "has3DTour": true, "has360": false, "hasStaging": false, "topNewDevelopment": false}, {"propertyCode": "86995241", "thumbnail": "https://img3.idealista.com/blur/WEB_LISTING/0/id.pro.es.image.master/50/ce/0d/708156223.jpg", "externalReference": "019226", "numPhotos": 9, "floor": "1", "price": 690000.0, "propertyType": "flat", "operation": "sale", "size": 80.0, "exterior": true, "rooms": 2, "bathrooms": 1, "address": "Avenida de Josep Tarradellas", "province": "Barcelona", "municipality": "Barcelona", "district": "Eixample", "country": "es", "neighborhood": "L'Antiga Esquerra de l'Eixample", "latitude": 41.3911477, "longitude": 2.1457176, "showAddress": false, "url": "https://www.idealista.com/inmueble/86995241/", "distance": "674", "hasVideo": false, "status": "good", "newDevelopment": false, "hasLift": true, "priceByArea": 8625.0, "detailedType": {"typology": "flat"}, "suggestedTexts": {"subtitle": "L'Antiga Esquerra de l'Eixample, Barcelona", "title": "Piso en Avenida de Josep Tarradellas"}, "hasPlan": false, "has3DTour": true, "has360": false, "hasStaging": false, "topNewDevelopment": false}, {"propertyCode": "87974582", "thumbnail": "https://img3.idealista.com/blur/WEB_LISTING/0/id.pro.es.image.master/f8/e1/65/735480084.jpg", "externalReference": "019249", "numPhotos": 27, "floor": "3", "price": 630000.0, "propertyType": "flat", "operation": "sale", "size": 80.0, "exterior": true, "rooms": 2, "bathrooms": 2, "address": "Avenida de Josep Tarradellas", "province": "Barcelona", "municipality": "Barcelona", "district": "Eixample", "country": "es", "neighborhood": "L'Antiga Esquerra de l'Eixample", "latitude": 41.3918477, "longitude": 2.1450176, "showAddress": false, "url": "https://www.idealista.com/inmueble/87974582/", "distance": "577", "hasVideo": true, "status": "good", "newDevelopment": false, "hasLift": true, "priceByArea": 7875.0, "detailedType": {"typology": "flat"}, "suggestedTexts": {"subtitle": "L'Antiga Esquerra de l'Eixample, Barcelona", "title": "Piso en Avenida de Josep Tarradellas"}, "hasPlan": true, "has3DTour": false, "has360": true, "hasStaging": false, "topNewDevelopment": false}, {"propertyCode": "39669401", "thumbnail": "https://img3.idealista.com/blur/WEB_LISTING/0/id.pro.es.image.master/86/37/b5/844567227.jpg", "externalReference": "B04241BA", "numPhotos": 25, "floor": "1", "price": 730000.0, "propertyType": "flat", "operation": "sale", "size": 132.0, "exterior": true, "rooms": 3, "bathrooms": 2, "address": "barrio Sant Gervasi - Galvany", "province": "Barcelona", "municipality": "Barcelona", "district": "Sarri\u00e0-Sant Gervasi", "country": "es", "neighborhood": "Sant Gervasi - Galvany", "latitude": 41.39124, "longitude": 2.1396285, "showAddress": false, "url": "https://www.idealista.com/inmueble/39669401/", "distance": "517", "hasVideo": true, "status": "good", "newDevelopment": false, "hasLift": true, "priceByArea": 5530.0, "detailedType": {"typology": "flat"}, "suggestedTexts": {"subtitle": "Sant Gervasi - Galvany, Barcelona", "title": "Piso"}, "hasPlan": true, "has3DTour": false, "has360": true, "hasStaging": false, "topNewDevelopment": false}, {"propertyCode": "92284473", "thumbnail": "https://img3.idealista.com/blur/WEB_LISTING/0/id.pro.es.image.master/1e/23/3d/835760591.jpg", "externalReference": "019281", "numPhotos": 30, "floor": "4", "price": 845000.0, "propertyType": "flat", "operation": "sale", "size": 150.0, "exterior": false, "rooms": 4, "bathrooms": 2, "address": "Calle de l'Avenir", "province": "Barcelona", "municipality": "Barcelona", "district": "Sarri\u00e0-Sant Gervasi", "country": "es", "neighborhood": "Sant Gervasi - Galvany", "latitude": 41.3967773, "longitude": 2.1456382, "showAddress": false, "url": "https://www.idealista.com/inmueble/92284473/", "distance": "433", "hasVideo": true, "status": "good", "newDevelopment": false, "hasLift": true, "parkingSpace": {"hasParkingSpace": true, "isParkingSpaceIncludedInPrice": true}, "priceByArea": 5633.0, "detailedType": {"typology": "flat"}, "suggestedTexts": {"subtitle": "Sant Gervasi - Galvany, Barcelona", "title": "Piso en Calle de l'Avenir"}, "hasPlan": true, "has3DTour": false, "has360": true, "hasStaging": false, "topNewDevelopment": false}, {"propertyCode": "91784535", "thumbnail": "https://img3.idealista.com/blur/WEB_LISTING/0/id.pro.es.image.master/67/eb/71/823214521.jpg", "externalReference": "VB2010035-2", "numPhotos": 41, "floor": "5", "price": 1580000.0, "propertyType": "flat", "operation": "sale", "size": 300.0, "exterior": true, "rooms": 6, "bathrooms": 4, "address": "barrio Sant Gervasi - Galvany", "province": "Barcelona", "municipality": "Barcelona", "district": "Sarri\u00e0-Sant Gervasi", "country": "es", "neighborhood": "Sant Gervasi - Galvany", "latitude": 41.3960424, "longitude": 2.1403051, "showAddress": false, "url": "https://www.idealista.com/inmueble/91784535/", "distance": "32", "hasVideo": true, "status": "good", "newDevelopment": false, "hasLift": true, "parkingSpace": {"hasParkingSpace": true, "isParkingSpaceIncludedInPrice": true}, "priceByArea": 5267.0, "detailedType": {"typology": "flat"}, "suggestedTexts": {"subtitle": "Sant Gervasi - Galvany, Barcelona", "title": "Piso"}, "hasPlan": true, "has3DTour": false, "has360": false, "hasStaging": false, "topNewDevelopment": false}, {"propertyCode": "92935188", "thumbnail": "https://img3.idealista.com/blur/WEB_LISTING/0/id.pro.es.image.master/ba/a2/56/851506222.jpg", "externalReference": "BCN27085", "numPhotos": 35, "price": 1090000.0, "propertyType": "flat", "operation": "sale", "size": 206.0, "exterior": true, "rooms": 6, "bathrooms": 4, "address": "barrio Sant Gervasi - Galvany", "province": "Barcelona", "municipality": "Barcelona", "district": "Sarri\u00e0-Sant Gervasi", "country": "es", "neighborhood": "Sant Gervasi - Galvany", "latitude": 41.3956689, "longitude": 2.1483246, "showAddress": false, "url": "https://www.idealista.com/inmueble/92935188/", "distance": "645", "hasVideo": false, "status": "good", "newDevelopment": false, "hasLift": true, "priceByArea": 5291.0, "detailedType": {"typology": "flat"}, "suggestedTexts": {"subtitle": "Sant Gervasi - Galvany, Barcelona", "title": "Piso"}, "hasPlan": true, "has3DTour": false, "has360": true, "hasStaging": false, "topNewDevelopment": false}, {"propertyCode": "92391776", "thumbnail": "https://img3.idealista.com/blur/WEB_LISTING/0/id.pro.es.image.master/2f/70/c6/838665994.jpg", "externalReference": "BCN26876", "numPhotos": 34, "price": 765000.0, "propertyType": "flat", "operation": "sale", "size": 140.0, "exterior": false, "rooms": 4, "bathrooms": 2, "address": "barrio Sant Gervasi - La Bonanova", "province": "Barcelona", "municipality": "Barcelona", "district": "Sarri\u00e0-Sant Gervasi", "country": "es", "neighborhood": "Sant Gervasi - La Bonanova", "latitude": 41.4023954, "longitude": 2.1371957, "showAddress": false, "url": "https://www.idealista.com/inmueble/92391776/", "distance": "782", "hasVideo": false, "status": "good", "newDevelopment": false, "hasLift": true, "priceByArea": 5464.0, "detailedType": {"typology": "flat"}, "suggestedTexts": {"subtitle": "Sant Gervasi - La Bonanova, Barcelona", "title": "Piso"}, "hasPlan": true, "has3DTour": false, "has360": true, "hasStaging": false, "topNewDevelopment": false}, {"propertyCode": "81212533", "thumbnail": "https://img3.idealista.com/blur/WEB_LISTING/0/id.pro.es.image.master/86/57/56/588924199.jpg", "externalReference": "BCN10294", "numPhotos": 33, "price": 1100000.0, "propertyType": "flat", "operation": "sale", "size": 201.0, "exterior": true, "rooms": 5, "bathrooms": 3, "address": "barrio Sant Gervasi - Galvany", "province": "Barcelona", "municipality": "Barcelona", "district": "Sarri\u00e0-Sant Gervasi", "country": "es", "neighborhood": "Sant Gervasi - Galvany", "latitude": 41.3992277, "longitude": 2.140591, "showAddress": false, "url": "https://www.idealista.com/inmueble/81212533/", "distance": "377", "hasVideo": false, "status": "renew", "newDevelopment": false, "hasLift": true, "parkingSpace": {"hasParkingSpace": true, "isParkingSpaceIncludedInPrice": true}, "priceByArea": 5473.0, "detailedType": {"typology": "flat"}, "suggestedTexts": {"subtitle": "Sant Gervasi - Galvany, Barcelona", "title": "Piso"}, "hasPlan": true, "has3DTour": false, "has360": true, "hasStaging": false, "topNewDevelopment": false}, {"propertyCode": "92474088", "thumbnail": "https://img3.idealista.com/blur/WEB_LISTING/0/id.pro.es.image.master/b0/20/ba/840539622.jpg", "externalReference": "B07425BA", "numPhotos": 32, "floor": "1", "price": 1675000.0, "propertyType": "flat", "operation": "sale", "size": 269.0, "exterior": true, "rooms": 6, "bathrooms": 3, "address": "Calle de Muntaner", "province": "Barcelona", "municipality": "Barcelona", "district": "Sarri\u00e0-Sant Gervasi", "country": "es", "neighborhood": "Sant Gervasi - Galvany", "latitude": 41.3999778, "longitude": 2.1426123, "showAddress": false, "url": "https://www.idealista.com/inmueble/92474088/", "distance": "490", "hasVideo": true, "status": "good", "newDevelopment": false, "hasLift": true, "priceByArea": 6227.0, "detailedType": {"typology": "flat"}, "suggestedTexts": {"subtitle": "Sant Gervasi - Galvany, Barcelona", "title": "Piso en Calle de Muntaner"}, "hasPlan": true, "has3DTour": false, "has360": true, "hasStaging": false, "topNewDevelopment": false}, {"propertyCode": "39908522", "thumbnail": "https://img3.idealista.com/blur/WEB_LISTING/0/id.pro.es.image.master/36/c5/ac/269066666.jpg", "externalReference": "4486", "numPhotos": 30, "floor": "4", "price": 1100000.0, "propertyType": "duplex", "operation": "sale", "size": 200.0, "exterior": true, "rooms": 3, "bathrooms": 2, "address": "GANDUXER", "province": "Barcelona", "municipality": "Barcelona", "district": "Sarri\u00e0-Sant Gervasi", "country": "es", "neighborhood": "Sant Gervasi - Galvany", "latitude": 41.390355, "longitude": 2.1410455, "showAddress": false, "url": "https://www.idealista.com/inmueble/39908522/", "distance": "610", "hasVideo": false, "status": "good", "newDevelopment": false, "hasLift": true, "parkingSpace": {"hasParkingSpace": true, "isParkingSpaceIncludedInPrice": true}, "priceByArea": 5500.0, "detailedType": {"typology": "flat", "subTypology": "duplex"}, "suggestedTexts": {"subtitle": "Sant Gervasi - Galvany, Barcelona", "title": "D\u00faplex en GANDUXER"}, "hasPlan": true, "has3DTour": false, "has360": true, "hasStaging": false, "topNewDevelopment": false}, {"propertyCode": "91646493", "thumbnail": "https://img3.idealista.com/blur/WEB_LISTING/0/id.pro.es.image.master/d5/f4/fa/819824465.jpg", "externalReference": "W-02J59Y", "numPhotos": 41, "floor": "6", "price": 790000.0, "propertyType": "flat", "operation": "sale", "size": 158.0, "exterior": false, "rooms": 5, "bathrooms": 2, "address": "barrio Les Corts", "province": "Barcelona", "municipality": "Barcelona", "district": "Les Corts", "country": "es", "neighborhood": "Les Corts", "latitude": 41.3905187, "longitude": 2.1391401, "showAddress": false, "url": "https://www.idealista.com/inmueble/91646493/", "distance": "603", "hasVideo": false, "status": "good", "newDevelopment": false, "hasLift": true, "parkingSpace": {"hasParkingSpace": true, "isParkingSpaceIncludedInPrice": true}, "priceByArea": 5000.0, "detailedType": {"typology": "flat"}, "suggestedTexts": {"subtitle": "Les Corts, Barcelona", "title": "Piso"}, "hasPlan": true, "has3DTour": false, "has360": true, "hasStaging": false, "topNewDevelopment": false}, {"propertyCode": "92531260", "thumbnail": "https://img3.idealista.com/blur/WEB_LISTING/0/id.pro.es.image.master/93/b6/fc/841911073.jpg", "externalReference": "11304", "numPhotos": 24, "floor": "8", "price": 890000.0, "propertyType": "flat", "operation": "sale", "size": 100.0, "exterior": true, "rooms": 3, "bathrooms": 2, "address": "Calle de Bori i Fontest\u00e0", "province": "Barcelona", "municipality": "Barcelona", "district": "Sarri\u00e0-Sant Gervasi", "country": "es", "neighborhood": "Sant Gervasi - Galvany", "latitude": 41.3904142, "longitude": 2.1350841, "showAddress": false, "url": "https://www.idealista.com/inmueble/92531260/", "distance": "757", "hasVideo": false, "status": "good", "newDevelopment": false, "hasLift": true, "parkingSpace": {"hasParkingSpace": true, "isParkingSpaceIncludedInPrice": true}, "priceByArea": 8900.0, "detailedType": {"typology": "flat"}, "suggestedTexts": {"subtitle": "Sant Gervasi - Galvany, Barcelona", "title": "Piso en Calle de Bori i Fontest\u00e0"}, "hasPlan": true, "has3DTour": false, "has360": true, "hasStaging": false, "topNewDevelopment": false}, {"propertyCode": "91067007", "thumbnail": "https://img3.idealista.com/blur/WEB_LISTING/0/id.pro.es.image.master/1a/82/d0/806080927.jpg", "externalReference": "11213", "numPhotos": 35, "floor": "5", "price": 1050000.0, "propertyType": "penthouse", "operation": "sale", "size": 140.0, "exterior": true, "rooms": 3, "bathrooms": 2, "address": "Calle de Mari\u00e0 Cub\u00ed", "province": "Barcelona", "municipality": "Barcelona", "district": "Sarri\u00e0-Sant Gervasi", "country": "es", "neighborhood": "Sant Gervasi - Galvany", "latitude": 41.3954572, "longitude": 2.1469159, "showAddress": false, "url": "https://www.idealista.com/inmueble/91067007/", "distance": "529", "hasVideo": false, "status": "good", "newDevelopment": false, "hasLift": true, "parkingSpace": {"hasParkingSpace": true, "isParkingSpaceIncludedInPrice": true}, "priceByArea": 7500.0, "detailedType": {"typology": "flat", "subTypology": "penthouse"}, "suggestedTexts": {"subtitle": "Sant Gervasi - Galvany, Barcelona", "title": "\u00c1tico en Calle de Mari\u00e0 Cub\u00ed"}, "hasPlan": true, "has3DTour": false, "has360": true, "hasStaging": false, "topNewDevelopment": false}, {"propertyCode": "88426494", "thumbnail": "https://img3.idealista.com/blur/WEB_LISTING/0/id.pro.es.image.master/88/50/6c/746484579.jpg", "externalReference": "Avenir-vda", "numPhotos": 38, "floor": "4", "price": 850000.0, "propertyType": "flat", "operation": "sale", "size": 180.0, "exterior": true, "rooms": 5, "bathrooms": 2, "address": "Calle de l'Avenir", "province": "Barcelona", "municipality": "Barcelona", "district": "Sarri\u00e0-Sant Gervasi", "country": "es", "neighborhood": "Sant Gervasi - Galvany", "latitude": 41.3937799, "longitude": 2.1444307, "showAddress": false, "url": "https://www.idealista.com/inmueble/88426494/", "distance": "393", "hasVideo": true, "status": "good", "newDevelopment": false, "hasLift": true, "parkingSpace": {"hasParkingSpace": true, "isParkingSpaceIncludedInPrice": false, "parkingSpacePrice": 25000.0}, "priceByArea": 4722.0, "detailedType": {"typology": "flat"}, "suggestedTexts": {"subtitle": "Sant Gervasi - Galvany, Barcelona", "title": "Piso en Calle de l'Avenir"}, "hasPlan": true, "has3DTour": false, "has360": true, "hasStaging": false, "topNewDevelopment": false}, {"propertyCode": "88466394", "thumbnail": "https://img3.idealista.com/blur/WEB_LISTING/0/id.pro.es.image.master/62/f0/ea/855822674.jpg", "externalReference": "GV510", "numPhotos": 31, "floor": "4", "price": 850000.0, "propertyType": "flat", "operation": "sale", "size": 160.0, "exterior": true, "rooms": 5, "bathrooms": 2, "address": "Calle de l'Avenir", "province": "Barcelona", "municipality": "Barcelona", "district": "Sarri\u00e0-Sant Gervasi", "country": "es", "neighborhood": "Sant Gervasi - Galvany", "latitude": 41.3968799, "longitude": 2.1478307, "showAddress": false, "url": "https://www.idealista.com/inmueble/88466394/", "distance": "615", "hasVideo": true, "status": "good", "newDevelopment": false, "hasLift": true, "priceByArea": 5313.0, "detailedType": {"typology": "flat"}, "suggestedTexts": {"subtitle": "Sant Gervasi - Galvany, Barcelona", "title": "Piso en Calle de l'Avenir"}, "hasPlan": true, "has3DTour": false, "has360": true, "hasStaging": false, "topNewDevelopment": false}, {"propertyCode": "88336826", "thumbnail": "https://img3.idealista.com/blur/WEB_LISTING/0/id.pro.es.image.master/bd/12/30/744357724.jpg", "externalReference": "0728", "numPhotos": 28, "floor": "4", "price": 875000.0, "propertyType": "flat", "operation": "sale", "size": 155.0, "exterior": true, "rooms": 5, "bathrooms": 2, "address": "barrio Sant Gervasi - Galvany", "province": "Barcelona", "municipality": "Barcelona", "district": "Sarri\u00e0-Sant Gervasi", "country": "es", "neighborhood": "Sant Gervasi - Galvany", "latitude": 41.3970901, "longitude": 2.1468391, "showAddress": false, "url": "https://www.idealista.com/inmueble/88336826/", "distance": "539", "hasVideo": true, "status": "good", "newDevelopment": false, "hasLift": true, "priceByArea": 5645.0, "detailedType": {"typology": "flat"}, "suggestedTexts": {"subtitle": "Sant Gervasi - Galvany, Barcelona", "title": "Piso"}, "hasPlan": true, "has3DTour": false, "has360": true, "hasStaging": false, "topNewDevelopment": false}, {"propertyCode": "91672194", "thumbnail": "https://img3.idealista.com/blur/WEB_LISTING/0/id.pro.es.image.master/78/76/fd/820442420.jpg", "externalReference": "SP332KA", "numPhotos": 30, "floor": "6", "price": 995000.0, "propertyType": "flat", "operation": "sale", "size": 225.0, "exterior": true, "rooms": 4, "bathrooms": 3, "address": "barrio Sant Gervasi - Galvany", "province": "Barcelona", "municipality": "Barcelona", "district": "Sarri\u00e0-Sant Gervasi", "country": "es", "neighborhood": "Sant Gervasi - Galvany", "latitude": 41.391792, "longitude": 2.140041, "showAddress": false, "url": "https://www.idealista.com/inmueble/91672194/", "distance": "451", "hasVideo": true, "status": "good", "newDevelopment": false, "hasLift": true, "parkingSpace": {"hasParkingSpace": true, "isParkingSpaceIncludedInPrice": true}, "priceByArea": 4422.0, "detailedType": {"typology": "flat"}, "suggestedTexts": {"subtitle": "Sant Gervasi - Galvany, Barcelona", "title": "Piso"}, "hasPlan": true, "has3DTour": false, "has360": true, "hasStaging": false, "topNewDevelopment": false}, {"propertyCode": "87832987", "thumbnail": "https://img3.idealista.com/blur/WEB_LISTING/0/id.pro.es.image.master/b4/4f/d3/732032509.jpg", "externalReference": "4223", "numPhotos": 34, "floor": "1", "price": 690000.0, "propertyType": "flat", "operation": "sale", "size": 90.0, "exterior": true, "rooms": 2, "bathrooms": 2, "address": "Avenida de Josep Tarradellas", "province": "Barcelona", "municipality": "Barcelona", "district": "Eixample", "country": "es", "neighborhood": "L'Antiga Esquerra de l'Eixample", "latitude": 41.3927477, "longitude": 2.1426176, "showAddress": false, "url": "https://www.idealista.com/inmueble/87832987/", "distance": "382", "hasVideo": true, "status": "good", "newDevelopment": false, "hasLift": true, "priceByArea": 7667.0, "detailedType": {"typology": "flat"}, "suggestedTexts": {"subtitle": "L'Antiga Esquerra de l'Eixample, Barcelona", "title": "Piso en Avenida de Josep Tarradellas"}, "hasPlan": true, "has3DTour": false, "has360": true, "hasStaging": false, "topNewDevelopment": false}, {"propertyCode": "89416170", "thumbnail": "https://img3.idealista.com/blur/WEB_LISTING/0/id.pro.es.image.master/54/48/31/770914980.jpg", "externalReference": "3060V(1)", "numPhotos": 24, "floor": "11", "price": 750000.0, "propertyType": "flat", "operation": "sale", "size": 140.0, "exterior": true, "rooms": 4, "bathrooms": 2, "address": "barrio L'Antiga Esquerra de l'Eixample", "province": "Barcelona", "municipality": "Barcelona", "district": "Eixample", "country": "es", "neighborhood": "L'Antiga Esquerra de l'Eixample", "latitude": 41.389721, "longitude": 2.1421573, "showAddress": false, "url": "https://www.idealista.com/inmueble/89416170/", "distance": "692", "hasVideo": true, "status": "good", "newDevelopment": false, "hasLift": true, "priceByArea": 5357.0, "detailedType": {"typology": "flat"}, "suggestedTexts": {"subtitle": "L'Antiga Esquerra de l'Eixample, Barcelona", "title": "Piso"}, "hasPlan": true, "has3DTour": false, "has360": true, "hasStaging": false, "topNewDevelopment": false}, {"propertyCode": "92640776", "thumbnail": "https://img3.idealista.com/blur/WEB_LISTING/0/id.pro.es.image.master/e2/5f/b7/844612248.jpg", "externalReference": "11320", "numPhotos": 22, "floor": "6", "price": 970000.0, "propertyType": "penthouse", "operation": "sale", "size": 115.0, "exterior": true, "rooms": 3, "bathrooms": 2, "address": "Calle de Calvet", "province": "Barcelona", "municipality": "Barcelona", "district": "Sarri\u00e0-Sant Gervasi", "country": "es", "neighborhood": "Sant Gervasi - Galvany", "latitude": 41.3968749, "longitude": 2.1418552, "showAddress": false, "url": "https://www.idealista.com/inmueble/92640776/", "distance": "156", "hasVideo": false, "status": "good", "newDevelopment": false, "hasLift": true, "priceByArea": 8435.0, "detailedType": {"typology": "flat", "subTypology": "penthouse"}, "suggestedTexts": {"subtitle": "Sant Gervasi - Galvany, Barcelona", "title": "\u00c1tico en Calle de Calvet"}, "hasPlan": false, "has3DTour": false, "has360": true, "hasStaging": false, "topNewDevelopment": false}, {"propertyCode": "90461132", "thumbnail": "https://img3.idealista.com/blur/WEB_LISTING/0/id.pro.es.image.master/67/1c/d2/790908158.jpg", "externalReference": "11166", "numPhotos": 22, "floor": "4", "price": 595000.0, "propertyType": "flat", "operation": "sale", "size": 134.0, "exterior": true, "rooms": 4, "bathrooms": 2, "address": "Calle Balmes", "province": "Barcelona", "municipality": "Barcelona", "district": "Sarri\u00e0-Sant Gervasi", "country": "es", "neighborhood": "Sant Gervasi - Galvany", "latitude": 41.4020951, "longitude": 2.1402735, "showAddress": false, "url": "https://www.idealista.com/inmueble/90461132/", "distance": "696", "hasVideo": false, "status": "good", "newDevelopment": false, "hasLift": true, "priceByArea": 4440.0, "detailedType": {"typology": "flat"}, "suggestedTexts": {"subtitle": "Sant Gervasi - Galvany, Barcelona", "title": "Piso en Calle Balmes"}, "hasPlan": false, "has3DTour": false, "has360": true, "hasStaging": false, "topNewDevelopment": false}, {"propertyCode": "91420031", "thumbnail": "https://img3.idealista.com/blur/WEB_LISTING/0/id.pro.es.image.master/2a/f4/e5/844779747.jpg", "externalReference": "45", "numPhotos": 35, "floor": "7", "price": 499000.0, "propertyType": "flat", "operation": "sale", "size": 100.0, "exterior": false, "rooms": 3, "bathrooms": 2, "address": "Avenida de Josep Tarradellas", "province": "Barcelona", "municipality": "Barcelona", "district": "Eixample", "country": "es", "neighborhood": "L'Antiga Esquerra de l'Eixample", "latitude": 41.3928859, "longitude": 2.1436258, "showAddress": false, "url": "https://www.idealista.com/inmueble/91420031/", "distance": "414", "hasVideo": false, "status": "good", "newDevelopment": false, "hasLift": true, "priceByArea": 4990.0, "detailedType": {"typology": "flat"}, "suggestedTexts": {"subtitle": "L'Antiga Esquerra de l'Eixample, Barcelona", "title": "Piso en Avenida de Josep Tarradellas"}, "hasPlan": true, "has3DTour": false, "has360": true, "hasStaging": false, "topNewDevelopment": false}, {"propertyCode": "89875831", "thumbnail": "https://img3.idealista.com/blur/WEB_LISTING/0/id.pro.es.image.master/86/e3/42/783565823.jpg", "externalReference": "0978", "numPhotos": 22, "floor": "2", "price": 599000.0, "propertyType": "flat", "operation": "sale", "size": 105.0, "exterior": true, "rooms": 4, "bathrooms": 2, "address": "barrio Sant Gervasi - Galvany", "province": "Barcelona", "municipality": "Barcelona", "district": "Sarri\u00e0-Sant Gervasi", "country": "es", "neighborhood": "Sant Gervasi - Galvany", "latitude": 41.398584, "longitude": 2.1370648, "showAddress": false, "url": "https://www.idealista.com/inmueble/89875831/", "distance": "423", "hasVideo": true, "status": "good", "newDevelopment": false, "hasLift": true, "parkingSpace": {"hasParkingSpace": true, "isParkingSpaceIncludedInPrice": true}, "priceByArea": 5705.0, "detailedType": {"typology": "flat"}, "suggestedTexts": {"subtitle": "Sant Gervasi - Galvany, Barcelona", "title": "Piso"}, "hasPlan": false, "has3DTour": false, "has360": true, "hasStaging": false, "topNewDevelopment": false}, {"propertyCode": "88561200", "thumbnail": "https://img3.idealista.com/blur/WEB_LISTING/0/id.pro.es.image.master/f5/86/b8/749657068.jpg", "externalReference": "BCN19873", "numPhotos": 27, "price": 720000.0, "propertyType": "flat", "operation": "sale", "size": 140.0, "exterior": true, "rooms": 5, "bathrooms": 3, "address": "barrio Sant Gervasi - Galvany", "province": "Barcelona", "municipality": "Barcelona", "district": "Sarri\u00e0-Sant Gervasi", "country": "es", "neighborhood": "Sant Gervasi - Galvany", "latitude": 41.3992896, "longitude": 2.1393846, "showAddress": false, "url": "https://www.idealista.com/inmueble/88561200/", "distance": "396", "hasVideo": false, "status": "renew", "newDevelopment": false, "hasLift": true, "parkingSpace": {"hasParkingSpace": true, "isParkingSpaceIncludedInPrice": true}, "priceByArea": 5143.0, "detailedType": {"typology": "flat"}, "suggestedTexts": {"subtitle": "Sant Gervasi - Galvany, Barcelona", "title": "Piso"}, "hasPlan": true, "has3DTour": false, "has360": false, "hasStaging": false, "topNewDevelopment": false}, {"propertyCode": "92218889", "thumbnail": "https://img3.idealista.com/blur/WEB_LISTING/0/id.pro.es.image.master/ec/17/c5/833957096.jpg", "externalReference": "VB2012029", "numPhotos": 24, "floor": "5", "price": 460000.0, "propertyType": "flat", "operation": "sale", "size": 53.0, "exterior": true, "rooms": 1, "bathrooms": 1, "address": "barrio Sant Gervasi - Galvany", "province": "Barcelona", "municipality": "Barcelona", "district": "Sarri\u00e0-Sant Gervasi", "country": "es", "neighborhood": "Sant Gervasi - Galvany", "latitude": 41.3928962, "longitude": 2.1446912, "showAddress": false, "url": "https://www.idealista.com/inmueble/92218889/", "distance": "473", "hasVideo": true, "status": "good", "newDevelopment": false, "hasLift": true, "priceByArea": 8679.0, "detailedType": {"typology": "flat"}, "suggestedTexts": {"subtitle": "Sant Gervasi - Galvany, Barcelona", "title": "Piso"}, "hasPlan": true, "has3DTour": false, "has360": false, "hasStaging": false, "topNewDevelopment": false}, {"propertyCode": "93167309", "thumbnail": "https://img3.idealista.com/blur/WEB_LISTING/0/id.pro.es.image.master/24/ee/55/855988959.jpg", "externalReference": "10705", "numPhotos": 23, "price": 550000.0, "propertyType": "flat", "operation": "sale", "size": 83.0, "exterior": true, "rooms": 3, "bathrooms": 1, "address": "Calle del Camp", "province": "Barcelona", "municipality": "Barcelona", "district": "Sarri\u00e0-Sant Gervasi", "country": "es", "neighborhood": "Sant Gervasi - La Bonanova", "latitude": 41.402659, "longitude": 2.137273, "showAddress": false, "url": "https://www.idealista.com/inmueble/93167309/", "distance": "807", "hasVideo": false, "status": "good", "newDevelopment": false, "hasLift": true, "parkingSpace": {"hasParkingSpace": true, "isParkingSpaceIncludedInPrice": true}, "priceByArea": 6627.0, "detailedType": {"typology": "flat"}, "suggestedTexts": {"subtitle": "Sant Gervasi - La Bonanova, Barcelona", "title": "Piso en Calle del Camp"}, "hasPlan": true, "has3DTour": true, "has360": false, "hasStaging": false, "topNewDevelopment": false}, {"propertyCode": "93066669", "thumbnail": "https://img3.idealista.com/blur/WEB_LISTING/0/id.pro.es.image.master/9b/f9/4b/853669013.jpg", "externalReference": "VB2102069", "numPhotos": 24, "floor": "5", "price": 620000.0, "propertyType": "flat", "operation": "sale", "size": 137.0, "exterior": true, "rooms": 5, "bathrooms": 2, "address": "Calle de Balmes", "province": "Barcelona", "municipality": "Barcelona", "district": "Sarri\u00e0-Sant Gervasi", "country": "es", "neighborhood": "Sant Gervasi - Galvany", "latitude": 41.4019061, "longitude": 2.1437152, "showAddress": false, "url": "https://www.idealista.com/inmueble/93066669/", "distance": "723", "hasVideo": true, "status": "renew", "newDevelopment": false, "hasLift": true, "priceByArea": 4526.0, "detailedType": {"typology": "flat"}, "suggestedTexts": {"subtitle": "Sant Gervasi - Galvany, Barcelona", "title": "Piso en Calle de Balmes"}, "hasPlan": true, "has3DTour": false, "has360": false, "hasStaging": false, "topNewDevelopment": false}, {"propertyCode": "91669935", "thumbnail": "https://img3.idealista.com/blur/WEB_LISTING/0/id.pro.es.image.master/4e/72/57/820392014.jpg", "externalReference": "VB1911054-5", "numPhotos": 26, "floor": "1", "price": 735000.0, "propertyType": "flat", "operation": "sale", "size": 126.0, "exterior": true, "rooms": 3, "bathrooms": 2, "address": "Calle de Balmes", "province": "Barcelona", "municipality": "Barcelona", "district": "Sarri\u00e0-Sant Gervasi", "country": "es", "neighborhood": "Sant Gervasi - Galvany", "latitude": 41.3971499, "longitude": 2.1505, "showAddress": false, "url": "https://www.idealista.com/inmueble/91669935/", "distance": "839", "hasVideo": false, "status": "good", "newDevelopment": false, "hasLift": true, "priceByArea": 5833.0, "detailedType": {"typology": "flat"}, "suggestedTexts": {"subtitle": "Sant Gervasi - Galvany, Barcelona", "title": "Piso en Calle de Balmes"}, "hasPlan": true, "has3DTour": false, "has360": false, "hasStaging": false, "topNewDevelopment": false}, {"propertyCode": "93092091", "thumbnail": "https://img3.idealista.com/blur/WEB_LISTING/0/id.pro.es.image.master/e7/a1/67/854317897.jpg", "externalReference": "245729", "numPhotos": 26, "floor": "2", "price": 242500.0, "propertyType": "flat", "operation": "sale", "size": 46.0, "exterior": true, "rooms": 1, "bathrooms": 1, "address": "barrio Sant Gervasi - Galvany", "province": "Barcelona", "municipality": "Barcelona", "district": "Sarri\u00e0-Sant Gervasi", "country": "es", "neighborhood": "Sant Gervasi - Galvany", "latitude": 41.3947204, "longitude": 2.1458846, "showAddress": false, "url": "https://www.idealista.com/inmueble/93092091/", "distance": "458", "hasVideo": false, "status": "good", "newDevelopment": false, "hasLift": true, "priceByArea": 5272.0, "detailedType": {"typology": "flat"}, "suggestedTexts": {"subtitle": "Sant Gervasi - Galvany, Barcelona", "title": "Piso"}, "hasPlan": true, "has3DTour": false, "has360": false, "hasStaging": false, "topNewDevelopment": false}, {"propertyCode": "92786495", "thumbnail": "https://img3.idealista.com/blur/WEB_LISTING/0/id.pro.es.image.master/9b/f9/57/848124157.jpg", "externalReference": "BCN26369", "numPhotos": 39, "price": 1280000.0, "propertyType": "flat", "operation": "sale", "size": 128.0, "exterior": true, "rooms": 3, "bathrooms": 4, "address": "barrio Sant Gervasi - Galvany", "province": "Barcelona", "municipality": "Barcelona", "district": "Sarri\u00e0-Sant Gervasi", "country": "es", "neighborhood": "Sant Gervasi - Galvany", "latitude": 41.3943618, "longitude": 2.1430004, "showAddress": false, "url": "https://www.idealista.com/inmueble/92786495/", "distance": "259", "hasVideo": false, "status": "good", "newDevelopment": false, "hasLift": true, "priceByArea": 10000.0, "detailedType": {"typology": "flat"}, "suggestedTexts": {"subtitle": "Sant Gervasi - Galvany, Barcelona", "title": "Piso"}, "hasPlan": true, "has3DTour": false, "has360": false, "hasStaging": false, "topNewDevelopment": false}, {"propertyCode": "91651726", "thumbnail": "https://img3.idealista.com/blur/WEB_LISTING/0/id.pro.es.image.master/c1/f1/4b/819956228.jpg", "externalReference": "VB2009041-4", "numPhotos": 32, "floor": "2", "price": 1690000.0, "propertyType": "flat", "operation": "sale", "size": 285.0, "exterior": true, "rooms": 5, "bathrooms": 3, "address": "barrio Sant Gervasi - Galvany", "province": "Barcelona", "municipality": "Barcelona", "district": "Sarri\u00e0-Sant Gervasi", "country": "es", "neighborhood": "Sant Gervasi - Galvany", "latitude": 41.3969861, "longitude": 2.1371653, "showAddress": false, "url": "https://www.idealista.com/inmueble/91651726/", "distance": "312", "hasVideo": false, "status": "renew", "newDevelopment": false, "hasLift": true, "parkingSpace": {"hasParkingSpace": true, "isParkingSpaceIncludedInPrice": true}, "priceByArea": 5930.0, "detailedType": {"typology": "flat"}, "suggestedTexts": {"subtitle": "Sant Gervasi - Galvany, Barcelona", "title": "Piso"}, "hasPlan": true, "has3DTour": false, "has360": false, "hasStaging": false, "topNewDevelopment": false}, {"propertyCode": "91817179", "thumbnail": "https://img3.idealista.com/blur/WEB_LISTING/0/id.pro.es.image.master/7d/5c/7c/824003404.jpg", "externalReference": "10056", "numPhotos": 34, "price": 595000.0, "propertyType": "flat", "operation": "sale", "size": 100.0, "exterior": true, "rooms": 3, "bathrooms": 2, "address": "Calle d'Aribau", "province": "Barcelona", "municipality": "Barcelona", "district": "Sarri\u00e0-Sant Gervasi", "country": "es", "neighborhood": "Sant Gervasi - Galvany", "latitude": 41.3984033, "longitude": 2.145151, "showAddress": false, "url": "https://www.idealista.com/inmueble/91817179/", "distance": "475", "hasVideo": true, "status": "good", "newDevelopment": false, "hasLift": true, "parkingSpace": {"hasParkingSpace": true, "isParkingSpaceIncludedInPrice": true}, "priceByArea": 5950.0, "detailedType": {"typology": "flat"}, "suggestedTexts": {"subtitle": "Sant Gervasi - Galvany, Barcelona", "title": "Piso en Calle d'Aribau"}, "hasPlan": true, "has3DTour": true, "has360": false, "hasStaging": false, "topNewDevelopment": false}, {"propertyCode": "88247712", "thumbnail": "https://img3.idealista.com/blur/WEB_LISTING/0/id.pro.es.image.master/f4/fa/99/754607956.jpg", "externalReference": "7533", "numPhotos": 45, "floor": "4", "price": 845000.0, "propertyType": "flat", "operation": "sale", "size": 180.0, "exterior": true, "rooms": 4, "bathrooms": 2, "address": "Calle de l'Avenir", "province": "Barcelona", "municipality": "Barcelona", "district": "Sarri\u00e0-Sant Gervasi", "country": "es", "neighborhood": "Sant Gervasi - Galvany", "latitude": 41.3943799, "longitude": 2.1469307, "showAddress": false, "url": "https://www.idealista.com/inmueble/88247712/", "distance": "553", "hasVideo": true, "status": "good", "newDevelopment": false, "hasLift": true, "parkingSpace": {"hasParkingSpace": true, "isParkingSpaceIncludedInPrice": true}, "priceByArea": 4694.0, "detailedType": {"typology": "flat"}, "suggestedTexts": {"subtitle": "Sant Gervasi - Galvany, Barcelona", "title": "Piso en Calle de l'Avenir"}, "hasPlan": true, "has3DTour": true, "has360": false, "hasStaging": false, "topNewDevelopment": false}, {"propertyCode": "93036791", "thumbnail": "https://img3.idealista.com/blur/WEB_LISTING/0/id.pro.es.image.master/69/b1/92/853161193.jpg", "externalReference": "VB2102061", "numPhotos": 26, "floor": "8", "price": 850000.0, "propertyType": "flat", "operation": "sale", "size": 144.0, "exterior": true, "rooms": 3, "bathrooms": 3, "address": "barrio Sant Gervasi - Galvany", "province": "Barcelona", "municipality": "Barcelona", "district": "Sarri\u00e0-Sant Gervasi", "country": "es", "neighborhood": "Sant Gervasi - Galvany", "latitude": 41.395527, "longitude": 2.1499493, "showAddress": false, "url": "https://www.idealista.com/inmueble/93036791/", "distance": "781", "hasVideo": true, "status": "good", "newDevelopment": false, "hasLift": true, "priceByArea": 5903.0, "detailedType": {"typology": "flat"}, "suggestedTexts": {"subtitle": "Sant Gervasi - Galvany, Barcelona", "title": "Piso"}, "hasPlan": true, "has3DTour": false, "has360": false, "hasStaging": false, "topNewDevelopment": false}, {"propertyCode": "92775932", "thumbnail": "https://img3.idealista.com/blur/WEB_LISTING/0/id.pro.es.image.master/df/fc/35/847845751.jpg", "externalReference": "VB2102019", "numPhotos": 32, "floor": "en", "price": 850000.0, "propertyType": "flat", "operation": "sale", "size": 180.0, "exterior": true, "rooms": 4, "bathrooms": 3, "address": "barrio Sant Gervasi - Galvany", "province": "Barcelona", "municipality": "Barcelona", "district": "Sarri\u00e0-Sant Gervasi", "country": "es", "neighborhood": "Sant Gervasi - Galvany", "latitude": 41.3980153, "longitude": 2.1405588, "showAddress": false, "url": "https://www.idealista.com/inmueble/92775932/", "distance": "242", "hasVideo": true, "status": "good", "newDevelopment": false, "hasLift": true, "priceByArea": 4722.0, "detailedType": {"typology": "flat"}, "suggestedTexts": {"subtitle": "Sant Gervasi - Galvany, Barcelona", "title": "Piso"}, "hasPlan": true, "has3DTour": false, "has360": false, "hasStaging": false, "topNewDevelopment": false}, {"propertyCode": "91467680", "thumbnail": "https://img3.idealista.com/blur/WEB_LISTING/0/id.pro.es.image.master/a7/26/cd/832827765.jpg", "externalReference": "BCN25668", "numPhotos": 35, "price": 795000.0, "propertyType": "flat", "operation": "sale", "size": 125.0, "exterior": true, "rooms": 3, "bathrooms": 2, "address": "barrio Sant Gervasi - Galvany", "province": "Barcelona", "municipality": "Barcelona", "district": "Sarri\u00e0-Sant Gervasi", "country": "es", "neighborhood": "Sant Gervasi - Galvany", "latitude": 41.395075, "longitude": 2.1436225, "showAddress": false, "url": "https://www.idealista.com/inmueble/91467680/", "distance": "266", "hasVideo": false, "status": "renew", "newDevelopment": false, "hasLift": true, "priceByArea": 6360.0, "detailedType": {"typology": "flat"}, "suggestedTexts": {"subtitle": "Sant Gervasi - Galvany, Barcelona", "title": "Piso"}, "hasPlan": true, "has3DTour": false, "has360": false, "hasStaging": false, "topNewDevelopment": false}, {"propertyCode": "91049174", "thumbnail": "https://img3.idealista.com/blur/WEB_LISTING/0/id.pro.es.image.master/f1/2a/5e/805638008.jpg", "externalReference": "BCN25209", "numPhotos": 29, "price": 750000.0, "propertyType": "flat", "operation": "sale", "size": 95.0, "exterior": true, "rooms": 3, "bathrooms": 2, "address": "barrio Sant Gervasi - Galvany", "province": "Barcelona", "municipality": "Barcelona", "district": "Sarri\u00e0-Sant Gervasi", "country": "es", "neighborhood": "Sant Gervasi - Galvany", "latitude": 41.3936734, "longitude": 2.1395822, "showAddress": false, "url": "https://www.idealista.com/inmueble/91049174/", "distance": "254", "hasVideo": false, "status": "good", "newDevelopment": false, "hasLift": true, "parkingSpace": {"hasParkingSpace": true, "isParkingSpaceIncludedInPrice": true}, "priceByArea": 7895.0, "detailedType": {"typology": "flat"}, "suggestedTexts": {"subtitle": "Sant Gervasi - Galvany, Barcelona", "title": "Piso"}, "hasPlan": true, "has3DTour": false, "has360": false, "hasStaging": false, "topNewDevelopment": false}, {"propertyCode": "81345140", "thumbnail": "https://img3.idealista.com/blur/WEB_LISTING/0/id.pro.es.image.master/a1/59/83/575091742.jpg", "externalReference": "BCN11347", "numPhotos": 45, "price": 2750000.0, "propertyType": "chalet", "operation": "sale", "size": 224.0, "exterior": false, "rooms": 2, "bathrooms": 3, "address": "barrio Les Tres Torres", "province": "Barcelona", "municipality": "Barcelona", "district": "Sarri\u00e0-Sant Gervasi", "country": "es", "neighborhood": "Les Tres Torres", "latitude": 41.396468, "longitude": 2.1333346, "showAddress": false, "url": "https://www.idealista.com/inmueble/81345140/", "distance": "609", "hasVideo": false, "status": "good", "newDevelopment": false, "parkingSpace": {"hasParkingSpace": true, "isParkingSpaceIncludedInPrice": true}, "priceByArea": 12277.0, "detailedType": {"typology": "chalet"}, "suggestedTexts": {"subtitle": "Les Tres Torres, Barcelona", "title": "Chalet"}, "hasPlan": true, "has3DTour": false, "has360": false, "hasStaging": false, "topNewDevelopment": false}, {"propertyCode": "90878619", "thumbnail": "https://img3.idealista.com/blur/WEB_LISTING/0/id.pro.es.image.master/54/41/a4/800759812.jpg", "externalReference": "BCN25049", "numPhotos": 29, "price": 1350000.0, "propertyType": "flat", "operation": "sale", "size": 174.0, "exterior": true, "rooms": 3, "bathrooms": 2, "address": "barrio Sant Gervasi - Galvany", "province": "Barcelona", "municipality": "Barcelona", "district": "Sarri\u00e0-Sant Gervasi", "country": "es", "neighborhood": "Sant Gervasi - Galvany", "latitude": 41.394878, "longitude": 2.142511, "showAddress": false, "url": "https://www.idealista.com/inmueble/90878619/", "distance": "192", "hasVideo": false, "status": "good", "newDevelopment": false, "hasLift": true, "priceByArea": 7759.0, "detailedType": {"typology": "flat"}, "suggestedTexts": {"subtitle": "Sant Gervasi - Galvany, Barcelona", "title": "Piso"}, "hasPlan": true, "has3DTour": false, "has360": false, "hasStaging": false, "topNewDevelopment": false}, {"propertyCode": "90498528", "thumbnail": "https://img3.idealista.com/blur/WEB_LISTING/0/id.pro.es.image.master/12/2d/4a/791818126.jpg", "externalReference": "BCN24641", "numPhotos": 26, "price": 540000.0, "propertyType": "studio", "operation": "sale", "size": 102.0, "exterior": true, "rooms": 0, "bathrooms": 1, "address": "barrio Sant Gervasi - Galvany", "province": "Barcelona", "municipality": "Barcelona", "district": "Sarri\u00e0-Sant Gervasi", "country": "es", "neighborhood": "Sant Gervasi - Galvany", "latitude": 41.3949844, "longitude": 2.1447783, "showAddress": false, "url": "https://www.idealista.com/inmueble/90498528/", "distance": "362", "hasVideo": false, "status": "good", "newDevelopment": false, "priceByArea": 5294.0, "detailedType": {"typology": "flat", "subTypology": "studio"}, "suggestedTexts": {"subtitle": "Sant Gervasi - Galvany, Barcelona", "title": "Estudio"}, "hasPlan": true, "has3DTour": false, "has360": false, "hasStaging": false, "topNewDevelopment": false}, {"propertyCode": "88898889", "thumbnail": "https://img3.idealista.com/blur/WEB_LISTING/0/id.pro.es.image.master/56/fa/9f/762893137.jpg", "externalReference": "BCN22334", "numPhotos": 26, "price": 1450000.0, "propertyType": "flat", "operation": "sale", "size": 215.0, "exterior": true, "rooms": 5, "bathrooms": 3, "address": "barrio Sant Gervasi - Galvany", "province": "Barcelona", "municipality": "Barcelona", "district": "Sarri\u00e0-Sant Gervasi", "country": "es", "neighborhood": "Sant Gervasi - Galvany", "latitude": 41.3943721, "longitude": 2.1424166, "showAddress": false, "url": "https://www.idealista.com/inmueble/88898889/", "distance": "223", "hasVideo": false, "status": "good", "newDevelopment": false, "hasLift": true, "priceByArea": 6744.0, "detailedType": {"typology": "flat"}, "suggestedTexts": {"subtitle": "Sant Gervasi - Galvany, Barcelona", "title": "Piso"}, "hasPlan": true, "has3DTour": false, "has360": false, "hasStaging": false, "topNewDevelopment": false}, {"propertyCode": "36370971", "thumbnail": "https://img3.idealista.com/blur/WEB_LISTING/0/id.pro.es.image.master/0d/9d/ed/762119255.jpg", "externalReference": "BCN5443", "numPhotos": 40, "price": 1550000.0, "propertyType": "flat", "operation": "sale", "size": 295.0, "exterior": true, "rooms": 5, "bathrooms": 4, "address": "barrio Sant Gervasi - Galvany", "province": "Barcelona", "municipality": "Barcelona", "district": "Sarri\u00e0-Sant Gervasi", "country": "es", "neighborhood": "Sant Gervasi - Galvany", "latitude": 41.4005577, "longitude": 2.1385241, "showAddress": false, "url": "https://www.idealista.com/inmueble/36370971/", "distance": "552", "hasVideo": false, "status": "good", "newDevelopment": false, "hasLift": true, "parkingSpace": {"hasParkingSpace": true, "isParkingSpaceIncludedInPrice": true}, "priceByArea": 5254.0, "detailedType": {"typology": "flat"}, "suggestedTexts": {"subtitle": "Sant Gervasi - Galvany, Barcelona", "title": "Piso"}, "hasPlan": true, "has3DTour": false, "has360": false, "hasStaging": false, "topNewDevelopment": false}, {"propertyCode": "92930396", "thumbnail": "https://img3.idealista.com/blur/WEB_LISTING/0/id.pro.es.image.master/26/aa/e0/851370023.jpg", "externalReference": "10658", "numPhotos": 34, "floor": "3", "price": 890000.0, "propertyType": "flat", "operation": "sale", "size": 180.0, "exterior": true, "rooms": 5, "bathrooms": 3, "address": "Calle de Mandri", "province": "Barcelona", "municipality": "Barcelona", "district": "Sarri\u00e0-Sant Gervasi", "country": "es", "neighborhood": "Sant Gervasi - La Bonanova", "latitude": 41.4028759, "longitude": 2.1370174, "showAddress": false, "url": "https://www.idealista.com/inmueble/92930396/", "distance": "837", "hasVideo": true, "status": "good", "newDevelopment": false, "hasLift": true, "parkingSpace": {"hasParkingSpace": true, "isParkingSpaceIncludedInPrice": true}, "priceByArea": 4944.0, "detailedType": {"typology": "flat"}, "suggestedTexts": {"subtitle": "Sant Gervasi - La Bonanova, Barcelona", "title": "Piso en Calle de Mandri"}, "hasPlan": true, "has3DTour": true, "has360": false, "hasStaging": false, "topNewDevelopment": false}, {"propertyCode": "92929610", "thumbnail": "https://img3.idealista.com/blur/WEB_LISTING/0/id.pro.es.image.master/e8/41/52/851348525.jpg", "externalReference": "442", "numPhotos": 10, "floor": "en", "price": 295000.0, "propertyType": "flat", "operation": "sale", "size": 60.0, "exterior": true, "rooms": 2, "bathrooms": 1, "address": "Passatge de Josep Llovera", "province": "Barcelona", "municipality": "Barcelona", "district": "Sarri\u00e0-Sant Gervasi", "country": "es", "neighborhood": "Sant Gervasi - Galvany", "latitude": 41.3955866, "longitude": 2.1480061, "showAddress": false, "url": "https://www.idealista.com/inmueble/92929610/", "distance": "619", "hasVideo": false, "status": "good", "newDevelopment": false, "hasLift": true, "priceByArea": 4917.0, "detailedType": {"typology": "flat"}, "suggestedTexts": {"subtitle": "Sant Gervasi - Galvany, Barcelona", "title": "Piso en Passatge de Josep Llovera"}, "hasPlan": true, "has3DTour": false, "has360": false, "hasStaging": false, "topNewDevelopment": false}, {"propertyCode": "92890890", "thumbnail": "https://img3.idealista.com/blur/WEB_LISTING/0/id.pro.es.image.master/94/8c/99/850347791.jpg", "externalReference": "10650", "numPhotos": 62, "price": 1690000.0, "propertyType": "penthouse", "operation": "sale", "size": 290.0, "exterior": true, "rooms": 4, "bathrooms": 4, "address": "Via Augusta", "province": "Barcelona", "municipality": "Barcelona", "district": "Sarri\u00e0-Sant Gervasi", "country": "es", "neighborhood": "Sant Gervasi - Galvany", "latitude": 41.3989684, "longitude": 2.1350011, "showAddress": false, "url": "https://www.idealista.com/inmueble/92890890/", "distance": "581", "hasVideo": false, "status": "good", "newDevelopment": false, "hasLift": true, "parkingSpace": {"hasParkingSpace": true, "isParkingSpaceIncludedInPrice": true}, "priceByArea": 5828.0, "detailedType": {"typology": "flat", "subTypology": "penthouse"}, "suggestedTexts": {"subtitle": "Sant Gervasi - Galvany, Barcelona", "title": "\u00c1tico en Via Augusta"}, "hasPlan": true, "has3DTour": true, "has360": false, "hasStaging": false, "topNewDevelopment": false}, {"propertyCode": "92334734", "thumbnail": "https://img3.idealista.com/blur/WEB_LISTING/0/id.pro.es.image.master/b0/6d/f2/837263144.jpg", "externalReference": "VB2011022", "numPhotos": 25, "floor": "2", "price": 2300000.0, "propertyType": "flat", "operation": "sale", "size": 380.0, "exterior": true, "rooms": 6, "bathrooms": 5, "address": "barrio Sant Gervasi - Galvany", "province": "Barcelona", "municipality": "Barcelona", "district": "Sarri\u00e0-Sant Gervasi", "country": "es", "neighborhood": "Sant Gervasi - Galvany", "latitude": 41.3981825, "longitude": 2.141048, "showAddress": false, "url": "https://www.idealista.com/inmueble/92334734/", "distance": "263", "hasVideo": false, "status": "good", "newDevelopment": false, "hasLift": true, "parkingSpace": {"hasParkingSpace": true, "isParkingSpaceIncludedInPrice": true}, "priceByArea": 6053.0, "detailedType": {"typology": "flat"}, "suggestedTexts": {"subtitle": "Sant Gervasi - Galvany, Barcelona", "title": "Piso"}, "hasPlan": true, "has3DTour": false, "has360": false, "hasStaging": false, "topNewDevelopment": false}, {"propertyCode": "85751249", "thumbnail": "https://img3.idealista.com/blur/WEB_LISTING/0/id.pro.es.image.master/b4/d2/57/756012421.jpg", "externalReference": "W-027BWE", "numPhotos": 47, "floor": "9", "price": 850000.0, "propertyType": "penthouse", "operation": "sale", "size": 155.0, "exterior": false, "rooms": 5, "bathrooms": 3, "address": "barrio La Nova Esquerra de l'Eixample", "province": "Barcelona", "municipality": "Barcelona", "district": "Eixample", "country": "es", "neighborhood": "La Nova Esquerra de l'Eixample", "latitude": 41.3920878, "longitude": 2.1448848, "showAddress": false, "url": "https://www.idealista.com/inmueble/85751249/", "distance": "549", "hasVideo": false, "status": "good", "newDevelopment": false, "hasLift": true, "priceByArea": 5484.0, "detailedType": {"typology": "flat", "subTypology": "penthouse"}, "suggestedTexts": {"subtitle": "La Nova Esquerra de l'Eixample, Barcelona", "title": "\u00c1tico"}, "hasPlan": true, "has3DTour": false, "has360": false, "hasStaging": false, "topNewDevelopment": false}, {"propertyCode": "92680123", "thumbnail": "https://img3.idealista.com/blur/WEB_LISTING/0/id.pro.es.image.master/91/8b/30/845515854.jpg", "externalReference": "10510", "numPhotos": 62, "price": 1690000.0, "propertyType": "penthouse", "operation": "sale", "size": 290.0, "exterior": true, "rooms": 4, "bathrooms": 4, "address": "Via Augusta", "province": "Barcelona", "municipality": "Barcelona", "district": "Sarri\u00e0-Sant Gervasi", "country": "es", "neighborhood": "Sant Gervasi - Galvany", "latitude": 41.4010399, "longitude": 2.1443707, "showAddress": false, "url": "https://www.idealista.com/inmueble/92680123/", "distance": "659", "hasVideo": false, "status": "good", "newDevelopment": false, "hasLift": true, "parkingSpace": {"hasParkingSpace": true, "isParkingSpaceIncludedInPrice": true}, "priceByArea": 5828.0, "detailedType": {"typology": "flat", "subTypology": "penthouse"}, "suggestedTexts": {"subtitle": "Sant Gervasi - Galvany, Barcelona", "title": "\u00c1tico en Via Augusta"}, "hasPlan": true, "has3DTour": true, "has360": false, "hasStaging": false, "topNewDevelopment": false}]